# Blender 4.4.0
# www.blender.org
mtllib Sack.mtl
o Cube
v -0.286041 0.208557 -0.432933
v 0.086653 0.054902 -0.465119
v 0.262844 1.004819 -0.367340
v -0.296881 0.199598 -0.391960
v -0.320552 0.201421 -0.332738
v -0.362647 0.210656 -0.136311
v -0.378290 0.170669 -0.067482
v -0.372437 0.204269 0.018061
v -0.375571 0.182003 0.079222
v -0.356220 0.202762 0.185702
v -0.338428 0.182202 0.281336
v -0.310725 0.191691 0.379257
v -0.294465 0.199901 0.437853
v -0.248706 0.249508 0.447034
v -0.238062 0.289571 0.438123
v -0.217884 0.331173 0.435350
v -0.167807 0.402730 0.432534
v -0.083507 0.506480 0.398272
v 0.075265 0.644036 0.371555
v 0.101479 0.671757 0.370386
v 0.119859 0.707469 0.363389
v 0.128135 0.736116 0.358606
v 0.131269 0.763319 0.354759
v 0.095391 0.987418 0.346846
v 0.092272 0.991524 0.321639
v 0.085780 0.989939 0.277024
v 0.100436 1.012675 0.233118
v 0.095053 0.991460 0.224288
v 0.090490 0.989835 0.176813
v 0.086002 0.997128 -0.015607
v 0.092924 0.992143 -0.203565
v 0.102218 0.986182 -0.274647
v 0.118428 0.771814 -0.358356
v 0.121029 0.742828 -0.376915
v 0.111557 0.717264 -0.388748
v -0.065273 0.525271 -0.423435
v -0.123800 0.455029 -0.436954
v -0.166383 0.395288 -0.444962
v -0.208509 0.346699 -0.427432
v -0.249179 0.275602 -0.427185
v -0.281683 0.231390 -0.424780
v 0.042329 0.052659 -0.506498
v -0.073490 0.057524 -0.589659
v -0.089992 0.055750 -0.599049
v -0.099413 0.066605 -0.589840
v -0.145817 0.099168 -0.560836
v -0.219527 0.157148 -0.519682
v -0.248814 0.176515 -0.492604
v -0.262945 0.191357 -0.474608
v 0.119506 1.023923 -0.375114
v 0.148504 1.049686 -0.408026
v 0.161223 1.039659 -0.422866
v 0.186364 1.059388 -0.436893
v 0.193378 1.068528 -0.463577
v 0.195230 1.070108 -0.470328
v 0.204866 1.066919 -0.471884
v 0.221115 1.053050 -0.449094
v 0.227078 1.065857 -0.442282
v 0.233481 1.050202 -0.412595
v 0.265703 0.975178 -0.374782
v 0.326800 0.729345 -0.352870
v 0.325984 0.675172 -0.361535
v 0.321663 0.582527 -0.352959
v 0.275476 0.478093 -0.403628
v 0.263317 0.404999 -0.384966
v 0.230630 0.365132 -0.409517
v 0.173645 0.267372 -0.426478
v 0.147832 0.200916 -0.433497
v 0.121884 0.048151 0.352204
v 0.158736 0.018251 0.004367
v 0.146769 0.012561 -0.041636
v 0.184872 0.028128 -0.152768
v 0.167575 0.027505 -0.181090
v 0.155753 0.043659 -0.315423
v 0.129066 0.051431 -0.391391
v 0.281014 1.013039 -0.307123
v 0.306852 0.988820 -0.221860
v 0.288134 1.040971 -0.213900
v 0.300463 1.040866 -0.129055
v 0.314121 1.022272 -0.063152
v 0.302750 1.027020 0.140330
v 0.300549 1.010549 0.215399
v 0.287030 0.945274 0.355234
v 0.302100 0.882559 0.353057
v 0.322906 0.772154 0.372021
v 0.328622 0.736817 0.372607
v 0.330146 0.702893 0.374182
v 0.327571 0.657606 0.374465
v 0.314048 0.607865 0.385487
v 0.277491 0.508443 0.404503
v 0.226220 0.384388 0.404708
v 0.207762 0.323398 0.401972
v 0.195384 0.283239 0.418072
v 0.186228 0.246015 0.429803
v 0.171326 0.229799 0.441052
v 0.160882 0.197448 0.437914
v 0.133512 0.110024 0.420104
v -0.263132 0.189221 0.483764
v -0.230478 0.187183 0.512471
v -0.189861 0.138998 0.544134
v -0.141665 0.110034 0.577469
v -0.120505 0.100775 0.592296
v -0.090753 0.098421 0.611657
v -0.078321 0.095899 0.646844
v -0.073071 0.096075 0.632634
v -0.056511 0.066335 0.561920
v -0.028078 0.090596 0.599184
v -0.003406 0.092550 0.579623
v 0.053286 0.066939 0.489221
v 0.083434 0.074165 0.461615
v 0.228275 1.057380 0.465299
v 0.207208 1.079908 0.493526
v 0.211287 1.060321 0.480721
v 0.199217 1.097553 0.522478
v 0.192834 1.101009 0.517612
v 0.198096 1.071131 0.481550
v 0.170583 1.048208 0.456964
v 0.157039 1.053381 0.448098
v 0.140660 1.054348 0.426079
v 0.101744 0.991802 0.364279
v 0.238105 1.033103 -0.405432
v 0.270602 1.046955 -0.294539
v 0.298442 1.052479 -0.068280
v 0.293132 1.052871 0.069719
v 0.252534 1.070211 0.355654
v 0.239605 1.075559 0.433251
v 0.260488 1.074288 0.257967
v 0.255103 1.081993 -0.278234
v 0.275380 1.079871 -0.106518
v 0.277880 1.077253 0.001133
v 0.224037 1.078292 -0.439595
v 0.226057 1.084579 -0.380282
v 0.272242 1.076984 -0.183014
v 0.240336 1.090739 0.349581
v 0.240007 1.082233 0.392943
v 0.206964 1.102561 0.488524
v 0.229334 1.080974 0.465404
v 0.252902 1.097280 0.047605
v 0.247471 1.092940 0.198566
v 0.209618 1.083803 0.401871
v 0.207051 1.096931 0.433615
v 0.205678 1.095963 0.500996
v 0.177196 1.107858 -0.514167
v 0.212204 1.103362 -0.420122
v 0.220519 1.093918 -0.386883
v 0.243584 1.107512 -0.154502
v 0.232558 1.100982 0.303233
v 0.225429 1.100567 0.384789
v 0.198068 1.124225 0.525945
v 0.198802 1.112365 0.531021
v 0.186955 1.092678 -0.501756
v 0.172972 1.121345 -0.509015
v 0.209354 1.118374 -0.418005
v 0.235505 1.110227 -0.252227
v 0.233604 1.108732 0.034310
v 0.231653 1.104112 0.133079
v 0.226194 1.104932 0.263742
v 0.204250 1.118135 0.447102
v 0.197477 1.129894 0.498830
v 0.203290 1.117289 -0.394483
v 0.221743 1.101163 -0.353914
v 0.229132 1.115220 -0.224725
v 0.207732 1.103302 0.406349
v 0.167420 1.114491 -0.511554
v 0.163679 1.130754 -0.504287
v 0.186404 1.128747 -0.434620
v 0.211775 1.106716 -0.339958
v 0.216542 1.119016 -0.237537
v 0.211241 1.112826 0.024272
v 0.210750 1.107246 0.105030
v 0.206722 1.105770 0.269154
v 0.211435 1.099181 0.331804
v 0.190863 1.131132 0.460333
v 0.189657 1.133545 0.520531
v 0.192347 1.121726 0.525144
v 0.181784 1.092935 -0.496707
v 0.173583 1.123302 -0.485141
v 0.200506 1.117066 -0.393356
v 0.206935 1.104281 -0.355476
v 0.211446 1.114944 -0.242303
v 0.204500 1.105556 0.018558
v 0.205107 1.099215 0.112763
v 0.201582 1.097242 0.269906
v 0.208280 1.092613 0.343420
v 0.203571 1.096463 0.408016
v 0.197687 1.098818 0.509353
v 0.206460 1.120891 -0.249591
v 0.200020 1.108123 0.024082
v 0.200425 1.102354 0.103674
v 0.198142 1.098766 0.273565
v 0.205456 1.094824 0.334758
v 0.188668 1.123502 0.460499
v 0.190492 1.134928 0.492353
v 0.179353 1.105371 -0.458939
v 0.182579 1.126413 -0.421024
v 0.187961 1.119783 -0.391336
v 0.195555 1.103702 -0.351338
v 0.193712 1.118320 -0.273524
v 0.194008 1.118581 -0.223280
v 0.187161 1.104491 0.017051
v 0.189340 1.098128 0.098998
v 0.187170 1.093050 0.225731
v 0.186857 1.093952 0.270336
v 0.195953 1.089689 0.326835
v 0.193865 1.091646 0.402228
v 0.188604 1.120324 0.484281
v 0.189938 1.107472 0.492948
v 0.184795 1.114019 -0.259860
v 0.183046 1.107713 -0.175706
v 0.176854 1.084335 0.096552
v 0.190326 1.082376 0.322969
v 0.188255 1.079956 0.391488
v 0.178732 1.116415 0.439882
v 0.162331 1.080227 0.466418
v 0.179189 1.090677 -0.434078
v 0.181771 1.084230 -0.341189
v 0.179215 1.102857 -0.278105
v 0.170841 1.097615 -0.228917
v 0.170836 1.094266 -0.195603
v 0.171720 1.093624 -0.112099
v 0.173772 1.088006 0.018319
v 0.177315 1.075281 0.291693
v 0.179385 1.073789 0.346332
v 0.176453 1.083972 0.401220
v 0.160667 1.105624 0.451911
v 0.160167 1.098004 0.465902
v 0.176009 1.107754 -0.413374
v 0.174606 1.096456 -0.372664
v 0.169960 1.096731 -0.273917
v 0.160574 1.083735 0.009237
v 0.168300 1.076999 0.167817
v 0.170518 1.068156 0.254381
v 0.172745 1.080354 0.373185
v 0.161940 1.079876 -0.417819
v 0.164528 1.090760 -0.402930
v 0.168367 1.084143 -0.333041
v 0.159623 1.099189 -0.262859
v 0.156165 1.100142 -0.224468
v 0.154840 1.094867 -0.182354
v 0.155803 1.092003 -0.094129
v 0.154941 1.064243 0.256856
v 0.157350 1.064378 0.282039
v 0.164112 1.071321 0.327506
v 0.164379 1.073881 0.390780
v 0.153789 1.084176 0.424834
v 0.166284 1.078540 -0.356279
v 0.148929 1.076937 0.016021
v 0.161688 1.081281 0.131285
v 0.162511 1.070498 0.354259
v 0.150894 1.072784 0.393585
v 0.144321 1.070863 0.426620
v 0.151704 1.069190 -0.331946
v 0.145754 1.093276 -0.262800
v 0.141673 1.096245 -0.211904
v 0.136322 1.091017 -0.175074
v 0.137454 1.088031 -0.109335
v 0.147488 1.075147 0.111675
v 0.128618 1.058298 0.371590
v 0.136561 1.060976 -0.378948
v 0.142811 1.061947 -0.346264
v 0.141948 1.080755 -0.273920
v 0.139786 1.071861 0.020424
v 0.149167 1.071769 0.184712
v 0.152899 1.059277 0.277217
v 0.145251 1.063435 0.317024
v 0.145187 1.064968 0.349084
v 0.149786 1.072712 0.374572
v 0.124398 1.071743 -0.263237
v 0.126033 1.088079 -0.167046
v 0.121463 1.082777 -0.103845
v 0.138378 1.067558 0.199327
v 0.144168 1.057633 0.268733
v 0.107296 1.014830 0.370811
v 0.123630 1.042066 -0.343915
v 0.133154 1.052184 -0.327383
v 0.115654 1.078557 -0.149526
v 0.128677 1.064553 0.023205
v 0.130202 1.067933 0.102744
v 0.132372 1.054275 0.318395
v 0.131076 1.051710 0.337537
v 0.122832 1.047548 0.386062
v 0.119012 1.062850 -0.250921
v 0.117394 1.075236 -0.079091
v 0.127472 1.059628 0.177981
v 0.137622 1.052317 0.271067
v 0.118167 1.037611 0.344575
v 0.111724 1.022207 -0.341817
v 0.126390 1.029469 -0.309914
v 0.116990 1.050635 -0.239172
v 0.111116 1.060286 -0.111375
v 0.105971 1.050946 -0.084525
v 0.118834 1.051457 0.134248
v 0.132238 1.041367 0.273536
v 0.124680 1.033233 0.324377
v 0.104193 1.020410 0.347672
v 0.105538 1.006690 -0.346548
v 0.112788 1.019393 -0.313307
v 0.115817 1.027179 -0.283026
v 0.111216 1.038110 -0.242122
v 0.110706 1.056615 -0.037373
v 0.110430 1.044134 0.138081
v 0.118657 1.033797 0.249555
v 0.118626 1.028262 0.318163
v 0.109698 1.021993 -0.295380
v 0.105170 1.022353 -0.215396
v 0.112148 1.013637 -0.272272
v 0.101622 1.031758 -0.043302
v 0.105505 1.025947 0.158203
v 0.111989 1.021708 0.241010
v 0.110190 1.014482 0.306708
v 0.102983 1.010224 0.312692
v 0.105052 1.004069 -0.309136
v 0.105637 1.008542 -0.274035
v 0.099946 1.017002 -0.221108
v 0.094059 1.025642 -0.028702
v 0.100443 1.020633 0.177008
v 0.101325 0.986839 -0.331783
v 0.095667 1.006672 -0.228718
v 0.089572 1.013307 -0.081165
v 0.088549 1.014912 0.005432
v 0.094798 1.010574 0.182046
v 0.096714 1.010558 0.282246
v -0.291055 0.187770 -0.422306
v -0.342753 0.185157 -0.270806
v -0.370640 0.162043 -0.146769
v -0.368488 0.170334 0.152906
v -0.306330 0.185623 0.410069
v -0.320726 0.181232 -0.350840
v -0.382172 0.144785 0.035769
v -0.313342 0.170726 0.380144
v -0.303542 0.165372 0.413316
v -0.272294 0.183774 0.468020
v -0.340981 0.163996 -0.286929
v -0.378974 0.133188 -0.086509
v -0.371836 0.145057 0.132245
v -0.343907 0.144843 0.267770
v -0.280103 0.176000 0.448626
v -0.267399 0.173091 0.467805
v -0.276958 0.180434 -0.457406
v -0.283872 0.146601 -0.438572
v -0.312621 0.155318 -0.378770
v -0.321045 0.133924 -0.348260
v -0.363423 0.122651 -0.176336
v -0.373749 0.122588 0.086242
v -0.353135 0.119624 0.203265
v -0.335984 0.125642 0.291620
v -0.278545 0.144823 0.452189
v -0.377641 0.115934 -0.044088
v -0.374581 0.110805 0.020664
v -0.298458 0.123695 0.405798
v -0.257492 0.134819 0.475348
v -0.252477 0.150547 -0.484783
v -0.328399 0.109376 -0.300612
v -0.365022 0.099381 -0.125209
v -0.361329 0.099487 0.086409
v -0.333441 0.097881 0.250346
v -0.323160 0.102624 0.309368
v -0.297406 0.101354 0.391020
v -0.273953 0.115047 0.445645
v -0.256274 0.115296 -0.464004
v -0.292769 0.115324 -0.404814
v -0.359034 0.085577 -0.075495
v -0.360293 0.089654 0.012122
v -0.226154 0.127906 -0.505348
v -0.298709 0.079477 -0.353877
v -0.335102 0.085583 -0.244777
v -0.339509 0.074056 -0.191238
v -0.335628 0.084153 0.132852
v -0.297657 0.078425 0.331704
v -0.289224 0.082636 0.376766
v -0.228543 0.129276 0.507715
v -0.272234 0.099681 -0.429531
v -0.330625 0.060388 -0.144321
v -0.309711 0.077254 0.192164
v -0.262645 0.084272 0.431826
v -0.238502 0.104006 0.481626
v -0.228986 0.081787 -0.471592
v -0.269694 0.061869 -0.393350
v -0.290681 0.051184 -0.328157
v -0.308577 0.047019 -0.231249
v -0.314265 0.050980 -0.157122
v -0.259141 0.062074 0.366824
v -0.261234 0.065900 0.386861
v -0.244728 0.064850 0.419407
v -0.200435 0.104508 -0.517463
v -0.227660 0.053514 -0.440458
v -0.260945 0.039591 -0.372891
v -0.281755 0.032056 -0.283216
v -0.287478 0.033369 -0.218859
v -0.191536 0.037275 0.308793
v -0.224999 0.074926 0.463007
v -0.179257 0.091948 0.528920
v -0.181030 0.066177 -0.503870
v -0.229522 0.032423 -0.401142
v -0.241780 0.024352 -0.350455
v -0.248769 0.017665 -0.244972
v -0.249999 0.040088 -0.015311
v -0.196559 0.031952 0.167293
v -0.185759 0.052613 0.464425
v -0.149763 0.099481 0.565754
v -0.156298 0.080439 -0.540635
v -0.178643 0.043188 -0.471598
v -0.194601 0.025358 -0.414415
v -0.198972 0.011865 -0.328524
v -0.215745 0.024548 -0.093043
v -0.143152 0.062238 0.527045
v -0.142341 0.057837 -0.528072
v -0.170925 0.004313 -0.270373
v -0.152567 0.005462 -0.185190
v -0.169154 0.020160 -0.020049
v -0.136687 0.024620 0.432258
v -0.127435 0.071299 0.557365
v -0.112800 0.071560 -0.571063
v -0.114350 0.038664 -0.517591
v -0.135282 0.031245 -0.484220
v -0.099278 0.011984 -0.446315
v -0.063091 0.000891 -0.396174
v -0.085473 0.010163 0.038710
v -0.070650 0.011231 0.260990
v -0.078368 0.011016 0.349558
v -0.082239 0.052631 -0.564702
v -0.101234 0.000311 -0.230011
v -0.085734 0.010563 0.427417
v -0.111204 0.026184 0.477345
v -0.088382 0.055954 0.562725
v -0.079005 0.072283 0.586650
v -0.047902 -0.001633 -0.253699
v -0.038395 0.008533 0.081439
v -0.044938 0.007192 0.458724
v -0.052834 0.019673 0.496466
v -0.064066 0.048032 -0.565773
v -0.049509 0.014245 -0.496344
v -0.030510 -0.002718 -0.442152
v -0.021993 -0.004185 -0.285021
v -0.004861 0.007144 0.170477
v -0.036370 0.001962 0.415823
v -0.063950 0.054144 0.570251
v -0.030310 0.010169 -0.484622
v -0.015655 -0.001768 -0.436606
v -0.001760 -0.000916 -0.304281
v 0.014004 0.005396 -0.015787
v 0.008766 0.009681 0.174464
v -0.016199 0.004576 0.392221
v -0.028101 0.012115 0.466649
v -0.044870 0.045002 0.542015
v -0.029730 0.040347 -0.529920
v -0.014029 0.012347 -0.471268
v -0.004855 0.004828 -0.437055
v 0.013855 0.006941 -0.288452
v 0.028575 0.011274 -0.018156
v 0.018690 0.016226 0.170729
v -0.004862 0.012588 0.406734
v -0.017017 0.024930 0.474526
v -0.028139 0.049112 0.526602
v -0.015514 0.046514 -0.540457
v 0.009638 0.010370 -0.474438
v 0.017883 0.000955 -0.436662
v 0.036390 0.001279 -0.325621
v 0.047050 0.003438 -0.216560
v 0.052771 0.005040 -0.033895
v 0.040372 0.010504 0.150799
v 0.014317 0.014789 0.440800
v 0.006931 0.031444 0.489554
v 0.036078 0.033886 -0.491667
v 0.035082 0.012336 -0.455430
v 0.063846 0.006812 -0.364443
v 0.106557 0.006652 -0.053412
v 0.020074 0.008648 0.368694
v 0.041098 0.013300 0.368428
v 0.058842 0.022346 0.402099
v 0.062460 0.027784 0.422410
v 0.056301 0.033779 0.446874
v 0.041575 0.044112 0.477244
v 0.073380 0.013009 0.180178
v 0.075658 0.015027 -0.392849
v 0.117727 0.011262 -0.165865
v 0.077762 0.026079 -0.427210
v 0.080490 0.017482 0.260845
v 0.085060 0.047082 -0.457408
v 0.107021 0.016463 -0.294391
v 0.104778 0.007836 0.028132
v 0.087497 0.051139 0.433976
v 0.115045 0.031397 -0.359648
v 0.158028 0.017169 -0.110363
v 0.091822 0.021512 0.273734
v 0.118105 0.026446 0.241192
v 0.122252 0.054145 0.371210
v 0.123245 0.011664 0.060959
v -0.090573 0.114190 0.627691
v -0.116806 0.126245 0.608826
v -0.149354 0.147102 0.574787
v -0.193738 0.170876 0.546036
v -0.243361 0.200988 0.502186
v -0.270768 0.210036 0.467934
v 0.109508 0.127548 0.460143
v 0.008670 0.112742 0.576548
v -0.040183 0.123180 0.603842
v -0.076237 0.107826 0.642153
v -0.080826 0.113536 0.650620
v -0.081507 0.133757 0.633131
v -0.115048 0.151880 0.601045
v -0.147192 0.177251 0.568768
v -0.213597 0.194464 0.530206
v -0.240667 0.206472 0.500668
v -0.262867 0.227691 0.454383
v 0.086948 0.130787 0.493878
v 0.066749 0.138692 0.521932
v 0.029663 0.141488 0.558675
v -0.000765 0.144789 0.584124
v -0.061997 0.131813 0.609458
v -0.072373 0.133692 0.629525
v -0.094329 0.184022 0.585294
v -0.122110 0.198097 0.568377
v -0.173398 0.221789 0.542535
v -0.191083 0.201923 0.543875
v -0.213456 0.235887 0.521342
v -0.227802 0.228469 0.511961
v -0.241444 0.240121 0.472618
v 0.136443 0.160543 0.445036
v 0.100096 0.169386 0.485582
v 0.059922 0.174617 0.523741
v 0.028733 0.182568 0.545485
v 0.011607 0.209353 0.542962
v 0.002295 0.206333 0.540859
v -0.006348 0.207554 0.553814
v -0.050066 0.202448 0.570881
v -0.076144 0.221713 0.559844
v -0.096884 0.245578 0.545547
v -0.197775 0.278318 0.501728
v -0.230904 0.245078 0.484316
v -0.232514 0.269664 0.465594
v 0.133037 0.192989 0.461231
v 0.117692 0.212107 0.479091
v 0.077813 0.225389 0.507905
v 0.049702 0.221022 0.522285
v -0.041842 0.240909 0.546906
v 0.146693 0.225735 0.459528
v 0.131263 0.252416 0.478019
v 0.042135 0.277393 0.512213
v 0.035030 0.276604 0.506507
v 0.026478 0.280563 0.519071
v -0.027938 0.278294 0.530141
v -0.083215 0.291511 0.527465
v -0.127043 0.303639 0.515603
v -0.162835 0.269433 0.520935
v -0.156211 0.326673 0.491671
v 0.115802 0.268217 0.485647
v -0.026387 0.319278 0.518906
v -0.184359 0.337253 0.475265
v 0.165385 0.268907 0.454132
v 0.158078 0.280829 0.463601
v 0.140198 0.297666 0.474925
v 0.122772 0.338609 0.482445
v 0.074402 0.292190 0.501204
v 0.090908 0.373496 0.492335
v 0.080935 0.364945 0.487714
v 0.066682 0.355792 0.501713
v -0.034224 0.364297 0.507501
v -0.081441 0.361512 0.503050
v -0.119592 0.388709 0.478345
v -0.166795 0.348857 0.479398
v -0.189772 0.363742 0.448878
v 0.166302 0.313527 0.446521
v 0.143553 0.334199 0.467447
v 0.014457 0.365572 0.506692
v 0.181007 0.356098 0.437913
v 0.163504 0.374705 0.460997
v 0.147593 0.410273 0.476711
v 0.013054 0.454487 0.489412
v -0.054244 0.439791 0.480950
v -0.123495 0.421311 0.456289
v -0.038440 0.479972 0.464146
v -0.088302 0.470079 0.440249
v 0.253889 0.468927 0.417684
v 0.242192 0.484888 0.434789
v 0.217226 0.531067 0.458710
v 0.199529 0.540776 0.462702
v 0.199162 0.541965 0.457408
v 0.208305 0.563101 0.464236
v 0.162804 0.559940 0.470035
v 0.007711 0.486690 0.476774
v -0.056909 0.494354 0.440798
v 0.234744 0.515407 0.447395
v 0.145778 0.609861 0.453186
v 0.118828 0.596626 0.451014
v 0.118164 0.617069 0.436239
v 0.067905 0.583377 0.434972
v 0.179747 0.627828 0.453810
v 0.287499 0.589602 0.419631
v 0.269093 0.637081 0.440491
v 0.240782 0.619881 0.448791
v 0.125595 0.659577 0.404246
v 0.059879 0.600228 0.409220
v 0.302125 0.645091 0.414898
v 0.254271 0.657903 0.446515
v 0.224153 0.663789 0.448813
v 0.286847 0.674753 0.429155
v 0.260879 0.678167 0.438761
v 0.177511 0.669911 0.437262
v 0.151408 0.669441 0.419750
v 0.310180 0.707348 0.407871
v 0.135314 0.685840 0.390207
v 0.284360 0.729373 0.425378
v 0.265557 0.718498 0.431942
v 0.263707 0.736034 0.432618
v 0.209401 0.711459 0.435806
v 0.184912 0.713676 0.425785
v 0.155919 0.701339 0.404273
v 0.305462 0.758284 0.402800
v 0.263248 0.763657 0.425462
v 0.263138 0.754195 0.420660
v 0.229621 0.756895 0.430699
v 0.165641 0.727294 0.407414
v 0.144530 0.730444 0.381789
v 0.196098 0.769681 0.423229
v 0.171160 0.762866 0.408670
v 0.139124 0.759912 0.373479
v 0.292434 0.856196 0.384061
v 0.277281 0.851117 0.402040
v 0.260759 0.849811 0.412607
v 0.241744 0.859536 0.415365
v 0.231324 0.897159 0.406649
v 0.200494 0.847360 0.417207
v 0.129001 0.907694 0.387646
v 0.132874 0.810617 0.373101
v 0.233569 0.875710 0.416411
v 0.274436 0.917665 0.390316
v 0.263927 0.915953 0.402288
v 0.244875 0.916310 0.413850
v 0.226362 0.926666 0.416192
v 0.180086 0.891399 0.412679
v 0.154888 0.857731 0.403146
v 0.271846 0.957058 0.386160
v 0.222767 0.922046 0.419145
v 0.165210 0.861528 0.408125
v 0.109633 0.973250 0.376404
v 0.254498 0.959832 0.410596
v 0.234098 0.961611 0.423957
v 0.209989 0.998622 0.435897
v 0.210524 0.989720 0.427238
v 0.215520 0.955817 0.425181
v 0.175488 0.961808 0.418981
v 0.158435 0.932169 0.409662
v 0.264949 1.010552 0.389645
v 0.244700 0.993059 0.425356
v 0.224498 0.992517 0.436867
v 0.205628 0.999745 0.441600
v 0.178458 0.996634 0.431598
v 0.150951 0.988510 0.417387
v 0.130352 0.995307 0.403327
v 0.248936 1.030723 0.424641
v 0.230740 1.020263 0.446528
v 0.212008 1.042241 0.466446
v 0.196906 1.053776 0.469314
v 0.195041 1.050610 0.473133
v 0.150976 1.033128 0.432745
v 0.194730 0.029427 -0.060425
v 0.139333 0.034435 0.219591
v 0.158414 0.061311 0.316357
v 0.134029 0.070271 0.381560
v 0.160102 0.055159 -0.344372
v 0.168224 0.054305 0.222663
v 0.179536 0.082887 0.340600
v 0.155978 0.084132 0.367993
v 0.162125 0.111067 0.381536
v 0.129827 0.083712 -0.429948
v 0.186972 0.058374 -0.285898
v 0.201265 0.052952 -0.225533
v 0.195853 0.041714 -0.177598
v 0.204056 0.036300 -0.084815
v 0.205674 0.060341 0.100092
v 0.163546 0.132556 0.397658
v 0.146591 0.075549 -0.398220
v 0.173297 0.068455 -0.345520
v 0.199157 0.050770 -0.158960
v 0.211900 0.044951 -0.080958
v 0.212319 0.051398 -0.009542
v 0.185832 0.078169 0.293158
v 0.188286 0.110023 0.362384
v 0.172417 0.162214 0.409352
v 0.216447 0.076825 -0.160703
v 0.230645 0.075206 -0.009067
v 0.228077 0.086190 0.116822
v 0.197292 0.083662 0.227896
v 0.200077 0.099924 0.316387
v 0.180111 0.138222 0.385727
v 0.190367 0.084890 -0.333704
v 0.213211 0.090764 -0.284873
v 0.218135 0.073771 -0.226164
v 0.253624 0.124089 -0.082874
v 0.236337 0.095011 0.072886
v 0.235338 0.102060 0.134712
v 0.211425 0.122352 0.326238
v 0.199398 0.144216 0.368530
v 0.190977 0.157876 0.388901
v 0.137302 0.123816 -0.436250
v 0.173229 0.109006 -0.382076
v 0.244537 0.125431 -0.175310
v 0.275051 0.171601 -0.082965
v 0.253040 0.133099 0.119818
v 0.254819 0.165140 0.218141
v 0.217925 0.123725 0.260584
v 0.214087 0.153230 0.348865
v 0.202147 0.174944 0.383570
v 0.190932 0.204812 0.416037
v 0.215832 0.128442 -0.313218
v 0.253237 0.151124 -0.206508
v 0.275751 0.190208 0.033350
v 0.228139 0.150500 0.309931
v 0.219134 0.182030 0.346567
v 0.206376 0.210869 0.398412
v 0.203973 0.178295 -0.346519
v 0.240306 0.178596 -0.282454
v 0.276211 0.224676 -0.226795
v 0.282073 0.199351 -0.152000
v 0.279602 0.190764 0.145568
v 0.263165 0.194357 0.253608
v 0.250656 0.250756 0.310699
v 0.216687 0.227020 0.377889
v 0.288547 0.217314 -0.108039
v 0.285650 0.226428 0.048445
v 0.288205 0.219552 0.146984
v 0.283908 0.221652 0.193404
v 0.270907 0.223027 0.253751
v 0.253436 0.280201 0.327577
v 0.235934 0.263806 0.357589
v 0.189527 0.206064 -0.377009
v 0.241293 0.243662 -0.334238
v 0.259341 0.252326 -0.299434
v 0.295089 0.283879 -0.175621
v 0.300791 0.295222 -0.089376
v 0.288814 0.266846 0.056109
v 0.291517 0.302554 0.200925
v 0.277980 0.318888 0.274244
v 0.262499 0.339023 0.342336
v 0.229446 0.345319 0.382370
v 0.230159 0.266899 -0.360347
v 0.286065 0.293995 -0.229427
v 0.312560 0.352802 -0.071871
v 0.297640 0.315105 0.100530
v 0.295344 0.302906 0.159318
v 0.284899 0.399479 0.298420
v 0.298848 0.462896 0.340587
v 0.279294 0.414721 0.353554
v 0.266911 0.435057 0.377296
v 0.223297 0.314158 -0.384568
v 0.252572 0.314744 -0.329017
v 0.278626 0.357149 -0.301427
v 0.296077 0.397383 -0.276436
v 0.311174 0.353769 -0.180404
v 0.331348 0.462423 -0.128037
v 0.328092 0.387133 0.146411
v 0.319597 0.370883 0.194391
v 0.323527 0.486626 -0.220763
v 0.340565 0.441918 0.049418
v 0.342163 0.431061 0.164448
v 0.345346 0.480755 0.195800
v 0.325095 0.516172 0.270097
v 0.296871 0.485451 0.360249
v 0.293098 0.486280 -0.374909
v 0.351243 0.538161 -0.031116
v 0.351059 0.513703 0.038718
v 0.356986 0.501449 0.156514
v 0.312589 0.541680 0.350215
v 0.321210 0.547255 -0.323644
v 0.336679 0.559950 -0.208032
v 0.354082 0.603885 -0.159985
v 0.367339 0.667751 -0.051091
v 0.374800 0.746525 0.023414
v 0.374549 0.722459 0.066114
v 0.358448 0.616535 0.205774
v 0.339799 0.570626 0.251907
v 0.326376 0.546496 0.299112
v 0.331952 0.571323 -0.279259
v 0.353845 0.693981 -0.188869
v 0.372062 0.718089 0.092668
v 0.361359 0.576769 0.165666
v 0.341184 0.644796 0.319632
v 0.333969 0.626858 -0.316658
v 0.366288 0.734688 -0.118864
v 0.375925 0.760867 -0.041438
v 0.352224 0.759508 0.168576
v 0.358152 0.701239 0.221917
v 0.350823 0.685516 0.257560
v 0.343759 0.685381 0.324221
v 0.377017 0.795596 0.036980
v 0.365492 0.812125 0.096053
v 0.346776 0.827147 0.203779
v 0.350705 0.787056 0.249858
v 0.342673 0.743082 0.327587
v 0.340381 0.740012 -0.296822
v 0.367495 0.818493 -0.109003
v 0.372988 0.836198 -0.008936
v 0.360405 0.868418 0.073904
v 0.365920 0.845727 -0.085727
v 0.345270 0.866345 0.196075
v 0.336855 0.840210 0.280204
v 0.332305 0.800563 0.331868
v 0.332704 0.794167 -0.308830
v 0.349257 0.852628 -0.186091
v 0.355627 0.889939 -0.050433
v 0.336873 0.957175 0.059634
v 0.342210 0.892102 0.184869
v 0.319760 0.817407 -0.333892
v 0.331599 0.850102 -0.270556
v 0.325831 0.953990 -0.170239
v 0.308922 0.911641 0.311304
v 0.333011 0.951243 0.130661
v 0.320696 0.961330 0.199130
v 0.305065 0.967610 0.270591
v 0.299575 0.923763 -0.316811
v 0.328696 0.977677 -0.103032
v 0.337406 0.959706 -0.030167
v 0.262404 1.036149 0.377258
v 0.281750 0.977347 -0.336216
v 0.316798 1.016686 0.007210
v 0.320228 0.994766 0.107888
v -0.248733 0.204854 -0.487426
v -0.167472 0.132412 -0.551100
v -0.125687 0.109574 -0.580689
v -0.112426 0.091390 -0.590019
v -0.102850 0.076611 -0.604974
v -0.101790 0.063363 -0.625087
v -0.097011 0.057801 -0.620287
v -0.083979 0.054666 -0.616311
v -0.041587 0.054198 -0.568936
v 0.006132 0.081299 -0.552972
v 0.078440 0.063694 -0.481844
v -0.260898 0.231061 -0.464265
v -0.225037 0.207297 -0.509210
v -0.202470 0.185979 -0.529285
v -0.154497 0.145710 -0.557360
v -0.097740 0.100777 -0.604390
v -0.099001 0.080554 -0.636965
v -0.096168 0.076879 -0.632847
v -0.097469 0.064235 -0.641251
v -0.077281 0.070566 -0.622213
v -0.142872 0.166850 -0.556513
v -0.086905 0.124616 -0.598784
v -0.092731 0.081992 -0.642316
v 0.014624 0.108622 -0.550784
v 0.072670 0.108000 -0.501369
v 0.078485 0.082932 -0.490519
v -0.263158 0.246269 -0.448063
v -0.239129 0.255280 -0.469266
v -0.228087 0.264753 -0.476351
v -0.192990 0.223602 -0.523473
v -0.162246 0.214019 -0.537501
v -0.111291 0.185082 -0.555098
v -0.075520 0.158876 -0.576184
v -0.055326 0.133559 -0.595519
v -0.050350 0.127537 -0.587308
v -0.055029 0.124143 -0.603577
v 0.013697 0.154464 -0.540011
v 0.058887 0.127176 -0.513070
v -0.186724 0.260099 -0.512023
v -0.121221 0.223945 -0.537579
v -0.083709 0.228206 -0.532863
v -0.071357 0.192914 -0.549018
v -0.029408 0.179251 -0.547889
v -0.009785 0.192138 -0.521385
v -0.001369 0.192755 -0.528208
v 0.052788 0.179042 -0.508004
v -0.220787 0.297087 -0.446396
v -0.189283 0.283076 -0.494133
v -0.134932 0.312193 -0.513643
v -0.113865 0.277965 -0.524926
v -0.011530 0.213000 -0.522388
v 0.090710 0.189307 -0.482840
v -0.165524 0.330342 -0.489600
v -0.049033 0.256278 -0.517688
v 0.003264 0.239614 -0.507857
v 0.019202 0.252366 -0.490245
v 0.019366 0.237881 -0.503358
v 0.060644 0.214692 -0.495268
v 0.130428 0.200542 -0.452272
v -0.200297 0.322259 -0.450221
v -0.086895 0.421486 -0.493389
v -0.085750 0.305389 -0.518907
v 0.022050 0.278811 -0.496190
v 0.042728 0.288293 -0.489033
v 0.067782 0.252939 -0.486881
v 0.104664 0.226339 -0.473729
v -0.178217 0.359901 -0.458127
v -0.078365 0.354920 -0.513968
v -0.042750 0.337413 -0.511246
v 0.042440 0.319637 -0.491956
v 0.055353 0.323611 -0.479333
v 0.087787 0.294044 -0.480069
v 0.121548 0.279544 -0.467679
v -0.115183 0.422667 -0.474624
v -0.065532 0.418849 -0.503031
v 0.025003 0.410304 -0.503836
v 0.092286 0.375332 -0.483285
v 0.146500 0.288673 -0.456337
v 0.146280 0.264016 -0.450199
v -0.025490 0.438380 -0.505959
v 0.010933 0.447935 -0.505477
v 0.102679 0.397918 -0.475712
v -0.049907 0.500189 -0.463848
v -0.030003 0.495942 -0.479538
v -0.004691 0.496365 -0.489948
v 0.115844 0.507501 -0.488719
v 0.145250 0.465550 -0.480350
v 0.169473 0.481181 -0.471840
v 0.169218 0.441181 -0.470585
v 0.217723 0.446775 -0.450313
v 0.070660 0.544903 -0.486113
v 0.181941 0.502805 -0.462710
v 0.202572 0.470901 -0.461727
v 0.220491 0.399357 -0.436148
v 0.071180 0.658148 -0.406926
v 0.078176 0.635856 -0.435112
v 0.132791 0.572488 -0.480266
v 0.198309 0.536499 -0.468373
v 0.251716 0.456015 -0.426369
v 0.109535 0.632227 -0.455658
v 0.172496 0.651404 -0.459787
v 0.183480 0.591198 -0.469627
v 0.222379 0.567870 -0.450414
v 0.220443 0.560701 -0.457413
v 0.242020 0.551595 -0.450575
v 0.260033 0.526229 -0.435888
v 0.235875 0.606536 -0.454192
v 0.287231 0.548059 -0.412954
v 0.126425 0.708010 -0.416480
v 0.219267 0.656762 -0.452318
v 0.250191 0.634464 -0.442225
v 0.268082 0.619131 -0.437709
v 0.286624 0.602718 -0.422674
v 0.305460 0.595979 -0.397660
v 0.129559 0.734525 -0.392393
v 0.163050 0.733885 -0.420955
v 0.255361 0.671788 -0.439954
v 0.261540 0.696525 -0.430467
v 0.278579 0.693037 -0.425460
v 0.299084 0.653351 -0.411001
v 0.312159 0.667572 -0.392736
v 0.134411 0.752360 -0.384952
v 0.163402 0.759756 -0.406272
v 0.195954 0.752582 -0.423767
v 0.257189 0.752498 -0.422554
v 0.261324 0.727912 -0.419177
v 0.300330 0.708886 -0.404477
v 0.112550 0.799141 -0.345255
v 0.137709 0.782053 -0.382808
v 0.168056 0.787936 -0.403675
v 0.201485 0.787980 -0.417473
v 0.226594 0.748681 -0.428643
v 0.259427 0.763679 -0.418873
v 0.317356 0.742797 -0.372157
v 0.139089 0.828234 -0.383764
v 0.226145 0.815147 -0.416324
v 0.253195 0.787821 -0.408905
v 0.287467 0.759588 -0.405996
v 0.306390 0.780954 -0.378479
v 0.170011 0.870253 -0.405028
v 0.182699 0.883424 -0.408453
v 0.231977 0.889542 -0.405743
v 0.252066 0.860620 -0.403654
v 0.127059 0.868532 -0.374700
v 0.209208 0.885678 -0.411431
v 0.230346 0.874903 -0.409579
v 0.225131 0.910736 -0.400340
v 0.107011 0.880817 -0.343083
v 0.149182 0.908570 -0.396787
v 0.269314 0.864641 -0.392639
v 0.283692 0.903935 -0.363489
v 0.117743 0.965011 -0.377291
v 0.139388 0.989231 -0.398788
v 0.190853 0.932854 -0.413582
v 0.216956 0.936239 -0.412951
v 0.236401 0.928744 -0.405842
v 0.262573 0.904146 -0.390522
v 0.106409 0.983704 -0.359971
v 0.153461 0.998233 -0.410079
v 0.165273 0.954809 -0.409134
v 0.212729 0.973508 -0.416663
v 0.251137 0.953865 -0.396147
v 0.100821 0.974968 -0.338210
v 0.166569 1.010789 -0.422154
v 0.186629 0.975423 -0.420359
v 0.202096 1.000589 -0.430597
v 0.204644 1.002020 -0.425069
v 0.225372 0.973775 -0.416061
v 0.120632 1.003573 -0.380814
v 0.189733 1.043257 -0.446667
v 0.219927 1.003241 -0.427063
v 0.233578 1.017915 -0.415653
v 0.181937 1.040600 -0.438096
v 0.198724 1.049716 -0.453342
v 0.213890 1.033039 -0.444350
v -0.284565 0.205326 0.452890
v -0.289281 0.219814 0.418698
v -0.315841 0.223596 0.327966
v -0.359526 0.235179 -0.081690
v -0.328457 0.219257 -0.289537
v -0.305880 0.213986 -0.351061
v -0.291694 0.222682 -0.407321
v -0.353982 0.249666 0.074835
v -0.349032 0.225493 -0.192653
v -0.308479 0.232779 -0.330529
v -0.303401 0.224560 -0.369395
v -0.277270 0.242014 0.418429
v -0.330655 0.245591 0.236921
v -0.341793 0.256073 0.154094
v -0.345109 0.264376 -0.119572
v -0.305370 0.238977 -0.346332
v -0.258547 0.258888 0.431318
v -0.305138 0.272347 -0.285876
v -0.296802 0.262041 -0.323481
v -0.286420 0.249148 -0.368850
v -0.284939 0.238668 -0.407799
v -0.282168 0.258426 0.377217
v -0.288219 0.284313 0.329398
v -0.309534 0.287013 0.247392
v -0.318837 0.294980 0.182676
v -0.351092 0.262633 0.008238
v -0.326613 0.287992 -0.162075
v -0.320435 0.274030 -0.223893
v -0.288982 0.261949 -0.334995
v -0.261204 0.277456 -0.391515
v -0.273422 0.280160 0.376377
v -0.323412 0.305129 0.107527
v -0.329281 0.304543 0.035713
v -0.328152 0.306532 -0.025778
v -0.283692 0.287964 -0.314543
v -0.265183 0.291609 -0.368482
v -0.242086 0.313211 0.398373
v -0.205028 0.373048 0.399020
v -0.265722 0.361703 0.252427
v -0.318616 0.315519 -0.105927
v -0.273356 0.322884 -0.290137
v -0.239239 0.350330 -0.353039
v -0.233222 0.331698 -0.406554
v -0.265499 0.381167 -0.167082
v -0.261717 0.372527 -0.220672
v -0.195092 0.432973 0.330606
v -0.235764 0.373592 0.332068
v -0.242341 0.427547 0.174474
v -0.272453 0.396504 0.041894
v -0.210775 0.410328 -0.332213
v -0.200303 0.386537 -0.401706
v -0.142640 0.456237 0.396711
v -0.171326 0.446197 0.364427
v -0.228129 0.418193 -0.253561
v -0.154801 0.468380 -0.369357
v -0.123937 0.497518 0.350844
v -0.168120 0.467499 0.318139
v -0.208599 0.439624 0.272130
v -0.218704 0.484693 0.066641
v -0.188139 0.463760 -0.290580
v -0.117351 0.533777 0.279080
v -0.175898 0.496411 0.226385
v -0.201737 0.498742 0.118906
v -0.260004 0.411783 -0.030294
v -0.201112 0.488820 -0.166469
v -0.118272 0.506363 -0.372602
v 0.007272 0.589676 0.369450
v -0.052315 0.566908 0.329889
v -0.089020 0.579061 0.230628
v -0.106760 0.597520 0.141741
v -0.130278 0.585304 0.117658
v -0.208538 0.504583 0.013444
v -0.189722 0.520542 -0.106513
v -0.117771 0.565329 -0.244961
v -0.086047 0.572211 -0.304498
v -0.060271 0.559765 -0.379528
v 0.007098 0.607985 0.326529
v -0.012511 0.617322 0.286615
v -0.024193 0.633229 0.232058
v -0.037677 0.649299 0.188372
v -0.136230 0.593828 0.087037
v -0.172235 0.559713 0.011246
v -0.193556 0.523033 -0.048906
v -0.155545 0.550420 -0.169212
v 0.068671 0.674835 0.319874
v 0.039552 0.672009 0.285216
v 0.003154 0.690416 0.192081
v -0.007105 0.718204 0.125503
v -0.036806 0.701784 0.076490
v -0.067527 0.668217 0.016213
v -0.065405 0.663585 -0.046205
v -0.090720 0.639165 -0.104824
v -0.064422 0.637665 -0.191941
v 0.035647 0.656617 -0.362188
v 0.079174 0.750807 0.263287
v 0.041856 0.726646 0.219652
v 0.034810 0.782162 0.105932
v -0.006836 0.726653 -0.081153
v 0.026224 0.707011 -0.238526
v 0.093412 0.720335 -0.351987
v 0.092710 0.708656 0.315898
v 0.066786 0.765846 0.228888
v 0.047418 0.785259 0.157860
v 0.034643 0.793260 0.040729
v 0.022185 0.772400 -0.025645
v 0.033160 0.766005 -0.103069
v 0.064303 0.760128 -0.225387
v 0.100078 0.756727 0.293650
v 0.076848 0.797393 0.235000
v 0.070098 0.834515 0.177242
v 0.063603 0.843112 0.122123
v 0.061166 0.832846 -0.006497
v 0.063711 0.805528 -0.116760
v 0.089196 0.790237 -0.239426
v 0.108214 0.760166 -0.323929
v 0.084024 0.810921 0.246645
v 0.052840 0.821573 0.071594
v 0.078233 0.823727 -0.142428
v 0.094943 0.802033 -0.260477
v 0.112248 0.776211 -0.324465
v 0.110907 0.788531 0.312184
v 0.085006 0.840414 0.247779
v 0.066368 0.854528 0.137968
v 0.064342 0.856995 0.069523
v 0.068354 0.852576 -0.023392
v 0.085777 0.834351 -0.194290
v 0.085746 0.845325 -0.237338
v 0.107806 0.800484 -0.309556
v 0.113933 0.825737 0.339991
v 0.106692 0.823004 0.311272
v 0.076189 0.866237 0.190553
v 0.064887 0.874799 0.111879
v 0.074163 0.873999 -0.145118
v 0.095229 0.867326 0.302962
v 0.079224 0.906761 0.252053
v 0.071035 0.896473 0.196554
v 0.066768 0.889776 0.057490
v 0.065888 0.880794 -0.038772
v 0.077110 0.908392 -0.215454
v 0.069478 0.919760 0.186768
v 0.065735 0.920170 0.085991
v 0.065421 0.934909 -0.005447
v 0.068786 0.910344 -0.117863
v 0.092175 0.906149 -0.300378
v 0.086176 0.961592 0.309358
v 0.079461 0.951921 0.251750
v 0.097502 0.963878 0.350493
v 0.072510 0.950834 0.182421
v 0.067868 0.947237 0.079027
v 0.071179 0.942418 -0.132773
v 0.080916 0.941594 -0.240974
v 0.098387 0.943105 -0.325688
v 0.082978 0.972696 0.285584
v 0.080655 0.974583 0.185768
v 0.078368 0.968970 -0.148915
v 0.082352 0.962539 -0.220153
v 0.098934 0.963538 -0.310502
v 0.083693 0.972233 0.234530
v 0.073664 0.971737 0.029343
v 0.092658 0.977356 -0.240267
v 0.083068 0.986018 0.030716
v 0.085082 0.984022 -0.108777
v 0.104212 0.977386 -0.298733
vn 0.8788 0.3078 0.3648
vn 0.7579 -0.1607 0.6323
vn 0.8902 -0.0178 0.4552
vn 0.1812 -0.5001 0.8468
vn 0.6524 -0.3919 0.6487
vn 0.9024 -0.1079 0.4172
vn -0.8326 -0.0301 0.5530
vn -0.9481 -0.1340 0.2883
vn -0.9662 -0.0340 -0.2554
vn -0.6747 -0.2208 0.7043
vn -0.8635 0.0079 0.5042
vn -0.6915 -0.3063 0.6542
vn 0.9165 0.3102 -0.2528
vn 0.8846 0.4127 -0.2171
vn 0.9370 0.3010 -0.1771
vn 0.9063 0.1774 -0.3836
vn 0.8863 0.4137 -0.2081
vn 0.8832 0.4588 -0.0970
vn 0.8367 0.5472 -0.0223
vn 0.9150 0.4022 -0.0320
vn 0.9071 0.4202 0.0243
vn 0.8245 0.5632 0.0555
vn 0.8814 0.4633 0.0915
vn 0.8824 0.4546 0.1215
vn 0.9163 0.3753 0.1394
vn 0.9388 0.2814 0.1987
vn 0.7984 0.5982 0.0687
vn 0.8873 0.4187 0.1931
vn 0.9748 0.1771 -0.1354
vn 0.8967 0.4188 -0.1434
vn 0.7951 0.6004 -0.0857
vn 0.7399 0.6720 -0.0322
vn 0.7278 0.6854 0.0229
vn 0.9069 0.4024 -0.1254
vn 0.5594 0.8263 0.0654
vn 0.8987 0.3708 -0.2341
vn 0.8995 0.3877 -0.2013
vn 0.5884 0.8075 0.0431
vn 0.8354 0.5458 0.0643
vn 0.8719 0.4775 0.1089
vn 0.6985 0.7093 -0.0947
vn 0.8132 0.5583 -0.1642
vn 0.5680 0.8152 -0.1129
vn 0.5656 0.8246 -0.0125
vn 0.4016 0.9140 0.0585
vn 0.7458 0.6560 0.1157
vn 0.6494 0.7598 0.0313
vn 0.7952 0.5443 0.2673
vn 0.8199 0.5662 0.0853
vn 0.6195 0.5602 0.5498
vn 0.9358 0.1494 0.3193
vn 0.3765 -0.4386 -0.8160
vn 0.9350 0.1023 -0.3397
vn 0.7627 -0.2434 -0.5992
vn 0.3566 -0.5827 -0.7302
vn 0.1296 -0.0971 -0.9868
vn 0.2991 0.9538 0.0298
vn 0.8234 0.5639 -0.0639
vn 0.7644 0.6318 -0.1285
vn 0.3765 0.9154 0.1426
vn 0.4068 0.9134 -0.0117
vn -0.7968 -0.4214 -0.4332
vn -0.6364 -0.7712 0.0171
vn -0.6559 0.0847 -0.7501
vn 0.5443 0.5422 -0.6401
vn -0.1535 0.9500 -0.2718
vn 0.0722 0.9880 -0.1363
vn -0.0643 0.9979 0.0068
vn -0.1899 0.9763 0.1040
vn 0.3297 0.9432 0.0407
vn -0.3183 0.9407 -0.1171
vn -0.2408 0.9698 0.0382
vn 0.2481 0.9683 0.0289
vn -0.4888 0.8195 0.2993
vn -0.3364 0.9092 -0.2453
vn -0.5239 0.7183 0.4577
vn 0.8718 0.4873 -0.0505
vn -0.4484 0.7485 0.4885
vn -0.8232 0.1435 0.5494
vn 0.2020 -0.2701 0.9414
vn -0.9589 -0.0688 0.2753
vn -0.9427 -0.2759 0.1877
vn -0.8295 0.5184 0.2077
vn 0.1056 0.9822 0.1556
vn -0.4981 0.8597 0.1127
vn 0.1009 0.9949 -0.0097
vn -0.7395 0.6729 0.0173
vn -0.8162 0.5777 0.0034
vn -0.8557 0.5140 0.0601
vn -0.8926 0.4508 -0.0040
vn -0.7444 0.6530 -0.1395
vn -0.2615 0.8610 0.4362
vn 0.1319 0.9890 0.0672
vn 0.5389 0.8411 0.0460
vn 0.5140 0.8573 0.0301
vn 0.0025 0.9991 0.0422
vn 0.4231 0.9059 0.0167
vn 0.6235 0.7818 -0.0071
vn 0.1347 0.9907 0.0208
vn -0.5644 0.7032 -0.4324
vn -0.9724 -0.2310 0.0315
vn -0.5897 0.8019 0.0960
vn -0.4428 0.8870 0.1309
vn -0.2734 0.9548 -0.1166
vn 0.3859 0.9225 -0.0108
vn -0.5508 0.8334 0.0456
vn -0.5593 0.8273 0.0524
vn 0.0674 0.9970 0.0373
vn -0.6477 0.7570 0.0858
vn -0.3626 0.8537 -0.3737
vn -0.2856 0.8769 -0.3865
vn -0.9273 0.2695 0.2597
vn -0.6600 0.7498 -0.0477
vn -0.3452 0.9380 0.0295
vn -0.6972 0.7163 0.0275
vn -0.5658 0.8229 0.0528
vn -0.6998 0.7142 0.0162
vn -0.6782 0.7321 0.0628
vn -0.7141 0.6952 0.0824
vn -0.4205 0.8743 -0.2424
vn -0.8720 -0.3276 -0.3638
vn -0.9239 0.0528 -0.3790
vn -0.7059 0.6935 -0.1441
vn -0.3278 0.9441 0.0351
vn -0.5757 0.8160 0.0516
vn -0.5435 0.8382 0.0446
vn -0.8047 0.5887 0.0773
vn -0.3263 0.8486 -0.4164
vn -0.7948 0.6058 -0.0370
vn -0.8405 0.2650 0.4727
vn -0.9126 0.3846 -0.1388
vn -0.7299 0.6321 0.2601
vn -0.2415 0.9280 0.2837
vn -0.4181 0.9035 0.0946
vn -0.2752 0.9527 -0.1289
vn -0.3943 0.9173 0.0559
vn -0.0400 0.9929 0.1119
vn -0.2645 0.9598 -0.0943
vn -0.2397 0.9638 -0.1169
vn -0.6614 0.7160 -0.2231
vn -0.8031 0.3227 -0.5008
vn -0.8061 0.5905 -0.0386
vn -0.4212 0.8975 -0.1306
vn -0.1261 0.9845 -0.1221
vn -0.0658 0.9972 0.0359
vn -0.3697 0.9256 0.0814
vn -0.0665 0.9948 0.0769
vn -0.3936 0.9183 0.0423
vn -0.1616 0.9836 0.0805
vn 0.0190 0.9993 0.0336
vn -0.3298 0.9388 0.0995
vn -0.4482 0.8923 -0.0550
vn -0.3566 0.9221 -0.1499
vn -0.6515 -0.0021 -0.7586
vn -0.7316 0.6778 0.0731
vn -0.4597 0.8864 0.0548
vn -0.1865 0.9785 -0.0880
vn -0.4514 0.8881 -0.0865
vn -0.2486 0.9468 -0.2045
vn -0.8990 0.4031 0.1711
vn -0.7700 0.1009 -0.6301
vn -0.5677 0.8029 -0.1820
vn -0.7006 0.6967 -0.1540
vn -0.6332 0.7739 -0.0106
vn -0.2780 0.9579 0.0717
vn -0.3999 0.9164 0.0180
vn -0.4982 0.8636 -0.0768
vn -0.3043 0.9491 -0.0810
vn -0.7158 0.6959 -0.0581
vn -0.8748 0.2516 -0.4140
vn -0.8190 0.5582 -0.1326
vn -0.6573 0.7536 0.0098
vn -0.7277 0.6494 -0.2208
vn -0.5080 0.8613 -0.0087
vn -0.4557 0.8799 -0.1345
vn -0.7763 0.6026 -0.1849
vn -0.5257 0.8502 -0.0288
vn -0.2785 0.9604 0.0072
vn -0.5610 0.8247 0.0717
vn -0.4857 0.8722 0.0579
vn -0.5054 0.8537 0.1251
vn -0.2697 0.9593 0.0840
vn -0.4593 0.8876 0.0348
vn -0.9218 0.2022 0.3309
vn -0.8120 0.5794 0.0706
vn -0.8946 0.4407 -0.0743
vn -0.8824 0.4699 -0.0252
vn -0.5571 0.8285 0.0571
vn -0.6367 0.7711 0.0087
vn -0.7948 0.6054 -0.0426
vn -0.7525 0.6450 -0.1335
vn -0.8823 0.4313 0.1884
vn -0.9660 0.2279 -0.1221
vn -0.7682 0.6331 0.0946
vn -0.8141 0.5738 0.0894
vn -0.7867 0.6171 0.0183
vn -0.7561 0.6171 -0.2178
vn -0.8998 0.4356 -0.0258
vn -0.8282 0.5600 -0.0210
vn -0.9599 0.2602 -0.1041
vn -0.9469 0.3207 -0.0225
vn -0.8338 0.5461 0.0810
vn -0.7211 0.6901 0.0613
vn -0.7768 0.6283 0.0424
vn -0.7187 0.6672 -0.1958
vn -0.8961 0.4432 0.0233
vn -0.9571 0.2575 -0.1326
vn -0.8190 0.5730 -0.0310
vn -0.8543 0.5114 -0.0928
vn -0.9523 0.3050 -0.0123
vn -0.7706 0.6321 0.0815
vn -0.6817 0.7210 -0.1243
vn -0.7930 0.6072 -0.0499
vn -0.8536 0.5137 -0.0868
vn -0.9384 0.3143 -0.1437
vn -0.8332 0.5530 -0.0023
vn -0.8561 0.5167 -0.0093
vn -0.8157 0.5747 0.0661
vn -0.8247 0.5611 0.0711
vn -0.6824 0.7293 -0.0490
vn -0.7606 0.6482 -0.0375
vn -0.9652 0.2511 -0.0727
vn -0.8907 0.4532 -0.0344
vn -0.7773 0.6177 -0.1195
vn -0.6891 0.7193 0.0878
vn -0.8167 0.5771 0.0027
vn -0.7752 0.6293 0.0546
vn -0.7086 0.7024 0.0677
vn -0.9491 0.2950 0.1108
vn -0.9874 0.1579 -0.0131
vn -0.9622 0.2383 -0.1317
vn -0.7737 0.6335 0.0030
vn -0.9400 0.3402 0.0265
vn -0.9640 0.0988 0.2470
vn -0.9711 0.1939 -0.1391
vn -0.9682 0.2452 -0.0504
vn -0.9871 0.1451 -0.0677
vn -0.9462 0.3199 -0.0480
vn -0.9845 0.1748 -0.0105
vn -0.9227 0.3820 0.0529
vn -0.9338 0.3516 0.0666
vn -0.9267 0.3698 -0.0664
vn -0.9435 0.3307 0.0211
vn -0.8072 -0.2581 0.5309
vn -0.8033 0.3148 0.5056
vn -0.8867 0.1858 0.4233
vn -0.7732 -0.2127 0.5975
vn -0.7306 -0.1332 0.6697
vn -0.6868 -0.0762 0.7229
vn -0.5248 -0.5311 0.6652
vn -0.6786 -0.2311 0.6972
vn -0.6201 -0.4479 0.6441
vn 0.2573 -0.7421 0.6189
vn 0.8299 -0.3407 0.4417
vn 0.0336 -0.3321 0.9426
vn 0.5368 -0.6098 0.5831
vn 0.2062 -0.8606 0.4657
vn 0.6089 -0.4763 0.6344
vn 0.4781 -0.4609 0.7477
vn 0.5196 -0.6811 0.5159
vn 0.6194 -0.5649 0.5452
vn -0.8738 0.2009 -0.4429
vn -0.9300 0.1184 -0.3481
vn -0.9187 0.2839 -0.2746
vn -0.8900 0.3188 -0.3259
vn -0.9581 0.1752 -0.2264
vn -0.9065 0.3334 -0.2589
vn -0.9333 0.3091 -0.1827
vn -0.9841 0.0755 -0.1610
vn -0.9569 0.2615 -0.1265
vn -0.9819 0.0976 0.1626
vn -0.9505 0.2547 0.1782
vn -0.9784 0.1894 0.0833
vn -0.9535 0.1220 0.2755
vn -0.9450 0.2324 0.2300
vn -0.9330 0.1673 -0.3188
vn -0.9986 -0.0377 0.0364
vn -0.9653 0.2610 0.0105
vn -0.9683 0.0186 0.2493
vn -0.9598 0.1512 0.2367
vn -0.9064 -0.1332 0.4008
vn -0.9677 -0.0041 -0.2519
vn -0.9899 -0.1082 -0.0911
vn -0.9872 0.1505 -0.0535
vn -0.9735 -0.0449 0.2244
vn -0.8289 -0.1502 0.5388
vn -0.9274 -0.0445 -0.3714
vn -0.8465 0.0246 -0.5318
vn -0.8560 -0.1763 -0.4860
vn -0.9302 -0.1923 -0.3128
vn -0.9618 -0.1906 -0.1963
vn -0.9425 -0.3338 -0.0167
vn -0.9434 -0.3129 0.1104
vn -0.9840 -0.1006 0.1470
vn -0.9310 -0.3211 0.1737
vn -0.8157 -0.1371 0.5620
vn -0.9068 -0.4198 0.0374
vn -0.7207 0.0149 -0.6930
vn -0.7583 -0.1792 -0.6268
vn -0.8574 -0.3118 -0.4093
vn -0.9175 -0.2948 -0.2670
vn -0.8942 -0.4339 -0.1100
vn -0.7728 -0.6267 0.1001
vn -0.7957 -0.5870 0.1494
vn -0.9465 -0.2120 0.2432
vn -0.8360 -0.4311 0.3394
vn -0.8883 -0.2417 0.3905
vn -0.7456 -0.3531 -0.5651
vn -0.8686 -0.4467 -0.2147
vn -0.7541 -0.6567 -0.0093
vn -0.6820 -0.7300 0.0433
vn -0.6171 -0.0695 -0.7838
vn -0.6658 -0.2966 -0.6846
vn -0.7727 -0.4156 -0.4797
vn -0.8397 -0.4344 -0.3259
vn -0.7816 -0.6119 -0.1212
vn -0.5314 -0.8437 0.0764
vn -0.6069 -0.7820 0.1421
vn -0.8549 -0.4648 0.2305
vn -0.6835 -0.2547 0.6841
vn -0.7548 -0.1749 0.6322
vn -0.5928 -0.8049 -0.0284
vn -0.3513 -0.9353 0.0436
vn -0.6527 -0.6301 0.4207
vn -0.7733 -0.3671 0.5170
vn -0.6530 -0.4831 0.5832
vn -0.6418 -0.5216 -0.5622
vn -0.7221 -0.5529 -0.4157
vn -0.7354 -0.6313 -0.2463
vn -0.6590 -0.7464 -0.0930
vn -0.4758 -0.8793 0.0195
vn -0.4075 -0.9096 0.0811
vn -0.6829 -0.6892 0.2423
vn -0.4879 -0.8539 0.1812
vn -0.6207 -0.3915 -0.6793
vn -0.5385 -0.7018 -0.4663
vn -0.5777 -0.7565 -0.3064
vn -0.5085 -0.8524 -0.1219
vn -0.4198 -0.9072 0.0285
vn -0.3212 -0.9448 0.0651
vn -0.5289 -0.7084 0.4674
vn -0.5849 -0.5451 0.6006
vn -0.6356 -0.2061 0.7440
vn -0.5143 -0.6573 -0.5508
vn -0.3803 -0.8649 -0.3275
vn -0.3125 -0.9336 -0.1752
vn -0.2646 -0.9643 0.0134
vn -0.4675 -0.8407 0.2731
vn -0.6174 -0.3197 -0.7188
vn -0.5613 -0.5307 -0.6350
vn -0.3925 -0.8056 -0.4437
vn -0.2772 -0.9220 -0.2703
vn -0.1830 -0.9782 -0.0979
vn -0.4431 -0.7699 0.4593
vn -0.4429 -0.7428 -0.5022
vn -0.3004 -0.8847 -0.3563
vn -0.1187 -0.9929 -0.0096
vn -0.1212 -0.9912 0.0537
vn -0.2270 -0.9711 0.0734
vn -0.1639 -0.9853 0.0483
vn -0.2966 -0.9540 0.0428
vn -0.2977 -0.9462 0.1269
vn -0.3287 -0.9436 0.0398
vn -0.4031 -0.8518 0.3348
vn -0.5702 -0.6786 -0.4631
vn -0.2964 -0.8594 -0.4167
vn -0.1919 -0.9633 -0.1879
vn -0.1267 -0.9908 -0.0481
vn -0.1103 -0.9939 0.0063
vn -0.2851 -0.9140 0.2886
vn -0.4722 -0.7153 0.5151
vn -0.3370 -0.9005 -0.2748
vn -0.0449 -0.9989 0.0147
vn -0.0951 -0.9952 0.0244
vn -0.2881 -0.8149 0.5030
vn -0.0555 -0.9984 0.0133
vn 0.0259 -0.9996 0.0077
vn -0.2233 -0.9721 0.0720
vn -0.0212 -0.9816 0.1899
vn 0.2670 -0.7754 -0.5722
vn -0.6809 -0.7048 -0.1990
vn -0.1271 -0.9258 -0.3559
vn -0.0274 -0.9921 -0.1222
vn 0.0141 -0.9992 0.0361
vn -0.0735 -0.9972 0.0156
vn -0.2048 -0.9784 -0.0295
vn 0.0085 -0.9986 0.0525
vn -0.0038 -0.9266 0.3761
vn -0.5056 -0.7228 0.4711
vn 0.0327 -0.9435 -0.3297
vn 0.1022 -0.9910 -0.0870
vn 0.1141 -0.9933 0.0208
vn 0.1515 -0.9880 0.0298
vn 0.1924 -0.9336 0.3022
vn 0.0718 -0.9792 -0.1897
vn 0.0014 -0.8977 -0.4407
vn 0.2192 -0.8776 -0.4264
vn 0.4489 -0.7805 -0.4350
vn 0.2076 -0.9317 -0.2981
vn 0.4831 -0.8585 -0.1721
vn 0.0653 -0.9978 -0.0129
vn 0.4725 -0.8807 -0.0323
vn 0.3751 -0.9269 0.0137
vn 0.0451 -0.9972 -0.0597
vn 0.5579 -0.8289 0.0404
vn 0.2024 -0.9792 0.0130
vn 0.5140 -0.8553 0.0646
vn 0.5965 -0.7475 0.2922
vn 0.2658 -0.8227 0.5025
vn 0.5219 -0.6364 0.5680
vn 0.2734 -0.8061 -0.5248
vn 0.0977 -0.9279 -0.3599
vn 0.1077 -0.9729 -0.2047
vn -0.0107 -0.9993 0.0344
vn -0.0237 -0.9991 0.0339
vn -0.1338 -0.9908 0.0182
vn 0.2229 -0.9711 -0.0850
vn -0.0124 -0.9989 0.0452
vn 0.0848 -0.9686 0.2337
vn 0.3452 -0.8746 0.3404
vn 0.4566 -0.7127 -0.5325
vn 0.3755 -0.7286 -0.5728
vn 0.4128 -0.8431 -0.3447
vn 0.0557 -0.9846 -0.1660
vn 0.2742 -0.9593 -0.0680
vn 0.0970 -0.9953 -0.0007
vn -0.0802 -0.9957 0.0458
vn 0.1038 -0.9939 0.0366
vn 0.3740 -0.9177 0.1344
vn 0.4774 -0.7829 0.3989
vn 0.5412 -0.5308 -0.6521
vn 0.4353 -0.8821 -0.1800
vn 0.1764 -0.9836 -0.0378
vn 0.2580 -0.9654 0.0388
vn 0.2568 -0.9624 0.0891
vn 0.5229 -0.7925 -0.3140
vn 0.6501 -0.6281 0.4276
vn 0.5964 -0.6677 -0.4456
vn 0.3777 -0.9198 -0.1066
vn 0.4589 -0.8529 0.2489
vn 0.7001 -0.4569 0.5488
vn 0.6537 -0.5352 -0.5350
vn 0.5048 -0.8391 -0.2027
vn 0.2699 -0.9621 -0.0381
vn 0.0861 -0.9958 0.0304
vn 0.2246 -0.9720 0.0687
vn 0.3203 -0.9415 0.1052
vn 0.5211 -0.8259 0.2155
vn 0.6364 -0.7316 0.2446
vn 0.3842 -0.9159 0.1167
vn 0.7256 -0.4127 0.5506
vn 0.6243 -0.7000 -0.3466
vn 0.5093 -0.8396 -0.1890
vn 0.2413 -0.9704 0.0099
vn 0.3700 -0.9261 0.0732
vn 0.4892 -0.8648 0.1131
vn 0.5414 -0.8229 0.1725
vn 0.6889 -0.6041 0.4005
vn -0.7640 0.3684 0.5298
vn -0.7878 0.4759 0.3910
vn -0.8040 0.4304 0.4102
vn -0.9273 -0.0930 0.3625
vn -0.9203 -0.1573 0.3583
vn -0.8819 -0.1258 0.4543
vn -0.8206 -0.1279 0.5570
vn -0.7007 -0.5580 0.4446
vn -0.6325 -0.0741 0.7710
vn -0.6072 0.0611 0.7922
vn -0.5832 -0.0138 0.8122
vn -0.5617 0.2714 0.7815
vn -0.6565 0.4797 0.5821
vn 0.7495 -0.3002 0.5900
vn 0.7703 -0.2581 0.5832
vn 0.7519 -0.2623 0.6049
vn 0.5416 0.1477 0.8276
vn 0.8532 0.1233 0.5068
vn 0.0714 -0.0758 0.9946
vn -0.1828 0.4620 0.8678
vn -0.4766 0.4360 0.7634
vn -0.4009 0.3090 0.8624
vn -0.4074 0.2381 0.8817
vn -0.6715 0.0362 0.7401
vn -0.7365 0.3252 0.5932
vn -0.6776 0.3588 0.6420
vn 0.7325 -0.1195 0.6702
vn 0.6775 0.0460 0.7341
vn 0.4487 0.2549 0.8566
vn 0.7685 0.1660 0.6179
vn 0.5803 0.4130 0.7019
vn -0.1720 0.6148 0.7697
vn -0.3230 0.4307 0.8427
vn -0.7583 0.4263 0.4931
vn -0.6731 0.5710 0.4699
vn 0.6851 -0.3093 0.6595
vn 0.7064 -0.1245 0.6967
vn 0.6436 0.1135 0.7569
vn 0.5342 0.3122 0.7856
vn 0.2117 0.4213 0.8818
vn 0.5432 0.2228 0.8095
vn 0.1445 0.5747 0.8055
vn -0.0122 0.5272 0.8496
vn -0.2352 0.4657 0.8531
vn -0.0924 0.4366 0.8949
vn -0.2588 0.4288 0.8655
vn -0.5073 0.3571 0.7843
vn -0.7421 0.4688 0.4791
vn 0.6553 -0.2341 0.7182
vn 0.5068 0.0340 0.8614
vn 0.4267 0.1905 0.8841
vn 0.1112 0.4242 0.8987
vn -0.2143 0.3820 0.8990
vn -0.7466 0.5827 0.3211
vn 0.6428 -0.2825 0.7120
vn 0.6175 -0.2009 0.7605
vn 0.5965 -0.1639 0.7857
vn 0.0286 0.3062 0.9515
vn -0.5723 0.4969 0.6524
vn 0.2893 0.4692 0.8343
vn 0.4919 0.0838 0.8666
vn 0.1118 0.3253 0.9390
vn -0.0626 0.3529 0.9336
vn -0.3409 0.4223 0.8399
vn -0.4226 0.4601 0.7808
vn -0.5841 0.4772 0.6566
vn 0.4180 0.0305 0.9079
vn 0.5411 -0.1021 0.8347
vn 0.3254 0.0758 0.9425
vn 0.0452 0.2441 0.9687
vn 0.7160 -0.0683 0.6947
vn 0.6497 -0.1922 0.7355
vn 0.5428 0.0533 0.8381
vn 0.4751 -0.0408 0.8790
vn -0.6742 0.4783 0.5628
vn 0.7831 -0.1840 0.5941
vn 0.4233 -0.0572 0.9042
vn 0.0642 0.1728 0.9829
vn -0.0590 0.2323 0.9709
vn -0.1887 0.3367 0.9225
vn 0.8002 -0.0103 0.5996
vn 0.7881 -0.0810 0.6102
vn 0.7208 0.0349 0.6922
vn 0.6876 0.0037 0.7261
vn 0.6321 -0.0337 0.7741
vn -0.0965 0.2674 0.9588
vn -0.2991 0.4096 0.8618
vn -0.3574 0.4387 0.8245
vn -0.4786 0.5485 0.6856
vn -0.6823 0.5456 0.4865
vn 0.7544 -0.1217 0.6451
vn 0.6818 -0.2081 0.7013
vn 0.3843 -0.0587 0.9213
vn 0.7244 -0.2890 0.6259
vn -0.2286 0.4172 0.8796
vn -0.3686 0.5307 0.7632
vn 0.7308 -0.2849 0.6203
vn 0.5911 -0.1980 0.7820
vn 0.5423 -0.1435 0.8278
vn -0.0260 0.1746 0.9843
vn -0.4476 0.5617 0.6958
vn -0.8455 0.5090 0.1613
vn 0.7602 -0.3914 0.5186
vn 0.5644 -0.1606 0.8098
vn 0.0399 0.1728 0.9841
vn -0.4687 0.6387 0.6102
vn -0.5139 0.6060 0.6072
vn 0.6326 -0.2180 0.7431
vn -0.2849 0.4273 0.8580
vn -0.4064 0.5457 0.7328
vn -0.4553 0.6413 0.6176
vn 0.7842 -0.2372 0.5733
vn 0.7196 -0.1604 0.6756
vn -0.1505 0.2966 0.9431
vn 0.4604 0.0020 0.8877
vn 0.3439 -0.0286 0.9386
vn 0.6036 0.0648 0.7946
vn -0.5462 0.5732 0.6109
vn -0.5170 0.6571 0.5486
vn 0.8831 -0.1790 0.4336
vn 0.7537 -0.0872 0.6514
vn 0.6849 -0.0809 0.7241
vn 0.0138 0.1890 0.9819
vn 0.5514 0.0328 0.8336
vn -0.4194 0.3561 0.8350
vn -0.5693 0.4719 0.6732
vn 0.9168 -0.1015 0.3863
vn 0.7573 0.0539 0.6508
vn -0.2546 0.2085 0.9443
vn -0.6330 0.4307 0.6433
vn -0.6301 0.5579 0.5401
vn 0.4355 0.1412 0.8890
vn 0.5436 -0.1396 0.8276
vn 0.6280 0.2272 0.7443
vn -0.5006 0.2115 0.8394
vn -0.6919 0.3133 0.6504
vn -0.7314 0.3771 0.5681
vn 0.9009 0.1083 0.4204
vn 0.7236 0.1728 0.6683
vn -0.0498 0.1621 0.9855
vn -0.7020 0.1101 0.7037
vn -0.7730 0.0914 0.6278
vn -0.8131 0.2350 0.5325
vn -0.3339 0.0846 0.9388
vn -0.6343 0.0303 0.7725
vn -0.8702 -0.0617 0.4888
vn 0.8780 0.1820 0.4427
vn 0.8007 0.2092 0.5613
vn 0.6317 0.1705 0.7562
vn 0.3662 0.1467 0.9189
vn -0.2410 0.1492 0.9590
vn -0.9517 -0.2284 0.2053
vn -0.1602 0.3415 0.9261
vn -0.1330 0.0818 0.9877
vn -0.5114 -0.0110 0.8592
vn -0.7006 -0.1168 0.7039
vn -0.9072 0.0261 0.4199
vn 0.9435 0.2056 0.2598
vn 0.5198 0.2125 0.8274
vn 0.6425 0.0670 0.7633
vn 0.3057 -0.0018 0.9521
vn -0.3693 0.1245 0.9209
vn -0.1640 -0.0183 0.9863
vn -0.3622 0.0009 0.9321
vn 0.8699 0.0930 0.4844
vn 0.8022 0.1198 0.5849
vn 0.8956 0.2223 0.3853
vn 0.4989 0.0651 0.8642
vn -0.2741 -0.0923 0.9573
vn 0.6935 -0.0423 0.7192
vn 0.2765 -0.2033 0.9393
vn -0.3810 -0.0887 0.9203
vn -0.9218 -0.3018 0.2435
vn 0.4239 -0.0481 0.9044
vn -0.2263 -0.2346 0.9454
vn -0.8269 -0.0908 0.5550
vn 0.6664 -0.1746 0.7249
vn 0.1310 -0.3808 0.9154
vn -0.4387 -0.4246 0.7920
vn 0.9583 0.1073 0.2650
vn 0.2873 -0.3701 0.8834
vn -0.3073 -0.3807 0.8721
vn -0.4886 -0.2567 0.8339
vn 0.4557 -0.3793 0.8053
vn -0.1672 -0.5956 0.7857
vn 0.4584 -0.6132 0.6433
vn 0.4230 -0.3332 0.8426
vn -0.5130 -0.4137 0.7521
vn -0.9089 0.0346 0.4156
vn -0.7583 -0.1865 0.6247
vn -0.6772 -0.1579 0.7187
vn 0.6503 -0.3675 0.6649
vn 0.6963 -0.1996 0.6894
vn 0.7672 -0.2931 0.5705
vn 0.7566 -0.2293 0.6124
vn 0.8700 -0.2436 0.4287
vn 0.9355 0.1955 0.2943
vn 0.5299 -0.8473 0.0350
vn 0.6015 -0.7378 -0.3063
vn 0.6147 -0.7788 0.1247
vn 0.6624 -0.6680 0.3391
vn 0.5933 -0.5869 0.5509
vn 0.6544 -0.7228 -0.2223
vn 0.3543 -0.9244 -0.1410
vn 0.4573 -0.8830 -0.1054
vn 0.6748 -0.7355 -0.0612
vn 0.6389 -0.7589 0.1261
vn 0.7002 -0.7051 0.1119
vn 0.6830 -0.2315 -0.6928
vn 0.7538 -0.3445 -0.5595
vn 0.6490 -0.4269 -0.6297
vn 0.7374 -0.4920 -0.4628
vn 0.9122 -0.4080 -0.0372
vn 0.7797 -0.6243 -0.0483
vn 0.8082 -0.5854 -0.0637
vn 0.7240 -0.6854 0.0782
vn 0.7584 -0.6360 0.1424
vn 0.7014 -0.4596 0.5448
vn 0.6148 -0.4728 0.6313
vn 0.7689 -0.1391 -0.6241
vn 0.7191 -0.5796 -0.3834
vn 0.8567 -0.5135 -0.0486
vn 0.8622 -0.5055 0.0326
vn 0.7919 -0.5973 0.1271
vn 0.8152 -0.5523 0.1747
vn 0.6480 -0.4015 0.6472
vn 0.6847 -0.4445 0.5776
vn 0.8227 -0.2358 -0.5173
vn 0.8070 -0.4443 -0.3891
vn 0.8560 -0.4392 -0.2726
vn 0.6517 -0.7420 -0.1569
vn 0.8500 -0.5106 -0.1294
vn 0.8963 -0.4403 -0.0522
vn 0.8917 -0.4506 0.0423
vn 0.8358 -0.5329 0.1320
vn 0.8667 -0.4363 0.2419
vn 0.7778 -0.3856 0.4963
vn 0.8918 -0.4471 -0.0686
vn 0.9367 -0.3501 -0.0058
vn 0.8375 -0.5265 0.1466
vn 0.8609 -0.4809 0.1659
vn 0.8821 -0.2459 0.4018
vn 0.8490 -0.2068 0.4862
vn 0.6940 -0.3958 0.6014
vn 0.8885 -0.2237 -0.4007
vn 0.9133 -0.3680 -0.1747
vn 0.9468 -0.3214 0.0167
vn 0.9002 -0.4334 0.0431
vn 0.8951 -0.3549 0.2700
vn 0.8951 -0.2030 0.3970
vn 0.8896 -0.1102 0.4432
vn 0.8943 -0.2945 -0.3370
vn 0.9487 -0.2985 -0.1039
vn 0.9281 -0.3682 0.0549
vn 0.9072 -0.3271 0.2644
vn 0.9064 -0.2185 0.3616
vn 0.8828 -0.1253 0.4528
vn 0.7656 -0.1610 -0.6229
vn 0.7639 -0.2572 -0.5919
vn 0.8152 -0.2144 -0.5380
vn 0.9770 -0.2125 -0.0142
vn 0.9849 -0.1729 0.0060
vn 0.9641 -0.2198 0.1491
vn 0.9330 -0.1948 0.3026
vn 0.8452 -0.2380 -0.4785
vn 0.9846 -0.1746 -0.0048
vn 0.9702 -0.2407 0.0275
vn 0.9817 -0.1877 0.0314
vn 0.9590 -0.2384 0.1533
vn 0.9362 -0.1907 0.2953
vn 0.8834 -0.2118 0.4180
vn 0.8453 -0.1902 0.4993
vn 0.7166 -0.2632 -0.6459
vn 0.8124 -0.2983 -0.5010
vn 0.9562 -0.1857 -0.2264
vn 0.9770 -0.1825 -0.1099
vn 0.9369 -0.2526 -0.2417
vn 0.9753 -0.2194 -0.0244
vn 0.9912 -0.1319 0.0114
vn 0.9585 -0.2851 -0.0069
vn 0.8176 -0.2582 0.5146
vn 0.7727 -0.2084 -0.5996
vn 0.8619 -0.1835 -0.4727
vn 0.9123 -0.2191 -0.3460
vn 0.9528 -0.2066 -0.2223
vn 0.9754 -0.1957 -0.1017
vn 0.9838 -0.1725 -0.0486
vn 0.9448 -0.3277 0.0032
vn 0.9343 -0.2970 0.1973
vn 0.9415 -0.2332 0.2431
vn 0.9391 -0.2547 0.2305
vn 0.7573 -0.3103 -0.5747
vn 0.8331 -0.3088 -0.4589
vn 0.9002 -0.2328 -0.3679
vn 0.9725 -0.1691 -0.1602
vn 0.9758 -0.2129 -0.0494
vn 0.9670 -0.2347 0.0991
vn 0.9469 -0.1670 0.2747
vn 0.9574 -0.2052 0.2030
vn 0.9051 -0.2308 -0.3570
vn 0.9888 -0.1361 -0.0618
vn 0.9882 -0.1300 0.0808
vn 0.9386 -0.1952 0.2843
vn 0.9494 -0.1438 -0.2791
vn 0.9780 -0.1335 -0.1604
vn 0.9837 -0.1131 -0.1399
vn 0.9923 -0.0570 0.1095
vn 0.9811 -0.0646 0.1827
vn 0.9387 -0.2133 0.2708
vn 0.9666 -0.1692 0.1925
vn 0.9822 -0.1461 -0.1182
vn 0.9573 -0.2030 -0.2058
vn 0.9881 -0.0436 -0.1476
vn 0.9941 -0.1032 -0.0332
vn 0.9974 -0.0706 -0.0140
vn 0.9985 -0.0398 0.0383
vn 0.9895 0.0184 0.1436
vn 0.9867 -0.0352 0.1585
vn 0.9741 -0.1243 0.1889
vn 0.9823 -0.0787 -0.1699
vn 0.9902 -0.0321 -0.1357
vn 0.9985 -0.0191 -0.0507
vn 0.9869 0.0309 0.1581
vn 0.9976 0.0358 0.0598
vn 0.9949 0.0779 0.0634
vn 0.9837 0.0916 0.1546
vn 0.9901 0.1040 0.0945
vn 0.9732 0.0780 0.2165
vn 0.9822 -0.0348 0.1847
vn 0.9179 -0.0019 0.3969
vn 0.9815 0.0328 -0.1885
vn 0.9881 0.0900 -0.1245
vn 0.9851 0.1706 -0.0225
vn 0.9727 0.2127 0.0932
vn 0.9436 0.0735 -0.3230
vn 0.9486 -0.0106 -0.3164
vn 0.9749 0.2041 -0.0893
vn 0.9993 0.0381 -0.0065
vn 0.9809 0.1426 0.1321
vn 0.9563 0.2045 0.2088
vn 0.9554 0.1414 -0.2595
vn 0.9662 0.1837 -0.1809
vn 0.9516 0.3042 0.0431
vn 0.9104 0.2018 -0.3612
vn 0.8783 0.1256 -0.4614
vn 0.9489 0.2072 -0.2381
vn 0.9526 0.2647 -0.1499
vn 0.9318 0.2355 0.2763
vn 0.9507 0.2921 0.1039
vn 0.9635 0.2252 0.1447
vn 0.9206 0.2121 -0.3280
vn 0.9479 0.3043 -0.0941
vn 0.9606 0.2735 -0.0493
vn 0.9556 0.2943 -0.0115
vn 0.9422 0.2987 0.1521
vn 0.9405 0.2762 0.1980
vn 0.9214 0.1806 0.3442
vn 0.8438 0.1803 -0.5055
vn 0.9216 0.2143 -0.3235
vn 0.9251 0.3711 0.0800
vn 0.8580 0.1333 -0.4960
vn 0.8932 0.2622 -0.3654
vn 0.6685 -0.0971 -0.7374
vn 0.6467 -0.2464 -0.7218
vn 0.7014 -0.2320 -0.6739
vn 0.8179 -0.2320 -0.5265
vn 0.8660 -0.1061 -0.4886
vn 0.8148 0.1927 -0.5467
vn -0.5415 -0.0201 -0.8405
vn -0.6438 -0.0748 -0.7616
vn -0.7678 -0.2046 -0.6072
vn -0.9659 -0.2218 -0.1334
vn -0.7130 -0.6193 -0.3288
vn 0.3673 -0.8427 -0.3937
vn 0.5936 -0.3293 -0.7343
vn -0.8072 0.4393 -0.3942
vn -0.7924 0.1167 -0.5987
vn -0.7457 0.3421 -0.5717
vn -0.6969 0.2315 -0.6788
vn -0.6067 0.2441 -0.7565
vn -0.4607 0.1730 -0.8706
vn -0.7995 0.3075 -0.5161
vn -0.5093 0.7949 -0.3296
vn 0.8699 -0.2890 0.3996
vn -0.3090 0.2073 -0.9282
vn -0.3754 0.1150 -0.9197
vn 0.6853 -0.2999 -0.6637
vn -0.2340 0.5675 -0.7894
vn 0.2016 0.4024 -0.8930
vn 0.6715 -0.0811 -0.7366
vn -0.6868 0.4642 -0.5593
vn -0.6449 0.5007 -0.5774
vn -0.4217 0.2945 -0.8576
vn -0.4806 0.1448 -0.8649
vn -0.2394 0.2828 -0.9288
vn -0.3017 0.3127 -0.9007
vn -0.0818 0.4731 -0.8772
vn 0.3387 0.4460 -0.8285
vn 0.2434 0.5728 -0.7828
vn 0.5198 0.3310 -0.7875
vn 0.6261 0.0298 -0.7792
vn -0.4845 0.3786 -0.7886
vn -0.0029 0.3174 -0.9483
vn 0.1366 0.5286 -0.8378
vn 0.0293 0.6012 -0.7986
vn 0.4993 0.5016 -0.7065
vn 0.7908 0.0817 -0.6067
vn -0.8590 0.4789 0.1812
vn 0.1602 0.5275 -0.8343
vn 0.4822 0.2161 -0.8490
vn 0.6299 0.0662 -0.7739
vn -0.6766 0.4921 -0.5477
vn -0.7713 0.4656 -0.4339
vn -0.6426 0.4556 -0.6161
vn -0.2556 0.2765 -0.9264
vn 0.5148 0.2575 -0.8178
vn 0.7401 0.0402 -0.6713
vn 0.5491 0.0695 -0.8329
vn -0.6065 0.3995 -0.6875
vn 0.0065 0.2047 -0.9788
vn 0.1456 0.3385 -0.9296
vn 0.2173 0.2167 -0.9518
vn 0.4746 0.1184 -0.8722
vn -0.6623 0.4938 -0.5635
vn -0.4884 0.6886 -0.5360
vn 0.3929 0.1811 -0.9016
vn -0.6892 0.3924 -0.6092
vn -0.4170 0.4095 -0.8114
vn 0.1566 0.0713 -0.9851
vn 0.4782 -0.0686 -0.8756
vn 0.7716 -0.1770 -0.6109
vn -0.2195 0.6274 -0.7471
vn 0.3012 0.0909 -0.9492
vn 0.4910 -0.0138 -0.8711
vn -0.6870 0.4079 -0.6014
vn -0.0357 0.1303 -0.9908
vn 0.1552 -0.0069 -0.9879
vn 0.4537 -0.1797 -0.8728
vn -0.6380 0.4138 -0.6494
vn -0.0352 0.1401 -0.9895
vn 0.2567 -0.0342 -0.9659
vn 0.4125 -0.0957 -0.9059
vn 0.5890 -0.1677 -0.7905
vn -0.6733 0.4977 -0.5468
vn -0.7251 0.4165 -0.5484
vn -0.5490 0.4793 -0.6848
vn -0.2624 0.3024 -0.9163
vn 0.1797 -0.0395 -0.9829
vn 0.4954 -0.1983 -0.8457
vn 0.0474 0.1088 -0.9929
vn -0.5861 0.4909 -0.6446
vn -0.1335 0.1170 -0.9841
vn -0.4016 0.4928 -0.7719
vn -0.2579 0.4002 -0.8794
vn -0.1198 0.2245 -0.9671
vn 0.1742 0.0300 -0.9843
vn 0.4731 -0.2677 -0.8394
vn 0.7631 -0.5040 -0.4046
vn 0.2756 -0.0801 -0.9579
vn 0.3761 -0.0764 -0.9234
vn -0.5898 0.6261 -0.5100
vn -0.5055 0.5609 -0.6557
vn -0.6360 0.5723 -0.5177
vn -0.1062 0.3036 -0.9468
vn -0.7940 0.5586 -0.2397
vn -0.0098 0.1442 -0.9895
vn 0.5182 -0.1635 -0.8395
vn -0.5925 0.6119 -0.5240
vn 0.0773 0.1751 -0.9815
vn 0.5675 -0.2470 -0.7855
vn 0.7246 -0.4466 -0.5248
vn -0.4796 0.5630 -0.6731
vn -0.3423 0.4680 -0.8147
vn 0.0038 0.2796 -0.9601
vn 0.0487 0.1588 -0.9861
vn 0.4241 -0.0340 -0.9050
vn 0.6186 -0.1361 -0.7738
vn 0.7938 -0.1621 -0.5862
vn -0.7148 0.5918 -0.3728
vn -0.6339 0.6679 -0.3899
vn -0.5283 0.5493 -0.6474
vn -0.2313 0.3086 -0.9226
vn 0.1996 0.1818 -0.9629
vn 0.2010 0.1105 -0.9733
vn 0.7220 -0.1833 -0.6672
vn 0.3289 -0.0304 -0.9439
vn -0.1427 0.1467 -0.9788
vn 0.4672 0.0313 -0.8836
vn 0.6965 -0.0587 -0.7151
vn -0.6810 0.5787 -0.4487
vn -0.6058 0.5221 -0.6003
vn -0.4245 0.4812 -0.7670
vn 0.6036 0.0738 -0.7939
vn 0.0408 0.2419 -0.9694
vn 0.3634 0.0756 -0.9286
vn 0.4766 0.1170 -0.8713
vn 0.7374 0.0116 -0.6754
vn -0.7309 0.4694 -0.4955
vn -0.6522 0.3079 -0.6927
vn -0.5195 0.2842 -0.8058
vn 0.6563 0.2176 -0.7225
vn -0.3168 0.1188 -0.9410
vn 0.7446 0.1097 -0.6584
vn -0.9229 0.0939 -0.3735
vn -0.7138 0.0768 -0.6961
vn -0.4868 0.0785 -0.8700
vn -0.2361 0.1411 -0.9614
vn -0.0952 0.1130 -0.9890
vn 0.8659 0.0094 -0.5002
vn -0.0032 0.1139 -0.9935
vn 0.9200 0.2267 -0.3195
vn -0.9694 -0.1882 -0.1576
vn -0.9356 -0.0741 -0.3452
vn -0.9140 -0.0654 -0.4004
vn -0.3357 0.0172 -0.9418
vn 0.4036 0.1645 -0.9000
vn -0.2214 -0.0066 -0.9752
vn -0.0060 -0.0015 -1.0000
vn 0.5174 0.1558 -0.8415
vn 0.9504 0.1905 -0.2460
vn -0.9362 -0.2398 -0.2570
vn -0.2322 -0.0465 -0.9716
vn 0.6326 0.1842 -0.7523
vn 0.6222 0.1844 -0.7608
vn -0.7730 -0.0635 -0.6312
vn -0.8145 -0.0778 -0.5749
vn -0.6068 -0.0241 -0.7945
vn -0.6461 -0.0679 -0.7602
vn -0.5054 -0.0697 -0.8601
vn -0.3446 -0.1391 -0.9284
vn -0.1046 -0.0925 -0.9902
vn 0.5056 -0.0279 -0.8623
vn 0.4126 -0.0211 -0.9107
vn 0.6819 0.1167 -0.7221
vn -0.9204 0.0365 -0.3892
vn -0.5616 -0.1437 -0.8148
vn 0.6943 0.0244 -0.7193
vn -0.5305 -0.1939 -0.8252
vn -0.2136 -0.2536 -0.9434
vn 0.3798 -0.2844 -0.8803
vn 0.4860 -0.1734 -0.8566
vn 0.4369 -0.1467 -0.8875
vn 0.2548 -0.2551 -0.9327
vn 0.3108 -0.3252 -0.8931
vn -0.7880 0.0493 -0.6137
vn -0.6881 0.0880 -0.7203
vn -0.6039 -0.2178 -0.7667
vn -0.4314 -0.4610 -0.7755
vn 0.2744 -0.5205 -0.8086
vn -0.9867 0.0386 -0.1578
vn -0.7826 -0.0130 -0.6223
vn 0.8237 -0.0416 -0.5656
vn -0.8306 0.4833 -0.2768
vn -0.7981 0.4427 -0.4087
vn -0.7655 0.5214 -0.3770
vn -0.7562 0.5229 -0.3934
vn -0.7202 0.5981 -0.3515
vn -0.6726 0.6409 -0.3698
vn -0.6283 0.6702 -0.3951
vn -0.9730 -0.0475 -0.2258
vn -0.9839 0.0575 -0.1695
vn -0.8328 0.4604 0.3073
vn -0.9092 0.3272 0.2575
vn -0.9306 0.2300 -0.2849
vn -0.9237 0.3754 0.0762
vn -0.9179 0.3305 -0.2195
vn -0.9360 0.1989 -0.2904
vn -0.7851 0.4942 0.3732
vn -0.9110 0.3565 0.2073
vn -0.9142 0.3832 0.1320
vn -0.9413 0.3335 -0.0524
vn -0.9060 0.4117 -0.0987
vn -0.7810 0.5173 -0.3500
vn -0.8991 0.3960 -0.1867
vn -0.9611 0.0544 -0.2707
vn -0.7204 0.3967 0.5689
vn -0.7748 0.4434 0.4507
vn -0.8467 0.4238 0.3217
vn -0.8683 0.4502 -0.2083
vn -0.8512 0.4505 -0.2692
vn -0.7417 0.6227 -0.2494
vn -0.8528 0.4385 0.2837
vn -0.8759 0.4578 0.1523
vn -0.8661 0.4736 -0.1602
vn -0.7122 0.5949 -0.3726
vn -0.8575 0.4152 -0.3038
vn -0.8734 0.4784 0.0908
vn -0.8730 0.4864 0.0352
vn -0.9155 0.4024 0.0029
vn -0.8289 0.4724 -0.2998
vn -0.8715 0.3901 -0.2972
vn -0.8043 0.4805 0.3495
vn -0.8330 0.4378 0.3384
vn -0.8695 0.4933 -0.0266
vn -0.8497 0.5200 -0.0868
vn -0.7912 0.5145 0.3307
vn -0.8037 0.5154 0.2972
vn -0.8352 0.5091 0.2080
vn -0.8723 0.4406 0.2119
vn -0.8398 0.4828 -0.2482
vn -0.8443 0.4720 -0.2537
vn -0.6470 0.5815 0.4932
vn -0.8432 0.5089 -0.1736
vn -0.7585 0.5965 0.2622
vn -0.8213 0.5479 0.1589
vn -0.8552 0.5181 0.0120
vn -0.8082 0.5232 -0.2703
vn -0.6166 0.6512 0.4424
vn -0.7098 0.6231 0.3285
vn -0.7668 0.6003 0.2275
vn -0.8501 0.5238 -0.0541
vn -0.8331 0.5172 -0.1961
vn -0.5528 0.7080 0.4394
vn -0.6251 0.7078 0.3292
vn -0.6976 0.6712 0.2505
vn -0.7758 0.5808 -0.2465
vn -0.6506 0.7034 0.2862
vn -0.7222 0.6445 0.2510
vn -0.7859 0.5938 0.1726
vn -0.8336 0.5473 0.0750
vn -0.8457 0.5336 -0.0041
vn -0.8217 0.5489 -0.1531
vn -0.8404 0.5281 -0.1219
vn -0.6372 0.7003 0.3219
vn -0.6966 0.6489 0.3061
vn -0.8004 0.5945 -0.0769
vn -0.7039 0.6624 -0.2565
vn -0.6652 0.6819 -0.3043
vn -0.5431 0.7286 0.4173
vn -0.5769 0.7114 0.4015
vn -0.5728 0.7304 0.3720
vn -0.5958 0.7008 0.3923
vn -0.6354 0.6684 0.3866
vn -0.6708 0.6466 0.3632
vn -0.7198 0.6085 0.3342
vn -0.7330 0.6591 0.1680
vn -0.7609 0.6484 -0.0240
vn -0.7859 0.6114 -0.0931
vn -0.7507 0.6343 -0.1850
vn -0.6542 0.5803 0.4851
vn -0.6681 0.5853 0.4594
vn -0.7190 0.5789 0.3847
vn -0.7508 0.5968 0.2832
vn -0.7507 0.6498 0.1193
vn -0.7347 0.6775 -0.0346
vn -0.7356 0.6761 -0.0430
vn -0.7147 0.6945 -0.0834
vn -0.6736 0.6960 -0.2487
vn -0.7792 0.4939 0.3858
vn -0.8144 0.5799 0.0205
vn -0.7285 0.6694 -0.1458
vn -0.7036 0.6508 -0.2853
vn -0.6207 0.6328 0.4629
vn -0.7319 0.4533 0.5088
vn -0.8533 0.3429 0.3928
vn -0.7881 0.3578 0.5008
vn -0.8674 0.4125 0.2784
vn -0.8307 0.5379 0.1438
vn -0.8158 0.5740 -0.0703
vn -0.7617 0.5834 -0.2819
vn -0.8629 0.2119 0.4588
vn -0.9075 0.2144 0.3613
vn -0.9543 0.2824 0.0979
vn -0.9075 0.4185 0.0368
vn -0.8995 0.4306 -0.0737
vn -0.8284 0.5265 -0.1909
vn -0.7734 0.5999 -0.2051
vn -0.8519 0.4144 -0.3202
vn -0.9317 0.0958 0.3503
vn -0.9831 0.1831 0.0036
vn -0.9678 -0.0055 -0.2516
vn -0.9084 0.2703 -0.3191
vn -0.9702 0.0587 -0.2350
vn -0.9317 -0.0173 0.3627
vn -0.9701 -0.0551 0.2362
vn -0.9582 0.2329 0.1663
vn -0.9866 0.1034 0.1261
vn -0.9951 0.0631 -0.0760
vn -0.9446 0.2697 -0.1872
vn -0.9887 -0.1114 -0.1003
vn -0.9779 -0.0868 -0.1904
vn -0.9976 -0.0559 -0.0400
vn -0.9876 -0.1356 -0.0789
vn -0.9545 -0.1368 0.2649
vn -0.9539 -0.1462 0.2622
vn -0.9829 -0.0660 0.1720
vn -0.9873 -0.0466 0.1516
vn -0.9864 -0.1013 0.1294
vn -0.9999 0.0078 -0.0071
vn -0.9998 0.0193 0.0097
vn -0.9925 -0.0329 -0.1179
vn -0.9820 -0.1344 -0.1328
vn -0.9996 0.0124 0.0266
vn -0.9978 -0.0169 -0.0638
vn -0.9784 -0.0062 0.2065
vn -0.9922 0.1005 0.0739
vn -0.9965 0.0291 0.0785
vn -0.9820 0.1872 0.0259
vn -0.9933 0.1144 -0.0138
vn -0.9885 0.1398 -0.0579
vn -0.9820 0.1079 -0.1550
vn -0.9883 0.1133 0.1023
vn -0.8936 0.4445 0.0625
vn -0.9752 0.2119 0.0639
vn -0.9174 0.3980 -0.0015
vn -0.9147 0.3986 -0.0663
vn -0.9404 0.3220 -0.1095
vn -0.9760 0.2058 -0.0712
vn -0.9052 0.3992 -0.1456
vn -0.9441 0.3294 -0.0098
vn -0.8839 0.4673 0.0186
vn -0.9037 0.4262 -0.0398
vn 0.9426 0.1529 0.2969
vn 0.1571 -0.9876 -0.0045
vn 0.1798 -0.9836 0.0127
vn 0.8060 -0.4667 0.3641
vn -0.3317 0.5261 0.7830
vn 0.4538 -0.1013 0.8853
vn 0.9167 -0.2382 0.3209
vn 0.9901 -0.1295 -0.0534
vn 0.7053 -0.3698 -0.6048
vt 0.901397 0.496544
vt 0.903718 0.505128
vt 0.889685 0.518673
vt 0.922065 0.485078
vt 0.911865 0.502458
vt 0.913903 0.493961
vt 0.468463 0.605976
vt 0.472386 0.591943
vt 0.473537 0.605379
vt 0.458098 0.591953
vt 0.443742 0.579249
vt 0.453896 0.580694
vt 0.603479 0.526282
vt 0.609612 0.512068
vt 0.637018 0.538682
vt 0.565265 0.512501
vt 0.576771 0.490635
vt 0.674409 0.519421
vt 0.698200 0.515194
vt 0.699835 0.528148
vt 0.727045 0.530861
vt 0.751492 0.514860
vt 0.778768 0.525920
vt 0.861266 0.504380
vt 0.808047 0.532212
vt 0.871008 0.518876
vt 0.823758 0.502906
vt 0.889680 0.500660
vt 0.563059 0.505602
vt 0.641213 0.517156
vt 0.653914 0.502005
vt 0.683657 0.501758
vt 0.725356 0.503104
vt 0.574169 0.486829
vt 0.874775 0.498719
vt 0.553646 0.494791
vt 0.560799 0.484059
vt 0.743526 0.491153
vt 0.889165 0.484500
vt 0.909025 0.484525
vt 0.587319 0.482501
vt 0.616871 0.496531
vt 0.627694 0.482826
vt 0.665467 0.485829
vt 0.840512 0.488370
vt 0.858102 0.493805
vt 0.801107 0.493149
vt 0.868959 0.483823
vt 0.877351 0.488747
vt 0.921892 0.476633
vt 0.914074 0.487050
vt 0.538688 0.496668
vt 0.551916 0.499447
vt 0.547904 0.503649
vt 0.528942 0.484238
vt 0.526540 0.477766
vt 0.776455 0.484143
vt 0.912618 0.472923
vt 0.561676 0.478356
vt 0.570282 0.475935
vt 0.638473 0.479546
vt 0.535356 0.497063
vt 0.526776 0.485144
vt 0.524304 0.475336
vt 0.527859 0.472537
vt 0.554492 0.470826
vt 0.592835 0.476406
vt 0.633696 0.474460
vt 0.735111 0.473623
vt 0.738673 0.482406
vt 0.766346 0.474817
vt 0.827694 0.477844
vt 0.825636 0.484851
vt 0.849787 0.478203
vt 0.876696 0.477196
vt 0.898757 0.469892
vt 0.893394 0.476298
vt 0.921108 0.473806
vt 0.926847 0.473413
vt 0.923333 0.479756
vt 0.924727 0.485958
vt 0.515800 0.474564
vt 0.527307 0.467850
vt 0.570548 0.475039
vt 0.586637 0.474862
vt 0.631869 0.473374
vt 0.733111 0.471141
vt 0.769511 0.472956
vt 0.828090 0.476106
vt 0.853782 0.476622
vt 0.897253 0.467850
vt 0.911149 0.467890
vt 0.187142 0.614107
vt 0.287995 0.607216
vt 0.285964 0.608123
vt 0.321196 0.607977
vt 0.381965 0.608052
vt 0.380602 0.608602
vt 0.407831 0.611387
vt 0.404655 0.610473
vt 0.432292 0.611896
vt 0.093178 0.582169
vt 0.099470 0.592725
vt 0.088712 0.590493
vt 0.091478 0.599293
vt 0.113966 0.600839
vt 0.125668 0.605636
vt 0.109427 0.602524
vt 0.142670 0.602749
vt 0.140960 0.607116
vt 0.174831 0.606205
vt 0.184400 0.612094
vt 0.285317 0.601983
vt 0.316231 0.601831
vt 0.317785 0.606577
vt 0.401989 0.606112
vt 0.430570 0.608420
vt 0.447150 0.608367
vt 0.454387 0.611670
vt 0.463614 0.610079
vt 0.466799 0.614108
vt 0.180126 0.602638
vt 0.194216 0.607056
vt 0.212259 0.601315
vt 0.315710 0.594463
vt 0.364204 0.602249
vt 0.380954 0.603325
vt 0.400908 0.602378
vt 0.426439 0.603411
vt 0.094999 0.580533
vt 0.108894 0.586700
vt 0.172481 0.597860
vt 0.191860 0.594904
vt 0.286015 0.593553
vt 0.375916 0.590925
vt 0.389579 0.595875
vt 0.431103 0.599879
vt 0.450976 0.600426
vt 0.455935 0.597977
vt 0.117593 0.593589
vt 0.134075 0.592094
vt 0.125624 0.601410
vt 0.147213 0.593439
vt 0.174046 0.593449
vt 0.282597 0.587999
vt 0.342911 0.590617
vt 0.410096 0.597681
vt 0.420705 0.596605
vt 0.441508 0.592269
vt 0.117074 0.581129
vt 0.122633 0.586137
vt 0.150583 0.588255
vt 0.178771 0.589969
vt 0.193401 0.589351
vt 0.204706 0.594427
vt 0.209565 0.588338
vt 0.236447 0.594436
vt 0.243105 0.588092
vt 0.328998 0.587962
vt 0.377154 0.584615
vt 0.386717 0.586198
vt 0.427651 0.593420
vt 0.112636 0.565592
vt 0.141457 0.585156
vt 0.285236 0.582497
vt 0.403771 0.590877
vt 0.413963 0.590758
vt 0.429506 0.588417
vt 0.442836 0.585791
vt 0.120574 0.568226
vt 0.151171 0.579039
vt 0.178992 0.584111
vt 0.198199 0.583947
vt 0.237161 0.581075
vt 0.321743 0.581847
vt 0.400508 0.582647
vt 0.422346 0.587211
vt 0.422117 0.577584
vt 0.134613 0.555380
vt 0.133189 0.571158
vt 0.145903 0.574005
vt 0.174315 0.579316
vt 0.384982 0.583367
vt 0.412739 0.583567
vt 0.178675 0.571897
vt 0.215243 0.577215
vt 0.212101 0.581093
vt 0.239063 0.574578
vt 0.286936 0.578229
vt 0.355260 0.578475
vt 0.349563 0.582754
vt 0.382056 0.579412
vt 0.423411 0.559068
vt 0.146559 0.562781
vt 0.153120 0.568227
vt 0.221824 0.572017
vt 0.288064 0.572791
vt 0.318663 0.574499
vt 0.401521 0.576574
vt 0.408970 0.575737
vt 0.427925 0.573248
vt 0.183162 0.567702
vt 0.248537 0.571535
vt 0.347440 0.572887
vt 0.383224 0.575971
vt 0.412333 0.568374
vt 0.147267 0.553609
vt 0.159384 0.558430
vt 0.187133 0.562500
vt 0.236375 0.565078
vt 0.264842 0.564725
vt 0.331197 0.567007
vt 0.384623 0.571080
vt 0.404197 0.568066
vt 0.414263 0.559920
vt 0.145207 0.547170
vt 0.157891 0.551993
vt 0.169772 0.554955
vt 0.246696 0.561169
vt 0.375777 0.564447
vt 0.402260 0.564783
vt 0.164936 0.551829
vt 0.195849 0.550573
vt 0.185854 0.557230
vt 0.173535 0.549113
vt 0.262913 0.553998
vt 0.341205 0.555755
vt 0.332887 0.562691
vt 0.398500 0.558229
vt 0.401180 0.555116
vt 0.159142 0.545148
vt 0.172808 0.545864
vt 0.193652 0.547630
vt 0.348661 0.553127
vt 0.370546 0.552421
vt 0.373099 0.558593
vt 0.389538 0.552448
vt 0.405657 0.546980
vt 0.150048 0.538886
vt 0.190588 0.543331
vt 0.268683 0.550367
vt 0.282087 0.546097
vt 0.415638 0.546873
vt 0.171840 0.537029
vt 0.162156 0.534494
vt 0.200017 0.537412
vt 0.248262 0.545094
vt 0.274093 0.538700
vt 0.349803 0.540178
vt 0.350994 0.548687
vt 0.368100 0.543281
vt 0.388594 0.543327
vt 0.454452 0.179146
vt 0.447594 0.187127
vt 0.441542 0.185296
vt 0.455418 0.174786
vt 0.460589 0.181387
vt 0.476091 0.180244
vt 0.521097 0.138663
vt 0.512847 0.144745
vt 0.506864 0.139798
vt 0.518113 0.098392
vt 0.545719 0.133624
vt 0.547832 0.140667
vt 0.946404 0.970284
vt 0.944442 0.966931
vt 0.974254 0.957015
vt 0.910065 0.959840
vt 0.947361 0.941710
vt 0.956288 0.948327
vt 0.903411 0.946576
vt 0.908523 0.936361
vt 0.132483 0.184242
vt 0.136723 0.176803
vt 0.147345 0.182085
vt 0.169647 0.183548
vt 0.192410 0.178391
vt 0.184685 0.191078
vt 0.219112 0.194818
vt 0.236150 0.171911
vt 0.239191 0.189970
vt 0.339718 0.177323
vt 0.351511 0.189179
vt 0.314096 0.181578
vt 0.431206 0.180579
vt 0.420609 0.183630
vt 0.163819 0.175505
vt 0.299102 0.168342
vt 0.292907 0.189586
vt 0.420658 0.175773
vt 0.385400 0.181135
vt 0.432603 0.173286
vt 0.187063 0.170287
vt 0.257046 0.162744
vt 0.263445 0.176350
vt 0.380424 0.167619
vt 0.447387 0.176140
vt 0.153990 0.165448
vt 0.123333 0.173574
vt 0.130670 0.161229
vt 0.165270 0.157999
vt 0.226097 0.156891
vt 0.271604 0.157174
vt 0.316716 0.160171
vt 0.332538 0.168302
vt 0.357929 0.158713
vt 0.448399 0.164624
vt 0.294077 0.156044
vt 0.107382 0.171813
vt 0.110655 0.161712
vt 0.143359 0.150054
vt 0.182177 0.149445
vt 0.243601 0.149278
vt 0.317309 0.150763
vt 0.375312 0.149764
vt 0.389095 0.160363
vt 0.425848 0.149765
vt 0.430644 0.157974
vt 0.118538 0.148074
vt 0.201873 0.140679
vt 0.260483 0.144248
vt 0.291267 0.147114
vt 0.093202 0.164013
vt 0.099557 0.151792
vt 0.132624 0.142983
vt 0.161732 0.136838
vt 0.220330 0.136654
vt 0.334539 0.141572
vt 0.406175 0.139760
vt 0.396245 0.151307
vt 0.474209 0.156749
vt 0.459168 0.160149
vt 0.236086 0.129908
vt 0.356561 0.134344
vt 0.443571 0.140504
vt 0.446683 0.153343
vt 0.463580 0.146896
vt 0.112242 0.132528
vt 0.145386 0.128101
vt 0.170229 0.125411
vt 0.205107 0.122652
vt 0.231505 0.122890
vt 0.422233 0.127983
vt 0.422090 0.141753
vt 0.428825 0.131406
vt 0.090978 0.140408
vt 0.123763 0.120363
vt 0.151987 0.118309
vt 0.185330 0.115310
vt 0.208336 0.112411
vt 0.283000 0.101976
vt 0.459166 0.132463
vt 0.489123 0.137250
vt 0.493642 0.159579
vt 0.093426 0.120975
vt 0.138386 0.111198
vt 0.158210 0.107612
vt 0.196723 0.099240
vt 0.441899 0.129714
vt 0.064897 0.136955
vt 0.075111 0.127169
vt 0.105925 0.108720
vt 0.129433 0.100797
vt 0.162342 0.089439
vt 0.493544 0.118400
vt 0.078530 0.112819
vt 0.095976 0.094052
vt 0.182974 0.073487
vt 0.215617 0.063387
vt 0.254280 0.085341
vt 0.283016 0.068990
vt 0.353419 0.090685
vt 0.459778 0.087215
vt 0.407680 0.098627
vt 0.464796 0.115887
vt 0.055954 0.119192
vt 0.079966 0.095814
vt 0.108207 0.069869
vt 0.125987 0.047067
vt 0.397628 0.047835
vt 0.479926 0.091032
vt 0.506483 0.122060
vt 0.055301 0.098911
vt 0.195778 0.045667
vt 0.308259 0.040207
vt 0.514080 0.105046
vt 0.184160 0.026705
vt 0.363650 0.011888
vt 0.465379 0.070536
vt 0.484306 0.064623
vt 0.040820 0.115224
vt 0.046346 0.118796
vt 0.083397 0.060917
vt 0.105246 0.039888
vt 0.170588 0.017607
vt 0.326110 0.023673
vt 0.433610 0.059172
vt 0.467304 0.052206
vt 0.496663 0.075788
vt 0.524278 0.113117
vt 0.087863 0.051593
vt 0.107476 0.035316
vt 0.284611 0.007741
vt 0.458109 0.043868
vt 0.489774 0.063310
vt 0.478686 0.963583
vt 0.489447 0.966110
vt 0.471557 0.965992
vt 0.507179 0.964237
vt 0.525215 0.972521
vt 0.531830 0.971125
vt 0.545675 0.976060
vt 0.604263 0.979444
vt 0.597377 0.981487
vt 0.712320 0.988316
vt 0.711576 0.985084
vt 0.790243 0.985557
vt 0.881138 0.975632
vt 0.876265 0.978483
vt 0.905504 0.974623
vt 0.928071 0.964972
vt 0.933621 0.967770
vt 0.491012 0.957406
vt 0.534239 0.962196
vt 0.546321 0.973034
vt 0.591837 0.967637
vt 0.633665 0.969829
vt 0.779506 0.974959
vt 0.788331 0.982773
vt 0.864654 0.968844
vt 0.891417 0.964206
vt 0.907842 0.970167
vt 0.529642 0.946975
vt 0.505171 0.956019
vt 0.543436 0.955013
vt 0.548752 0.964499
vt 0.579043 0.954138
vt 0.698833 0.953880
vt 0.705669 0.975158
vt 0.789360 0.960269
vt 0.874208 0.950750
vt 0.890710 0.946159
vt 0.523604 0.939264
vt 0.569331 0.946484
vt 0.655644 0.945283
vt 0.819920 0.952889
vt 0.862968 0.960582
vt 0.556824 0.940854
vt 0.884717 0.933256
vt 0.545700 0.931554
vt 0.607249 0.941603
vt 0.881341 0.947037
vt 0.896934 0.926807
vt 0.542589 0.928570
vt 0.583471 0.932366
vt 0.677659 0.932375
vt 0.730149 0.953646
vt 0.742506 0.945360
vt 0.824160 0.947740
vt 0.852529 0.928245
vt 0.859745 0.925677
vt 0.810841 0.939046
vt 0.881175 0.904390
vt 0.572347 0.921467
vt 0.601626 0.919410
vt 0.703680 0.938605
vt 0.720955 0.932560
vt 0.801909 0.931287
vt 0.837492 0.915797
vt 0.863643 0.917595
vt 0.459318 0.214939
vt 0.449898 0.240399
vt 0.448838 0.223109
vt 0.419066 0.538277
vt 0.429430 0.485031
vt 0.446125 0.482105
vt 0.539841 0.146497
vt 0.533122 0.134992
vt 0.528969 0.152588
vt 0.512609 0.163200
vt 0.493751 0.173525
vt 0.469915 0.185840
vt 0.454329 0.189064
vt 0.899924 0.903434
vt 0.914461 0.907500
vt 0.948219 0.932446
vt 0.967776 0.940041
vt 0.552409 0.145008
vt 0.549438 0.146329
vt 0.547167 0.156857
vt 0.529154 0.166049
vt 0.512709 0.178269
vt 0.493975 0.187122
vt 0.484722 0.183326
vt 0.475798 0.196687
vt 0.470159 0.188286
vt 0.927277 0.909752
vt 0.944695 0.917523
vt 0.958000 0.923808
vt 0.975053 0.941298
vt 0.978197 0.954717
vt 0.550477 0.160034
vt 0.532604 0.187103
vt 0.497715 0.197390
vt 0.466325 0.204793
vt 0.451563 0.197523
vt 0.895013 0.886719
vt 0.915601 0.890856
vt 0.935973 0.897419
vt 0.950766 0.900750
vt 0.961108 0.892398
vt 0.556329 0.168577
vt 0.557715 0.226630
vt 0.544456 0.208344
vt 0.531949 0.211780
vt 0.519868 0.191372
vt 0.520487 0.219257
vt 0.492988 0.220050
vt 0.481292 0.200277
vt 0.476604 0.219509
vt 0.904863 0.876099
vt 0.935787 0.874671
vt 0.946666 0.881213
vt 0.539316 0.229686
vt 0.497759 0.239305
vt 0.460870 0.202874
vt 0.892735 0.869345
vt 0.905553 0.861949
vt 0.916036 0.872169
vt 0.955866 0.859617
vt 0.957699 0.860291
vt 0.963111 0.894125
vt 0.560358 0.232044
vt 0.552249 0.264635
vt 0.535563 0.249127
vt 0.515215 0.241980
vt 0.481251 0.244071
vt 0.472936 0.251158
vt 0.468411 0.244557
vt 0.926037 0.851644
vt 0.917667 0.855086
vt 0.945365 0.848897
vt 0.527162 0.265694
vt 0.904654 0.843076
vt 0.895117 0.856104
vt 0.919995 0.836551
vt 0.931863 0.823430
vt 0.951644 0.819343
vt 0.554954 0.266821
vt 0.547967 0.302928
vt 0.529584 0.293092
vt 0.514471 0.281199
vt 0.500342 0.270080
vt 0.888997 0.831899
vt 0.890423 0.847598
vt 0.907582 0.825284
vt 0.910359 0.840155
vt 0.921690 0.821524
vt 0.504923 0.323089
vt 0.488047 0.304028
vt 0.480010 0.273707
vt 0.468289 0.285360
vt 0.457652 0.254650
vt 0.885543 0.814458
vt 0.906041 0.806941
vt 0.931465 0.792111
vt 0.887579 0.789303
vt 0.493993 0.333285
vt 0.480793 0.321651
vt 0.892074 0.753516
vt 0.919009 0.802960
vt 0.909507 0.738517
vt 0.926628 0.733812
vt 0.949161 0.814892
vt 0.927657 0.732908
vt 0.549791 0.310419
vt 0.531108 0.404893
vt 0.518945 0.393012
vt 0.467973 0.324054
vt 0.464621 0.309588
vt 0.901342 0.749157
vt 0.499672 0.406301
vt 0.486830 0.403773
vt 0.480218 0.381560
vt 0.885227 0.735373
vt 0.892341 0.702461
vt 0.505252 0.419795
vt 0.906238 0.684521
vt 0.919002 0.734857
vt 0.915629 0.695046
vt 0.472208 0.421929
vt 0.467915 0.387262
vt 0.876078 0.693051
vt 0.889504 0.679106
vt 0.527740 0.430864
vt 0.521791 0.445718
vt 0.510575 0.441140
vt 0.897693 0.667474
vt 0.493285 0.434511
vt 0.481693 0.429864
vt 0.871038 0.672825
vt 0.885633 0.653313
vt 0.495462 0.455092
vt 0.466253 0.433775
vt 0.454075 0.422952
vt 0.897016 0.643385
vt 0.907663 0.666343
vt 0.520188 0.454293
vt 0.509185 0.473060
vt 0.485379 0.451851
vt 0.473453 0.442732
vt 0.450949 0.439462
vt 0.870244 0.641327
vt 0.884547 0.632433
vt 0.494706 0.474618
vt 0.473181 0.453978
vt 0.459556 0.451974
vt 0.447437 0.451432
vt 0.480855 0.474095
vt 0.470482 0.468250
vt 0.451889 0.462799
vt 0.870889 0.627116
vt 0.880051 0.592172
vt 0.889874 0.593481
vt 0.897905 0.593173
vt 0.902883 0.627955
vt 0.908120 0.572623
vt 0.903769 0.631448
vt 0.476464 0.503025
vt 0.457369 0.503429
vt 0.442250 0.520397
vt 0.443540 0.462178
vt 0.486465 0.523568
vt 0.487568 0.516012
vt 0.890627 0.566297
vt 0.900296 0.565135
vt 0.905311 0.588322
vt 0.465963 0.518192
vt 0.461538 0.505728
vt 0.879777 0.550510
vt 0.883670 0.566319
vt 0.866358 0.582088
vt 0.481634 0.532124
vt 0.455395 0.532497
vt 0.891838 0.547755
vt 0.901989 0.545797
vt 0.907895 0.560172
vt 0.910439 0.534191
vt 0.479608 0.544431
vt 0.462072 0.544887
vt 0.429383 0.544045
vt 0.894812 0.533167
vt 0.903989 0.531958
vt 0.909790 0.529974
vt 0.477717 0.556139
vt 0.474589 0.561265
vt 0.462922 0.558617
vt 0.450981 0.554089
vt 0.901622 0.520759
vt 0.910010 0.510677
vt 0.915045 0.508070
vt 0.471805 0.582655
vt 0.470472 0.582566
vt 0.460371 0.579781
vt 0.422324 0.549785
vt 0.450308 0.571842
vt 0.440520 0.555012
vt 0.877664 0.879226
vt 0.880862 0.861399
vt 0.873799 0.764586
vt 0.876526 0.803085
vt 0.865442 0.741855
vt 0.854865 0.615813
vt 0.696459 0.919325
vt 0.591169 0.914027
vt 0.802417 0.917479
vt 0.845759 0.903645
vt 0.857871 0.908527
vt 0.613537 0.907823
vt 0.651570 0.924366
vt 0.662663 0.919647
vt 0.687762 0.914096
vt 0.756233 0.906743
vt 0.828175 0.904499
vt 0.529824 0.920982
vt 0.556489 0.910197
vt 0.535114 0.927436
vt 0.569846 0.909698
vt 0.660458 0.908876
vt 0.653720 0.912401
vt 0.689311 0.909756
vt 0.715378 0.908151
vt 0.804049 0.901222
vt 0.854320 0.893267
vt 0.864689 0.898453
vt 0.550765 0.894788
vt 0.591081 0.906842
vt 0.659873 0.896952
vt 0.715695 0.896519
vt 0.762281 0.893617
vt 0.836680 0.894343
vt 0.866147 0.885770
vt 0.871973 0.890942
vt 0.575287 0.893331
vt 0.595580 0.898153
vt 0.613961 0.891948
vt 0.636236 0.906759
vt 0.636085 0.896805
vt 0.688576 0.875290
vt 0.746087 0.889014
vt 0.816474 0.883692
vt 0.840598 0.884876
vt 0.858178 0.880032
vt 0.654166 0.875417
vt 0.688510 0.855431
vt 0.769007 0.887036
vt 0.801003 0.862791
vt 0.850462 0.874256
vt 0.865622 0.869308
vt 0.867401 0.877155
vt 0.601822 0.878631
vt 0.642206 0.864952
vt 0.732088 0.849376
vt 0.763797 0.873427
vt 0.835205 0.872568
vt 0.851444 0.863131
vt 0.873201 0.856498
vt 0.612009 0.857209
vt 0.662548 0.844329
vt 0.774112 0.849634
vt 0.814820 0.851522
vt 0.840376 0.833384
vt 0.866429 0.848238
vt 0.543479 0.864636
vt 0.568959 0.855355
vt 0.584276 0.862638
vt 0.678954 0.837323
vt 0.738040 0.835184
vt 0.792678 0.838594
vt 0.815832 0.840286
vt 0.589852 0.834170
vt 0.685865 0.807761
vt 0.781600 0.807055
vt 0.775162 0.838371
vt 0.797895 0.808025
vt 0.827735 0.804655
vt 0.856033 0.800403
vt 0.859791 0.831775
vt 0.544384 0.835991
vt 0.564870 0.810923
vt 0.631034 0.809645
vt 0.652444 0.812299
vt 0.633596 0.835983
vt 0.692654 0.785628
vt 0.741417 0.819980
vt 0.759007 0.801925
vt 0.861928 0.770385
vt 0.577712 0.827289
vt 0.589422 0.806491
vt 0.604012 0.828459
vt 0.611459 0.770666
vt 0.650390 0.785218
vt 0.670742 0.743420
vt 0.777422 0.772907
vt 0.795855 0.780239
vt 0.839874 0.774574
vt 0.857023 0.749926
vt 0.554881 0.790922
vt 0.567012 0.771713
vt 0.601460 0.787620
vt 0.633665 0.734762
vt 0.740225 0.751171
vt 0.784891 0.755768
vt 0.798161 0.737555
vt 0.840811 0.715364
vt 0.571768 0.737705
vt 0.709043 0.714350
vt 0.782634 0.728793
vt 0.861466 0.718677
vt 0.581021 0.698467
vt 0.638688 0.706412
vt 0.658215 0.689044
vt 0.786788 0.700544
vt 0.803021 0.685966
vt 0.829071 0.726617
vt 0.821717 0.704895
vt 0.610551 0.702065
vt 0.592849 0.711875
vt 0.646938 0.654670
vt 0.701592 0.665083
vt 0.731421 0.635748
vt 0.748161 0.644905
vt 0.758615 0.646689
vt 0.824246 0.660316
vt 0.848647 0.676821
vt 0.595898 0.680547
vt 0.675233 0.639516
vt 0.706048 0.630026
vt 0.789452 0.631025
vt 0.810053 0.653835
vt 0.737018 0.617420
vt 0.760578 0.611057
vt 0.821764 0.621033
vt 0.852109 0.638550
vt 0.850438 0.661053
vt 0.870551 0.654794
vt 0.604402 0.636290
vt 0.679891 0.607787
vt 0.719363 0.601965
vt 0.752141 0.589633
vt 0.581729 0.640393
vt 0.577982 0.661889
vt 0.689265 0.597669
vt 0.803789 0.605451
vt 0.800832 0.590380
vt 0.834619 0.600182
vt 0.599722 0.614964
vt 0.649386 0.593697
vt 0.747108 0.554929
vt 0.589138 0.605164
vt 0.573489 0.634836
vt 0.615208 0.593389
vt 0.656979 0.553852
vt 0.848562 0.571146
vt 0.774972 0.557179
vt 0.796322 0.580381
vt 0.597087 0.562185
vt 0.683793 0.545784
vt 0.703477 0.580644
vt 0.712052 0.553559
vt 0.801977 0.552597
vt 0.830766 0.549243
vt 0.866131 0.556244
vt 0.575487 0.568498
vt 0.590705 0.539892
vt 0.766086 0.539680
vt 0.574244 0.538764
vt 0.579240 0.526867
vt 0.534261 0.868145
vt 0.541827 0.779502
vt 0.547928 0.753928
vt 0.559126 0.742745
vt 0.561980 0.694177
vt 0.570038 0.619070
vt 0.071954 0.152773
vt 0.053171 0.143373
vt 0.048030 0.134051
vt 0.041027 0.128441
vt 0.462060 0.964063
vt 0.467531 0.961841
vt 0.500019 0.937953
vt 0.134392 0.193201
vt 0.115461 0.177630
vt 0.118671 0.192805
vt 0.108786 0.182892
vt 0.097178 0.184425
vt 0.066158 0.159483
vt 0.039167 0.141714
vt 0.029481 0.133562
vt 0.031741 0.126959
vt 0.028051 0.133443
vt 0.032387 0.123683
vt 0.459862 0.958616
vt 0.467572 0.955078
vt 0.035921 0.154755
vt 0.455243 0.955418
vt 0.458007 0.954720
vt 0.521801 0.913481
vt 0.113332 0.203606
vt 0.109246 0.207681
vt 0.085488 0.192753
vt 0.086122 0.176377
vt 0.072782 0.191474
vt 0.062307 0.170737
vt 0.051940 0.183704
vt 0.025203 0.165246
vt 0.466086 0.932709
vt 0.490641 0.908226
vt 0.497518 0.926191
vt 0.089128 0.208697
vt 0.060212 0.201301
vt 0.038414 0.194895
vt 0.035678 0.175173
vt 0.021130 0.197252
vt 0.022939 0.166547
vt 0.466155 0.927184
vt 0.480953 0.894292
vt 0.503405 0.890524
vt 0.512842 0.909404
vt 0.118526 0.222712
vt 0.124168 0.199024
vt 0.096663 0.218247
vt 0.079897 0.235959
vt 0.020455 0.218864
vt 0.017470 0.212104
vt 0.518059 0.879562
vt 0.096520 0.239227
vt 0.066400 0.225147
vt 0.047807 0.209736
vt 0.040187 0.229297
vt 0.018597 0.234172
vt 0.481844 0.866251
vt 0.479292 0.893860
vt 0.502375 0.874944
vt 0.114710 0.234134
vt 0.085088 0.284991
vt 0.061698 0.240998
vt 0.019655 0.254736
vt 0.016086 0.244777
vt 0.483604 0.872959
vt 0.499975 0.858725
vt 0.518402 0.862998
vt 0.110530 0.250190
vt 0.068292 0.261424
vt 0.053168 0.262191
vt 0.020351 0.274787
vt 0.486164 0.833043
vt 0.485282 0.848898
vt 0.502257 0.839725
vt 0.517613 0.840021
vt 0.530987 0.841808
vt 0.114492 0.265499
vt 0.124810 0.243182
vt 0.097062 0.281691
vt 0.076959 0.287482
vt 0.047270 0.302416
vt 0.526875 0.832618
vt 0.059867 0.312854
vt 0.494801 0.797371
vt 0.493521 0.807790
vt 0.085848 0.322340
vt 0.076995 0.326882
vt 0.068820 0.302134
vt 0.042097 0.356352
vt 0.022346 0.349203
vt 0.018897 0.316344
vt 0.514135 0.770903
vt 0.523337 0.754612
vt 0.113528 0.329229
vt 0.095300 0.320928
vt 0.113590 0.293604
vt 0.065905 0.358997
vt 0.511339 0.744336
vt 0.509207 0.755035
vt 0.532958 0.761798
vt 0.104613 0.403094
vt 0.053538 0.381618
vt 0.024537 0.384998
vt 0.020806 0.371176
vt 0.091400 0.394798
vt 0.077038 0.398437
vt 0.061278 0.417197
vt 0.521886 0.716431
vt 0.531503 0.717656
vt 0.542459 0.725781
vt 0.554987 0.714416
vt 0.125926 0.432706
vt 0.127018 0.398544
vt 0.094739 0.430599
vt 0.080004 0.458556
vt 0.048693 0.428905
vt 0.042983 0.399136
vt 0.030781 0.416007
vt 0.033009 0.428943
vt 0.024611 0.401104
vt 0.522049 0.712742
vt 0.533530 0.682011
vt 0.539337 0.687044
vt 0.549382 0.692606
vt 0.108501 0.433045
vt 0.105076 0.442403
vt 0.087251 0.446160
vt 0.041415 0.442053
vt 0.067840 0.462225
vt 0.045274 0.452077
vt 0.546464 0.654429
vt 0.555669 0.671310
vt 0.113258 0.444987
vt 0.108083 0.450434
vt 0.094425 0.456857
vt 0.057849 0.469408
vt 0.051935 0.463282
vt 0.558730 0.648386
vt 0.122981 0.456331
vt 0.110828 0.462794
vt 0.096220 0.468730
vt 0.081760 0.473016
vt 0.541688 0.637829
vt 0.544745 0.623510
vt 0.540948 0.652367
vt 0.564561 0.665250
vt 0.074133 0.486515
vt 0.061395 0.481331
vt 0.543316 0.612818
vt 0.130893 0.466818
vt 0.138006 0.498635
vt 0.100595 0.500691
vt 0.550717 0.582938
vt 0.096098 0.506830
vt 0.085236 0.510048
vt 0.075792 0.508003
vt 0.079157 0.520140
vt 0.544179 0.560426
vt 0.544984 0.569669
vt 0.559696 0.582810
vt 0.556586 0.627075
vt 0.130125 0.532995
vt 0.121980 0.496097
vt 0.113270 0.481384
vt 0.120466 0.544108
vt 0.112049 0.513569
vt 0.107545 0.532376
vt 0.095461 0.525915
vt 0.084712 0.528850
vt 0.551799 0.554413
vt 0.561636 0.566464
vt 0.139158 0.538917
vt 0.114423 0.548665
vt 0.562064 0.545681
vt 0.108894 0.554650
vt 0.100160 0.541281
vt 0.095042 0.551102
vt 0.093649 0.551040
vt 0.548613 0.522409
vt 0.547509 0.534470
vt 0.552356 0.534969
vt 0.552085 0.522016
vt 0.131164 0.547903
vt 0.103113 0.567430
vt 0.098983 0.569130
vt 0.095474 0.571766
vt 0.546282 0.511586
vt 0.147132 0.534516
vt 0.103846 0.574892
vt 0.540182 0.506899
vt 0.559739 0.517679
vt 0.140330 0.196564
vt 0.134975 0.235843
vt 0.129174 0.212869
vt 0.133915 0.259786
vt 0.142080 0.297309
vt 0.137961 0.316409
vt 0.130192 0.344897
vt 0.157856 0.506201
vt 0.150153 0.521632
vt 0.436053 0.193891
vt 0.402960 0.196429
vt 0.161830 0.188478
vt 0.312912 0.207000
vt 0.168923 0.196073
vt 0.141422 0.190205
vt 0.437474 0.202854
vt 0.370584 0.205311
vt 0.341020 0.209558
vt 0.257921 0.200020
vt 0.244212 0.210906
vt 0.170127 0.208174
vt 0.163175 0.197880
vt 0.155290 0.191916
vt 0.451345 0.207272
vt 0.444212 0.210326
vt 0.422948 0.210236
vt 0.206405 0.213764
vt 0.183816 0.212431
vt 0.153496 0.202848
vt 0.405726 0.220623
vt 0.352086 0.225043
vt 0.228485 0.219947
vt 0.165264 0.208918
vt 0.142869 0.214426
vt 0.325024 0.229291
vt 0.299160 0.228612
vt 0.289375 0.211686
vt 0.171978 0.219447
vt 0.151353 0.220268
vt 0.434338 0.233210
vt 0.423490 0.218787
vt 0.277058 0.229031
vt 0.248138 0.231905
vt 0.437519 0.258836
vt 0.410437 0.258062
vt 0.379537 0.253164
vt 0.375436 0.221725
vt 0.179861 0.234033
vt 0.154758 0.244757
vt 0.453638 0.272537
vt 0.204188 0.255687
vt 0.412781 0.284539
vt 0.351633 0.281150
vt 0.301513 0.267866
vt 0.160169 0.270675
vt 0.441945 0.297430
vt 0.427339 0.290923
vt 0.390015 0.287410
vt 0.274595 0.274500
vt 0.190254 0.274669
vt 0.447874 0.325606
vt 0.425715 0.317872
vt 0.410002 0.301576
vt 0.174215 0.294534
vt 0.398345 0.335496
vt 0.374403 0.313889
vt 0.331707 0.312465
vt 0.311401 0.305345
vt 0.290898 0.313538
vt 0.221866 0.306117
vt 0.223915 0.260179
vt 0.380492 0.358408
vt 0.343642 0.363002
vt 0.244231 0.320178
vt 0.187066 0.343251
vt 0.161544 0.348583
vt 0.445534 0.374929
vt 0.427974 0.384096
vt 0.423709 0.357070
vt 0.409153 0.384820
vt 0.385500 0.389876
vt 0.365543 0.393190
vt 0.332876 0.354350
vt 0.320007 0.355844
vt 0.289984 0.337845
vt 0.266614 0.321478
vt 0.218632 0.334449
vt 0.429225 0.419542
vt 0.411618 0.413997
vt 0.368467 0.415251
vt 0.338089 0.422730
vt 0.316581 0.411272
vt 0.291248 0.394012
vt 0.265240 0.392269
vt 0.241964 0.377592
vt 0.204919 0.380169
vt 0.381298 0.434562
vt 0.300159 0.455475
vt 0.248662 0.423944
vt 0.179602 0.419526
vt 0.452613 0.407873
vt 0.428420 0.435938
vt 0.384791 0.452611
vt 0.401677 0.449105
vt 0.351654 0.455952
vt 0.328782 0.452417
vt 0.271834 0.445300
vt 0.183501 0.445030
vt 0.416211 0.454477
vt 0.385808 0.465758
vt 0.334028 0.479004
vt 0.312853 0.468877
vt 0.278885 0.473042
vt 0.231163 0.462546
vt 0.237804 0.444073
vt 0.137745 0.450200
vt 0.390212 0.472003
vt 0.311150 0.483319
vt 0.167871 0.464506
vt 0.176621 0.459419
vt 0.138000 0.456740
vt 0.421849 0.468318
vt 0.388304 0.483541
vt 0.358293 0.477395
vt 0.340293 0.484011
vt 0.271524 0.480946
vt 0.219970 0.470844
vt 0.197983 0.475523
vt 0.146147 0.465611
vt 0.265182 0.491957
vt 0.220401 0.490238
vt 0.409144 0.497898
vt 0.417684 0.481513
vt 0.384473 0.509595
vt 0.362173 0.490379
vt 0.362442 0.502580
vt 0.328600 0.491434
vt 0.305451 0.495982
vt 0.192822 0.504410
vt 0.180431 0.480658
vt 0.316202 0.508637
vt 0.232840 0.503825
vt 0.402855 0.534438
vt 0.381094 0.527245
vt 0.357115 0.511315
vt 0.312674 0.519159
vt 0.278708 0.513042
vt 0.227412 0.516259
vt 0.183896 0.517648
vt 0.392871 0.537131
vt 0.353993 0.533283
vt 0.353716 0.523368
vt 0.292276 0.528054
vt 0.221300 0.526887
vt 0.192886 0.525287
vt 0.157132 0.528965
vt 0.185226 0.532145
vt 0.373194 0.534773
vt 0.292531 0.534823
vt 0.237291 0.533470
vt 0.877243 0.528841
vt 0.925665 0.489120
vt 0.919239 0.501702
vt 0.876442 0.475473
vt 0.083994 0.601507
vt 0.475786 0.612188
vt 0.054466 0.090891
vt 0.162785 0.015178
vt 0.365282 0.009952
vt 0.510675 0.087605
vt 0.534401 0.396530
vt 0.494732 0.396087
vt 0.903077 0.647744
vt 0.513129 0.468249
vt 0.507849 0.479594
vt 0.848146 0.822732
vt 0.736373 0.723801
vt 0.018178 0.279462
s 1
usemtl Rustic_Burlap
f 137/1/1 111/2/2 651/3/3
f 114/4/4 113/5/5 112/6/6
f 207/7/7 116/8/8 186/9/9
f 214/10/10 116/8/8 207/7/7
f 119/11/11 118/12/12 214/10/10
f 76/13/13 122/14/14 77/15/15
f 121/16/16 132/17/17 76/13/13
f 79/18/18 123/19/19 80/20/20
f 80/20/20 123/19/19 816/21/21
f 124/22/22 81/23/23 816/21/21
f 125/24/24 82/25/25 81/23/23
f 125/24/24 814/26/26 82/25/25
f 127/27/27 125/24/24 81/23/23
f 126/28/28 137/1/1 814/26/26
f 121/16/16 59/29/29 132/17/17
f 78/30/30 133/31/31 79/18/18
f 79/18/18 129/32/32 123/19/19
f 130/33/33 124/22/22 123/19/19
f 59/29/29 145/34/34 132/17/17
f 135/35/35 126/28/28 125/24/24
f 131/36/36 144/37/37 145/34/34
f 138/38/38 127/27/27 130/33/33
f 141/39/39 136/40/40 135/35/35
f 132/17/17 161/41/41 128/42/42
f 128/42/42 154/43/43 133/31/31
f 133/31/31 146/44/44 129/32/32
f 129/32/32 146/44/44 130/33/33
f 147/45/45 134/46/46 139/47/47
f 148/48/48 140/49/49 134/46/46
f 149/50/50 142/51/51 136/40/40
f 142/51/51 114/4/4 112/6/6
f 56/52/52 58/53/53 57/54/54
f 151/55/55 143/56/56 58/53/53
f 144/37/37 161/41/41 145/34/34
f 161/41/41 154/43/43 128/42/42
f 156/57/57 139/47/47 138/38/38
f 156/57/57 147/45/45 139/47/47
f 159/58/58 149/50/50 141/39/39
f 153/59/59 160/60/60 161/41/41
f 154/43/43 162/61/61 146/44/44
f 55/62/62 151/55/55 56/52/52
f 176/63/63 143/56/56 151/55/55
f 164/64/64 152/65/65 143/56/56
f 152/65/65 166/66/66 153/59/59
f 160/60/60 167/67/67 161/41/41
f 161/41/41 167/67/67 154/43/43
f 154/43/43 168/68/68 162/61/61
f 162/61/61 169/69/69 155/70/70
f 170/71/71 156/57/57 155/70/70
f 171/72/72 157/73/73 156/57/57
f 171/72/72 147/45/45 157/73/73
f 172/74/74 148/48/48 147/45/45
f 172/74/74 163/75/75 148/48/48
f 173/76/76 159/58/58 158/77/77
f 159/58/58 174/78/78 149/50/50
f 149/50/50 175/79/79 150/80/80
f 150/80/80 115/81/81 114/4/4
f 164/64/64 177/82/82 165/83/83
f 166/66/66 178/84/84 160/60/60
f 160/60/60 179/85/85 167/67/67
f 167/67/67 180/86/86 168/68/68
f 168/68/68 181/87/87 169/69/69
f 181/87/87 170/71/71 169/69/69
f 182/88/88 171/72/72 170/71/71
f 183/89/89 172/74/74 171/72/72
f 184/90/90 163/75/75 172/74/74
f 163/75/75 192/91/91 173/76/76
f 193/92/92 175/79/79 174/78/78
f 180/93/86 188/94/93 181/95/94
f 188/94/93 182/96/95 181/95/94
f 190/97/96 183/98/97 182/96/95
f 190/97/96 184/99/98 183/98/97
f 191/100/99 185/101/100 184/99/98
f 55/102/62 194/103/101 176/104/63
f 194/103/101 177/105/82 176/104/63
f 195/106/102 178/107/84 166/108/66
f 178/107/84 197/109/103 179/110/85
f 179/110/85 198/111/104 187/112/105
f 187/112/105 200/113/106 188/94/93
f 188/94/93 201/114/107 189/115/108
f 201/114/107 190/97/96 189/115/108
f 190/97/96 204/116/109 191/100/99
f 191/100/99 205/117/110 185/101/100
f 185/101/100 213/118/111 192/119/91
f 192/119/91 206/120/112 193/121/92
f 193/121/92 207/7/7 186/9/9
f 198/111/104 208/122/113 199/123/114
f 199/123/114 209/124/115 200/113/106
f 210/125/116 202/126/117 201/114/107
f 203/127/118 211/128/119 204/116/109
f 204/116/109 212/129/120 205/117/110
f 54/130/121 215/131/122 194/103/101
f 215/131/122 195/106/102 194/103/101
f 217/132/123 208/122/113 197/109/103
f 218/133/124 209/124/115 208/122/113
f 221/134/125 200/113/106 209/124/115
f 221/134/125 210/125/116 200/113/106
f 210/125/116 232/135/126 202/126/117
f 202/126/117 222/136/127 203/127/118
f 203/127/118 222/136/127 211/128/119
f 212/129/120 224/137/128 213/118/111
f 213/118/111 225/138/129 206/120/112
f 206/120/112 226/139/130 207/7/7
f 226/139/130 214/10/10 207/7/7
f 227/140/131 195/106/102 215/131/122
f 228/141/132 196/142/133 195/106/102
f 228/141/132 216/143/134 196/142/133
f 229/144/135 218/133/124 217/132/123
f 221/134/125 230/145/136 210/125/116
f 210/125/116 231/146/137 232/135/126
f 223/147/138 233/148/139 212/129/120
f 224/137/128 245/149/140 225/138/129
f 234/150/141 227/140/131 215/131/122
f 235/151/142 228/141/132 227/140/131
f 236/152/143 216/143/134 228/141/132
f 236/152/143 229/144/135 216/143/134
f 237/153/144 218/133/124 229/144/135
f 238/154/145 219/155/146 218/133/124
f 239/156/147 220/157/148 219/155/146
f 240/158/149 230/145/136 220/157/148
f 230/145/136 248/159/150 231/146/137
f 231/146/137 241/160/151 232/135/126
f 232/135/126 242/161/152 223/147/138
f 233/148/139 244/162/153 224/137/128
f 52/163/154 234/150/141 215/131/122
f 246/164/155 236/152/143 228/141/132
f 230/145/136 247/165/156 248/159/150
f 243/166/157 249/167/158 233/148/139
f 244/162/153 250/168/159 245/149/140
f 245/149/140 251/169/160 226/139/130
f 251/169/160 119/11/11 226/139/130
f 52/163/154 51/170/161 234/150/141
f 252/171/162 236/152/143 246/164/155
f 253/172/163 237/153/144 236/152/143
f 253/172/163 238/154/145 237/153/144
f 254/173/164 239/156/147 238/154/145
f 256/174/165 240/158/149 239/156/147
f 256/174/165 247/165/156 240/158/149
f 247/165/156 257/175/166 248/159/150
f 242/161/152 265/176/167 243/166/157
f 249/167/158 267/177/168 244/162/153
f 250/168/159 258/178/169 245/149/140
f 50/179/170 234/150/141 51/170/161
f 259/180/171 235/151/142 234/150/141
f 260/181/172 246/164/155 235/151/142
f 260/181/172 252/171/162 246/164/155
f 261/182/173 254/173/164 253/172/163
f 241/160/151 264/183/174 242/161/152
f 249/167/158 266/184/175 267/177/168
f 268/185/176 261/182/173 252/171/162
f 269/186/177 255/187/178 261/182/173
f 269/186/177 256/174/165 255/187/178
f 270/188/179 262/189/180 256/174/165
f 257/175/166 271/190/181 263/191/182
f 263/191/182 271/190/181 241/160/151
f 241/160/151 272/192/183 264/183/174
f 264/183/174 272/192/183 265/176/167
f 266/184/175 258/178/169 267/177/168
f 251/169/160 273/193/184 119/11/11
f 274/194/185 260/181/172 259/180/171
f 275/195/186 268/185/176 260/181/172
f 276/196/187 270/188/179 269/186/177
f 277/197/188 278/198/189 262/189/180
f 272/192/183 279/199/190 265/176/167
f 265/176/167 280/200/191 266/184/175
f 258/178/169 281/201/192 251/169/160
f 282/202/193 268/185/176 275/195/186
f 282/202/193 276/196/187 268/185/176
f 283/203/194 262/189/180 270/188/179
f 278/198/189 284/204/195 271/190/181
f 271/190/181 284/204/195 285/205/196
f 280/200/191 286/206/197 258/178/169
f 287/207/198 274/194/185 259/180/171
f 288/208/199 282/202/193 275/195/186
f 289/209/200 276/196/187 282/202/193
f 290/210/201 283/203/194 276/196/187
f 300/211/202 277/197/188 283/203/194
f 277/197/188 292/212/203 278/198/189
f 278/198/189 292/212/203 284/204/195
f 284/204/195 293/213/204 285/205/196
f 285/205/196 294/214/205 279/199/190
f 279/199/190 294/214/205 280/200/191
f 286/206/197 295/215/206 258/178/169
f 258/178/169 295/215/206 281/201/192
f 296/216/207 287/207/198 50/179/170
f 297/217/208 288/208/199 274/194/185
f 298/218/209 289/209/200 288/208/199
f 291/219/210 290/210/201 289/209/200
f 277/197/188 300/211/202 292/212/203
f 292/212/203 302/220/211 293/213/204
f 293/213/204 303/221/212 294/214/205
f 287/207/198 297/217/208 274/194/185
f 304/222/213 298/218/209 288/208/199
f 305/223/214 291/219/210 299/224/215
f 306/225/216 299/224/215 298/218/209
f 307/226/217 291/219/210 305/223/214
f 291/219/210 308/227/218 301/228/219
f 301/228/219 308/227/218 302/220/211
f 302/220/211 310/229/220 303/221/212
f 303/221/212 311/230/221 286/206/197
f 312/231/222 304/222/213 297/217/208
f 313/232/223 306/225/216 304/222/213
f 313/232/223 305/223/214 306/225/216
f 314/233/224 307/226/217 305/223/214
f 307/226/217 316/234/225 308/227/218
f 308/227/218 27/235/226 309/236/227
f 309/236/227 322/237/228 310/229/220
f 311/230/221 25/238/229 295/215/206
f 317/239/230 297/217/208 296/216/207
f 318/240/231 314/233/224 313/232/223
f 318/240/231 315/241/232 314/233/224
f 315/241/232 320/242/233 316/234/225
f 295/215/206 24/243/234 273/193/184
f 32/244/235 313/232/223 312/231/222
f 32/244/235 318/240/231 313/232/223
f 322/237/228 25/238/229 311/230/221
f 1155/245/236 32/244/235 312/231/222
f 31/246/237 319/247/238 318/240/231
f 30/248/239 320/242/233 319/247/238
f 320/242/233 29/249/240 321/250/241
f 321/250/241 28/251/242 27/235/226
f 27/235/226 26/252/243 322/237/228
f 332/253/244 993/254/245 13/255/246
f 338/256/247 98/257/248 332/253/244
f 99/258/249 98/257/248 338/256/247
f 102/259/250 101/260/251 400/261/252
f 437/262/253 105/263/254 104/264/255
f 437/265/253 106/266/256 105/267/254
f 463/268/257 108/269/258 107/270/259
f 473/271/260 109/272/261 108/269/258
f 1/273/262 323/274/263 4/275/264
f 5/276/265 324/277/266 997/278/267
f 1001/279/268 325/280/269 6/281/270
f 326/282/271 10/283/272 9/284/273
f 327/285/274 13/255/246 12/286/275
f 323/274/263 328/287/276 5/276/265
f 329/288/277 9/284/273 8/289/278
f 330/290/279 12/286/275 11/291/280
f 330/290/279 327/285/274 12/286/275
f 331/292/281 13/255/246 327/285/274
f 328/287/276 333/293/282 324/277/266
f 325/280/269 334/294/283 7/295/284
f 329/288/277 326/282/271 9/284/273
f 336/296/285 11/291/280 326/282/271
f 336/296/285 330/290/279 11/291/280
f 337/297/286 13/255/246 331/292/281
f 337/297/286 332/253/244 13/255/246
f 323/274/263 341/298/287 328/287/276
f 338/256/247 332/253/244 337/297/286
f 339/299/288 340/300/289 341/298/287
f 341/298/287 342/301/290 333/293/282
f 333/293/282 343/302/291 325/280/269
f 334/294/283 348/303/292 329/288/277
f 344/304/293 335/305/294 329/288/277
f 345/306/295 336/296/285 335/305/294
f 347/307/296 338/256/247 337/297/286
f 348/303/292 349/308/297 329/288/277
f 349/308/297 344/304/293 329/288/277
f 48/309/298 352/310/299 339/299/288
f 339/299/288 352/310/299 340/300/289
f 340/300/289 361/311/300 341/298/287
f 342/301/290 353/312/301 343/302/291
f 343/302/291 354/313/302 334/294/283
f 355/314/303 345/306/295 344/304/293
f 356/315/304 346/316/305 345/306/295
f 358/317/306 350/318/307 346/316/305
f 352/310/299 360/319/308 340/300/289
f 353/312/301 366/320/309 343/302/291
f 354/313/302 362/321/310 348/303/292
f 348/303/292 363/322/311 349/308/297
f 363/322/311 355/314/303 349/308/297
f 47/323/312 364/324/313 352/310/299
f 360/319/308 372/325/314 340/300/289
f 340/300/289 372/325/314 361/311/300
f 361/311/300 365/326/315 342/301/290
f 342/301/290 365/326/315 353/312/301
f 366/320/309 367/327/316 354/313/302
f 368/328/317 356/315/304 355/314/303
f 369/329/318 357/330/319 356/315/304
f 369/329/318 358/317/306 357/330/319
f 371/331/320 99/258/249 351/332/321
f 367/327/316 373/333/322 362/321/310
f 362/321/310 373/333/322 363/322/311
f 374/334/323 369/329/318 368/328/317
f 375/335/324 359/336/325 358/317/306
f 376/337/326 371/331/320 359/336/325
f 364/324/313 377/338/327 360/319/308
f 360/319/308 377/338/327 372/325/314
f 372/325/314 378/339/328 365/326/315
f 365/326/315 379/340/329 366/320/309
f 366/320/309 380/341/330 367/327/316
f 367/327/316 381/342/331 373/333/322
f 373/333/322 381/342/331 368/328/317
f 382/343/332 370/344/333 369/329/318
f 383/345/334 375/335/324 370/344/333
f 47/323/312 385/346/335 364/324/313
f 377/338/327 386/347/336 378/339/328
f 378/339/328 387/348/337 379/340/329
f 379/340/329 388/349/338 380/341/330
f 380/341/330 389/350/339 381/342/331
f 397/351/340 374/334/323 381/342/331
f 391/352/341 376/337/326 375/335/324
f 392/353/342 371/331/320 376/337/326
f 392/353/342 100/354/343 371/331/320
f 385/346/335 393/355/344 377/338/327
f 386/347/336 394/356/345 387/348/337
f 387/348/337 395/357/346 388/349/338
f 388/349/338 396/358/347 389/350/339
f 382/343/332 384/359/348 383/345/334
f 46/360/349 401/361/350 385/346/335
f 393/355/344 402/362/351 386/347/336
f 386/347/336 403/363/352 394/356/345
f 394/356/345 404/364/353 395/357/346
f 406/365/354 392/353/342 391/352/341
f 401/361/350 407/366/355 393/355/344
f 393/355/344 415/367/356 402/362/351
f 404/364/353 408/368/357 396/358/347
f 409/369/358 405/370/359 396/358/347
f 410/371/360 398/372/361 405/370/359
f 411/373/362 390/374/363 398/372/361
f 411/373/362 382/343/332 390/374/363
f 411/373/362 384/359/348 382/343/332
f 411/373/362 399/375/364 384/359/348
f 46/360/349 413/376/365 401/361/350
f 407/366/355 414/377/366 415/367/356
f 415/367/356 416/378/367 403/363/352
f 416/378/367 417/379/368 404/364/353
f 419/380/369 411/373/362 410/371/360
f 411/373/362 424/381/370 399/375/364
f 399/375/364 424/381/370 406/365/354
f 412/382/371 102/259/250 400/261/252
f 421/383/372 414/377/366 407/366/355
f 422/384/373 409/369/358 408/368/357
f 422/384/373 418/385/374 409/369/358
f 406/365/354 425/386/375 412/382/371
f 425/386/375 102/259/250 412/382/371
f 427/387/376 422/384/373 408/368/357
f 427/387/376 418/385/374 422/384/373
f 418/385/374 435/388/377 419/380/369
f 423/389/378 429/390/379 424/381/370
f 44/391/380 421/383/372 45/392/381
f 432/393/382 414/377/366 421/383/372
f 432/393/382 415/367/356 414/377/366
f 432/393/382 416/378/367 415/367/356
f 433/394/383 417/379/368 416/378/367
f 434/395/384 427/387/376 417/379/368
f 434/395/384 428/396/385 427/387/376
f 419/380/369 435/388/377 420/397/386
f 420/397/386 436/398/387 423/389/378
f 430/399/388 437/262/253 425/386/375
f 425/386/375 437/262/253 426/400/389
f 438/401/390 433/394/383 432/393/382
f 439/402/391 434/395/384 433/394/383
f 434/395/384 441/403/392 435/388/377
f 435/388/377 443/404/393 436/398/387
f 436/398/387 444/405/394 429/390/379
f 429/390/379 444/405/394 430/399/388
f 430/399/388 444/405/394 437/262/253
f 43/406/395 431/407/396 44/408/380
f 446/409/397 438/410/398 431/407/396
f 447/411/399 439/412/400 438/410/398
f 449/413/401 440/414/402 439/412/400
f 449/413/401 441/415/403 440/414/402
f 441/415/403 450/416/404 442/417/405
f 442/417/405 452/418/406 443/419/407
f 443/419/407 452/418/406 444/420/408
f 444/420/408 454/421/409 445/422/410
f 445/422/410 106/266/256 437/265/253
f 826/423/411 446/409/397 43/406/395
f 456/424/412 447/411/399 446/409/397
f 456/424/412 448/425/413 447/411/399
f 458/426/414 449/413/401 448/425/413
f 459/427/415 450/416/404 449/413/401
f 450/416/404 461/428/416 451/429/417
f 451/429/417 468/430/418 452/418/406
f 452/418/406 462/431/419 453/432/420
f 453/432/420 463/268/257 454/421/409
f 454/421/409 463/268/257 106/266/256
f 464/433/421 456/424/412 455/434/422
f 465/435/423 457/436/424 456/424/412
f 466/437/425 458/426/414 457/436/424
f 467/438/426 460/439/427 459/427/415
f 461/428/416 474/440/428 468/430/418
f 468/430/418 470/441/429 462/431/419
f 462/431/419 472/442/430 463/268/257
f 42/443/431 464/433/421 455/434/422
f 475/444/432 466/437/425 457/436/424
f 476/445/433 459/427/415 458/426/414
f 474/440/428 478/446/434 468/430/418
f 468/430/418 478/446/434 469/447/435
f 477/448/436 475/444/432 465/435/423
f 472/442/430 482/449/437 473/271/260
f 479/450/438 477/448/436 464/433/421
f 480/451/439 476/445/433 466/437/425
f 471/452/440 482/449/437 472/442/430
f 482/449/437 110/453/441 109/272/261
f 2/454/442 479/450/438 42/443/431
f 483/455/443 480/451/439 475/444/432
f 484/456/444 476/445/433 480/451/439
f 481/457/445 488/458/446 474/440/428
f 474/440/428 485/459/447 478/446/434
f 485/459/447 69/460/448 470/441/429
f 470/441/429 487/461/449 471/452/440
f 486/462/450 69/460/448 485/459/447
f 482/449/437 97/463/451 110/453/441
f 75/464/452 483/455/443 477/448/436
f 74/465/453 480/451/439 483/455/443
f 484/456/444 71/466/454 476/445/433
f 71/466/454 488/458/446 481/457/445
f 488/458/446 486/462/450 485/459/447
f 71/466/454 70/467/455 488/458/446
f 488/458/446 658/468/456 486/462/450
f 486/462/450 659/469/457 69/460/448
f 487/461/449 660/470/458 482/449/437
f 531/471/459 16/472/460 15/473/461
f 1139/474/462 1121/475/463 625/476/464
f 104/264/255 489/477/465 103/478/466
f 103/478/466 490/479/467 102/259/250
f 102/259/250 490/479/467 101/260/251
f 101/260/251 491/480/468 100/354/343
f 492/481/469 99/258/249 100/354/343
f 99/258/249 493/482/470 98/257/248
f 98/257/248 494/483/471 993/254/245
f 495/484/472 110/453/441 97/463/451
f 506/485/473 108/269/258 110/453/441
f 496/486/474 107/270/259 108/269/258
f 497/487/475 105/267/254 107/270/259
f 498/488/476 104/264/255 105/263/254
f 499/489/477 489/477/465 104/264/255
f 500/490/478 490/479/467 489/477/465
f 501/491/479 491/480/468 490/479/467
f 491/480/468 502/492/480 492/481/469
f 515/493/481 503/494/482 492/481/469
f 503/494/482 517/495/483 99/258/249
f 99/258/249 504/496/484 493/482/470
f 493/482/470 504/496/484 494/483/471
f 506/485/473 507/497/485 108/269/258
f 108/269/258 508/498/486 496/486/474
f 496/486/474 509/499/487 497/487/475
f 497/487/475 510/500/488 498/501/476
f 498/488/476 511/502/489 499/489/477
f 512/503/490 502/492/480 501/491/479
f 502/492/480 514/504/491 515/493/481
f 515/493/481 517/495/483 503/494/482
f 530/505/492 505/506/493 504/496/484
f 97/463/451 519/507/494 495/484/472
f 506/485/473 520/508/495 507/497/485
f 507/497/485 521/509/496 508/498/486
f 508/498/486 522/510/497 509/499/487
f 509/499/487 523/511/498 510/500/488
f 510/512/488 525/513/499 511/502/489
f 525/513/499 500/490/478 511/502/489
f 526/514/500 512/503/490 500/490/478
f 527/515/501 513/516/502 512/503/490
f 513/516/502 528/517/503 514/504/491
f 514/504/491 545/518/504 515/493/481
f 516/519/505 529/520/506 517/495/483
f 517/495/483 529/520/506 530/505/492
f 519/507/494 532/521/507 520/508/495
f 520/508/495 534/522/508 521/509/496
f 521/509/496 535/523/509 522/510/497
f 525/513/499 536/524/510 526/514/500
f 526/514/500 536/524/510 527/515/501
f 528/517/503 544/525/511 545/518/504
f 530/505/492 531/471/459 518/526/512
f 519/507/494 96/527/513 532/521/507
f 532/521/507 537/528/514 533/529/515
f 535/523/509 539/530/516 523/511/498
f 523/511/498 540/531/517 524/532/518
f 524/533/518 541/534/519 525/513/499
f 525/513/499 542/535/520 536/524/510
f 536/524/510 543/536/521 528/517/503
f 545/518/504 546/537/522 516/519/505
f 516/519/505 561/538/523 529/520/506
f 529/520/506 549/539/524 530/505/492
f 547/540/525 534/522/508 538/541/526
f 534/522/508 554/542/527 535/523/509
f 554/542/527 539/530/516 535/523/509
f 542/535/520 548/543/528 543/536/521
f 550/544/529 537/528/514 95/545/530
f 550/544/529 538/541/526 537/528/514
f 552/546/531 547/540/525 538/541/526
f 547/540/525 553/547/532 554/542/527
f 539/530/516 556/548/533 540/531/517
f 540/549/534 557/550/535 541/534/519
f 541/534/519 565/551/536 548/543/528
f 548/543/528 558/552/537 559/553/538
f 93/554/539 550/544/529 94/555/540
f 563/556/541 551/557/542 550/544/529
f 563/556/541 552/546/531 551/557/542
f 564/558/543 553/547/532 552/546/531
f 558/552/537 569/559/544 559/553/538
f 559/553/538 570/560/545 560/561/546
f 561/538/523 571/562/547 562/563/548
f 92/564/549 563/556/541 93/554/539
f 566/565/550 564/558/543 563/556/541
f 564/558/543 568/566/551 553/547/532
f 553/547/532 568/566/551 554/542/527
f 565/551/536 569/559/544 558/552/537
f 91/567/552 566/565/550 92/564/549
f 569/559/544 581/568/553 570/560/545
f 570/560/545 572/569/554 571/562/547
f 574/570/555 567/571/556 566/565/550
f 567/571/556 583/572/557 568/566/551
f 568/566/551 577/573/558 555/574/559
f 555/574/559 578/575/560 556/548/533
f 556/576/561 579/577/562 557/550/535
f 557/550/535 580/578/563 565/551/536
f 572/569/554 582/579/564 573/580/565
f 575/581/566 583/572/557 567/571/556
f 569/559/544 584/582/567 581/568/553
f 581/568/553 586/583/568 572/569/554
f 572/569/554 587/584/569 582/579/564
f 90/585/570 589/586/571 575/581/566
f 580/578/563 588/587/572 569/559/544
f 583/572/557 590/588/573 576/589/574
f 576/589/574 591/590/575 577/573/558
f 577/573/558 591/590/575 578/575/560
f 587/584/569 592/591/576 593/592/577
f 89/593/578 594/594/579 589/586/571
f 591/595/575 595/596/580 579/577/562
f 579/577/562 596/597/581 580/578/563
f 594/594/579 597/598/582 590/588/573
f 588/587/572 599/599/583 584/582/567
f 584/582/567 599/599/583 586/583/568
f 586/583/568 600/600/584 592/591/576
f 88/601/585 601/602/586 594/594/579
f 596/597/581 606/603/587 588/587/572
f 602/604/588 20/605/589 592/591/576
f 601/602/586 603/606/590 597/598/582
f 597/598/582 603/606/590 590/588/573
f 603/606/590 598/607/591 590/588/573
f 598/608/591 605/609/592 595/596/580
f 605/609/592 596/597/581 595/596/580
f 599/599/583 607/610/593 600/600/584
f 608/611/594 602/604/588 600/600/584
f 608/611/594 21/612/595 602/604/588
f 86/613/596 609/614/597 601/602/586
f 605/609/592 612/615/598 596/597/581
f 596/597/581 612/615/598 606/603/587
f 613/616/599 608/611/594 607/610/593
f 614/617/600 22/618/601 608/611/594
f 612/615/598 615/619/602 606/603/587
f 606/603/587 615/619/602 607/610/593
f 616/620/603 613/616/599 607/610/593
f 617/621/604 614/617/600 613/616/599
f 85/622/605 618/623/606 609/614/597
f 619/624/607 603/606/590 609/614/597
f 620/625/608 610/626/609 603/606/590
f 610/626/609 622/627/610 611/628/611
f 612/615/598 623/629/612 615/619/602
f 615/619/602 632/630/613 616/620/603
f 616/620/603 624/631/614 617/621/604
f 625/476/464 23/632/615 617/621/604
f 622/633/616 626/634/617 605/609/592
f 626/634/617 623/629/612 605/609/592
f 628/635/618 619/624/607 618/623/606
f 628/635/618 620/625/608 619/624/607
f 629/636/619 621/637/620 620/625/608
f 623/629/612 631/638/621 635/639/622
f 633/640/623 627/641/624 84/642/625
f 622/633/616 634/643/626 626/634/617
f 626/634/617 634/643/626 631/638/621
f 631/638/621 643/644/627 635/639/622
f 637/645/628 628/635/618 627/641/624
f 637/645/628 629/636/619 628/635/618
f 638/646/629 630/647/630 629/636/619
f 630/647/630 640/648/631 622/627/610
f 622/633/616 641/649/632 634/643/626
f 634/643/626 642/650/633 643/644/627
f 635/639/622 624/631/614 632/630/613
f 636/651/634 1139/474/462 625/476/464
f 645/652/635 638/646/629 637/645/628
f 646/653/636 639/654/637 638/646/629
f 640/655/638 647/656/639 641/649/632
f 641/649/632 648/657/640 642/650/633
f 642/650/633 649/658/641 643/644/627
f 651/3/3 645/652/635 633/640/623
f 652/659/642 646/653/636 645/652/635
f 653/660/643 639/654/637 646/653/636
f 648/657/640 118/12/12 649/658/641
f 111/2/2 652/659/642 645/652/635
f 113/5/5 653/660/643 652/659/642
f 639/654/637 654/661/644 640/648/631
f 654/662/644 647/656/639 640/655/638
f 647/656/639 655/663/645 117/664/646
f 120/665/647 1139/474/462 636/651/634
f 111/2/2 113/5/5 652/659/642
f 114/4/4 654/661/644 653/660/643
f 654/662/644 116/8/8 655/663/645
f 656/666/648 119/11/11 650/667/649
f 650/667/649 119/11/11 636/651/634
f 680/668/650 519/507/494 97/463/451
f 705/669/651 96/527/513 680/668/650
f 94/555/540 95/545/530 705/669/651
f 745/670/652 91/567/552 736/671/653
f 759/672/654 574/570/555 745/670/652
f 89/593/578 90/585/570 759/672/654
f 798/673/655 84/642/625 85/622/605
f 2/454/442 75/464/452 479/450/438
f 657/674/656 71/466/454 484/456/444
f 69/460/448 660/470/458 487/461/449
f 661/675/657 74/465/453 483/455/443
f 657/674/656 658/468/456 70/467/455
f 658/468/456 662/676/658 659/469/457
f 659/469/457 663/677/659 69/460/448
f 69/460/448 664/678/660 660/470/458
f 667/679/661 73/680/662 74/465/453
f 667/679/661 72/681/663 73/680/662
f 670/682/664 657/674/656 72/681/663
f 671/683/665 658/468/456 657/674/656
f 662/676/658 678/684/666 659/469/457
f 843/685/667 666/686/668 828/687/669
f 673/688/670 75/464/452 2/454/442
f 673/688/670 661/675/657 75/464/452
f 675/689/671 670/682/664 669/690/672
f 676/691/673 657/674/656 670/682/664
f 677/692/674 671/683/665 657/674/656
f 671/683/665 684/693/675 662/676/658
f 662/676/658 684/693/675 678/684/666
f 678/684/666 663/677/659 659/469/457
f 679/694/676 665/695/677 664/678/660
f 696/696/678 666/686/668 843/685/667
f 674/697/679 667/679/661 661/675/657
f 681/698/680 670/682/664 675/689/671
f 682/699/681 677/692/674 676/691/673
f 683/700/682 671/683/665 677/692/674
f 671/683/665 683/700/682 684/693/675
f 685/701/683 663/677/659 678/684/666
f 686/702/684 672/703/685 665/695/677
f 686/702/684 680/668/650 672/703/685
f 666/686/668 697/704/686 673/688/670
f 697/704/686 674/697/679 673/688/670
f 687/705/687 667/679/661 674/697/679
f 688/706/688 668/707/689 667/679/661
f 689/708/690 669/690/672 668/707/689
f 689/708/690 681/698/680 669/690/672
f 690/709/691 682/699/681 676/691/673
f 691/710/692 683/700/682 682/699/681
f 683/700/682 702/711/693 684/693/675
f 702/711/693 685/701/683 684/693/675
f 693/712/694 679/694/676 685/701/683
f 694/713/695 686/702/684 679/694/676
f 698/714/696 681/698/680 689/708/690
f 699/715/697 691/710/692 682/699/681
f 692/716/698 701/717/699 702/711/693
f 703/718/700 694/713/695 693/712/694
f 704/719/701 695/720/702 694/713/695
f 704/719/701 680/668/650 695/720/702
f 697/704/686 706/721/703 687/705/687
f 706/721/703 688/706/688 687/705/687
f 707/722/704 698/714/696 689/708/690
f 708/723/705 691/710/692 699/715/697
f 708/723/705 700/724/706 691/710/692
f 701/717/699 709/725/707 702/711/693
f 709/725/707 693/712/694 702/711/693
f 710/726/708 703/718/700 709/725/707
f 710/726/708 704/719/701 703/718/700
f 711/727/709 705/669/651 704/719/701
f 713/728/710 688/706/688 706/721/703
f 713/728/710 707/722/704 688/706/688
f 715/729/711 690/709/691 698/714/696
f 715/729/711 699/715/697 690/709/691
f 716/730/712 717/731/713 701/717/699
f 701/717/699 717/731/713 709/725/707
f 718/732/714 710/726/708 709/725/707
f 719/733/715 711/727/709 710/726/708
f 719/733/715 94/555/540 711/727/709
f 68/734/716 727/735/717 712/736/718
f 720/737/719 699/715/697 715/729/711
f 721/738/720 708/723/705 699/715/697
f 708/723/705 721/738/720 716/730/712
f 716/730/712 723/739/721 717/731/713
f 724/740/722 718/732/714 717/731/713
f 92/564/549 93/554/539 719/733/715
f 727/735/717 728/741/723 712/736/718
f 728/741/723 713/728/710 712/736/718
f 731/742/724 721/738/720 720/737/719
f 721/738/720 741/743/725 722/744/726
f 723/739/721 733/745/727 724/740/722
f 734/746/728 718/732/714 724/740/722
f 735/747/729 92/564/549 726/748/730
f 67/749/731 746/750/732 727/735/717
f 738/751/733 730/752/734 714/753/735
f 730/752/734 720/737/719 715/729/711
f 731/742/724 739/754/736 732/755/737
f 732/755/737 740/756/738 741/743/725
f 722/744/726 733/745/727 723/739/721
f 744/757/739 736/671/653 735/747/729
f 737/758/740 747/759/741 728/741/723
f 747/759/741 729/760/742 728/741/723
f 749/761/743 738/751/733 729/760/742
f 750/762/744 730/752/734 738/751/733
f 751/763/745 731/742/724 730/752/734
f 739/754/736 752/764/746 740/756/738
f 740/756/738 752/764/746 741/743/725
f 741/743/725 753/765/747 733/745/727
f 753/765/747 734/746/728 733/745/727
f 742/766/748 743/767/749 735/747/729
f 66/768/750 65/769/751 746/750/732
f 748/770/752 747/759/741 746/750/732
f 754/771/753 750/762/744 738/751/733
f 751/763/745 739/754/736 731/742/724
f 739/754/736 755/772/754 752/764/746
f 752/764/746 756/773/755 753/765/747
f 753/765/747 757/774/756 734/746/728
f 757/774/756 742/766/748 734/746/728
f 773/775/757 743/767/749 742/766/748
f 759/672/654 745/670/652 744/757/739
f 760/776/758 748/770/752 65/769/751
f 761/777/759 755/772/754 751/763/745
f 755/772/754 763/778/760 756/773/755
f 763/778/760 757/774/756 756/773/755
f 764/779/761 759/672/654 743/767/749
f 63/780/762 749/761/743 760/776/758
f 766/781/763 750/762/744 754/771/753
f 767/782/764 751/763/745 750/762/744
f 777/783/765 757/774/756 763/778/760
f 771/784/766 758/785/767 757/774/756
f 758/785/767 772/786/768 773/775/757
f 774/787/769 754/771/753 765/788/770
f 774/787/769 766/781/763 754/771/753
f 775/789/771 767/782/764 766/781/763
f 768/790/772 769/791/773 761/777/759
f 770/792/774 776/793/775 763/778/760
f 763/778/760 776/793/775 777/783/765
f 771/784/766 784/794/776 772/786/768
f 772/786/768 778/795/777 773/775/757
f 773/775/757 778/795/777 764/779/761
f 764/779/761 88/601/585 89/593/578
f 779/796/778 774/787/769 765/788/770
f 775/789/771 766/781/763 774/787/769
f 780/797/779 768/790/772 767/782/764
f 781/798/780 769/791/773 768/790/772
f 776/793/775 782/799/781 777/783/765
f 777/783/765 783/800/782 771/784/766
f 771/784/766 783/800/782 784/794/776
f 786/801/783 769/791/773 781/798/780
f 769/791/773 786/801/783 770/792/774
f 770/792/774 787/802/784 776/793/775
f 783/800/782 789/803/785 784/794/776
f 784/794/776 790/804/786 785/805/787
f 785/805/787 87/806/788 88/601/585
f 791/807/789 775/789/771 779/796/778
f 792/808/790 780/797/779 775/789/771
f 792/808/790 781/798/780 780/797/779
f 793/809/791 786/801/783 781/798/780
f 786/801/783 794/810/792 787/802/784
f 790/804/786 86/613/596 87/806/788
f 61/811/793 791/807/789 62/812/794
f 795/813/795 793/809/791 792/808/790
f 788/814/796 796/815/797 789/803/785
f 789/803/785 797/816/798 790/804/786
f 790/804/786 85/622/605 86/613/596
f 799/817/799 791/807/789 61/811/793
f 799/817/799 792/808/790 791/807/789
f 800/818/800 795/813/795 792/808/790
f 802/819/801 794/810/792 793/809/791
f 804/820/802 799/817/799 951/821/803
f 805/822/804 800/818/800 799/817/799
f 806/823/805 795/813/795 800/818/800
f 797/816/798 807/824/806 798/673/655
f 77/15/15 800/818/800 805/822/804
f 808/825/807 803/826/808 794/810/792
f 811/827/809 805/822/804 804/820/802
f 806/823/805 812/828/810 801/829/811
f 813/830/812 802/819/801 801/829/811
f 809/831/813 810/832/814 803/826/808
f 807/824/806 83/833/815 84/642/625
f 76/13/13 77/15/15 805/822/804
f 814/26/26 83/833/815 807/824/806
f 968/834/816 815/835/817 811/827/809
f 817/836/818 809/831/813 808/825/807
f 812/828/810 80/20/20 813/830/812
f 82/25/25 810/832/814 809/831/813
f 60/837/819 3/838/820 815/835/817
f 81/23/23 82/25/25 817/836/818
f 77/15/15 79/18/18 812/828/810
f 876/839/821 67/749/731 68/734/716
f 911/840/822 65/769/751 66/768/750
f 916/841/823 64/842/824 65/769/751
f 62/812/794 63/780/762 931/843/825
f 968/834/816 804/820/802 956/844/826
f 819/845/827 46/360/349 47/323/312
f 46/360/349 820/846/828 821/847/829
f 413/376/365 822/848/830 45/392/381
f 822/848/830 44/391/380 45/392/381
f 824/849/831 43/406/395 44/408/380
f 43/406/395 825/850/832 826/423/411
f 455/434/422 827/851/833 42/443/431
f 42/443/431 828/687/669 2/454/442
f 41/852/834 49/853/835 1/273/262
f 829/854/836 818/855/837 49/853/835
f 830/856/838 47/323/312 48/309/298
f 832/857/839 819/845/827 47/323/312
f 819/845/827 832/857/839 820/846/828
f 820/846/828 833/858/840 821/847/829
f 821/847/829 833/858/840 822/848/830
f 822/848/830 834/859/841 823/860/842
f 823/860/842 835/861/843 824/862/831
f 824/849/831 836/863/844 825/850/832
f 825/850/832 837/864/845 826/423/411
f 827/851/833 843/685/667 828/687/669
f 832/857/839 839/865/846 833/858/840
f 835/866/843 840/867/847 836/863/844
f 840/867/847 837/864/845 836/863/844
f 827/851/833 842/868/848 843/685/667
f 845/869/849 818/855/837 829/854/836
f 846/870/850 830/856/838 818/855/837
f 847/871/851 831/872/852 830/856/838
f 848/873/853 838/874/854 831/872/852
f 838/874/854 849/875/855 839/865/846
f 839/865/846 851/876/856 834/859/841
f 851/876/856 835/861/843 834/859/841
f 835/866/843 853/877/857 840/867/847
f 854/878/858 837/864/845 840/867/847
f 854/878/858 841/879/859 837/864/845
f 856/880/860 847/871/851 830/856/838
f 857/881/861 849/875/855 848/873/853
f 849/875/855 859/882/862 850/883/863
f 850/883/863 860/884/864 851/876/856
f 860/884/864 852/885/865 851/876/856
f 852/886/866 862/887/867 853/877/857
f 862/887/867 854/878/858 853/877/857
f 863/888/868 855/889/869 841/879/859
f 864/890/870 845/869/849 844/891/871
f 865/892/872 856/880/860 846/870/850
f 866/893/873 848/873/853 847/871/851
f 868/894/874 860/884/864 859/882/862
f 868/894/874 861/895/875 860/884/864
f 869/896/876 842/868/848 855/889/869
f 842/868/848 68/734/716 696/696/678
f 870/897/877 856/880/860 865/892/872
f 866/893/873 867/898/878 848/873/853
f 867/898/878 858/899/879 857/881/861
f 871/900/880 868/894/874 858/899/879
f 872/901/881 861/895/875 868/894/874
f 873/902/882 862/887/867 861/903/883
f 862/887/867 875/904/884 863/888/868
f 877/905/885 865/892/872 864/890/870
f 878/906/886 866/893/873 856/880/860
f 879/907/887 871/900/880 867/898/878
f 880/908/888 872/901/881 871/900/880
f 880/908/888 873/909/889 872/901/881
f 874/910/890 882/911/891 875/904/884
f 875/904/884 883/912/892 869/896/876
f 869/896/876 883/912/892 876/839/821
f 884/913/893 870/897/877 877/905/885
f 885/914/894 879/907/887 867/898/878
f 886/915/895 880/908/888 879/907/887
f 887/916/896 873/909/889 880/908/888
f 888/917/897 881/918/898 873/902/882
f 881/918/898 889/919/899 882/911/891
f 882/911/891 890/920/900 883/912/892
f 883/912/892 896/921/901 876/839/821
f 38/922/902 884/913/893 39/923/903
f 38/922/902 870/897/877 884/913/893
f 891/924/904 856/880/860 870/897/877
f 892/925/905 885/914/894 866/893/873
f 893/926/906 887/916/896 886/915/895
f 890/920/900 895/927/907 896/921/901
f 896/921/901 67/749/731 876/839/821
f 898/928/908 886/915/895 885/914/894
f 899/929/909 894/930/910 888/917/897
f 901/931/911 878/906/886 891/924/904
f 902/932/912 892/925/905 878/906/886
f 902/932/912 897/933/913 892/925/905
f 903/934/914 887/916/896 893/926/906
f 904/935/915 899/936/916 887/916/896
f 894/930/910 906/937/917 889/919/899
f 889/919/899 910/938/918 890/920/900
f 36/939/919 900/940/920 37/941/921
f 908/942/922 898/928/908 897/933/913
f 909/943/923 905/944/924 899/929/909
f 907/945/925 911/840/822 895/927/907
f 895/927/907 911/840/822 896/921/901
f 896/921/901 911/840/822 67/749/731
f 912/946/926 900/940/920 36/939/919
f 914/947/927 903/934/914 898/928/908
f 915/948/928 909/949/929 904/935/915
f 905/944/924 910/938/918 906/937/917
f 907/945/925 916/841/823 911/840/822
f 913/950/930 900/940/920 912/946/926
f 917/951/931 902/932/912 901/931/911
f 917/951/931 908/942/922 902/932/912
f 918/952/932 914/947/927 908/942/922
f 909/943/923 921/953/933 905/944/924
f 905/944/924 922/954/934 910/938/918
f 910/938/918 923/955/935 907/945/925
f 923/955/935 925/956/936 916/841/823
f 916/841/823 925/956/936 64/842/824
f 1092/957/937 912/946/926 1086/958/938
f 926/959/939 917/951/931 913/950/930
f 941/960/940 908/942/922 917/951/931
f 941/960/940 918/952/932 908/942/922
f 918/952/932 927/961/941 919/962/942
f 924/963/943 928/964/944 920/965/945
f 920/966/945 928/967/944 921/953/933
f 921/953/933 929/968/946 922/954/934
f 922/954/934 930/969/947 923/955/935
f 925/956/936 931/843/825 760/776/758
f 1092/957/937 35/970/948 912/946/926
f 912/946/926 932/971/949 913/950/930
f 933/972/950 941/960/940 917/951/931
f 927/961/941 934/973/951 924/963/943
f 930/969/947 931/843/825 925/956/936
f 918/952/932 949/974/952 927/961/941
f 934/973/951 935/975/953 928/964/944
f 928/967/944 936/976/954 929/968/946
f 929/968/946 937/977/955 930/969/947
f 930/969/947 937/977/955 931/843/825
f 34/978/956 939/979/957 932/971/949
f 932/971/949 939/979/957 933/972/950
f 933/972/950 940/980/958 941/960/940
f 927/961/941 942/981/959 934/973/951
f 934/973/951 943/982/960 935/975/953
f 936/976/954 944/983/961 937/977/955
f 33/984/962 946/985/963 939/979/957
f 946/985/963 940/980/958 939/979/957
f 940/980/958 947/986/964 941/960/940
f 941/960/940 948/987/965 949/974/952
f 943/988/960 950/989/966 935/990/953
f 951/821/803 62/812/794 938/991/967
f 948/987/965 953/992/968 949/974/952
f 942/981/959 954/993/969 943/982/960
f 954/994/970 950/989/966 943/988/960
f 956/844/826 951/821/803 944/983/961
f 945/995/971 965/996/972 946/985/963
f 947/986/964 957/997/973 948/987/965
f 950/989/966 960/998/974 936/976/954
f 958/999/975 962/1000/976 953/992/968
f 953/992/968 963/1001/977 942/981/959
f 942/981/959 964/1002/978 954/993/969
f 964/1003/979 959/1004/980 954/994/970
f 960/998/974 967/1005/981 955/1006/982
f 965/996/972 969/1007/983 961/1008/984
f 961/1008/984 969/1007/983 952/1009/985
f 969/1007/983 970/1010/986 966/1011/987
f 966/1011/987 977/1012/988 958/999/975
f 958/999/975 971/1013/989 962/1000/976
f 962/1000/976 972/1014/990 963/1001/977
f 959/1004/980 973/1015/991 960/998/974
f 960/998/974 974/1016/992 967/1005/981
f 975/1017/993 969/1007/983 965/996/972
f 966/1011/987 976/1018/994 977/1012/988
f 973/1015/991 979/1019/995 974/1016/992
f 977/1012/988 981/1020/996 982/1021/997
f 982/1021/997 983/1022/998 972/1014/990
f 972/1014/990 984/1023/999 964/1002/978
f 984/1024/999 978/1025/1000 964/1003/979
f 978/1025/1000 985/1026/1001 973/1015/991
f 979/1019/995 60/837/819 968/834/816
f 978/1025/1000 988/1027/1002 985/1026/1001
f 985/1026/1001 988/1027/1002 979/1019/995
f 986/1028/1003 970/1010/986 969/1007/983
f 52/163/154 976/1018/994 970/1010/986
f 52/163/154 981/1020/996 976/1018/994
f 990/1029/1004 987/1030/1005 981/1020/996
f 987/1030/1005 991/1031/1006 983/1022/998
f 983/1022/998 991/1031/1006 984/1023/999
f 984/1024/999 992/1032/1007 988/1027/1002
f 296/216/207 975/1017/993 980/1033/1008
f 50/179/170 986/1028/1003 975/1017/993
f 50/179/170 52/163/154 986/1028/1003
f 53/1034/1009 987/1030/1005 990/1029/1004
f 54/130/121 991/1031/1006 987/1030/1005
f 991/1035/1006 56/52/52 992/1032/1007
f 992/1032/1007 57/54/54 989/1036/1010
f 989/1036/1010 59/29/29 121/16/16
f 1013/1037/1011 829/854/836 41/852/834
f 1035/1038/1012 864/890/870 40/1039/1013
f 1043/1040/1014 39/923/903 1035/1038/1012
f 1047/1041/1015 38/922/902 1043/1040/1014
f 1058/1042/1016 37/941/921 1047/1041/1015
f 1068/1043/1017 36/939/919 1058/1042/1016
f 1136/1044/1018 975/1017/993 965/996/972
f 1144/1045/1019 980/1033/1008 975/1017/993
f 994/1046/1020 12/286/275 13/255/246
f 995/1047/1021 10/283/272 11/291/280
f 1001/279/268 997/278/267 324/277/266
f 5/276/265 998/1048/1022 4/275/264
f 494/483/471 505/506/493 993/254/245
f 505/506/493 994/1046/1020 993/254/245
f 1000/1049/1023 8/289/278 9/284/273
f 5/276/265 1002/1050/1024 998/1048/1022
f 999/1051/1025 41/852/834 1/273/262
f 505/506/493 1004/1052/1026 994/1046/1020
f 1005/1053/1027 10/283/272 995/1047/1021
f 1006/1054/1028 1000/1049/1023 10/283/272
f 996/1055/1029 1007/1056/1030 6/281/270
f 997/278/267 1011/1057/1031 1002/1050/1024
f 1002/1050/1024 1008/1058/1032 1003/1059/1033
f 1003/1059/1033 1013/1037/1011 999/1051/1025
f 14/1060/1034 1009/1061/1035 505/506/493
f 1004/1052/1026 1014/1062/1036 994/1046/1020
f 1014/1062/1036 995/1047/1021 994/1046/1020
f 1001/279/268 1020/1063/1037 997/278/267
f 1010/1064/1038 1011/1057/1031 997/278/267
f 1008/1058/1032 1012/1065/1039 1013/1037/1011
f 1009/1061/1035 1014/1062/1036 1004/1052/1026
f 1015/1066/1040 1005/1053/1027 995/1047/1021
f 1017/1067/1041 1006/1054/1028 1005/1053/1027
f 1007/1056/1030 1019/1068/1042 1001/279/268
f 1011/1057/1031 1021/1069/1043 1012/1065/1039
f 1012/1065/1039 1022/1070/1044 1013/1037/1011
f 531/471/459 15/473/461 1009/1061/1035
f 1009/1061/1035 15/473/461 1014/1062/1036
f 1024/1071/1045 1000/1049/1023 1006/1054/1028
f 1000/1049/1023 1025/1072/1046 1018/1073/1047
f 1010/1064/1038 1027/1074/1048 1011/1057/1031
f 1011/1057/1031 1027/1074/1048 1021/1069/1043
f 1028/1075/1049 1022/1070/1044 1021/1069/1043
f 1022/1070/1044 40/1039/1013 844/891/871
f 15/473/461 1029/1076/1050 1023/1077/1051
f 1026/1078/1052 1032/1079/1053 1007/1056/1030
f 16/472/460 1030/1080/1054 1029/1076/1050
f 1029/1076/1050 1039/1081/1055 1015/1066/1040
f 1015/1066/1040 1031/1082/1056 1016/1083/1057
f 1010/1064/1038 1033/1084/1058 1027/1074/1048
f 1027/1074/1048 1034/1085/1059 1028/1075/1049
f 1035/1038/1012 40/1039/1013 1028/1075/1049
f 17/1086/1060 16/472/460 562/563/548
f 1031/1082/1056 1017/1067/1041 1016/1083/1057
f 1037/1087/1061 1020/1063/1037 1019/1068/1042
f 1030/1080/1054 1038/1088/1062 1039/1081/1055
f 1031/1082/1056 1040/1089/1063 1017/1067/1041
f 1017/1067/1041 1040/1089/1063 1024/1071/1045
f 1024/1071/1045 1041/1090/1064 1025/1072/1046
f 1042/1091/1065 1034/1085/1059 1033/1084/1058
f 1042/1091/1065 1035/1038/1012 1034/1085/1059
f 17/1086/1060 1044/1092/1066 1045/1093/1067
f 1038/1088/1062 1050/1094/1068 1039/1081/1055
f 1039/1081/1055 1050/1094/1068 1031/1082/1056
f 1041/1090/1064 1056/1095/1069 1026/1078/1052
f 1026/1078/1052 1056/1095/1069 1032/1079/1053
f 1046/1096/1070 1033/1084/1058 1037/1087/1061
f 1046/1096/1070 1042/1091/1065 1033/1084/1058
f 573/580/565 18/1097/1071 1044/1092/1066
f 1044/1092/1066 1048/1098/1072 1045/1093/1067
f 1045/1093/1067 1049/1099/1073 1038/1088/1062
f 1038/1088/1062 1049/1099/1073 1050/1094/1068
f 1052/1100/1074 1042/1091/1065 1046/1096/1070
f 1047/1041/1015 1043/1040/1014 1042/1091/1065
f 1049/1099/1073 1053/1101/1075 1050/1094/1068
f 1050/1094/1068 1054/1102/1076 1040/1089/1063
f 1040/1089/1063 1055/1103/1077 1051/1104/1078
f 1051/1104/1078 1064/1105/1079 1041/1090/1064
f 1057/1106/1080 1046/1096/1070 1036/1107/1081
f 1053/1101/1075 1061/1108/1082 1054/1102/1076
f 1054/1102/1076 1062/1109/1083 1055/1103/1077
f 1065/1110/1084 1057/1106/1080 1036/1107/1081
f 1066/1111/1085 1047/1041/1015 1052/1100/1074
f 1067/1112/1086 1058/1042/1016 1047/1041/1015
f 1059/1113/1087 1069/1114/1088 1060/1115/1089
f 1070/1116/1090 1053/1101/1075 1060/1115/1089
f 1053/1101/1075 1071/1117/1091 1061/1108/1082
f 1061/1108/1082 1072/1118/1092 1054/1102/1076
f 1063/1119/1093 1073/1120/1094 1055/1103/1077
f 1055/1103/1077 1073/1120/1094 1051/1104/1078
f 1051/1104/1078 1074/1121/1095 1064/1105/1079
f 1064/1105/1079 1075/1122/1096 1056/1095/1069
f 1076/1123/1097 1057/1106/1080 1065/1110/1084
f 1076/1123/1097 1052/1100/1074 1057/1106/1080
f 1069/1114/1088 1077/1124/1098 1070/1116/1090
f 1078/1125/1099 1071/1117/1091 1070/1116/1090
f 1071/1117/1091 1079/1126/1100 1072/1118/1092
f 1072/1118/1092 1080/1127/1101 1062/1109/1083
f 1062/1109/1083 1080/1127/1101 1063/1119/1093
f 1063/1119/1093 1081/1128/1102 1073/1120/1094
f 1073/1120/1094 1082/1129/1103 1074/1121/1095
f 1074/1121/1095 1083/1130/1104 1075/1122/1096
f 1075/1122/1096 1084/1131/1105 1065/1110/1084
f 1084/1131/1105 1076/1123/1097 1065/1110/1084
f 1085/1132/1106 1066/1111/1085 1076/1123/1097
f 1085/1132/1106 1067/1112/1086 1066/1111/1085
f 1088/1133/1107 1079/1126/1100 1078/1125/1099
f 1081/1128/1102 1096/1134/1108 1082/1129/1103
f 1082/1129/1103 1090/1135/1109 1083/1130/1104
f 1083/1130/1104 1090/1135/1109 1084/1131/1105
f 1090/1135/1109 1085/1132/1106 1084/1131/1105
f 1091/1136/1110 1086/958/938 1085/1132/1106
f 20/605/589 1077/1124/1098 19/1137/1111
f 1093/1138/1112 1078/1125/1099 1077/1124/1098
f 1094/1139/1113 1088/1133/1107 1087/1140/1114
f 1095/1141/1115 1089/1142/1116 1080/1127/1101
f 1089/1142/1116 1096/1134/1108 1081/1128/1102
f 1096/1134/1108 1097/1143/1117 1090/1135/1109
f 1099/1144/1118 1091/1136/1110 1090/1135/1109
f 21/612/595 1093/1138/1112 20/605/589
f 1100/1145/1119 1087/1140/1114 1093/1138/1112
f 1101/1146/1120 1094/1139/1113 1087/1140/1114
f 1101/1146/1120 1095/1141/1115 1094/1139/1113
f 1095/1141/1115 1103/1147/1121 1089/1142/1116
f 1089/1142/1116 1109/1148/1122 1096/1134/1108
f 1096/1134/1108 1104/1149/1123 1097/1143/1117
f 1097/1143/1117 1105/1150/1124 1098/1151/1125
f 1105/1150/1124 1099/1144/1118 1098/1151/1125
f 1099/1144/1118 1107/1152/1126 1092/957/937
f 1092/957/937 34/978/956 35/970/948
f 1108/1153/1127 1101/1146/1120 1100/1145/1119
f 1103/1147/1121 1116/1154/1128 1109/1148/1122
f 1105/1150/1124 1111/1155/1129 1106/1156/1130
f 1106/1156/1130 1112/1157/1131 1107/1152/1126
f 1107/1152/1126 1112/1157/1131 34/978/956
f 1113/1158/1132 1100/1145/1119 22/618/601
f 1113/1158/1132 1108/1153/1127 1100/1145/1119
f 1114/1159/1133 1102/1160/1134 1108/1153/1127
f 1115/1161/1135 1103/1147/1121 1102/1160/1134
f 1103/1147/1121 1115/1161/1135 1116/1154/1128
f 1109/1148/1122 1116/1154/1128 1104/1149/1123
f 1104/1149/1123 1117/1162/1136 1110/1163/1137
f 1110/1163/1137 1118/1164/1138 1111/1155/1129
f 1111/1155/1129 1120/1165/1139 1112/1157/1131
f 1121/475/463 1113/1158/1132 23/632/615
f 1116/1154/1128 1130/1166/1140 1117/1162/1136
f 1117/1162/1136 1125/1167/1141 1118/1164/1138
f 1126/1168/1142 1122/1169/1143 1121/475/463
f 1126/1168/1142 1114/1159/1133 1122/1169/1143
f 1127/1170/1144 1123/1171/1145 1114/1159/1133
f 1123/1171/1145 1128/1172/1146 1124/1173/1147
f 1116/1154/1128 1129/1174/1148 1130/1166/1140
f 1125/1167/1141 1131/1175/1149 1119/1176/1150
f 1120/1165/1139 1136/1044/1018 945/995/971
f 1128/1172/1146 1133/1177/1151 1129/1174/1148
f 1130/1166/1140 1135/1178/1152 1125/1167/1141
f 1131/1175/1149 1136/1044/1018 1119/1176/1150
f 1137/1179/1153 1127/1170/1144 1126/1168/1142
f 1138/1180/1154 1132/1181/1155 1127/1170/1144
f 1139/474/462 1126/1168/1142 1121/475/463
f 1132/1181/1155 1141/1182/1156 1133/1177/1151
f 1134/1183/1157 1142/1184/1158 1135/1178/1152
f 1135/1178/1152 1142/1184/1158 1131/1175/1149
f 1131/1175/1149 1143/1185/1159 1136/1044/1018
f 1145/1186/1160 1138/1180/1154 1127/1170/1144
f 1138/1180/1154 1146/1187/1161 1140/1188/1162
f 1140/1188/1162 1151/1189/1163 1141/1182/1156
f 1141/1182/1156 1151/1189/1163 1134/1183/1157
f 1147/1190/1164 1142/1184/1158 1134/1183/1157
f 1148/1191/1165 1143/1185/1159 1142/1184/1158
f 1149/1192/1166 1144/1045/1019 1143/1185/1159
f 24/243/234 1137/1179/1153 1139/474/462
f 1145/1186/1160 26/252/243 1138/1180/1154
f 1152/1193/1167 1149/1192/1166 1148/1191/1165
f 24/243/234 25/238/229 1137/1179/1153
f 1137/1179/1153 25/238/229 1145/1186/1160
f 1150/1194/1168 29/249/240 1146/1187/1161
f 1146/1187/1161 1153/1195/1169 1151/1189/1163
f 1154/1196/1170 1147/1190/1164 1151/1189/1163
f 1155/245/236 1149/1192/1166 1152/1193/1167
f 26/252/243 27/235/226 1150/1194/1168
f 30/248/239 1154/1196/1170 1153/1195/1169
f 31/246/237 1152/1193/1167 1154/1196/1170
f 32/244/235 1155/245/236 1152/1193/1167
f 644/1197/1171 137/1/1 651/3/3
f 137/1/1 112/6/6 111/2/2
f 186/1198/9 116/1199/8 115/81/81
f 214/10/10 117/664/646 116/8/8
f 214/10/10 118/12/12 117/664/646
f 273/193/184 120/665/647 119/11/11
f 273/193/184 24/243/234 120/665/647
f 3/838/820 121/16/16 76/13/13
f 77/15/15 122/14/14 78/30/30
f 76/13/13 132/17/17 122/14/14
f 816/21/21 123/19/19 124/22/22
f 125/24/24 126/28/28 814/26/26
f 814/26/26 137/1/1 644/1197/1171
f 122/14/14 128/42/42 78/30/30
f 124/22/22 127/27/27 81/23/23
f 78/30/30 128/42/42 133/31/31
f 79/18/18 133/31/31 129/32/32
f 123/19/19 129/32/32 130/33/33
f 130/33/33 127/27/27 124/22/22
f 58/53/53 131/36/36 59/29/29
f 59/29/29 131/36/36 145/34/34
f 122/14/14 132/17/17 128/42/42
f 127/27/27 134/46/46 125/24/24
f 134/46/46 135/35/35 125/24/24
f 135/35/35 136/40/40 126/28/28
f 136/40/40 137/1/1 126/28/28
f 138/38/38 139/47/47 127/27/27
f 139/47/47 134/46/46 127/27/27
f 134/46/46 140/49/49 135/35/35
f 140/49/49 141/39/39 135/35/35
f 136/40/40 142/51/51 137/1/1
f 137/1/1 142/51/51 112/6/6
f 58/53/53 143/56/56 131/36/36
f 131/36/36 143/56/56 152/65/65
f 131/36/36 152/65/65 144/37/37
f 132/17/17 145/34/34 161/41/41
f 133/31/31 154/43/43 146/44/44
f 130/33/33 146/44/44 138/38/38
f 147/45/45 148/48/48 134/46/46
f 148/48/48 141/39/39 140/49/49
f 141/39/39 149/50/50 136/40/40
f 149/50/50 150/80/80 142/51/51
f 142/51/51 150/80/80 114/4/4
f 56/52/52 151/55/55 58/53/53
f 144/37/37 152/65/65 153/59/59
f 144/37/37 153/59/59 161/41/41
f 146/44/44 155/70/70 138/38/38
f 155/70/70 156/57/57 138/38/38
f 156/57/57 157/73/73 147/45/45
f 148/48/48 158/77/77 141/39/39
f 158/77/77 159/58/58 141/39/39
f 146/44/44 162/61/61 155/70/70
f 148/48/48 163/75/75 158/77/77
f 55/62/62 176/63/63 151/55/55
f 176/63/63 164/64/64 143/56/56
f 164/64/64 165/83/83 152/65/65
f 152/65/65 165/83/83 166/66/66
f 153/59/59 166/66/66 160/60/60
f 154/43/43 167/67/67 168/68/68
f 162/61/61 168/68/68 169/69/69
f 155/70/70 169/69/69 170/71/71
f 170/71/71 171/72/72 156/57/57
f 171/72/72 172/74/74 147/45/45
f 163/75/75 173/76/76 158/77/77
f 173/76/76 193/92/92 159/58/58
f 159/58/58 193/92/92 174/78/78
f 149/50/50 174/78/78 175/79/79
f 150/80/80 175/79/79 115/81/81
f 164/64/64 176/63/63 177/82/82
f 160/60/60 178/84/84 179/85/85
f 167/67/67 179/85/85 180/86/86
f 168/68/68 180/86/86 181/87/87
f 181/87/87 182/88/88 170/71/71
f 182/88/88 183/89/89 171/72/72
f 183/89/89 184/90/90 172/74/74
f 184/90/90 185/1200/100 163/75/75
f 163/75/75 185/1200/100 192/91/91
f 173/76/76 192/91/91 193/92/92
f 175/79/79 186/1198/9 115/81/81
f 165/1201/83 177/105/82 166/108/66
f 180/93/86 179/110/85 187/112/105
f 180/93/86 187/112/105 188/94/93
f 188/94/93 189/115/108 182/96/95
f 189/115/108 190/97/96 182/96/95
f 190/97/96 191/100/99 184/99/98
f 175/1202/79 193/121/92 186/9/9
f 55/102/62 54/130/121 194/103/101
f 177/105/82 195/106/102 166/108/66
f 195/106/102 196/142/133 178/107/84
f 178/107/84 196/142/133 197/109/103
f 179/110/85 197/109/103 198/111/104
f 187/112/105 198/111/104 199/123/114
f 187/112/105 199/123/114 200/113/106
f 188/94/93 200/113/106 201/114/107
f 201/114/107 202/126/117 190/97/96
f 190/97/96 202/126/117 203/127/118
f 190/97/96 203/127/118 204/116/109
f 191/100/99 204/116/109 205/117/110
f 185/101/100 205/117/110 213/118/111
f 193/121/92 206/120/112 207/7/7
f 194/103/101 195/106/102 177/105/82
f 198/111/104 197/109/103 208/122/113
f 199/123/114 208/122/113 209/124/115
f 200/113/106 210/125/116 201/114/107
f 204/116/109 211/128/119 212/129/120
f 205/117/110 212/129/120 213/118/111
f 192/119/91 213/118/111 206/120/112
f 54/130/121 53/1034/1009 215/131/122
f 196/142/133 216/143/134 197/109/103
f 216/143/134 217/132/123 197/109/103
f 217/132/123 218/133/124 208/122/113
f 218/133/124 219/155/146 209/124/115
f 209/124/115 219/155/146 220/157/148
f 220/157/148 221/134/125 209/124/115
f 202/126/117 232/135/126 222/136/127
f 211/128/119 222/136/127 223/147/138
f 211/128/119 223/147/138 212/129/120
f 213/118/111 224/137/128 225/138/129
f 206/120/112 225/138/129 226/139/130
f 227/140/131 228/141/132 195/106/102
f 216/143/134 229/144/135 217/132/123
f 220/157/148 230/145/136 221/134/125
f 210/125/116 230/145/136 231/146/137
f 222/136/127 232/135/126 223/147/138
f 212/129/120 233/148/139 224/137/128
f 53/1034/1009 52/163/154 215/131/122
f 234/150/141 235/151/142 227/140/131
f 236/152/143 237/153/144 229/144/135
f 237/153/144 238/154/145 218/133/124
f 238/154/145 239/156/147 219/155/146
f 239/156/147 240/158/149 220/157/148
f 231/146/137 248/159/150 241/160/151
f 232/135/126 241/160/151 242/161/152
f 223/147/138 242/161/152 243/166/157
f 223/147/138 243/166/157 233/148/139
f 224/137/128 244/162/153 245/149/140
f 225/138/129 245/149/140 226/139/130
f 226/139/130 119/11/11 214/10/10
f 235/151/142 246/164/155 228/141/132
f 240/158/149 247/165/156 230/145/136
f 233/148/139 249/167/158 244/162/153
f 252/171/162 253/172/163 236/152/143
f 253/172/163 254/173/164 238/154/145
f 254/173/164 255/187/178 239/156/147
f 255/187/178 256/174/165 239/156/147
f 248/159/150 257/175/166 263/191/182
f 248/159/150 263/191/182 241/160/151
f 243/166/157 265/176/167 249/167/158
f 244/162/153 267/177/168 250/168/159
f 245/149/140 258/178/169 251/169/160
f 50/179/170 259/180/171 234/150/141
f 259/180/171 260/181/172 235/151/142
f 252/171/162 261/182/173 253/172/163
f 261/182/173 255/187/178 254/173/164
f 256/174/165 262/189/180 247/165/156
f 262/189/180 257/175/166 247/165/156
f 242/161/152 264/183/174 265/176/167
f 249/167/158 265/176/167 266/184/175
f 250/168/159 267/177/168 258/178/169
f 260/181/172 268/185/176 252/171/162
f 268/185/176 269/186/177 261/182/173
f 269/186/177 270/188/179 256/174/165
f 262/189/180 278/198/189 257/175/166
f 257/175/166 278/198/189 271/190/181
f 241/160/151 271/190/181 272/192/183
f 274/194/185 275/195/186 260/181/172
f 268/185/176 276/196/187 269/186/177
f 271/190/181 285/205/196 272/192/183
f 265/176/167 279/199/190 280/200/191
f 266/184/175 280/200/191 258/178/169
f 251/169/160 281/201/192 273/193/184
f 276/196/187 283/203/194 270/188/179
f 283/203/194 277/197/188 262/189/180
f 272/192/183 285/205/196 279/199/190
f 50/179/170 287/207/198 259/180/171
f 274/194/185 288/208/199 275/195/186
f 288/208/199 289/209/200 282/202/193
f 289/209/200 290/210/201 276/196/187
f 290/210/201 291/219/210 283/203/194
f 291/219/210 300/211/202 283/203/194
f 284/204/195 292/212/203 293/213/204
f 285/205/196 293/213/204 294/214/205
f 280/200/191 294/214/205 286/206/197
f 281/201/192 295/215/206 273/193/184
f 298/218/209 299/224/215 289/209/200
f 299/224/215 291/219/210 289/209/200
f 292/212/203 300/211/202 301/228/219
f 292/212/203 301/228/219 302/220/211
f 293/213/204 302/220/211 303/221/212
f 294/214/205 303/221/212 286/206/197
f 297/217/208 304/222/213 288/208/199
f 300/211/202 291/219/210 301/228/219
f 296/216/207 297/217/208 287/207/198
f 304/222/213 306/225/216 298/218/209
f 306/225/216 305/223/214 299/224/215
f 291/219/210 307/226/217 308/227/218
f 302/220/211 308/227/218 309/236/227
f 302/220/211 309/236/227 310/229/220
f 303/221/212 310/229/220 311/230/221
f 286/206/197 311/230/221 295/215/206
f 312/231/222 313/232/223 304/222/213
f 313/232/223 314/233/224 305/223/214
f 314/233/224 315/241/232 307/226/217
f 307/226/217 315/241/232 316/234/225
f 308/227/218 316/234/225 27/235/226
f 309/236/227 27/235/226 322/237/228
f 310/229/220 322/237/228 311/230/221
f 317/239/230 312/231/222 297/217/208
f 318/240/231 319/247/238 315/241/232
f 319/247/238 320/242/233 315/241/232
f 316/234/225 320/242/233 321/250/241
f 316/234/225 321/250/241 27/235/226
f 295/215/206 25/238/229 24/243/234
f 317/239/230 1155/245/236 312/231/222
f 32/244/235 31/246/237 318/240/231
f 31/246/237 30/248/239 319/247/238
f 320/242/233 30/248/239 29/249/240
f 321/250/241 29/249/240 28/251/242
f 322/237/228 26/252/243 25/238/229
f 332/253/244 98/257/248 993/254/245
f 371/331/320 100/354/343 99/258/249
f 400/261/252 101/260/251 100/354/343
f 426/400/389 103/478/466 102/259/250
f 426/400/389 104/264/255 103/478/466
f 426/400/389 437/262/253 104/264/255
f 106/266/256 463/268/257 107/270/259
f 463/268/257 473/271/260 108/269/258
f 4/275/264 323/274/263 5/276/265
f 5/276/265 328/287/276 324/277/266
f 1001/279/268 324/277/266 325/280/269
f 6/281/270 325/280/269 7/295/284
f 326/282/271 11/291/280 10/283/272
f 1/273/262 49/853/835 339/299/288
f 1/273/262 339/299/288 323/274/263
f 7/295/284 329/288/277 8/289/278
f 324/277/266 333/293/282 325/280/269
f 329/288/277 335/305/294 326/282/271
f 335/305/294 336/296/285 326/282/271
f 330/290/279 331/292/281 327/285/274
f 323/274/263 339/299/288 341/298/287
f 328/287/276 341/298/287 333/293/282
f 7/295/284 334/294/283 329/288/277
f 336/296/285 346/316/305 330/290/279
f 346/316/305 331/292/281 330/290/279
f 333/293/282 342/301/290 343/302/291
f 325/280/269 343/302/291 334/294/283
f 344/304/293 345/306/295 335/305/294
f 345/306/295 346/316/305 336/296/285
f 331/292/281 347/307/296 337/297/286
f 49/853/835 48/309/298 339/299/288
f 346/316/305 350/318/307 331/292/281
f 350/318/307 347/307/296 331/292/281
f 347/307/296 351/332/321 338/256/247
f 351/332/321 99/258/249 338/256/247
f 341/298/287 361/311/300 342/301/290
f 334/294/283 354/313/302 348/303/292
f 349/308/297 355/314/303 344/304/293
f 355/314/303 356/315/304 345/306/295
f 356/315/304 357/330/319 346/316/305
f 357/330/319 358/317/306 346/316/305
f 350/318/307 359/336/325 347/307/296
f 359/336/325 351/332/321 347/307/296
f 48/309/298 47/323/312 352/310/299
f 343/302/291 366/320/309 354/313/302
f 348/303/292 362/321/310 363/322/311
f 358/317/306 359/336/325 350/318/307
f 352/310/299 364/324/313 360/319/308
f 353/312/301 365/326/315 366/320/309
f 354/313/302 367/327/316 362/321/310
f 363/322/311 368/328/317 355/314/303
f 368/328/317 369/329/318 356/315/304
f 369/329/318 370/344/333 358/317/306
f 359/336/325 371/331/320 351/332/321
f 361/311/300 372/325/314 365/326/315
f 363/322/311 373/333/322 368/328/317
f 370/344/333 375/335/324 358/317/306
f 375/335/324 376/337/326 359/336/325
f 364/324/313 385/346/335 377/338/327
f 372/325/314 377/338/327 378/339/328
f 365/326/315 378/339/328 379/340/329
f 366/320/309 379/340/329 380/341/330
f 367/327/316 380/341/330 381/342/331
f 381/342/331 374/334/323 368/328/317
f 374/334/323 382/343/332 369/329/318
f 382/343/332 383/345/334 370/344/333
f 383/345/334 384/359/348 375/335/324
f 47/323/312 46/360/349 385/346/335
f 378/339/328 386/347/336 387/348/337
f 379/340/329 387/348/337 388/349/338
f 380/341/330 388/349/338 389/350/339
f 381/342/331 389/350/339 397/351/340
f 374/334/323 390/374/363 382/343/332
f 384/359/348 391/352/341 375/335/324
f 391/352/341 392/353/342 376/337/326
f 385/346/335 401/361/350 393/355/344
f 377/338/327 393/355/344 386/347/336
f 387/348/337 394/356/345 395/357/346
f 388/349/338 395/357/346 396/358/347
f 389/350/339 396/358/347 405/370/359
f 389/350/339 405/370/359 397/351/340
f 397/351/340 398/372/361 374/334/323
f 398/372/361 390/374/363 374/334/323
f 384/359/348 399/375/364 391/352/341
f 392/353/342 400/261/252 100/354/343
f 386/347/336 402/362/351 403/363/352
f 394/356/345 403/363/352 404/364/353
f 395/357/346 404/364/353 396/358/347
f 405/370/359 398/372/361 397/351/340
f 399/375/364 406/365/354 391/352/341
f 406/365/354 400/261/252 392/353/342
f 393/355/344 407/366/355 415/367/356
f 402/362/351 415/367/356 403/363/352
f 403/363/352 416/378/367 404/364/353
f 408/368/357 409/369/358 396/358/347
f 409/369/358 410/371/360 405/370/359
f 410/371/360 411/373/362 398/372/361
f 406/365/354 412/382/371 400/261/252
f 46/360/349 821/847/829 413/376/365
f 401/361/350 413/376/365 407/366/355
f 404/364/353 417/379/368 408/368/357
f 409/369/358 418/385/374 410/371/360
f 418/385/374 419/380/369 410/371/360
f 411/373/362 419/380/369 420/397/386
f 411/373/362 420/397/386 423/389/378
f 413/376/365 421/383/372 407/366/355
f 411/373/362 423/389/378 424/381/370
f 406/365/354 424/381/370 425/386/375
f 425/386/375 426/400/389 102/259/250
f 45/392/381 421/383/372 413/376/365
f 417/379/368 427/387/376 408/368/357
f 427/387/376 428/396/385 418/385/374
f 418/385/374 428/396/385 435/388/377
f 423/389/378 436/398/387 429/390/379
f 424/381/370 429/390/379 430/399/388
f 424/381/370 430/399/388 425/386/375
f 44/391/380 431/1203/396 421/383/372
f 431/1203/396 432/393/382 421/383/372
f 432/393/382 433/394/383 416/378/367
f 433/394/383 434/395/384 417/379/368
f 434/395/384 435/388/377 428/396/385
f 420/397/386 435/388/377 436/398/387
f 431/1203/396 438/401/390 432/393/382
f 438/401/390 439/402/391 433/394/383
f 439/402/391 440/1204/1172 434/395/384
f 440/1204/1172 441/403/392 434/395/384
f 435/388/377 441/403/392 442/1205/1173
f 435/388/377 442/1205/1173 443/404/393
f 436/398/387 443/404/393 444/405/394
f 437/262/253 444/405/394 445/1206/410
f 43/406/395 446/409/397 431/407/396
f 446/409/397 447/411/399 438/410/398
f 447/411/399 448/425/413 439/412/400
f 448/425/413 449/413/401 439/412/400
f 449/413/401 450/416/404 441/415/403
f 442/417/405 450/416/404 451/429/417
f 442/417/405 451/429/417 452/418/406
f 444/420/408 452/418/406 453/432/420
f 444/420/408 453/432/420 454/421/409
f 445/422/410 454/421/409 106/266/256
f 826/423/411 455/434/422 446/409/397
f 455/434/422 456/424/412 446/409/397
f 456/424/412 457/436/424 448/425/413
f 457/436/424 458/426/414 448/425/413
f 458/426/414 459/427/415 449/413/401
f 459/427/415 460/439/427 450/416/404
f 450/416/404 460/439/427 461/428/416
f 451/429/417 461/428/416 468/430/418
f 452/418/406 468/430/418 462/431/419
f 453/432/420 462/431/419 463/268/257
f 464/433/421 465/435/423 456/424/412
f 460/439/427 467/438/426 481/457/445
f 460/439/427 481/457/445 461/428/416
f 468/430/418 469/447/435 470/441/429
f 462/431/419 470/441/429 471/452/440
f 462/431/419 471/452/440 472/442/430
f 463/268/257 472/442/430 473/271/260
f 461/428/416 481/457/445 474/440/428
f 465/435/423 475/444/432 457/436/424
f 466/437/425 476/445/433 458/426/414
f 476/445/433 467/438/426 459/427/415
f 469/447/435 478/446/434 470/441/429
f 464/433/421 477/448/436 465/435/423
f 478/446/434 485/459/447 470/441/429
f 473/271/260 482/449/437 109/272/261
f 42/443/431 479/450/438 464/433/421
f 475/444/432 480/451/439 466/437/425
f 474/440/428 488/458/446 485/459/447
f 470/441/429 69/460/448 487/461/449
f 471/452/440 487/461/449 482/449/437
f 477/448/436 483/455/443 475/444/432
f 476/445/433 71/466/454 467/438/426
f 467/438/426 71/466/454 481/457/445
f 479/450/438 75/464/452 477/448/436
f 480/451/439 73/680/662 484/456/444
f 73/680/662 72/681/663 484/456/444
f 488/458/446 70/467/455 658/468/456
f 486/462/450 658/468/456 659/469/457
f 482/449/437 660/470/458 97/463/451
f 505/506/493 518/526/512 14/1060/1034
f 518/526/512 531/471/459 14/1060/1034
f 531/471/459 562/563/548 16/472/460
f 573/580/565 582/579/564 18/1097/1071
f 18/1097/1071 593/592/577 1059/1113/1087
f 1059/1113/1087 593/592/577 19/1137/1111
f 593/592/577 20/605/589 19/1137/1111
f 614/617/600 23/632/615 22/618/601
f 120/665/647 24/243/234 1139/474/462
f 110/453/441 108/269/258 109/272/261
f 107/270/259 105/267/254 106/266/256
f 103/478/466 489/477/465 490/479/467
f 101/260/251 490/479/467 491/480/468
f 100/354/343 491/480/468 492/481/469
f 492/481/469 503/494/482 99/258/249
f 98/257/248 493/482/470 494/483/471
f 495/484/472 506/485/473 110/453/441
f 496/486/474 497/487/475 107/270/259
f 497/487/475 498/501/476 105/267/254
f 498/488/476 499/489/477 104/264/255
f 499/489/477 500/490/478 489/477/465
f 500/490/478 501/491/479 490/479/467
f 501/491/479 502/492/480 491/480/468
f 492/481/469 502/492/480 515/493/481
f 99/258/249 517/495/483 504/496/484
f 494/483/471 504/496/484 505/506/493
f 495/484/472 520/508/495 506/485/473
f 108/269/258 507/497/485 508/498/486
f 496/486/474 508/498/486 509/499/487
f 497/487/475 509/499/487 510/500/488
f 498/488/476 510/512/488 511/502/489
f 511/502/489 500/490/478 499/489/477
f 500/490/478 512/503/490 501/491/479
f 512/503/490 513/516/502 502/492/480
f 502/492/480 513/516/502 514/504/491
f 515/493/481 516/519/505 517/495/483
f 504/496/484 517/495/483 530/505/492
f 530/505/492 518/526/512 505/506/493
f 495/484/472 519/507/494 520/508/495
f 507/497/485 520/508/495 521/509/496
f 508/498/486 521/509/496 522/510/497
f 509/499/487 522/510/497 523/511/498
f 510/500/488 523/511/498 524/532/518
f 510/512/488 524/533/518 525/513/499
f 525/513/499 526/514/500 500/490/478
f 526/514/500 527/515/501 512/503/490
f 513/516/502 527/515/501 528/517/503
f 514/504/491 528/517/503 545/518/504
f 515/493/481 545/518/504 516/519/505
f 520/508/495 532/521/507 533/529/515
f 520/508/495 533/529/515 534/522/508
f 521/509/496 534/522/508 535/523/509
f 522/510/497 535/523/509 523/511/498
f 527/515/501 536/524/510 528/517/503
f 532/521/507 96/527/513 537/528/514
f 533/529/515 537/528/514 538/541/526
f 533/529/515 538/541/526 534/522/508
f 523/511/498 539/530/516 540/531/517
f 524/533/518 540/549/534 541/534/519
f 525/513/499 541/534/519 542/535/520
f 536/524/510 542/535/520 543/536/521
f 528/517/503 543/536/521 544/525/511
f 516/519/505 546/537/522 561/538/523
f 530/505/492 549/539/524 531/471/459
f 95/545/530 537/528/514 96/527/513
f 534/522/508 547/540/525 554/542/527
f 542/535/520 541/534/519 548/543/528
f 543/536/521 548/543/528 559/553/538
f 543/536/521 559/553/538 544/525/511
f 545/518/504 544/525/511 560/561/546
f 545/518/504 560/561/546 546/537/522
f 529/520/506 561/538/523 549/539/524
f 531/471/459 549/539/524 562/563/548
f 94/555/540 550/544/529 95/545/530
f 550/544/529 551/557/542 538/541/526
f 551/557/542 552/546/531 538/541/526
f 552/546/531 553/547/532 547/540/525
f 554/542/527 555/574/559 539/530/516
f 539/530/516 555/574/559 556/548/533
f 540/549/534 556/576/561 557/550/535
f 541/534/519 557/550/535 565/551/536
f 548/543/528 565/551/536 558/552/537
f 544/525/511 559/553/538 560/561/546
f 546/537/522 560/561/546 561/538/523
f 549/539/524 561/538/523 562/563/548
f 93/554/539 563/556/541 550/544/529
f 563/556/541 564/558/543 552/546/531
f 559/553/538 569/559/544 570/560/545
f 561/538/523 560/561/546 571/562/547
f 562/563/548 571/562/547 17/1086/1060
f 92/564/549 566/565/550 563/556/541
f 566/565/550 567/571/556 564/558/543
f 564/558/543 567/571/556 568/566/551
f 554/542/527 568/566/551 555/574/559
f 560/561/546 570/560/545 571/562/547
f 571/562/547 573/580/565 17/1086/1060
f 565/551/536 580/578/563 569/559/544
f 571/562/547 572/569/554 573/580/565
f 91/567/552 574/570/555 566/565/550
f 574/570/555 575/581/566 567/571/556
f 568/566/551 583/572/557 576/589/574
f 568/566/551 576/589/574 577/573/558
f 555/574/559 577/573/558 578/575/560
f 556/576/561 578/1207/1174 579/577/562
f 557/550/535 579/577/562 580/578/563
f 570/560/545 581/568/553 572/569/554
f 582/579/564 593/592/577 18/1097/1071
f 574/570/555 90/585/570 575/581/566
f 569/559/544 588/587/572 584/582/567
f 581/568/553 584/582/567 585/1208/1175
f 581/568/553 585/1208/1175 586/583/568
f 572/569/554 586/583/568 587/584/569
f 582/579/564 587/584/569 593/592/577
f 90/585/570 89/593/578 589/586/571
f 575/581/566 589/586/571 583/572/557
f 583/572/557 589/586/571 590/588/573
f 576/589/574 590/588/573 591/590/575
f 578/1207/1174 591/595/575 579/577/562
f 580/578/563 596/597/581 588/587/572
f 587/584/569 586/583/568 592/591/576
f 589/586/571 594/594/579 590/588/573
f 579/577/562 595/596/580 596/597/581
f 585/1208/1175 584/582/567 586/583/568
f 593/592/577 592/591/576 20/605/589
f 89/593/578 88/601/585 594/594/579
f 590/588/573 598/607/591 591/590/575
f 591/595/575 598/608/591 595/596/580
f 586/583/568 599/599/583 600/600/584
f 88/601/585 87/806/788 601/602/586
f 594/594/579 601/602/586 597/598/582
f 588/587/572 606/603/587 599/599/583
f 600/600/584 602/604/588 592/591/576
f 602/604/588 21/612/595 20/605/589
f 87/806/788 86/613/596 601/602/586
f 603/606/590 604/1209/1176 598/607/591
f 598/608/591 604/1210/1176 605/609/592
f 599/599/583 606/603/587 607/610/593
f 600/600/584 607/610/593 608/611/594
f 608/611/594 22/618/601 21/612/595
f 86/613/596 85/622/605 609/614/597
f 601/602/586 609/614/597 603/606/590
f 603/606/590 610/626/609 604/1209/1176
f 604/1209/1176 610/626/609 611/628/611
f 604/1210/1176 611/1211/611 605/609/592
f 613/616/599 614/617/600 608/611/594
f 615/619/602 616/620/603 607/610/593
f 616/620/603 617/621/604 613/616/599
f 617/621/604 23/632/615 614/617/600
f 85/622/605 84/642/625 618/623/606
f 609/614/597 618/623/606 619/624/607
f 619/624/607 620/625/608 603/606/590
f 620/625/608 621/637/620 610/626/609
f 610/626/609 621/637/620 622/627/610
f 611/1211/611 622/633/616 605/609/592
f 605/609/592 623/629/612 612/615/598
f 615/619/602 623/629/612 635/639/622
f 615/619/602 635/639/622 632/630/613
f 624/631/614 625/476/464 617/621/604
f 625/476/464 1121/475/463 23/632/615
f 618/623/606 84/642/625 627/641/624
f 627/641/624 628/635/618 618/623/606
f 628/635/618 629/636/619 620/625/608
f 629/636/619 630/647/630 621/637/620
f 621/637/620 630/647/630 622/627/610
f 626/634/617 631/638/621 623/629/612
f 632/630/613 624/631/614 616/620/603
f 84/642/625 83/833/815 633/640/623
f 631/638/621 634/643/626 643/644/627
f 624/631/614 636/651/634 625/476/464
f 633/640/623 637/645/628 627/641/624
f 637/645/628 638/646/629 629/636/619
f 638/646/629 639/654/637 630/647/630
f 630/647/630 639/654/637 640/648/631
f 622/633/616 640/655/638 641/649/632
f 634/643/626 641/649/632 642/650/633
f 635/639/622 643/644/627 650/667/649
f 635/639/622 650/667/649 624/631/614
f 633/640/623 645/652/635 637/645/628
f 645/652/635 646/653/636 638/646/629
f 647/656/639 648/657/640 641/649/632
f 642/650/633 648/657/640 649/658/641
f 643/644/627 649/658/641 650/667/649
f 644/1197/1171 651/3/3 633/640/623
f 652/659/642 653/660/643 646/653/636
f 647/656/639 117/664/646 648/657/640
f 648/657/640 117/664/646 118/12/12
f 649/658/641 118/12/12 656/666/648
f 624/631/614 650/667/649 636/651/634
f 651/3/3 111/2/2 645/652/635
f 653/660/643 654/661/644 639/654/637
f 654/662/644 655/663/645 647/656/639
f 649/658/641 656/666/648 650/667/649
f 111/2/2 112/6/6 113/5/5
f 113/5/5 114/4/4 653/660/643
f 114/4/4 115/81/81 654/661/644
f 654/661/644 115/81/81 116/1199/8
f 655/663/645 116/8/8 117/664/646
f 656/666/648 118/12/12 119/11/11
f 636/651/634 119/11/11 120/665/647
f 680/668/650 96/527/513 519/507/494
f 705/669/651 95/545/530 96/527/513
f 736/671/653 91/567/552 92/564/549
f 745/670/652 574/570/555 91/567/552
f 759/672/654 90/585/570 574/570/555
f 83/833/815 644/1197/1171 633/640/623
f 74/465/453 73/680/662 480/451/439
f 72/681/663 657/674/656 484/456/444
f 71/466/454 657/674/656 70/467/455
f 75/464/452 661/675/657 483/455/443
f 69/460/448 663/677/659 664/678/660
f 664/678/660 665/695/677 660/470/458
f 665/695/677 97/463/451 660/470/458
f 828/687/669 666/686/668 2/454/442
f 667/679/661 668/707/689 72/681/663
f 668/707/689 669/690/672 72/681/663
f 669/690/672 670/682/664 72/681/663
f 658/468/456 671/683/665 662/676/658
f 665/695/677 672/703/685 97/463/451
f 666/686/668 673/688/670 2/454/442
f 673/688/670 674/697/679 661/675/657
f 661/675/657 667/679/661 74/465/453
f 676/691/673 677/692/674 657/674/656
f 663/677/659 679/694/676 664/678/660
f 672/703/685 680/668/650 97/463/451
f 669/690/672 681/698/680 675/689/671
f 681/698/680 676/691/673 670/682/664
f 682/699/681 683/700/682 677/692/674
f 684/693/675 685/701/683 678/684/666
f 685/701/683 679/694/676 663/677/659
f 679/694/676 686/702/684 665/695/677
f 666/686/668 696/696/678 697/704/686
f 697/704/686 687/705/687 674/697/679
f 687/705/687 688/706/688 667/679/661
f 688/706/688 689/708/690 668/707/689
f 681/698/680 690/709/691 676/691/673
f 691/710/692 692/716/698 683/700/682
f 683/700/682 692/716/698 702/711/693
f 693/712/694 694/713/695 679/694/676
f 694/713/695 695/720/702 686/702/684
f 695/720/702 680/668/650 686/702/684
f 698/714/696 690/709/691 681/698/680
f 690/709/691 699/715/697 682/699/681
f 691/710/692 700/724/706 692/716/698
f 702/711/693 693/712/694 685/701/683
f 709/725/707 703/718/700 693/712/694
f 703/718/700 704/719/701 694/713/695
f 704/719/701 705/669/651 680/668/650
f 696/696/678 68/734/716 712/736/718
f 696/696/678 712/736/718 697/704/686
f 688/706/688 707/722/704 689/708/690
f 700/724/706 716/730/712 692/716/698
f 692/716/698 716/730/712 701/717/699
f 710/726/708 711/727/709 704/719/701
f 711/727/709 94/555/540 705/669/651
f 697/704/686 712/736/718 706/721/703
f 713/728/710 714/753/735 707/722/704
f 707/722/704 715/729/711 698/714/696
f 708/723/705 716/730/712 700/724/706
f 717/731/713 718/732/714 709/725/707
f 718/732/714 719/733/715 710/726/708
f 719/733/715 93/554/539 94/555/540
f 68/734/716 67/749/731 727/735/717
f 712/736/718 713/728/710 706/721/703
f 714/753/735 715/729/711 707/722/704
f 720/737/719 721/738/720 699/715/697
f 716/730/712 721/738/720 722/744/726
f 716/730/712 722/744/726 723/739/721
f 717/731/713 723/739/721 724/740/722
f 718/732/714 725/1212/1177 719/733/715
f 725/1212/1177 726/748/730 719/733/715
f 726/748/730 92/564/549 719/733/715
f 728/741/723 729/760/742 713/728/710
f 729/760/742 714/753/735 713/728/710
f 714/753/735 730/752/734 715/729/711
f 731/742/724 732/755/737 721/738/720
f 721/738/720 732/755/737 741/743/725
f 733/745/727 734/746/728 724/740/722
f 734/746/728 725/1212/1177 718/732/714
f 725/1212/1177 735/747/729 726/748/730
f 735/747/729 736/671/653 92/564/549
f 727/735/717 746/750/732 737/758/740
f 727/735/717 737/758/740 728/741/723
f 729/760/742 738/751/733 714/753/735
f 730/752/734 731/742/724 720/737/719
f 732/755/737 739/754/736 740/756/738
f 722/744/726 741/743/725 733/745/727
f 734/746/728 742/766/748 725/1212/1177
f 742/766/748 735/747/729 725/1212/1177
f 743/767/749 744/757/739 735/747/729
f 744/757/739 745/670/652 736/671/653
f 67/749/731 66/768/750 746/750/732
f 737/758/740 746/750/732 747/759/741
f 747/759/741 748/770/752 729/760/742
f 748/770/752 749/761/743 729/760/742
f 750/762/744 751/763/745 730/752/734
f 741/743/725 752/764/746 753/765/747
f 746/750/732 65/769/751 748/770/752
f 749/761/743 754/771/753 738/751/733
f 751/763/745 755/772/754 739/754/736
f 752/764/746 755/772/754 756/773/755
f 753/765/747 756/773/755 757/774/756
f 757/774/756 758/785/767 742/766/748
f 758/785/767 773/775/757 742/766/748
f 743/767/749 759/672/654 744/757/739
f 65/769/751 64/842/824 760/776/758
f 760/776/758 749/761/743 748/770/752
f 761/777/759 762/1213/1178 755/772/754
f 755/772/754 762/1213/1178 763/778/760
f 773/775/757 764/779/761 743/767/749
f 764/779/761 89/593/578 759/672/654
f 63/780/762 765/788/770 749/761/743
f 765/788/770 754/771/753 749/761/743
f 766/781/763 767/782/764 750/762/744
f 751/763/745 768/790/772 761/777/759
f 761/777/759 769/791/773 762/1213/1178
f 762/1213/1178 769/791/773 770/792/774
f 762/1213/1178 770/792/774 763/778/760
f 777/783/765 771/784/766 757/774/756
f 771/784/766 772/786/768 758/785/767
f 767/782/764 768/790/772 751/763/745
f 772/786/768 784/794/776 778/795/777
f 764/779/761 778/795/777 88/601/585
f 63/780/762 779/796/778 765/788/770
f 779/796/778 775/789/771 774/787/769
f 775/789/771 780/797/779 767/782/764
f 780/797/779 781/798/780 768/790/772
f 777/783/765 782/799/781 788/814/796
f 777/783/765 788/814/796 783/800/782
f 778/795/777 784/794/776 785/805/787
f 778/795/777 785/805/787 88/601/585
f 62/812/794 779/796/778 63/780/762
f 770/792/774 786/801/783 787/802/784
f 776/793/775 787/802/784 796/815/797
f 776/793/775 796/815/797 782/799/781
f 783/800/782 788/814/796 789/803/785
f 784/794/776 789/803/785 790/804/786
f 785/805/787 790/804/786 87/806/788
f 62/812/794 791/807/789 779/796/778
f 791/807/789 792/808/790 775/789/771
f 792/808/790 793/809/791 781/798/780
f 793/809/791 794/810/792 786/801/783
f 782/799/781 796/815/797 788/814/796
f 794/810/792 796/815/797 787/802/784
f 789/803/785 796/815/797 797/816/798
f 790/804/786 797/816/798 798/673/655
f 790/804/786 798/673/655 85/622/605
f 951/821/803 799/817/799 61/811/793
f 799/817/799 800/818/800 792/808/790
f 795/813/795 801/829/811 793/809/791
f 801/829/811 802/819/801 793/809/791
f 794/810/792 803/826/808 796/815/797
f 796/815/797 803/826/808 797/816/798
f 804/820/802 805/822/804 799/817/799
f 806/823/805 801/829/811 795/813/795
f 797/816/798 810/832/814 807/824/806
f 798/673/655 807/824/806 84/642/625
f 802/819/801 808/825/807 794/810/792
f 808/825/807 809/831/813 803/826/808
f 803/826/808 810/832/814 797/816/798
f 968/834/816 811/827/809 804/820/802
f 77/15/15 806/823/805 800/818/800
f 801/829/811 812/828/810 813/830/812
f 811/827/809 76/13/13 805/822/804
f 968/834/816 60/837/819 815/835/817
f 811/827/809 815/835/817 76/13/13
f 813/830/812 816/21/21 802/819/801
f 802/819/801 817/836/818 808/825/807
f 810/832/814 814/26/26 807/824/806
f 806/823/805 77/15/15 812/828/810
f 813/830/812 80/20/20 816/21/21
f 816/21/21 817/836/818 802/819/801
f 817/836/818 82/25/25 809/831/813
f 82/25/25 814/26/26 810/832/814
f 814/26/26 644/1197/1171 83/833/815
f 815/835/817 3/838/820 76/13/13
f 77/15/15 78/30/30 79/18/18
f 812/828/810 79/18/18 80/20/20
f 816/21/21 81/23/23 817/836/818
f 67/749/731 911/840/822 66/768/750
f 911/840/822 916/841/823 65/769/751
f 931/843/825 63/780/762 760/776/758
f 956/844/826 804/820/802 951/821/803
f 818/855/837 48/309/298 49/853/835
f 819/845/827 820/846/828 46/360/349
f 413/376/365 821/847/829 822/848/830
f 822/848/830 823/860/842 44/391/380
f 44/391/380 823/860/842 824/862/831
f 43/406/395 824/849/831 825/850/832
f 455/434/422 826/423/411 827/851/833
f 42/443/431 827/851/833 828/687/669
f 41/852/834 829/854/836 49/853/835
f 818/855/837 830/856/838 48/309/298
f 830/856/838 831/872/852 47/323/312
f 831/872/852 832/857/839 47/323/312
f 820/846/828 832/857/839 833/858/840
f 822/848/830 833/858/840 834/859/841
f 823/860/842 834/859/841 835/861/843
f 835/866/843 836/863/844 824/849/831
f 825/850/832 836/863/844 837/864/845
f 826/423/411 837/864/845 827/851/833
f 831/872/852 838/874/854 832/857/839
f 832/857/839 838/874/854 839/865/846
f 833/858/840 839/865/846 834/859/841
f 837/864/845 841/879/859 827/851/833
f 841/879/859 842/868/848 827/851/833
f 844/891/871 845/869/849 829/854/836
f 845/869/849 846/870/850 818/855/837
f 847/871/851 848/873/853 831/872/852
f 838/874/854 848/873/853 849/875/855
f 839/865/846 849/875/855 850/883/863
f 839/865/846 850/883/863 851/876/856
f 851/876/856 852/885/865 835/861/843
f 835/866/843 852/886/866 853/877/857
f 853/877/857 854/878/858 840/867/847
f 841/879/859 855/889/869 842/868/848
f 846/870/850 856/880/860 830/856/838
f 857/881/861 858/899/879 849/875/855
f 849/875/855 858/899/879 859/882/862
f 859/882/862 860/884/864 850/883/863
f 860/884/864 861/895/875 852/885/865
f 852/886/866 861/903/883 862/887/867
f 854/878/858 863/888/868 841/879/859
f 843/685/667 842/868/848 696/696/678
f 40/1039/1013 864/890/870 844/891/871
f 864/890/870 846/870/850 845/869/849
f 856/880/860 866/893/873 847/871/851
f 867/898/878 857/881/861 848/873/853
f 858/899/879 868/894/874 859/882/862
f 862/887/867 863/888/868 854/878/858
f 863/888/868 869/896/876 855/889/869
f 869/896/876 876/839/821 842/868/848
f 864/890/870 865/892/872 846/870/850
f 867/898/878 871/900/880 858/899/879
f 871/900/880 872/901/881 868/894/874
f 872/901/881 873/909/889 861/895/875
f 873/902/882 874/910/890 862/887/867
f 862/887/867 874/910/890 875/904/884
f 863/888/868 875/904/884 869/896/876
f 842/868/848 876/839/821 68/734/716
f 39/923/903 877/905/885 864/890/870
f 877/905/885 870/897/877 865/892/872
f 879/907/887 880/908/888 871/900/880
f 873/902/882 881/918/898 874/910/890
f 874/910/890 881/918/898 882/911/891
f 875/904/884 882/911/891 883/912/892
f 39/923/903 884/913/893 877/905/885
f 866/893/873 885/914/894 867/898/878
f 885/914/894 886/915/895 879/907/887
f 886/915/895 887/916/896 880/908/888
f 887/916/896 888/1214/1179 873/909/889
f 882/911/891 889/919/899 890/920/900
f 883/912/892 890/920/900 896/921/901
f 38/922/902 891/924/904 870/897/877
f 891/924/904 878/906/886 856/880/860
f 878/906/886 892/925/905 866/893/873
f 888/917/897 894/930/910 881/918/898
f 881/918/898 894/930/910 889/919/899
f 37/941/921 891/924/904 38/922/902
f 892/925/905 897/933/913 885/914/894
f 897/933/913 898/928/908 885/914/894
f 898/928/908 893/926/906 886/915/895
f 887/916/896 899/936/916 888/1214/1179
f 37/941/921 900/940/920 891/924/904
f 900/940/920 901/931/911 891/924/904
f 901/931/911 902/932/912 878/906/886
f 898/928/908 903/934/914 893/926/906
f 903/934/914 904/935/915 887/916/896
f 899/929/909 905/944/924 894/930/910
f 894/930/910 905/944/924 906/937/917
f 889/919/899 906/937/917 910/938/918
f 890/920/900 910/938/918 907/945/925
f 890/920/900 907/945/925 895/927/907
f 902/932/912 908/942/922 897/933/913
f 904/935/915 909/949/929 899/936/916
f 900/940/920 913/950/930 901/931/911
f 908/942/922 914/947/927 898/928/908
f 903/934/914 915/948/928 904/935/915
f 913/950/930 917/951/931 901/931/911
f 914/947/927 919/962/942 903/934/914
f 919/962/942 915/948/928 903/934/914
f 915/948/928 920/965/945 909/949/929
f 909/943/923 920/966/945 921/953/933
f 905/944/924 921/953/933 922/954/934
f 910/938/918 922/954/934 923/955/935
f 907/945/925 923/955/935 916/841/823
f 1086/958/938 912/946/926 36/939/919
f 914/947/927 918/952/932 919/962/942
f 915/948/928 919/962/942 924/963/943
f 915/948/928 924/963/943 920/965/945
f 64/842/824 925/956/936 760/776/758
f 919/962/942 927/961/941 924/963/943
f 921/953/933 928/967/944 929/968/946
f 922/954/934 929/968/946 930/969/947
f 923/955/935 930/969/947 925/956/936
f 912/946/926 35/970/948 932/971/949
f 932/971/949 926/959/939 913/950/930
f 926/959/939 933/972/950 917/951/931
f 924/963/943 934/973/951 928/964/944
f 35/970/948 34/978/956 932/971/949
f 926/959/939 932/971/949 933/972/950
f 918/952/932 941/960/940 949/974/952
f 928/967/944 935/990/953 936/976/954
f 929/968/946 936/976/954 937/977/955
f 931/843/825 937/977/955 938/991/967
f 938/991/967 62/812/794 931/843/825
f 34/978/956 33/984/962 939/979/957
f 933/972/950 939/979/957 940/980/958
f 934/973/951 942/981/959 943/982/960
f 937/977/955 944/983/961 938/991/967
f 33/984/962 945/995/971 946/985/963
f 946/985/963 947/986/964 940/980/958
f 941/960/940 947/986/964 948/987/965
f 927/961/941 949/974/952 942/981/959
f 935/990/953 950/989/966 936/976/954
f 936/976/954 955/1006/982 944/983/961
f 944/983/961 951/821/803 938/991/967
f 951/821/803 61/811/793 62/812/794
f 952/1009/985 947/986/964 946/985/963
f 949/974/952 953/992/968 942/981/959
f 944/983/961 955/1006/982 956/844/826
f 946/985/963 965/996/972 961/1008/984
f 946/985/963 961/1008/984 952/1009/985
f 947/986/964 952/1009/985 966/1011/987
f 947/986/964 966/1011/987 957/997/973
f 948/987/965 957/997/973 958/999/975
f 948/987/965 958/999/975 953/992/968
f 954/994/970 959/1004/980 950/989/966
f 950/989/966 959/1004/980 960/998/974
f 936/976/954 960/998/974 955/1006/982
f 953/992/968 962/1000/976 963/1001/977
f 942/981/959 963/1001/977 964/1002/978
f 955/1006/982 967/1005/981 956/844/826
f 952/1009/985 969/1007/983 966/1011/987
f 957/997/973 966/1011/987 958/999/975
f 956/844/826 967/1005/981 968/834/816
f 958/999/975 977/1012/988 971/1013/989
f 962/1000/976 971/1013/989 972/1014/990
f 963/1001/977 972/1014/990 964/1002/978
f 960/998/974 973/1015/991 974/1016/992
f 967/1005/981 974/1016/992 968/834/816
f 966/1011/987 970/1010/986 976/1018/994
f 971/1013/989 977/1012/988 982/1021/997
f 971/1013/989 982/1021/997 972/1014/990
f 964/1003/979 978/1025/1000 959/1004/980
f 959/1004/980 978/1025/1000 973/1015/991
f 974/1016/992 979/1019/995 968/834/816
f 977/1012/988 976/1018/994 981/1020/996
f 972/1014/990 983/1022/998 984/1023/999
f 973/1015/991 985/1026/1001 979/1019/995
f 975/1017/993 986/1028/1003 969/1007/983
f 981/1020/996 987/1030/1005 982/1021/997
f 982/1021/997 987/1030/1005 983/1022/998
f 978/1025/1000 984/1024/999 988/1027/1002
f 979/1019/995 988/1027/1002 989/1036/1010
f 979/1019/995 989/1036/1010 121/16/16
f 979/1019/995 121/16/16 60/837/819
f 986/1028/1003 52/163/154 970/1010/986
f 52/163/154 990/1029/1004 981/1020/996
f 984/1024/999 991/1035/1006 992/1032/1007
f 988/1027/1002 992/1032/1007 989/1036/1010
f 317/239/230 296/216/207 980/1033/1008
f 296/216/207 50/179/170 975/1017/993
f 50/179/170 51/170/161 52/163/154
f 52/163/154 53/1034/1009 990/1029/1004
f 53/1034/1009 54/130/121 987/1030/1005
f 54/130/121 55/102/62 991/1031/1006
f 991/1035/1006 55/62/62 56/52/52
f 992/1032/1007 56/52/52 57/54/54
f 989/1036/1010 57/54/54 58/53/53
f 989/1036/1010 58/53/53 59/29/29
f 60/837/819 121/16/16 3/838/820
f 1013/1037/1011 844/891/871 829/854/836
f 1035/1038/1012 39/923/903 864/890/870
f 1043/1040/1014 38/922/902 39/923/903
f 1047/1041/1015 37/941/921 38/922/902
f 1058/1042/1016 36/939/919 37/941/921
f 1086/958/938 36/939/919 1068/1043/1017
f 34/978/956 1112/1157/1131 33/984/962
f 1112/1157/1131 945/995/971 33/984/962
f 945/995/971 1136/1044/1018 965/996/972
f 1136/1044/1018 1144/1045/1019 975/1017/993
f 993/254/245 994/1046/1020 13/255/246
f 994/1046/1020 995/1047/1021 12/286/275
f 12/286/275 995/1047/1021 11/291/280
f 8/289/278 996/1055/1029 7/295/284
f 7/295/284 996/1055/1029 6/281/270
f 4/275/264 998/1048/1022 999/1051/1025
f 4/275/264 999/1051/1025 1/273/262
f 10/283/272 1000/1049/1023 9/284/273
f 997/278/267 1002/1050/1024 5/276/265
f 998/1048/1022 1002/1050/1024 1003/1059/1033
f 998/1048/1022 1003/1059/1033 999/1051/1025
f 1005/1053/1027 1006/1054/1028 10/283/272
f 1000/1049/1023 1018/1073/1047 8/289/278
f 6/281/270 1007/1056/1030 1001/279/268
f 1002/1050/1024 1011/1057/1031 1008/1058/1032
f 1003/1059/1033 1008/1058/1032 1013/1037/1011
f 999/1051/1025 1013/1037/1011 41/852/834
f 505/506/493 1009/1061/1035 1004/1052/1026
f 8/289/278 1018/1073/1047 996/1055/1029
f 1020/1063/1037 1010/1064/1038 997/278/267
f 1008/1058/1032 1011/1057/1031 1012/1065/1039
f 14/1060/1034 531/471/459 1009/1061/1035
f 1014/1062/1036 1015/1066/1040 995/1047/1021
f 1015/1066/1040 1016/1083/1057 1005/1053/1027
f 1016/1083/1057 1017/1067/1041 1005/1053/1027
f 996/1055/1029 1018/1073/1047 1007/1056/1030
f 1001/279/268 1019/1068/1042 1020/1063/1037
f 1012/1065/1039 1021/1069/1043 1022/1070/1044
f 1013/1037/1011 1022/1070/1044 844/891/871
f 1014/1062/1036 15/473/461 1023/1077/1051
f 1014/1062/1036 1023/1077/1051 1015/1066/1040
f 1017/1067/1041 1024/1071/1045 1006/1054/1028
f 1000/1049/1023 1024/1071/1045 1025/1072/1046
f 1018/1073/1047 1025/1072/1046 1026/1078/1052
f 1018/1073/1047 1026/1078/1052 1007/1056/1030
f 1027/1074/1048 1028/1075/1049 1021/1069/1043
f 15/473/461 16/472/460 1029/1076/1050
f 1023/1077/1051 1029/1076/1050 1015/1066/1040
f 1007/1056/1030 1032/1079/1053 1019/1068/1042
f 1022/1070/1044 1028/1075/1049 40/1039/1013
f 1015/1066/1040 1039/1081/1055 1031/1082/1056
f 1020/1063/1037 1033/1084/1058 1010/1064/1038
f 1027/1074/1048 1033/1084/1058 1034/1085/1059
f 1034/1085/1059 1035/1038/1012 1028/1075/1049
f 17/1086/1060 1045/1093/1067 16/472/460
f 16/472/460 1045/1093/1067 1030/1080/1054
f 1029/1076/1050 1030/1080/1054 1039/1081/1055
f 1032/1079/1053 1036/1107/1081 1019/1068/1042
f 1036/1107/1081 1037/1087/1061 1019/1068/1042
f 1020/1063/1037 1037/1087/1061 1033/1084/1058
f 1024/1071/1045 1040/1089/1063 1051/1104/1078
f 1024/1071/1045 1051/1104/1078 1041/1090/1064
f 1025/1072/1046 1041/1090/1064 1026/1078/1052
f 1042/1091/1065 1043/1040/1014 1035/1038/1012
f 17/1086/1060 573/580/565 1044/1092/1066
f 1030/1080/1054 1045/1093/1067 1038/1088/1062
f 1031/1082/1056 1050/1094/1068 1040/1089/1063
f 1032/1079/1053 1056/1095/1069 1036/1107/1081
f 1044/1092/1066 18/1097/1071 1048/1098/1072
f 1045/1093/1067 1048/1098/1072 1049/1099/1073
f 1036/1107/1081 1046/1096/1070 1037/1087/1061
f 1052/1100/1074 1047/1041/1015 1042/1091/1065
f 18/1097/1071 1059/1113/1087 1048/1098/1072
f 1049/1099/1073 1048/1098/1072 1053/1101/1075
f 1050/1094/1068 1053/1101/1075 1054/1102/1076
f 1040/1089/1063 1054/1102/1076 1055/1103/1077
f 1041/1090/1064 1064/1105/1079 1056/1095/1069
f 1057/1106/1080 1052/1100/1074 1046/1096/1070
f 1048/1098/1072 1059/1113/1087 1060/1115/1089
f 1048/1098/1072 1060/1115/1089 1053/1101/1075
f 1055/1103/1077 1062/1109/1083 1063/1119/1093
f 1056/1095/1069 1065/1110/1084 1036/1107/1081
f 1066/1111/1085 1067/1112/1086 1047/1041/1015
f 1067/1112/1086 1068/1043/1017 1058/1042/1016
f 1060/1115/1089 1069/1114/1088 1070/1116/1090
f 1053/1101/1075 1070/1116/1090 1071/1117/1091
f 1061/1108/1082 1071/1117/1091 1072/1118/1092
f 1054/1102/1076 1072/1118/1092 1062/1109/1083
f 1051/1104/1078 1073/1120/1094 1074/1121/1095
f 1064/1105/1079 1074/1121/1095 1075/1122/1096
f 1056/1095/1069 1075/1122/1096 1065/1110/1084
f 1076/1123/1097 1066/1111/1085 1052/1100/1074
f 1067/1112/1086 1086/958/938 1068/1043/1017
f 1059/1113/1087 19/1137/1111 1069/1114/1088
f 1077/1124/1098 1078/1125/1099 1070/1116/1090
f 1071/1117/1091 1078/1125/1099 1079/1126/1100
f 1072/1118/1092 1079/1126/1100 1080/1127/1101
f 1063/1119/1093 1080/1127/1101 1081/1128/1102
f 1073/1120/1094 1081/1128/1102 1082/1129/1103
f 1074/1121/1095 1082/1129/1103 1083/1130/1104
f 1075/1122/1096 1083/1130/1104 1084/1131/1105
f 1084/1131/1105 1085/1132/1106 1076/1123/1097
f 1085/1132/1106 1086/958/938 1067/1112/1086
f 19/1137/1111 1077/1124/1098 1069/1114/1088
f 1087/1140/1114 1088/1133/1107 1078/1125/1099
f 1079/1126/1100 1088/1133/1107 1095/1141/1115
f 1079/1126/1100 1095/1141/1115 1080/1127/1101
f 1080/1127/1101 1089/1142/1116 1081/1128/1102
f 1082/1129/1103 1096/1134/1108 1090/1135/1109
f 1090/1135/1109 1091/1136/1110 1085/1132/1106
f 1086/958/938 1091/1136/1110 1092/957/937
f 20/605/589 1093/1138/1112 1077/1124/1098
f 1093/1138/1112 1087/1140/1114 1078/1125/1099
f 1094/1139/1113 1095/1141/1115 1088/1133/1107
f 1090/1135/1109 1097/1143/1117 1098/1151/1125
f 1098/1151/1125 1099/1144/1118 1090/1135/1109
f 1091/1136/1110 1099/1144/1118 1092/957/937
f 21/612/595 1100/1145/1119 1093/1138/1112
f 1100/1145/1119 1101/1146/1120 1087/1140/1114
f 1101/1146/1120 1102/1160/1134 1095/1141/1115
f 1095/1141/1115 1102/1160/1134 1103/1147/1121
f 1089/1142/1116 1103/1147/1121 1109/1148/1122
f 1096/1134/1108 1109/1148/1122 1104/1149/1123
f 1097/1143/1117 1104/1149/1123 1105/1150/1124
f 1099/1144/1118 1105/1150/1124 1106/1156/1130
f 1099/1144/1118 1106/1156/1130 1107/1152/1126
f 1092/957/937 1107/1152/1126 34/978/956
f 22/618/601 1100/1145/1119 21/612/595
f 1108/1153/1127 1102/1160/1134 1101/1146/1120
f 1105/1150/1124 1104/1149/1123 1110/1163/1137
f 1105/1150/1124 1110/1163/1137 1111/1155/1129
f 1106/1156/1130 1111/1155/1129 1112/1157/1131
f 23/632/615 1113/1158/1132 22/618/601
f 1113/1158/1132 1114/1159/1133 1108/1153/1127
f 1114/1159/1133 1123/1171/1145 1102/1160/1134
f 1102/1160/1134 1123/1171/1145 1115/1161/1135
f 1104/1149/1123 1116/1154/1128 1117/1162/1136
f 1110/1163/1137 1117/1162/1136 1118/1164/1138
f 1111/1155/1129 1118/1164/1138 1119/1176/1150
f 1112/1157/1131 1120/1165/1139 945/995/971
f 1121/475/463 1122/1169/1143 1113/1158/1132
f 1122/1169/1143 1114/1159/1133 1113/1158/1132
f 1123/1171/1145 1124/1173/1147 1115/1161/1135
f 1115/1161/1135 1124/1173/1147 1129/1174/1148
f 1115/1161/1135 1129/1174/1148 1116/1154/1128
f 1118/1164/1138 1125/1167/1141 1119/1176/1150
f 1111/1155/1129 1119/1176/1150 1120/1165/1139
f 1126/1168/1142 1127/1170/1144 1114/1159/1133
f 1127/1170/1144 1128/1172/1146 1123/1171/1145
f 1128/1172/1146 1129/1174/1148 1124/1173/1147
f 1117/1162/1136 1130/1166/1140 1125/1167/1141
f 1120/1165/1139 1119/1176/1150 1136/1044/1018
f 1127/1170/1144 1132/1181/1155 1128/1172/1146
f 1128/1172/1146 1132/1181/1155 1133/1177/1151
f 1129/1174/1148 1134/1183/1157 1130/1166/1140
f 1125/1167/1141 1135/1178/1152 1131/1175/1149
f 1129/1174/1148 1133/1177/1151 1134/1183/1157
f 1130/1166/1140 1134/1183/1157 1135/1178/1152
f 1139/474/462 1137/1179/1153 1126/1168/1142
f 1132/1181/1155 1138/1180/1154 1140/1188/1162
f 1132/1181/1155 1140/1188/1162 1141/1182/1156
f 1133/1177/1151 1141/1182/1156 1134/1183/1157
f 1142/1184/1158 1143/1185/1159 1131/1175/1149
f 1136/1044/1018 1143/1185/1159 1144/1045/1019
f 1137/1179/1153 1145/1186/1160 1127/1170/1144
f 1138/1180/1154 1150/1194/1168 1146/1187/1161
f 1140/1188/1162 1146/1187/1161 1151/1189/1163
f 1134/1183/1157 1151/1189/1163 1147/1190/1164
f 1147/1190/1164 1148/1191/1165 1142/1184/1158
f 1148/1191/1165 1149/1192/1166 1143/1185/1159
f 1149/1192/1166 980/1033/1008 1144/1045/1019
f 1138/1180/1154 26/252/243 1150/1194/1168
f 1147/1190/1164 1152/1193/1167 1148/1191/1165
f 1145/1186/1160 25/238/229 26/252/243
f 1150/1194/1168 28/251/242 29/249/240
f 1146/1187/1161 29/249/240 1153/1195/1169
f 1151/1189/1163 1153/1195/1169 1154/1196/1170
f 1154/1196/1170 1152/1193/1167 1147/1190/1164
f 1149/1192/1166 317/239/230 980/1033/1008
f 1150/1194/1168 27/235/226 28/251/242
f 1153/1195/1169 29/249/240 30/248/239
f 30/248/239 31/246/237 1154/1196/1170
f 31/246/237 32/244/235 1152/1193/1167
f 1155/245/236 317/239/230 1149/1192/1166
