# Blender 4.4.0
# www.blender.org
o Torus.002
v 1.915396 0.405846 0.015945
v 1.890111 0.427023 0.014652
v 1.931899 0.377314 0.017687
v 1.859095 0.438290 0.013964
v 1.826088 0.438290 0.013964
v 1.795072 0.427023 0.014652
v 1.769788 0.405846 0.015945
v 1.753284 0.377314 0.017687
v 1.747553 0.344869 0.019668
v 1.937631 0.344869 0.019668
v 1.931899 0.312424 0.021648
v 1.931899 0.261624 -0.810415
v 1.915396 0.233093 -0.808673
v 1.890111 0.211916 -0.807380
v 1.859095 0.200648 -0.806692
v 1.826088 0.200648 -0.806692
v 1.795072 0.211916 -0.807380
v 1.769788 0.233093 -0.808673
v 1.753284 0.312424 0.021648
v 1.753284 0.261624 -0.810415
v 1.747553 0.294069 -0.812395
v 1.753284 0.326514 -0.814376
v 1.769788 0.355046 -0.816118
v 1.795072 0.376223 -0.817411
v 1.826088 0.387490 -0.818099
v 1.859095 0.387490 -0.818099
v 1.890111 0.376223 -0.817411
v 1.915396 0.355046 -0.816118
v 1.931899 0.326514 -0.814376
v 1.937631 0.294069 -0.812395
v 1.769788 0.283893 0.023390
v 1.795072 0.262716 0.024683
v 1.826088 0.251448 0.025371
v 1.859095 0.251448 0.025371
v 1.890111 0.262716 0.024683
v 1.915396 0.283893 0.023390
v 1.931899 0.363224 0.853711
v 1.915396 0.334693 0.855453
v 1.890111 0.313516 0.856746
v 1.859095 0.302248 0.857434
v 1.826088 0.302248 0.857434
v 1.795072 0.313516 0.856746
v 1.769788 0.334693 0.855453
v 1.753284 0.363224 0.853711
v 1.747553 0.395669 0.851730
v 1.753284 0.428114 0.849750
v 1.769788 0.456646 0.848008
v 1.795072 0.477823 0.846715
v 1.826088 0.489091 0.846027
v 1.859095 0.489091 0.846027
v 1.890111 0.477823 0.846715
v 1.915396 0.456646 0.848008
v 1.931899 0.428114 0.849750
v 1.937631 0.395669 0.851730
v -1.916282 0.742657 -0.946885
v -1.916282 0.742604 -0.836625
v -1.916282 0.563522 -0.866619
v -1.916282 0.557463 -1.010103
v -2.052047 0.718739 -0.945875
v -2.050438 0.718969 -0.835627
v -1.989675 0.550592 -0.866073
v -1.989675 0.544534 -1.009557
v -2.171436 0.649871 -0.942968
v -2.168412 0.650918 -0.832754
v -2.054216 0.513363 -0.864501
v -2.054216 0.507304 -1.007985
v -2.260050 0.544359 -0.938513
v -2.255976 0.546656 -0.828351
v -2.102120 0.456323 -0.862093
v -2.102120 0.450265 -1.005577
v -2.307201 0.414929 -0.933048
v -2.302568 0.418760 -0.822951
v -2.127609 0.386355 -0.859139
v -2.127609 0.380296 -1.002623
v -2.307201 0.277193 -0.927233
v -2.302568 0.282656 -0.817205
v -2.127609 0.311895 -0.855995
v -2.127609 0.305837 -0.999479
v -2.260050 0.147763 -0.921768
v -2.255976 0.154760 -0.811805
v -2.102120 0.241926 -0.853041
v -1.916282 0.496545 -1.021370
v -1.969021 0.487253 -1.020978
v -2.102120 0.235868 -0.996525
v -2.015399 0.460501 -1.019849
v -2.171436 0.042250 -0.917313
v -2.168412 0.050498 -0.807403
v -2.054216 0.184888 -0.850633
v -2.049822 0.419514 -1.018118
v -2.068138 0.369236 -1.015995
v -2.054216 0.178829 -0.994117
v -2.068138 0.315731 -1.013736
v -2.052047 -0.026618 -0.914405
v -2.050438 -0.017554 -0.804530
v -1.989675 0.147658 -0.849061
v -2.049822 0.265453 -1.011613
v -2.015399 0.224466 -1.009883
v -1.989675 0.141600 -0.992545
v -1.969021 0.197713 -1.008753
v -1.916282 0.134728 -0.848515
v -1.916282 0.188422 -1.008361
v -1.863543 0.197713 -1.008753
v -1.916282 0.128670 -0.991999
v -1.817165 0.224466 -1.009883
v -1.780517 -0.026618 -0.914405
v -1.782126 -0.017554 -0.804530
v -1.842889 0.147658 -0.849061
v -1.782742 0.265453 -1.011613
v -1.764426 0.315731 -1.013736
v -1.842889 0.141600 -0.992545
v -1.764426 0.369236 -1.015995
v -1.661128 0.042250 -0.917313
v -1.664152 0.050498 -0.807403
v -1.778348 0.184888 -0.850633
v -1.782742 0.419514 -1.018118
v -1.817165 0.460501 -1.019849
v -1.778348 0.178829 -0.994117
v -1.863543 0.487253 -1.020978
v -1.572514 0.147763 -0.921768
v -1.576588 0.154760 -0.811805
v -1.730443 0.241927 -0.853041
v -1.730443 0.235869 -0.996525
v -1.525363 0.277193 -0.927233
v -1.529996 0.282656 -0.817205
v -1.704954 0.311895 -0.855995
v -1.704954 0.305837 -0.999479
v -1.525363 0.414929 -0.933048
v -1.529996 0.418760 -0.822952
v -1.704954 0.386355 -0.859139
v -1.704954 0.380296 -1.002623
v -1.572514 0.544359 -0.938513
v -1.576588 0.546656 -0.828351
v -1.730443 0.456323 -0.862093
v -1.730443 0.450265 -1.005577
v -1.661128 0.649871 -0.942968
v -1.664152 0.650918 -0.832754
v -1.778348 0.513363 -0.864501
v -1.778348 0.507304 -1.007985
v -1.780517 0.718739 -0.945875
v -1.782126 0.718969 -0.835627
v -1.842889 0.550592 -0.866073
v -1.842889 0.544534 -1.009557
v -1.868010 0.474117 -1.041172
v -1.825560 0.449631 -1.040138
v -1.794053 0.412115 -1.038554
v -1.777288 0.366096 -1.036611
v -1.777288 0.317122 -1.034544
v -1.794053 0.271103 -1.032601
v -1.825560 0.233587 -1.031017
v -1.868010 0.209101 -1.029983
v -1.916282 0.200596 -1.029624
v -1.964554 0.209101 -1.029983
v -2.007004 0.233587 -1.031017
v -2.038511 0.271103 -1.032601
v -2.055276 0.317122 -1.034544
v -2.055276 0.366096 -1.036611
v -2.038511 0.412115 -1.038554
v -2.007004 0.449631 -1.040138
v -1.963654 0.474117 -1.041178
v -1.916282 0.482622 -1.041531
v -1.915382 0.342766 -1.008174
v -1.843460 0.445673 -0.019466
v -1.868745 0.466871 -0.020361
v -1.916282 0.350139 -0.833540
v -1.826957 0.417114 -0.018260
v -1.899761 0.478150 -0.020837
v -1.932768 0.478150 -0.020837
v -1.963784 0.466871 -0.020361
v -1.989069 0.445673 -0.019466
v -2.005572 0.417114 -0.018260
v -2.011303 0.384638 -0.016889
v -1.821225 0.384638 -0.016889
v -1.826957 0.352162 -0.015518
v -1.826957 0.316997 -0.848388
v -1.843460 0.288438 -0.847182
v -1.868745 0.267240 -0.846287
v -1.899761 0.255961 -0.845811
v -1.932768 0.255961 -0.845811
v -1.963784 0.267240 -0.846287
v -1.989069 0.288438 -0.847182
v -2.005572 0.352162 -0.015518
v -2.005572 0.316997 -0.848388
v -2.011303 0.349473 -0.849759
v -2.005572 0.381949 -0.851130
v -1.989069 0.410509 -0.852336
v -1.963784 0.431706 -0.853231
v -1.932768 0.442985 -0.853707
v -1.899761 0.442985 -0.853707
v -1.868745 0.431706 -0.853231
v -1.843460 0.410509 -0.852336
v -1.826957 0.381949 -0.851130
v -1.821225 0.349473 -0.849759
v -1.989069 0.323602 -0.014312
v -1.963784 0.302405 -0.013417
v -1.932768 0.291126 -0.012941
v -1.899761 0.291126 -0.012941
v -1.868745 0.302405 -0.013417
v -1.843460 0.323602 -0.014312
v -1.916282 0.731944 -1.032470
v -1.916282 0.694295 -1.047991
v -2.036979 0.673031 -1.047093
v -2.049621 0.708453 -1.031478
v -2.143119 0.611806 -1.044508
v -2.166877 0.640816 -1.028623
v -2.253907 0.537189 -1.024247
v -2.221898 0.518004 -1.040547
v -2.300215 0.410072 -1.018880
v -2.263816 0.402938 -1.035689
v -2.263816 0.280488 -1.030519
v -2.300215 0.274797 -1.013169
v -2.253907 0.147680 -1.007802
v -2.221898 0.165423 -1.025661
v -2.143119 0.071621 -1.021701
v -2.166877 0.044053 -1.003427
v -2.036979 0.010396 -1.019116
v -2.049621 -0.023584 -1.000571
v -1.795585 0.010396 -1.019116
v -1.782943 -0.023584 -1.000571
v -1.689445 0.071621 -1.021701
v -1.665687 0.044053 -1.003427
v -1.610666 0.165423 -1.025661
v -1.578656 0.147680 -1.007802
v -1.532349 0.274797 -1.013169
v -1.568748 0.280489 -1.030519
v -1.532349 0.410072 -1.018880
v -1.568748 0.402938 -1.035689
v -1.610666 0.518004 -1.040547
v -1.578656 0.537189 -1.024247
v -1.689445 0.611806 -1.044508
v -1.665687 0.640816 -1.028623
v -1.782943 0.708453 -1.031478
v -1.795585 0.673031 -1.047093
v -1.916282 -0.050535 -0.913396
v -1.916282 -0.041189 -0.803532
v -1.916282 -0.047075 -0.999579
v -1.916282 -0.010868 -1.018218
v -1.916264 0.751790 -0.730994
v -1.916264 0.751737 -0.620734
v -1.916264 0.572655 -0.650729
v -1.916264 0.566597 -0.794213
v -2.052029 0.727873 -0.729985
v -2.050420 0.728103 -0.619736
v -1.989657 0.559725 -0.650183
v -1.989657 0.553667 -0.793667
v -2.171418 0.659004 -0.727077
v -2.168394 0.660051 -0.616863
v -2.054198 0.522496 -0.648611
v -2.054198 0.516438 -0.792095
v -2.260032 0.553492 -0.722622
v -2.255958 0.555789 -0.612461
v -2.102102 0.465456 -0.646202
v -2.102103 0.459398 -0.789687
v -2.307183 0.424062 -0.717157
v -2.302550 0.427893 -0.607061
v -2.127592 0.395488 -0.643248
v -2.127592 0.389430 -0.786732
v -2.307183 0.286326 -0.711342
v -2.302550 0.291789 -0.601314
v -2.127592 0.321029 -0.640104
v -2.127592 0.314971 -0.783589
v -2.260032 0.156896 -0.705877
v -2.255958 0.163893 -0.595914
v -2.102103 0.251060 -0.637150
v -2.102103 0.245002 -0.780634
v -2.171418 0.051384 -0.701422
v -2.168394 0.059632 -0.591512
v -2.054198 0.194021 -0.634742
v -2.054198 0.187963 -0.778226
v -2.052029 -0.017484 -0.698515
v -2.050420 -0.008421 -0.588639
v -1.989658 0.156791 -0.633170
v -1.989658 0.150733 -0.776654
v -1.916264 0.143862 -0.632624
v -1.916264 0.137804 -0.776108
v -1.780499 -0.017484 -0.698515
v -1.782108 -0.008421 -0.588639
v -1.842871 0.156791 -0.633170
v -1.842871 0.150733 -0.776654
v -1.661110 0.051384 -0.701422
v -1.664134 0.059631 -0.591512
v -1.778330 0.194021 -0.634742
v -1.778330 0.187963 -0.778226
v -1.572496 0.156896 -0.705877
v -1.576570 0.163893 -0.595914
v -1.730426 0.251060 -0.637150
v -1.730426 0.245002 -0.780634
v -1.525345 0.286326 -0.711342
v -1.529978 0.291789 -0.601314
v -1.704936 0.321029 -0.640104
v -1.704936 0.314971 -0.783589
v -1.525345 0.424062 -0.717157
v -1.529978 0.427893 -0.607061
v -1.704936 0.395488 -0.643248
v -1.704937 0.389430 -0.786732
v -1.572496 0.553492 -0.722622
v -1.576570 0.555789 -0.612461
v -1.730426 0.465456 -0.646202
v -1.730426 0.459398 -0.789687
v -1.661110 0.659004 -0.727077
v -1.664134 0.660051 -0.616863
v -1.778330 0.522496 -0.648611
v -1.778330 0.516438 -0.792095
v -1.780499 0.727873 -0.729985
v -1.782108 0.728103 -0.619736
v -1.842871 0.559725 -0.650183
v -1.842871 0.553667 -0.793667
v -1.916264 0.359273 -0.617649
v -1.916264 0.741077 -0.816579
v -1.916264 0.703428 -0.832100
v -2.036961 0.682165 -0.831202
v -2.049603 0.717587 -0.815588
v -2.143101 0.620940 -0.828617
v -2.166859 0.649949 -0.812732
v -2.253890 0.546323 -0.808357
v -2.221880 0.527137 -0.824657
v -2.300198 0.419206 -0.802990
v -2.263798 0.412072 -0.819799
v -2.263798 0.289622 -0.814628
v -2.300198 0.283931 -0.797278
v -2.253890 0.156814 -0.791911
v -2.221880 0.174556 -0.809770
v -2.143101 0.080754 -0.805810
v -2.166859 0.053187 -0.787536
v -2.036961 0.019529 -0.803225
v -2.049603 -0.014451 -0.784680
v -1.795567 0.019529 -0.803225
v -1.782925 -0.014451 -0.784680
v -1.689427 0.080754 -0.805810
v -1.665669 0.053187 -0.787536
v -1.610648 0.174556 -0.809770
v -1.578639 0.156814 -0.791911
v -1.532331 0.283931 -0.797278
v -1.568730 0.289622 -0.814628
v -1.532331 0.419206 -0.802990
v -1.568730 0.412072 -0.819799
v -1.610648 0.527137 -0.824657
v -1.578639 0.546323 -0.808357
v -1.689427 0.620940 -0.828617
v -1.665669 0.649949 -0.812732
v -1.782925 0.717587 -0.815588
v -1.795567 0.682165 -0.831202
v -1.916264 -0.041402 -0.697505
v -1.916264 -0.032055 -0.587641
v -1.916264 -0.037941 -0.783688
v -1.916264 -0.001734 -0.802327
v -2.760406 0.742657 -0.946885
v -2.760406 0.742605 -0.836625
v -2.760406 0.563522 -0.866619
v -2.760406 0.557464 -1.010103
v -2.896170 0.718740 -0.945875
v -2.894562 0.718970 -0.835627
v -2.833799 0.550592 -0.866073
v -2.833799 0.544534 -1.009557
v -3.015560 0.649871 -0.942968
v -3.012536 0.650918 -0.832753
v -2.898340 0.513363 -0.864501
v -2.898340 0.507305 -1.007985
v -3.104174 0.544359 -0.938513
v -3.100100 0.546656 -0.828351
v -2.946244 0.456324 -0.862093
v -2.946244 0.450266 -1.005577
v -3.151325 0.414930 -0.933048
v -3.146692 0.418760 -0.822951
v -2.971733 0.386355 -0.859139
v -2.971733 0.380297 -1.002623
v -3.151325 0.277193 -0.927233
v -3.146692 0.282656 -0.817205
v -2.971733 0.311896 -0.855995
v -2.971733 0.305838 -0.999479
v -3.104174 0.147763 -0.921768
v -3.100100 0.154761 -0.811805
v -2.946244 0.241927 -0.853041
v -2.760406 0.496546 -1.021370
v -2.813145 0.487254 -1.020978
v -2.946244 0.235869 -0.996525
v -2.859523 0.460502 -1.019849
v -3.015560 0.042251 -0.917313
v -3.012536 0.050499 -0.807403
v -2.898340 0.184888 -0.850633
v -2.893945 0.419515 -1.018118
v -2.912261 0.369236 -1.015995
v -2.898340 0.178830 -0.994117
v -2.912261 0.315732 -1.013736
v -2.896171 -0.026617 -0.914405
v -2.894562 -0.017553 -0.804530
v -2.833799 0.147658 -0.849061
v -2.893945 0.265454 -1.011613
v -2.859523 0.224466 -1.009883
v -2.833799 0.141600 -0.992545
v -2.813145 0.197714 -1.008754
v -2.760406 0.134729 -0.848515
v -2.760406 0.188423 -1.008361
v -2.707667 0.197714 -1.008754
v -2.760406 0.128671 -0.991999
v -2.661289 0.224466 -1.009883
v -2.624641 -0.026617 -0.914405
v -2.626250 -0.017553 -0.804530
v -2.687012 0.147658 -0.849061
v -2.626866 0.265454 -1.011613
v -2.608550 0.315732 -1.013736
v -2.687012 0.141600 -0.992545
v -2.608550 0.369236 -1.015995
v -2.505252 0.042251 -0.917313
v -2.508276 0.050499 -0.807403
v -2.622472 0.184888 -0.850633
v -2.626866 0.419515 -1.018118
v -2.661289 0.460502 -1.019849
v -2.622472 0.178830 -0.994117
v -2.707667 0.487254 -1.020978
v -2.416638 0.147764 -0.921768
v -2.420712 0.154761 -0.811805
v -2.574567 0.241927 -0.853041
v -2.574567 0.235869 -0.996525
v -2.369487 0.277193 -0.927233
v -2.374120 0.282656 -0.817205
v -2.549078 0.311896 -0.855995
v -2.549078 0.305838 -0.999479
v -2.369487 0.414930 -0.933048
v -2.374120 0.418760 -0.822951
v -2.549078 0.386355 -0.859139
v -2.549078 0.380297 -1.002623
v -2.416638 0.544360 -0.938513
v -2.420712 0.546656 -0.828351
v -2.574567 0.456324 -0.862093
v -2.574567 0.450266 -1.005577
v -2.505252 0.649871 -0.942968
v -2.508276 0.650918 -0.832753
v -2.622471 0.513363 -0.864501
v -2.622471 0.507305 -1.007985
v -2.624641 0.718740 -0.945875
v -2.626250 0.718970 -0.835627
v -2.687012 0.550592 -0.866073
v -2.687012 0.544534 -1.009557
v -2.712134 0.474118 -1.041172
v -2.669684 0.449632 -1.040138
v -2.638176 0.412116 -1.038554
v -2.621412 0.366096 -1.036611
v -2.621412 0.317123 -1.034544
v -2.638176 0.271104 -1.032601
v -2.669684 0.233588 -1.031017
v -2.712134 0.209102 -1.029983
v -2.760406 0.200597 -1.029624
v -2.808678 0.209102 -1.029983
v -2.851128 0.233588 -1.031017
v -2.882635 0.271104 -1.032601
v -2.899400 0.317123 -1.034544
v -2.899400 0.366096 -1.036611
v -2.882635 0.412116 -1.038554
v -2.851128 0.449632 -1.040138
v -2.807778 0.474118 -1.041178
v -2.760406 0.482622 -1.041531
v -2.759506 0.342767 -1.008174
v -2.687583 0.445673 -0.019466
v -2.712868 0.466871 -0.020361
v -2.760406 0.350140 -0.833540
v -2.671080 0.417114 -0.018260
v -2.743884 0.478150 -0.020837
v -2.776891 0.478150 -0.020837
v -2.807907 0.466871 -0.020361
v -2.833192 0.445673 -0.019466
v -2.849695 0.417114 -0.018260
v -2.855427 0.384638 -0.016889
v -2.665349 0.384638 -0.016889
v -2.671080 0.352162 -0.015518
v -2.671080 0.316997 -0.848388
v -2.687583 0.288438 -0.847182
v -2.712868 0.267240 -0.846287
v -2.743884 0.255961 -0.845811
v -2.776891 0.255961 -0.845811
v -2.807907 0.267240 -0.846287
v -2.833192 0.288438 -0.847182
v -2.849695 0.352162 -0.015518
v -2.849695 0.316997 -0.848388
v -2.855427 0.349473 -0.849759
v -2.849695 0.381949 -0.851130
v -2.833192 0.410509 -0.852336
v -2.807907 0.431706 -0.853231
v -2.776891 0.442985 -0.853707
v -2.743884 0.442985 -0.853707
v -2.712868 0.431706 -0.853231
v -2.687583 0.410509 -0.852336
v -2.671080 0.381949 -0.851130
v -2.665349 0.349473 -0.849759
v -2.833192 0.323602 -0.014312
v -2.807907 0.302405 -0.013417
v -2.776891 0.291126 -0.012941
v -2.743884 0.291126 -0.012941
v -2.712868 0.302405 -0.013417
v -2.687583 0.323602 -0.014312
v -2.760406 0.731945 -1.032470
v -2.760406 0.694295 -1.047991
v -2.881103 0.673032 -1.047093
v -2.893744 0.708454 -1.031478
v -2.987242 0.611807 -1.044508
v -3.011001 0.640817 -1.028623
v -3.098031 0.537190 -1.024247
v -3.066022 0.518005 -1.040547
v -3.144339 0.410073 -1.018880
v -3.107940 0.402939 -1.035689
v -3.107940 0.280489 -1.030519
v -3.144339 0.274798 -1.013169
v -3.098031 0.147681 -1.007802
v -3.066022 0.165424 -1.025661
v -2.987242 0.071622 -1.021701
v -3.011001 0.044054 -1.003427
v -2.881103 0.010397 -1.019116
v -2.893744 -0.023584 -1.000571
v -2.639709 0.010396 -1.019116
v -2.627067 -0.023584 -1.000571
v -2.533569 0.071621 -1.021701
v -2.509811 0.044054 -1.003427
v -2.454789 0.165424 -1.025661
v -2.422780 0.147681 -1.007802
v -2.376472 0.274798 -1.013169
v -2.412872 0.280489 -1.030519
v -2.376472 0.410073 -1.018880
v -2.412872 0.402939 -1.035689
v -2.454789 0.518005 -1.040547
v -2.422780 0.537190 -1.024247
v -2.533569 0.611807 -1.044508
v -2.509811 0.640817 -1.028623
v -2.627067 0.708454 -1.031478
v -2.639709 0.673032 -1.047093
v -2.760406 -0.050535 -0.913396
v -2.760406 -0.041188 -0.803532
v -2.760406 -0.047074 -0.999579
v -2.760406 -0.010867 -1.018218
v -2.760388 0.751791 -0.730994
v -2.760388 0.751739 -0.620734
v -2.760388 0.572656 -0.650729
v -2.760388 0.566598 -0.794213
v -2.896153 0.727874 -0.729985
v -2.894544 0.728104 -0.619736
v -2.833782 0.559726 -0.650183
v -2.833782 0.553668 -0.793667
v -3.015543 0.659005 -0.727077
v -3.012519 0.660052 -0.616863
v -2.898323 0.522497 -0.648611
v -2.898323 0.516439 -0.792095
v -3.104156 0.553493 -0.722622
v -3.100083 0.555790 -0.612461
v -2.946227 0.465458 -0.646202
v -2.946227 0.459400 -0.789687
v -3.151307 0.424064 -0.717157
v -3.146674 0.427894 -0.607061
v -2.971716 0.395489 -0.643248
v -2.971716 0.389431 -0.786732
v -3.151307 0.286327 -0.711342
v -3.146674 0.291790 -0.601314
v -2.971716 0.321030 -0.640105
v -2.971716 0.314972 -0.783589
v -3.104156 0.156897 -0.705877
v -3.100083 0.163895 -0.595914
v -2.946227 0.251061 -0.637150
v -2.946227 0.245003 -0.780634
v -3.015543 0.051385 -0.701422
v -3.012519 0.059633 -0.591512
v -2.898323 0.194022 -0.634742
v -2.898323 0.187964 -0.778226
v -2.896153 -0.017483 -0.698515
v -2.894544 -0.008419 -0.588639
v -2.833782 0.156793 -0.633170
v -2.833782 0.150734 -0.776654
v -2.760388 0.143863 -0.632624
v -2.760388 0.137805 -0.776108
v -2.624624 -0.017483 -0.698515
v -2.626233 -0.008419 -0.588639
v -2.686995 0.156793 -0.633170
v -2.686995 0.150734 -0.776654
v -2.505234 0.051385 -0.701422
v -2.508258 0.059633 -0.591512
v -2.622454 0.194022 -0.634742
v -2.622454 0.187964 -0.778226
v -2.416620 0.156897 -0.705877
v -2.420694 0.163895 -0.595914
v -2.574550 0.251061 -0.637150
v -2.574550 0.245003 -0.780634
v -2.369470 0.286327 -0.711342
v -2.374103 0.291790 -0.601314
v -2.549061 0.321030 -0.640105
v -2.549061 0.314972 -0.783589
v -2.369470 0.424064 -0.717157
v -2.374103 0.427894 -0.607061
v -2.549061 0.395489 -0.643248
v -2.549061 0.389431 -0.786732
v -2.416620 0.553493 -0.722622
v -2.420694 0.555790 -0.612461
v -2.574550 0.465458 -0.646202
v -2.574550 0.459400 -0.789687
v -2.505234 0.659005 -0.727077
v -2.508258 0.660052 -0.616863
v -2.622454 0.522497 -0.648611
v -2.622454 0.516439 -0.792095
v -2.624624 0.727874 -0.729985
v -2.626233 0.728104 -0.619736
v -2.686995 0.559726 -0.650183
v -2.686995 0.553668 -0.793667
v -2.760388 0.359274 -0.617649
v -2.760388 0.741079 -0.816579
v -2.760388 0.703429 -0.832100
v -2.881086 0.682166 -0.831202
v -2.893727 0.717588 -0.815588
v -2.987225 0.620941 -0.828617
v -3.010983 0.649951 -0.812732
v -3.098014 0.546324 -0.808357
v -3.066005 0.527138 -0.824657
v -3.144322 0.419207 -0.802990
v -3.107922 0.412073 -0.819799
v -3.107922 0.289623 -0.814629
v -3.144322 0.283932 -0.797278
v -3.098014 0.156815 -0.791911
v -3.066005 0.174558 -0.809770
v -2.987225 0.080756 -0.805810
v -3.010983 0.053188 -0.787536
v -2.881086 0.019531 -0.803225
v -2.893727 -0.014450 -0.784680
v -2.639691 0.019530 -0.803225
v -2.627050 -0.014450 -0.784680
v -2.533552 0.080755 -0.805810
v -2.509794 0.053188 -0.787536
v -2.454772 0.174558 -0.809770
v -2.422763 0.156815 -0.791911
v -2.376455 0.283932 -0.797278
v -2.412855 0.289623 -0.814629
v -2.376455 0.419207 -0.802990
v -2.412855 0.412073 -0.819799
v -2.454772 0.527138 -0.824657
v -2.422763 0.546324 -0.808357
v -2.533552 0.620941 -0.828617
v -2.509794 0.649951 -0.812732
v -2.627050 0.717588 -0.815588
v -2.639691 0.682166 -0.831202
v -2.760388 -0.041400 -0.697505
v -2.760388 -0.032054 -0.587641
v -2.760388 -0.037940 -0.783688
v -2.760388 -0.001733 -0.802327
v -1.916282 0.819774 0.879619
v -1.916282 0.810427 0.769756
v -1.916282 0.634511 0.814739
v -1.916282 0.640569 0.958223
v -2.052047 0.795856 0.880629
v -2.050438 0.786793 0.770753
v -1.989675 0.621581 0.815284
v -1.989675 0.627639 0.958769
v -2.171436 0.726988 0.883537
v -2.168412 0.718741 0.773627
v -2.054216 0.584352 0.816856
v -2.054216 0.590410 0.960340
v -2.260050 0.621476 0.887992
v -2.255976 0.614479 0.778029
v -2.102120 0.527312 0.819265
v -2.102120 0.533370 0.962749
v -2.307201 0.492046 0.893456
v -2.302568 0.486583 0.783429
v -2.127609 0.457344 0.822219
v -2.127609 0.463402 0.965703
v -2.307201 0.354310 0.899272
v -2.302568 0.350479 0.789175
v -2.127609 0.382884 0.825363
v -2.127609 0.388942 0.968847
v -2.260050 0.224880 0.904736
v -2.255976 0.222583 0.794575
v -2.102120 0.312916 0.828317
v -1.916282 0.580817 0.974585
v -1.969021 0.571525 0.974977
v -2.102120 0.318974 0.971801
v -2.015399 0.544773 0.976107
v -2.171436 0.119368 0.909191
v -2.168412 0.118322 0.798977
v -2.054216 0.255877 0.830725
v -2.049822 0.503786 0.977837
v -2.068138 0.453508 0.979960
v -2.054216 0.261935 0.974209
v -2.068138 0.400003 0.982219
v -2.052047 0.050500 0.912099
v -2.050438 0.050269 0.801850
v -1.989675 0.218647 0.832297
v -2.049822 0.349725 0.984342
v -2.015399 0.308737 0.986072
v -1.989675 0.224705 0.975781
v -1.969021 0.281985 0.987202
v -1.916282 0.205717 0.832843
v -1.916282 0.272694 0.987594
v -1.863543 0.281985 0.987202
v -1.916282 0.211775 0.976327
v -1.817165 0.308737 0.986072
v -1.780517 0.050500 0.912099
v -1.782126 0.050269 0.801850
v -1.842889 0.218647 0.832297
v -1.782742 0.349725 0.984342
v -1.764426 0.400003 0.982219
v -1.842889 0.224705 0.975781
v -1.764426 0.453508 0.979960
v -1.661128 0.119368 0.909191
v -1.664152 0.118321 0.798977
v -1.778348 0.255877 0.830725
v -1.782742 0.503786 0.977837
v -1.817165 0.544773 0.976107
v -1.778348 0.261935 0.974209
v -1.863543 0.571525 0.974977
v -1.572514 0.224880 0.904736
v -1.576588 0.222583 0.794575
v -1.730443 0.312916 0.828317
v -1.730443 0.318974 0.971801
v -1.525363 0.354310 0.899272
v -1.529996 0.350479 0.789175
v -1.704954 0.382884 0.825363
v -1.704954 0.388942 0.968847
v -1.525363 0.492046 0.893456
v -1.529996 0.486583 0.783429
v -1.704954 0.457344 0.822219
v -1.704954 0.463402 0.965703
v -1.572514 0.621476 0.887992
v -1.576588 0.614479 0.778029
v -1.730443 0.527312 0.819265
v -1.730443 0.533370 0.962749
v -1.661128 0.726988 0.883537
v -1.664152 0.718741 0.773627
v -1.778348 0.584352 0.816856
v -1.778348 0.590410 0.960340
v -1.780517 0.795856 0.880629
v -1.782126 0.786793 0.770753
v -1.842889 0.621581 0.815284
v -1.842889 0.627639 0.958769
v -1.868010 0.560138 0.996207
v -1.825560 0.535652 0.997240
v -1.794053 0.498136 0.998824
v -1.777288 0.452116 1.000767
v -1.777288 0.403143 1.002835
v -1.794053 0.357124 1.004778
v -1.825560 0.319608 1.006362
v -1.868010 0.295122 1.007396
v -1.916282 0.286617 1.007755
v -1.964554 0.295122 1.007396
v -2.007004 0.319608 1.006362
v -2.038511 0.357124 1.004778
v -2.055276 0.403143 1.002835
v -2.055276 0.452116 1.000767
v -2.038511 0.498136 0.998824
v -2.007004 0.535652 0.997240
v -1.963654 0.560138 0.996212
v -1.916282 0.568642 0.995847
v -1.915382 0.426473 0.974397
v -1.916282 0.419100 0.799764
v -1.826957 0.387326 0.817352
v -1.843460 0.358767 0.818558
v -1.868745 0.337570 0.819453
v -1.899761 0.326291 0.819929
v -1.932768 0.326291 0.819929
v -1.963784 0.337570 0.819453
v -1.989069 0.358767 0.818558
v -2.005572 0.387326 0.817352
v -2.011303 0.419803 0.815981
v -2.005572 0.452279 0.814610
v -1.989069 0.480838 0.813404
v -1.963784 0.502036 0.812509
v -1.932768 0.513315 0.812033
v -1.899761 0.513315 0.812033
v -1.868745 0.502036 0.812509
v -1.843460 0.480838 0.813404
v -1.826957 0.452279 0.814610
v -1.821225 0.419803 0.815981
v -1.916282 0.816314 0.965803
v -1.916282 0.780106 0.984441
v -2.036979 0.758843 0.985339
v -2.049621 0.792823 0.966794
v -2.143119 0.697618 0.987924
v -2.166877 0.725186 0.969650
v -2.253907 0.621559 0.974025
v -2.221898 0.603816 0.991885
v -2.300215 0.494442 0.979392
v -2.263816 0.488750 0.996743
v -2.263816 0.366300 1.001913
v -2.300215 0.359167 0.985104
v -2.253907 0.232050 0.990471
v -2.221898 0.251235 1.006771
v -2.143119 0.157433 1.010731
v -2.166877 0.128423 0.994846
v -2.036979 0.096208 1.013317
v -2.049621 0.060785 0.997702
v -1.795585 0.096207 1.013317
v -1.782943 0.060785 0.997702
v -1.689445 0.157432 1.010731
v -1.665687 0.128423 0.994846
v -1.610666 0.251235 1.006771
v -1.578656 0.232050 0.990471
v -1.532349 0.359167 0.985104
v -1.568748 0.366300 1.001913
v -1.532349 0.494442 0.979392
v -1.568748 0.488750 0.996743
v -1.610666 0.603816 0.991885
v -1.578656 0.621559 0.974025
v -1.689445 0.697618 0.987924
v -1.665687 0.725186 0.969650
v -1.782943 0.792823 0.966794
v -1.795585 0.758843 0.985339
v -1.916282 0.026582 0.913109
v -1.916282 0.026635 0.802848
v -1.916282 0.037295 0.998694
v -1.916282 0.074944 1.014214
v -1.916264 0.810677 0.663727
v -1.916264 0.801330 0.553863
v -1.916264 0.625414 0.598846
v -1.916264 0.631472 0.742330
v -2.052029 0.786760 0.664737
v -2.050420 0.777696 0.554861
v -1.989657 0.612484 0.599392
v -1.989657 0.618542 0.742876
v -2.171418 0.717891 0.667644
v -2.168394 0.709644 0.557734
v -2.054198 0.575255 0.600964
v -2.054198 0.581313 0.744448
v -2.260032 0.612379 0.672099
v -2.255958 0.605382 0.562136
v -2.102102 0.518215 0.603372
v -2.102103 0.524273 0.746856
v -2.307183 0.482949 0.677564
v -2.302550 0.477486 0.567536
v -2.127592 0.448247 0.606327
v -2.127592 0.454305 0.749811
v -2.307183 0.345213 0.683379
v -2.302550 0.341382 0.573283
v -2.127592 0.373787 0.609470
v -2.127592 0.379845 0.752954
v -2.260032 0.215783 0.688844
v -2.255958 0.213486 0.578683
v -2.102103 0.303819 0.612425
v -2.102103 0.309877 0.755909
v -2.171418 0.110271 0.693299
v -2.168394 0.109225 0.583085
v -2.054198 0.246780 0.614833
v -2.054198 0.252838 0.758317
v -2.052029 0.041403 0.696207
v -2.050420 0.041172 0.585958
v -1.989658 0.209550 0.616405
v -1.989658 0.215608 0.759889
v -1.916264 0.196620 0.616951
v -1.916264 0.202678 0.760435
v -1.780499 0.041403 0.696207
v -1.782108 0.041172 0.585958
v -1.842871 0.209550 0.616405
v -1.842871 0.215608 0.759889
v -1.661110 0.110271 0.693299
v -1.664134 0.109224 0.583085
v -1.778330 0.246780 0.614833
v -1.778330 0.252838 0.758317
v -1.572496 0.215783 0.688844
v -1.576570 0.213486 0.578683
v -1.730426 0.303819 0.612425
v -1.730426 0.309877 0.755909
v -1.525345 0.345213 0.683379
v -1.529978 0.341382 0.573283
v -1.704936 0.373787 0.609470
v -1.704936 0.379845 0.752954
v -1.525345 0.482949 0.677564
v -1.529978 0.477486 0.567536
v -1.704936 0.448247 0.606327
v -1.704937 0.454305 0.749811
v -1.572496 0.612379 0.672099
v -1.576570 0.605382 0.562136
v -1.730426 0.518215 0.603372
v -1.730426 0.524273 0.746856
v -1.661110 0.717891 0.667644
v -1.664134 0.709644 0.557734
v -1.778330 0.575255 0.600964
v -1.778330 0.581313 0.744448
v -1.780499 0.786760 0.664737
v -1.782108 0.777696 0.554861
v -1.842871 0.612484 0.599392
v -1.842871 0.618542 0.742876
v -1.916264 0.410003 0.583871
v -1.916264 0.807217 0.749910
v -1.916264 0.771010 0.768549
v -2.036961 0.749746 0.769447
v -2.049603 0.783726 0.750902
v -2.143101 0.688521 0.772032
v -2.166859 0.716089 0.753758
v -2.253890 0.612462 0.758133
v -2.221880 0.594719 0.775992
v -2.300198 0.485345 0.763500
v -2.263798 0.479653 0.780851
v -2.263798 0.357203 0.786021
v -2.300198 0.350070 0.769212
v -2.253890 0.222953 0.774579
v -2.221880 0.242138 0.790879
v -2.143101 0.148336 0.794839
v -2.166859 0.119326 0.778954
v -2.036961 0.087111 0.797424
v -2.049603 0.051688 0.781810
v -1.795567 0.087111 0.797424
v -1.782925 0.051688 0.781810
v -1.689427 0.148336 0.794839
v -1.665669 0.119326 0.778954
v -1.610648 0.242138 0.790879
v -1.578639 0.222953 0.774579
v -1.532331 0.350070 0.769212
v -1.568730 0.357203 0.786021
v -1.532331 0.485345 0.763500
v -1.568730 0.479653 0.780851
v -1.610648 0.594719 0.775992
v -1.578639 0.612462 0.758133
v -1.689427 0.688521 0.772032
v -1.665669 0.716089 0.753758
v -1.782925 0.783726 0.750902
v -1.795567 0.749746 0.769447
v -1.916264 0.017485 0.697217
v -1.916264 0.017538 0.586956
v -1.916264 0.028198 0.782801
v -1.916264 0.065847 0.798322
v -2.760406 0.819775 0.879619
v -2.760406 0.810428 0.769756
v -2.760406 0.634511 0.814739
v -2.760406 0.640569 0.958223
v -2.896170 0.795857 0.880629
v -2.894562 0.786793 0.770753
v -2.833799 0.621581 0.815284
v -2.833799 0.627640 0.958768
v -3.015560 0.726989 0.883537
v -3.012536 0.718742 0.773627
v -2.898340 0.584352 0.816856
v -2.898340 0.590410 0.960340
v -3.104174 0.621477 0.887992
v -3.100100 0.614480 0.778029
v -2.946244 0.527313 0.819265
v -2.946244 0.533371 0.962749
v -3.151325 0.492047 0.893456
v -3.146692 0.486584 0.783429
v -2.971733 0.457344 0.822219
v -2.971733 0.463402 0.965703
v -3.151325 0.354310 0.899272
v -3.146692 0.350480 0.789175
v -2.971733 0.382885 0.825363
v -2.971733 0.388943 0.968847
v -3.104174 0.224881 0.904736
v -3.100100 0.222584 0.794575
v -2.946244 0.312916 0.828317
v -2.760406 0.580817 0.974585
v -2.813145 0.571526 0.974977
v -2.946244 0.318974 0.971801
v -2.859523 0.544774 0.976107
v -3.015560 0.119368 0.909191
v -3.012536 0.118322 0.798977
v -2.898340 0.255877 0.830725
v -2.893945 0.503786 0.977837
v -2.912261 0.453508 0.979960
v -2.898340 0.261935 0.974209
v -2.912261 0.400003 0.982219
v -2.896171 0.050500 0.912099
v -2.894562 0.050270 0.801850
v -2.833799 0.218648 0.832297
v -2.893945 0.349725 0.984342
v -2.859523 0.308738 0.986072
v -2.833799 0.224706 0.975781
v -2.813145 0.281986 0.987202
v -2.760406 0.205718 0.832843
v -2.760406 0.272695 0.987594
v -2.707667 0.281986 0.987202
v -2.760406 0.211776 0.976327
v -2.661289 0.308738 0.986072
v -2.624641 0.050500 0.912099
v -2.626250 0.050270 0.801850
v -2.687012 0.218648 0.832297
v -2.626866 0.349725 0.984342
v -2.608550 0.400003 0.982219
v -2.687012 0.224706 0.975781
v -2.608550 0.453508 0.979960
v -2.505252 0.119368 0.909191
v -2.508276 0.118322 0.798977
v -2.622472 0.255877 0.830725
v -2.626866 0.503786 0.977837
v -2.661289 0.544774 0.976107
v -2.622472 0.261935 0.974209
v -2.707667 0.571526 0.974977
v -2.416638 0.224881 0.904736
v -2.420712 0.222584 0.794575
v -2.574567 0.312916 0.828317
v -2.574567 0.318974 0.971801
v -2.369487 0.354311 0.899272
v -2.374120 0.350480 0.789175
v -2.549078 0.382885 0.825363
v -2.549078 0.388943 0.968847
v -2.369487 0.492047 0.893456
v -2.374120 0.486584 0.783429
v -2.549078 0.457344 0.822219
v -2.549078 0.463402 0.965703
v -2.416638 0.621477 0.887992
v -2.420712 0.614480 0.778029
v -2.574567 0.527313 0.819265
v -2.574567 0.533371 0.962749
v -2.505252 0.726989 0.883537
v -2.508276 0.718742 0.773627
v -2.622471 0.584352 0.816856
v -2.622471 0.590410 0.960340
v -2.624641 0.795857 0.880629
v -2.626250 0.786793 0.770753
v -2.687012 0.621581 0.815284
v -2.687012 0.627640 0.958768
v -2.712134 0.560138 0.996207
v -2.669684 0.535652 0.997240
v -2.638176 0.498137 0.998824
v -2.621412 0.452117 1.000767
v -2.621412 0.403144 1.002835
v -2.638176 0.357124 1.004778
v -2.669684 0.319608 1.006362
v -2.712134 0.295122 1.007396
v -2.760406 0.286618 1.007755
v -2.808678 0.295122 1.007396
v -2.851128 0.319608 1.006362
v -2.882635 0.357124 1.004778
v -2.899400 0.403144 1.002835
v -2.899400 0.452117 1.000767
v -2.882635 0.498137 0.998824
v -2.851128 0.535652 0.997240
v -2.807778 0.560139 0.996212
v -2.760406 0.568643 0.995847
v -2.759506 0.426473 0.974397
v -2.760406 0.419100 0.799764
v -2.671080 0.387326 0.817352
v -2.687583 0.358767 0.818558
v -2.712868 0.337570 0.819453
v -2.743884 0.326291 0.819929
v -2.776891 0.326291 0.819929
v -2.807907 0.337570 0.819453
v -2.833192 0.358767 0.818558
v -2.849695 0.387326 0.817352
v -2.855427 0.419803 0.815981
v -2.849695 0.452279 0.814610
v -2.833192 0.480838 0.813404
v -2.807907 0.502036 0.812509
v -2.776891 0.513315 0.812033
v -2.743884 0.513315 0.812033
v -2.712868 0.502036 0.812509
v -2.687583 0.480838 0.813404
v -2.671080 0.452279 0.814610
v -2.665349 0.419803 0.815981
v -2.760406 0.816314 0.965802
v -2.760406 0.780107 0.984441
v -2.881103 0.758844 0.985339
v -2.893744 0.792824 0.966794
v -2.987242 0.697619 0.987924
v -3.011001 0.725186 0.969650
v -3.098031 0.621560 0.974025
v -3.066022 0.603816 0.991885
v -3.144339 0.494442 0.979392
v -3.107940 0.488751 0.996743
v -3.107940 0.366301 1.001913
v -3.144339 0.359167 0.985104
v -3.098031 0.232051 0.990471
v -3.066022 0.251235 1.006771
v -2.987242 0.157433 1.010731
v -3.011001 0.128424 0.994846
v -2.881103 0.096208 1.013317
v -2.893744 0.060786 0.997702
v -2.639709 0.096208 1.013317
v -2.627067 0.060786 0.997702
v -2.533569 0.157433 1.010731
v -2.509811 0.128424 0.994846
v -2.454789 0.251236 1.006771
v -2.422780 0.232051 0.990471
v -2.376472 0.359167 0.985104
v -2.412872 0.366301 1.001913
v -2.376472 0.494442 0.979392
v -2.412872 0.488751 0.996743
v -2.454789 0.603816 0.991885
v -2.422780 0.621560 0.974025
v -2.533569 0.697619 0.987924
v -2.509811 0.725186 0.969650
v -2.627067 0.792824 0.966794
v -2.639709 0.758844 0.985339
v -2.760406 0.026583 0.913109
v -2.760406 0.026635 0.802848
v -2.760406 0.037295 0.998694
v -2.760406 0.074945 1.014214
v -2.760388 0.810678 0.663727
v -2.760388 0.801332 0.553863
v -2.760388 0.625415 0.598846
v -2.760388 0.631473 0.742330
v -2.896153 0.786761 0.664737
v -2.894544 0.777697 0.554861
v -2.833782 0.612485 0.599392
v -2.833782 0.618543 0.742876
v -3.015543 0.717892 0.667644
v -3.012519 0.709645 0.557734
v -2.898323 0.575256 0.600964
v -2.898323 0.581314 0.744448
v -3.104156 0.612380 0.672099
v -3.100083 0.605383 0.562136
v -2.946227 0.518216 0.603372
v -2.946227 0.524274 0.746856
v -3.151307 0.482951 0.677564
v -3.146674 0.477487 0.567536
v -2.971716 0.448248 0.606327
v -2.971716 0.454306 0.749811
v -3.151307 0.345214 0.683379
v -3.146674 0.341383 0.573283
v -2.971716 0.373789 0.609470
v -2.971716 0.379847 0.752954
v -3.104156 0.215784 0.688844
v -3.100083 0.213488 0.578683
v -2.946227 0.303820 0.612424
v -2.946227 0.309878 0.755909
v -3.015543 0.110272 0.693299
v -3.012519 0.109226 0.583085
v -2.898323 0.246781 0.614833
v -2.898323 0.252839 0.758317
v -2.896153 0.041404 0.696207
v -2.894544 0.041174 0.585958
v -2.833782 0.209551 0.616405
v -2.833782 0.215609 0.759889
v -2.760388 0.196622 0.616951
v -2.760388 0.202680 0.760435
v -2.624624 0.041404 0.696207
v -2.626233 0.041174 0.585958
v -2.686995 0.209551 0.616405
v -2.686995 0.215609 0.759889
v -2.505234 0.110272 0.693299
v -2.508258 0.109226 0.583085
v -2.622454 0.246781 0.614833
v -2.622454 0.252839 0.758317
v -2.416620 0.215784 0.688844
v -2.420694 0.213488 0.578683
v -2.574550 0.303820 0.612424
v -2.574550 0.309878 0.755909
v -2.369470 0.345214 0.683379
v -2.374103 0.341383 0.573283
v -2.549061 0.373789 0.609470
v -2.549061 0.379847 0.752954
v -2.369470 0.482951 0.677564
v -2.374103 0.477487 0.567536
v -2.549061 0.448248 0.606327
v -2.549061 0.454306 0.749811
v -2.416620 0.612380 0.672099
v -2.420694 0.605383 0.562136
v -2.574550 0.518216 0.603372
v -2.574550 0.524274 0.746856
v -2.505234 0.717892 0.667644
v -2.508258 0.709645 0.557734
v -2.622454 0.575256 0.600964
v -2.622454 0.581314 0.744448
v -2.624624 0.786761 0.664737
v -2.626233 0.777697 0.554861
v -2.686995 0.612485 0.599392
v -2.686995 0.618543 0.742876
v -2.760388 0.410004 0.583871
v -2.760388 0.807218 0.749910
v -2.760388 0.771011 0.768549
v -2.881086 0.749747 0.769447
v -2.893727 0.783727 0.750902
v -2.987225 0.688523 0.772032
v -3.010983 0.716090 0.753758
v -3.098014 0.612463 0.758133
v -3.066005 0.594720 0.775992
v -3.144322 0.485346 0.763500
v -3.107922 0.479655 0.780851
v -3.107922 0.357205 0.786021
v -3.144322 0.350071 0.769212
v -3.098014 0.222954 0.774579
v -3.066005 0.242139 0.790879
v -2.987225 0.148337 0.794839
v -3.010983 0.119327 0.778954
v -2.881086 0.087112 0.797424
v -2.893727 0.051689 0.781810
v -2.639691 0.087112 0.797424
v -2.627050 0.051689 0.781810
v -2.533552 0.148337 0.794839
v -2.509794 0.119327 0.778954
v -2.454772 0.242139 0.790879
v -2.422763 0.222954 0.774579
v -2.376455 0.350071 0.769212
v -2.412855 0.357205 0.786021
v -2.376455 0.485346 0.763500
v -2.412855 0.479655 0.780851
v -2.454772 0.594720 0.775992
v -2.422763 0.612463 0.758133
v -2.533552 0.688523 0.772032
v -2.509794 0.716090 0.753758
v -2.627050 0.783727 0.750902
v -2.639691 0.749747 0.769447
v -2.760388 0.017486 0.697216
v -2.760388 0.017539 0.586956
v -2.760388 0.028199 0.782801
v -2.760388 0.065848 0.798322
v 1.660882 0.089467 -0.924153
v 1.647598 0.075277 -0.825636
v 1.682201 0.129650 -0.827291
v 1.688425 0.172049 -0.981368
v 1.779160 0.070253 -0.889565
v 1.760928 0.065708 -0.798577
v 1.745808 0.117167 -0.846767
v 1.746071 0.163041 -0.985062
v 1.898894 0.079732 -0.901264
v 1.881555 0.082119 -0.791279
v 1.789926 0.127802 -0.824422
v 1.806076 0.174372 -0.987625
v 1.982085 0.066247 -0.891624
v 1.962944 0.077993 -0.784554
v 1.842647 0.165807 -0.819810
v 1.856115 0.188790 -0.988750
v 2.056705 0.132277 -0.890509
v 2.029301 0.139655 -0.786911
v 1.877156 0.227209 -0.803939
v 1.893232 0.214169 -0.988302
v 2.099352 0.259965 -0.885298
v 2.067640 0.265045 -0.784999
v 1.898777 0.298768 -0.802761
v 1.919526 0.267993 -0.986332
v 2.073438 0.369623 -0.879112
v 2.059241 0.376938 -0.772044
v 1.897495 0.370896 -0.808920
v 1.734162 0.188031 -0.976589
v 1.779145 0.191435 -0.979248
v 1.926433 0.326924 -0.983081
v 1.820000 0.207087 -0.980844
v 2.002423 0.430456 -0.878375
v 1.993741 0.439627 -0.770526
v 1.864650 0.428767 -0.803868
v 1.852664 0.235806 -0.981186
v 1.873530 0.275165 -0.980231
v 1.909373 0.372149 -0.978939
v 1.879706 0.319241 -0.978096
v 1.922400 0.522600 -0.862364
v 1.904071 0.524803 -0.755492
v 1.829431 0.474686 -0.828256
v 1.870381 0.362517 -0.975037
v 1.846658 0.399701 -0.971424
v 1.876836 0.418311 -0.974406
v 1.811813 0.427607 -0.967692
v 1.809263 0.496462 -0.809712
v 1.769513 0.441191 -0.964292
v 1.725067 0.439468 -0.961633
v 1.834666 0.465830 -0.970029
v 1.683838 0.422644 -0.960037
v 1.737468 0.569832 -0.849155
v 1.748992 0.607632 -0.803300
v 1.753726 0.492510 -0.836687
v 1.650798 0.392751 -0.959695
v 1.629931 0.353392 -0.960650
v 1.778326 0.478921 -0.966336
v 1.623756 0.309316 -0.962785
v 1.670658 0.570375 -0.894595
v 1.666547 0.558366 -0.783122
v 1.705092 0.472097 -0.822643
v 1.633209 0.266441 -0.965844
v 1.658115 0.232951 -0.969457
v 1.720724 0.475097 -0.963772
v 1.692228 0.202762 -0.973189
v 1.607920 0.531166 -0.881177
v 1.605804 0.524612 -0.764847
v 1.663031 0.423198 -0.831067
v 1.669077 0.455655 -0.962647
v 1.549764 0.432216 -0.875936
v 1.551316 0.435973 -0.764805
v 1.641466 0.400218 -0.860644
v 1.626807 0.414180 -0.963096
v 1.508109 0.302641 -0.895417
v 1.508145 0.302045 -0.772599
v 1.622626 0.341075 -0.831009
v 1.600511 0.360350 -0.965065
v 1.507978 0.223029 -0.906798
v 1.506479 0.217698 -0.786551
v 1.610631 0.259243 -0.822263
v 1.593455 0.300950 -0.968317
v 1.536038 0.159877 -0.935264
v 1.543122 0.177040 -0.814156
v 1.628489 0.195747 -0.819068
v 1.610490 0.255648 -0.972459
v 1.580295 0.086019 -0.908458
v 1.608152 0.113651 -0.852904
v 1.665824 0.144246 -0.809082
v 1.646327 0.219799 -0.976991
v 1.699650 0.207712 -0.968997
v 1.667616 0.232446 -0.965168
v 1.644287 0.263400 -0.961472
v 1.634077 0.301839 -0.958354
v 1.637750 0.341664 -0.956191
v 1.654804 0.377892 -0.955244
v 1.683183 0.406153 -0.955626
v 1.719464 0.423039 -0.957291
v 1.759271 0.426512 -0.960040
v 1.797802 0.416154 -0.963540
v 1.830411 0.393214 -0.967368
v 1.853164 0.360460 -0.971065
v 1.863316 0.321841 -0.974182
v 1.859643 0.282016 -0.976345
v 1.842589 0.245788 -0.977293
v 1.814210 0.217527 -0.976911
v 1.778024 0.200939 -0.975245
v 1.738122 0.197168 -0.972497
v 1.730085 0.309857 -0.928137
v 1.749820 0.301775 -0.867405
v 1.685340 0.114987 -1.005907
v 1.700030 0.123546 -1.028387
v 1.775577 0.110378 -0.980134
v 1.781693 0.104678 -0.961585
v 1.884609 0.134136 -0.987948
v 1.889897 0.096733 -0.983706
v 1.976844 0.089955 -0.974633
v 1.962146 0.121715 -0.996102
v 2.056209 0.137610 -0.976884
v 2.028358 0.161453 -0.985515
v 2.047975 0.278417 -0.980063
v 2.077196 0.262010 -0.965722
v 2.062962 0.365721 -0.964214
v 2.027021 0.361055 -0.970455
v 1.957300 0.416568 -0.955154
v 1.982659 0.417196 -0.957334
v 1.923856 0.509309 -0.976528
v 1.930003 0.521707 -0.947924
v 1.745025 0.562510 -0.942557
v 1.738044 0.566388 -0.935351
v 1.676443 0.535916 -0.990725
v 1.671795 0.564487 -0.986123
v 1.624426 0.510844 -0.964886
v 1.611169 0.526337 -0.970631
v 1.556814 0.437558 -0.965584
v 1.573566 0.424245 -0.992602
v 1.515552 0.309162 -0.982198
v 1.536635 0.311069 -1.009624
v 1.542130 0.253997 -1.001482
v 1.520047 0.245213 -0.991810
v 1.572507 0.214763 -0.970915
v 1.548141 0.183670 -0.951778
v 1.592764 0.115974 -0.984332
v 1.610867 0.149526 -0.991392
v 1.819700 0.570366 -0.871694
v 1.818908 0.576517 -0.763082
v 1.815009 0.563313 -0.957786
v 1.812306 0.541466 -0.984904
v 2.257111 0.324739 0.942691
v 2.252523 0.325778 0.832531
v 2.079253 0.365019 0.870053
v 2.079253 0.365019 1.013665
v 2.263751 0.462438 0.942691
v 2.259084 0.461846 0.832531
v 2.082843 0.439458 0.870053
v 2.082843 0.439458 1.013665
v 2.222894 0.594104 0.942691
v 2.218712 0.591951 0.832531
v 2.060756 0.510636 0.870053
v 2.060757 0.510636 1.013665
v 2.139470 0.703856 0.942691
v 2.136276 0.700402 0.832531
v 2.015657 0.569967 0.870053
v 2.015657 0.569967 1.013665
v 2.023539 0.778456 0.942691
v 2.021719 0.774118 0.832531
v 1.952986 0.610295 0.870053
v 1.952986 0.610295 1.013665
v 1.889085 0.808906 0.942691
v 1.888858 0.804207 0.832531
v 1.880301 0.626756 0.870053
v 1.880301 0.626756 1.013665
v 1.752325 0.791534 0.942691
v 1.753719 0.787041 0.832531
v 1.806370 0.617365 0.870053
v 2.020356 0.378358 1.027493
v 2.022935 0.431849 1.027492
v 1.806370 0.617365 1.013665
v 2.007064 0.482995 1.027492
v 1.629754 0.728435 0.942691
v 1.632601 0.724690 0.832531
v 1.740109 0.583254 0.870053
v 1.974657 0.525630 1.027493
v 1.929623 0.554609 1.027492
v 1.740109 0.583254 1.013665
v 1.877393 0.566437 1.027493
v 1.536156 0.627220 0.942691
v 1.540112 0.624674 0.832531
v 1.689511 0.528538 0.870053
v 1.824267 0.559689 1.027492
v 1.776653 0.535178 1.027493
v 1.689511 0.528538 1.013665
v 1.740294 0.495859 1.027492
v 1.660678 0.459816 0.870053
v 1.719576 0.446477 1.027492
v 1.716996 0.392987 1.027492
v 1.660678 0.459816 1.013665
v 1.732867 0.341840 1.027492
v 1.476181 0.362397 0.942691
v 1.480847 0.362990 0.832531
v 1.657089 0.385377 0.870053
v 1.765274 0.299206 1.027492
v 1.810309 0.270227 1.027493
v 1.657089 0.385377 1.013665
v 1.862539 0.258398 1.027492
v 1.517037 0.230731 0.942691
v 1.521219 0.232884 0.832531
v 1.679175 0.314199 0.870053
v 1.915664 0.265147 1.027492
v 1.963278 0.289658 1.027492
v 1.679175 0.314199 1.013665
v 1.999637 0.328976 1.027492
v 1.600462 0.120979 0.942691
v 1.603655 0.124433 0.832531
v 1.724274 0.254868 0.870053
v 1.724274 0.254869 1.013665
v 1.716392 0.046379 0.942691
v 1.718212 0.050717 0.832531
v 1.786945 0.214540 0.870053
v 1.786945 0.214540 1.013665
v 1.850847 0.015929 0.942691
v 1.851073 0.020628 0.832531
v 1.859630 0.198079 0.870053
v 1.859630 0.198079 1.013665
v 1.987607 0.033301 0.942691
v 1.986212 0.037794 0.832531
v 1.933561 0.207470 0.870053
v 1.933561 0.207470 1.013665
v 2.110177 0.096400 0.942691
v 2.107331 0.100145 0.832531
v 1.999822 0.241581 0.870053
v 1.999822 0.241581 1.013665
v 2.203775 0.197616 0.942691
v 2.199819 0.200161 0.832531
v 2.050421 0.296297 0.870053
v 2.050421 0.296297 1.013665
v 1.988654 0.336043 1.048223
v 1.955375 0.300055 1.048223
v 1.911794 0.277620 1.048223
v 1.863168 0.271444 1.048223
v 1.815361 0.282270 1.048223
v 1.774142 0.308795 1.048223
v 1.744479 0.347818 1.048223
v 1.729953 0.394632 1.048222
v 1.732314 0.443592 1.048223
v 1.751277 0.488792 1.048223
v 1.784557 0.524780 1.048223
v 1.828138 0.547215 1.048223
v 1.876763 0.553392 1.048223
v 1.924570 0.542565 1.048223
v 1.965790 0.516041 1.048223
v 1.995452 0.477018 1.048223
v 2.009779 0.429325 1.048228
v 2.007618 0.381243 1.048222
v 1.869767 0.411540 1.020794
v 1.869966 0.412418 0.846005
v 2.250193 0.326306 1.028652
v 2.214145 0.334470 1.045747
v 2.220048 0.456887 1.045747
v 2.256714 0.461545 1.028652
v 2.183726 0.573940 1.045747
v 2.216588 0.590858 1.028652
v 2.134654 0.698648 1.028652
v 2.109560 0.671512 1.045747
v 2.020795 0.771915 1.028652
v 2.006495 0.737832 1.045747
v 1.886963 0.764903 1.045747
v 1.888743 0.801821 1.028652
v 1.754427 0.784760 1.028652
v 1.765381 0.749459 1.045747
v 1.656413 0.693363 1.045747
v 1.634046 0.722788 1.028652
v 1.573203 0.603381 1.045747
v 1.542121 0.623382 1.028652
v 1.519884 0.367948 1.045747
v 1.483217 0.363291 1.028652
v 1.556206 0.250895 1.045747
v 1.523343 0.233978 1.028652
v 1.630372 0.153324 1.045747
v 1.605277 0.126187 1.028652
v 1.719137 0.052920 1.028652
v 1.733436 0.087003 1.045747
v 1.851188 0.023014 1.028652
v 1.852968 0.059932 1.045747
v 1.974550 0.075376 1.045747
v 1.985505 0.040075 1.028652
v 2.083519 0.131472 1.045747
v 2.105885 0.102047 1.028652
v 2.197810 0.201454 1.028652
v 2.166728 0.221455 1.045747
v 1.482820 0.500096 0.942691
v 1.487408 0.499057 0.832531
v 1.489738 0.498529 1.028652
v 1.525786 0.490365 1.045747
vn -0.7660 0.6416 -0.0392
vn -0.9397 0.3414 -0.0208
vn -0.1736 -0.9830 0.0600
vn 0.1736 -0.9830 0.0600
vn 0.5000 -0.8644 0.0528
vn -0.9397 -0.3414 0.0208
vn -0.7660 -0.6416 0.0392
vn -0.5000 -0.8644 0.0528
vn 0.7660 -0.6416 0.0392
vn 0.9397 -0.3414 0.0208
vn 0.1736 0.9830 -0.0600
vn -0.1736 0.9830 -0.0600
vn 0.7660 0.6416 -0.0392
vn 0.5000 0.8644 -0.0528
vn -1.0000 -0.0000 -0.0000
vn 0.9397 0.3414 -0.0208
vn 1.0000 -0.0000 -0.0000
vn -0.5000 0.8644 -0.0528
vn -0.0000 0.5349 0.8449
vn -0.0000 0.9985 -0.0542
vn -0.3420 0.9383 -0.0517
vn -0.1706 0.5048 0.8462
vn -0.0000 -0.0717 0.9974
vn 0.0389 -0.0648 0.9971
vn 0.1706 0.5048 0.8462
vn 0.3420 0.9383 -0.0517
vn 0.1270 -0.0195 -0.9917
vn 0.1270 -0.0642 -0.9898
vn -0.2198 -0.0024 -0.9755
vn -0.2198 -0.0798 -0.9723
vn 0.2894 -0.8168 -0.4990
vn -0.0000 -0.8678 -0.4969
vn -0.3163 0.8523 -0.4167
vn -0.5945 0.6918 -0.4099
vn -0.6427 0.7648 -0.0444
vn 0.3163 0.8523 -0.4167
vn -0.0000 0.9080 -0.4190
vn 0.8332 -0.1693 -0.5264
vn 0.8332 0.1243 -0.5388
vn -0.8009 0.4460 -0.3995
vn -0.8660 0.4990 -0.0331
vn -0.0511 -0.0331 -0.9981
vn -0.1270 -0.0195 -0.9917
vn -0.1270 -0.0642 -0.9898
vn -0.0511 -0.0511 -0.9974
vn -0.2885 0.7692 -0.5702
vn -0.2884 0.7692 -0.5702
vn -0.0005 0.8220 -0.5694
vn -0.0001 0.8220 -0.5694
vn 0.2894 0.7719 -0.5661
vn 0.1117 -0.1063 -0.9880
vn 0.0829 -0.1405 -0.9866
vn -0.1435 0.1297 -0.9811
vn -0.1933 0.0704 -0.9786
vn 0.0731 -0.0451 0.9963
vn -0.3206 0.4183 0.8499
vn -0.4319 0.2857 0.8555
vn 0.0985 -0.0149 0.9950
vn -0.9108 0.1444 -0.3868
vn -0.9847 0.1730 -0.0194
vn 0.1120 0.0616 0.9918
vn -0.0000 0.0422 0.9991
vn 0.1120 0.0222 0.9935
vn 0.7327 -0.4452 -0.5147
vn 0.0511 -0.0331 -0.9981
vn 0.1117 0.0226 -0.9935
vn 0.0449 -0.0162 -0.9989
vn 0.1435 0.1297 -0.9811
vn 0.0763 0.1684 -0.9828
vn -0.0441 -0.1629 -0.9857
vn -0.0829 -0.1405 -0.9866
vn 0.5439 -0.6700 -0.5052
vn 0.1548 0.0477 -0.9868
vn -0.0000 -0.0422 -0.9991
vn 0.0615 0.1268 -0.9900
vn 0.1221 0.1040 -0.9870
vn 0.1435 -0.2119 -0.9667
vn 0.1933 -0.1526 -0.9692
vn -0.1117 0.0226 -0.9935
vn -0.0829 0.0569 -0.9949
vn -0.4912 0.1231 0.8623
vn -0.0449 -0.0162 -0.9989
vn 0.0334 -0.0818 -0.9961
vn 0.0449 -0.0680 -0.9967
vn -0.9108 -0.1765 -0.3732
vn -0.9847 -0.1740 -0.0047
vn -0.0000 -0.0158 -0.9999
vn -0.0000 -0.2641 -0.9645
vn 0.0763 -0.2507 -0.9651
vn -0.0421 0.0639 -0.9971
vn 0.1867 -0.0085 -0.9824
vn 0.1759 -0.0725 -0.9817
vn -0.0011 0.0719 0.9974
vn -0.0000 0.1079 0.9942
vn -0.0614 0.1276 -0.9899
vn -0.0000 0.1492 -0.9888
vn 0.0829 0.0569 -0.9949
vn 0.0333 -0.0024 -0.9994
vn -0.2894 -0.8168 -0.4990
vn -0.0763 -0.2507 -0.9651
vn -0.0377 -0.0917 -0.9951
vn -0.4912 -0.0500 0.8696
vn -0.0333 -0.0024 -0.9994
vn -0.5439 -0.6700 -0.5052
vn -0.7327 -0.4452 -0.5147
vn 0.0441 -0.1629 -0.9857
vn -0.0000 -0.1707 -0.9853
vn -0.0000 0.1819 -0.9833
vn -0.0763 0.1684 -0.9828
vn -0.8009 -0.4781 -0.3605
vn -0.8660 -0.5000 0.0090
vn 0.6427 0.7648 -0.0444
vn 0.5945 0.6918 -0.4099
vn 0.1150 -0.1788 -0.9771
vn 0.1643 -0.1362 -0.9770
vn 0.0511 -0.0511 -0.9974
vn -0.8332 -0.1693 -0.5264
vn -0.0003 -0.2212 -0.9752
vn 0.0653 -0.2205 -0.9732
vn -0.4319 -0.2126 0.8765
vn 0.1848 -0.3307 -0.9255
vn 0.2198 -0.0798 -0.9723
vn 0.2198 -0.0024 -0.9755
vn 0.0985 0.0987 0.9902
vn -0.5945 -0.7239 -0.3501
vn -0.6427 -0.7658 0.0203
vn -0.1779 -0.0729 -0.9813
vn -0.1158 -0.1796 -0.9769
vn -0.1661 -0.1372 -0.9765
vn -0.8332 0.1243 -0.5388
vn -0.7327 0.4002 -0.5504
vn -0.5406 0.6248 -0.5633
vn -0.3206 -0.3452 0.8821
vn -0.7660 0.6422 -0.0271
vn -0.9397 0.3417 -0.0144
vn 0.0731 0.1289 0.9890
vn -0.1563 0.0488 -0.9865
vn -0.1231 0.1052 -0.9868
vn -0.2346 -0.0594 -0.9703
vn -0.1736 -0.9839 0.0415
vn 0.1736 -0.9839 0.0415
vn -0.3656 -0.7453 0.5576
vn -0.0041 0.0761 0.9971
vn 0.5000 -0.8653 0.0365
vn 0.1933 0.0704 -0.9786
vn -0.1117 -0.1063 -0.9880
vn -0.9397 -0.3417 0.0144
vn -0.7660 -0.6422 0.0271
vn -0.3225 -0.8992 -0.2956
vn -0.3495 -0.9367 0.0198
vn -0.0985 0.0987 0.9902
vn -0.0731 0.1289 0.9890
vn -0.5000 -0.8653 0.0365
vn 0.7660 -0.6422 0.0271
vn 0.9397 -0.3417 0.0144
vn -0.1120 0.0616 0.9918
vn 0.2925 -0.7810 0.5518
vn 0.3495 -0.9367 0.0198
vn 0.6427 -0.7658 0.0203
vn 0.3206 -0.3451 0.8821
vn -0.1120 0.0222 0.9935
vn 0.1736 0.9839 -0.0415
vn -0.1736 0.9839 -0.0415
vn -0.0333 -0.0818 -0.9961
vn -0.0177 -0.0908 -0.9957
vn -0.1933 -0.1526 -0.9692
vn -0.1435 -0.2119 -0.9667
vn 0.8660 -0.5000 0.0090
vn 0.4319 -0.2126 0.8765
vn 0.7660 0.6422 -0.0271
vn 0.5000 0.8653 -0.0365
vn 0.3207 0.4182 0.8499
vn 0.0763 -0.8958 -0.4380
vn 0.5945 -0.7239 -0.3501
vn -0.0985 -0.0149 0.9950
vn 0.9847 -0.1740 -0.0048
vn 0.4912 -0.0500 0.8696
vn -0.0389 -0.0648 0.9971
vn -0.0731 -0.0451 0.9963
vn 0.8009 -0.4781 -0.3605
vn -0.0449 -0.0680 -0.9967
vn 0.9397 0.3417 -0.0144
vn 0.9108 -0.1765 -0.3732
vn 0.9847 0.1730 -0.0194
vn 0.9108 0.1444 -0.3868
vn 0.8009 0.4460 -0.3995
vn 0.8660 0.4990 -0.0331
vn 0.4912 0.1231 0.8623
vn -0.5000 0.8653 -0.0365
vn 0.4319 0.2857 0.8555
vn -0.0000 -0.0940 -0.9956
vn 0.0177 -0.0908 -0.9957
vn -0.0654 -0.2209 -0.9731
vn 0.5438 0.6251 -0.5599
vn 0.5439 0.6251 -0.5599
vn 0.7327 0.4002 -0.5504
vn -0.1890 -0.0081 -0.9819
vn -0.3693 -0.5453 0.7525
vn 0.0089 -0.9997 0.0225
vn -0.2879 -0.8363 -0.4665
vn 0.2328 -0.2144 -0.9486
vn -0.8660 0.4990 -0.0332
vn -0.2225 -0.0019 -0.9749
vn -0.2225 -0.0803 -0.9716
vn 0.2225 -0.0019 -0.9749
vn 0.1957 0.0718 -0.9780
vn -0.1957 0.0718 -0.9780
vn 0.0333 -0.0818 -0.9961
vn 0.1452 -0.2140 -0.9660
vn 0.1957 -0.1540 -0.9685
vn -0.9847 -0.1740 -0.0048
vn 0.1452 0.1318 -0.9806
vn -0.1452 0.1318 -0.9806
vn 0.2225 -0.0803 -0.9716
vn -0.0773 0.1710 -0.9822
vn 0.0773 0.1711 -0.9822
vn 0.6427 -0.7658 0.0202
vn 0.3206 -0.3452 0.8821
vn -0.1452 -0.2140 -0.9660
vn -0.0773 -0.2532 -0.9643
vn -0.1957 -0.1540 -0.9685
vn -0.0000 -0.2669 -0.9637
vn 0.0773 -0.2532 -0.9643
vn -0.0000 0.1847 -0.9828
vn -0.0000 0.9985 -0.0543
vn 0.1705 0.5048 0.8462
vn 0.5439 -0.6701 -0.5052
vn -0.0334 -0.0024 -0.9994
vn 0.0441 -0.1629 -0.9856
vn 0.1151 -0.1787 -0.9771
vn 0.0002 -0.2212 -0.9752
vn 0.1737 -0.9839 0.0415
vn -0.1117 -0.1062 -0.9880
vn -0.0334 -0.0818 -0.9961
vn 0.0763 -0.8957 -0.4380
vn 0.8660 0.4990 -0.0332
vn -0.0773 0.1711 -0.9822
vn -0.6427 -0.7658 0.0202
vn 0.3206 0.4183 0.8499
vn 0.9847 -0.1740 -0.0047
vn -0.0000 0.4618 -0.8870
vn -0.1706 0.4317 -0.8857
vn -0.3420 0.9393 -0.0275
vn -0.0000 0.9995 -0.0301
vn -0.0000 -0.1555 -0.9878
vn 0.0389 -0.1487 -0.9881
vn 0.1706 0.4317 -0.8857
vn 0.3420 0.9393 -0.0275
vn 0.1269 0.0642 0.9898
vn -0.2198 0.0024 0.9755
vn -0.2198 0.0798 0.9723
vn 0.1270 0.0195 0.9917
vn 0.2894 -0.7719 0.5661
vn -0.0000 -0.8228 0.5683
vn -0.6427 0.7658 -0.0203
vn -0.5945 0.7239 0.3502
vn -0.3163 0.8843 0.3434
vn 0.3163 0.8843 0.3434
vn -0.0000 0.9400 0.3410
vn 0.8332 -0.1243 0.5388
vn 0.8332 0.1693 0.5264
vn -0.8660 0.5000 -0.0090
vn -0.8009 0.4781 0.3605
vn -0.0510 0.0511 0.9974
vn -0.0510 0.0331 0.9981
vn -0.1270 0.0195 0.9917
vn -0.1270 0.0642 0.9898
vn -0.2885 0.8145 0.5034
vn -0.0001 0.8671 0.4981
vn -0.0005 0.8671 0.4981
vn -0.2884 0.8145 0.5034
vn 0.2894 0.8168 0.4990
vn 0.1117 -0.0226 0.9935
vn -0.1933 0.1526 0.9692
vn -0.1435 0.2119 0.9667
vn 0.0829 -0.0568 0.9949
vn 0.0731 -0.1289 -0.9890
vn 0.0985 -0.0987 -0.9902
vn -0.4320 0.2126 -0.8765
vn -0.3206 0.3452 -0.8821
vn -0.9847 0.1740 0.0048
vn -0.9108 0.1765 0.3733
vn 0.1120 -0.0222 -0.9935
vn 0.1120 -0.0616 -0.9918
vn 0.7327 -0.4002 0.5504
vn 0.0510 0.0511 0.9974
vn 0.0449 0.0680 0.9967
vn 0.1116 0.1062 0.9881
vn 0.1435 0.2119 0.9667
vn -0.0829 -0.0568 0.9949
vn -0.0441 -0.0792 0.9959
vn 0.0763 0.2507 0.9651
vn 0.5439 -0.6251 0.5599
vn 0.1548 0.1307 0.9793
vn 0.1221 0.1868 0.9748
vn 0.0615 0.2098 0.9758
vn 0.1435 -0.1297 0.9811
vn -0.0829 0.1405 0.9866
vn -0.1116 0.1062 0.9881
vn 0.1933 -0.0704 0.9786
vn -0.4912 0.0500 -0.8696
vn -0.0449 0.0680 0.9967
vn 0.0333 0.0025 0.9994
vn 0.0449 0.0162 0.9989
vn -0.9847 -0.1730 0.0194
vn -0.9108 -0.1444 0.3868
vn -0.0000 0.0685 0.9977
vn -0.0421 0.1477 0.9881
vn 0.0763 -0.1684 0.9828
vn -0.0000 -0.1819 0.9833
vn 0.1759 0.0105 0.9843
vn 0.1867 0.0743 0.9796
vn -0.0011 -0.0124 -0.9999
vn -0.0000 0.0237 -0.9997
vn -0.0000 0.2320 0.9727
vn -0.0614 0.2105 0.9757
vn 0.0333 0.0818 0.9961
vn 0.0829 0.1405 0.9866
vn -0.2894 -0.7719 0.5661
vn -0.0763 -0.1684 0.9828
vn -0.0377 -0.0075 0.9993
vn -0.4912 -0.1231 -0.8623
vn -0.0333 0.0818 0.9961
vn -0.5439 -0.6251 0.5599
vn -0.7327 -0.4002 0.5504
vn 0.0441 -0.0792 0.9959
vn -0.0763 0.2507 0.9651
vn -0.0000 0.2641 0.9645
vn -0.0000 -0.0870 0.9962
vn -0.8660 -0.4990 0.0331
vn -0.8009 -0.4459 0.3996
vn 0.6427 0.7658 -0.0203
vn 0.5945 0.7239 0.3502
vn 0.1150 -0.0958 0.9887
vn 0.1643 -0.0534 0.9850
vn 0.0510 0.0331 0.9981
vn -0.8332 -0.1243 0.5388
vn -0.0003 -0.1382 0.9904
vn 0.0653 -0.1377 0.9883
vn -0.4319 -0.2858 -0.8554
vn 0.1848 -0.2515 0.9501
vn 0.2198 0.0024 0.9755
vn 0.2198 0.0798 0.9723
vn 0.0985 0.0149 -0.9950
vn -0.6427 -0.7648 0.0444
vn -0.5945 -0.6918 0.4099
vn -0.1779 0.0101 0.9840
vn -0.1661 -0.0544 0.9846
vn -0.1158 -0.0966 0.9886
vn -0.8332 0.1693 0.5264
vn -0.7327 0.4452 0.5147
vn -0.5406 0.6701 0.5087
vn -0.5405 0.6702 0.5087
vn -0.3206 -0.4183 -0.8498
vn 0.0731 0.0451 -0.9963
vn -0.1231 0.1880 0.9744
vn -0.1563 0.1318 0.9789
vn -0.2345 0.0226 0.9718
vn -0.0041 -0.0082 -1.0000
vn -0.3656 -0.7896 -0.4928
vn -0.1117 -0.0226 0.9935
vn 0.1933 0.1526 0.9692
vn -0.3495 -0.9351 0.0592
vn -0.3225 -0.8711 0.3704
vn -0.0985 0.0149 -0.9950
vn -0.0731 0.0451 -0.9963
vn -0.1120 -0.0222 -0.9935
vn 0.2925 -0.8247 -0.4840
vn 0.3206 -0.4183 -0.8498
vn 0.6427 -0.7648 0.0444
vn 0.3495 -0.9351 0.0592
vn -0.1120 -0.0616 -0.9918
vn -0.0333 0.0025 0.9994
vn -0.0177 -0.0065 0.9998
vn -0.1435 -0.1297 0.9811
vn -0.1933 -0.0704 0.9786
vn 0.4320 -0.2857 -0.8554
vn 0.8660 -0.4990 0.0332
vn 0.3207 0.3451 -0.8821
vn 0.5945 -0.6918 0.4099
vn 0.0763 -0.8556 0.5119
vn -0.0985 -0.0987 -0.9902
vn 0.4912 -0.1231 -0.8623
vn 0.9847 -0.1730 0.0194
vn -0.0389 -0.1487 -0.9881
vn -0.0731 -0.1289 -0.9890
vn 0.8009 -0.4460 0.3996
vn -0.0449 0.0162 0.9989
vn 0.9108 -0.1444 0.3868
vn 0.9847 0.1740 0.0048
vn 0.8660 0.5000 -0.0090
vn 0.8009 0.4780 0.3605
vn 0.9108 0.1765 0.3733
vn 0.4912 0.0500 -0.8696
vn 0.4320 0.2126 -0.8765
vn -0.0000 -0.0097 1.0000
vn 0.0177 -0.0065 0.9998
vn -0.0654 -0.1381 0.9883
vn 0.5439 0.6700 0.5052
vn 0.7327 0.4452 0.5147
vn 0.7327 0.4451 0.5147
vn -0.1890 0.0747 0.9791
vn -0.3692 -0.6068 -0.7039
vn 0.0089 -0.9980 0.0618
vn -0.2879 -0.7940 0.5354
vn 0.2327 -0.1337 0.9633
vn -0.6427 0.7658 -0.0202
vn -0.2225 0.0019 0.9749
vn -0.2225 0.0803 0.9716
vn 0.1957 0.1540 0.9685
vn 0.2225 0.0803 0.9716
vn -0.1957 0.1540 0.9685
vn 0.1957 -0.0718 0.9780
vn 0.1452 -0.1318 0.9806
vn 0.1452 0.2140 0.9660
vn -0.1452 0.2140 0.9660
vn -0.8660 -0.4990 0.0332
vn 0.6427 0.7658 -0.0202
vn 0.2225 0.0019 0.9749
vn -0.4320 -0.2858 -0.8554
vn -0.0773 0.2532 0.9643
vn 0.0773 0.2532 0.9643
vn 0.3207 -0.4183 -0.8498
vn -0.0773 -0.1711 0.9822
vn -0.1452 -0.1318 0.9806
vn 0.8660 -0.4990 0.0331
vn -0.1957 -0.0718 0.9780
vn 0.9847 0.1740 0.0047
vn 0.0773 -0.1711 0.9822
vn -0.0000 -0.1847 0.9828
vn -0.0000 0.2669 0.9637
vn 0.1705 0.4318 -0.8857
vn -0.1269 0.0195 0.9917
vn -0.1269 0.0642 0.9898
vn -0.0006 0.8671 0.4981
vn -0.9847 0.1740 0.0047
vn -0.0377 -0.0074 0.9993
vn 0.1151 -0.0957 0.9887
vn 0.0002 -0.1382 0.9904
vn -0.7327 0.4451 0.5147
vn -0.5407 0.6700 0.5087
vn -0.1116 -0.0226 0.9935
vn 0.0764 -0.8556 0.5120
vn 0.4912 -0.1230 -0.8623
vn 0.5438 0.6700 0.5052
vn -0.4912 0.0499 -0.8696
vn 0.3206 0.3452 -0.8821
vn -0.2261 -0.5649 0.7936
vn -0.1002 -0.9734 -0.2059
vn -0.0023 -0.9856 -0.1689
vn -0.1658 -0.3868 0.9071
vn 0.1909 0.1362 0.9721
vn -0.0890 0.3291 0.9401
vn -0.3800 -0.6033 0.7012
vn -0.5342 -0.8440 -0.0482
vn -0.1342 0.0963 -0.9863
vn -0.0593 0.1975 -0.9785
vn -0.1165 0.0897 -0.9891
vn -0.1161 0.0636 -0.9912
vn 0.0359 -0.2616 -0.9645
vn -0.0088 -0.2522 -0.9676
vn -0.1080 -0.2046 -0.9729
vn -0.0789 -0.2234 -0.9715
vn -0.0224 -0.9254 -0.3782
vn -0.0495 -0.8536 -0.5185
vn -0.0417 -0.9911 -0.1261
vn -0.4339 -0.7248 -0.5352
vn -0.1877 -0.8707 -0.4545
vn 0.4110 -0.0509 -0.9102
vn 0.4449 0.1182 -0.8878
vn 0.4404 0.0472 -0.8965
vn 0.3765 -0.1117 -0.9197
vn 0.2496 -0.8619 -0.4414
vn 0.3012 -0.9534 -0.0155
vn 0.1049 0.1419 -0.9843
vn 0.3511 -0.1107 -0.9298
vn 0.4650 0.0027 -0.8853
vn 0.0565 0.0481 -0.9972
vn -0.1302 0.3596 -0.9240
vn -0.1314 0.3635 -0.9223
vn 0.0021 0.4419 -0.8970
vn -0.0242 0.4333 -0.9009
vn 0.2126 0.4697 -0.8569
vn 0.1559 0.4683 -0.8697
vn -0.1200 0.1764 -0.9770
vn -0.0382 0.1876 -0.9815
vn -0.1166 0.2133 -0.9700
vn -0.1114 0.1385 -0.9841
vn -0.3179 0.3166 0.8937
vn -0.1103 -0.3988 0.9104
vn -0.0771 -0.6338 0.7697
vn -0.2622 0.1697 0.9500
vn 0.7656 -0.5026 -0.4016
vn 0.8352 -0.5472 0.0555
vn -0.3060 0.0316 0.9515
vn -0.0660 0.0172 0.9977
vn -0.3134 0.0630 0.9475
vn 0.2576 -0.2186 -0.9412
vn 0.3115 -0.1817 -0.9327
vn 0.0307 0.0570 -0.9979
vn -0.1115 0.0842 -0.9902
vn -0.0404 0.1185 -0.9921
vn 0.2070 0.3162 -0.9258
vn 0.1072 0.2567 -0.9605
vn 0.1315 0.3963 -0.9087
vn 0.2898 0.0668 -0.9547
vn 0.1190 -0.2627 -0.9575
vn 0.1746 -0.2525 -0.9517
vn -0.2992 -0.0444 -0.9532
vn -0.0204 0.0612 -0.9979
vn -0.1904 -0.1813 -0.9648
vn -0.2634 -0.1327 -0.9555
vn 0.0143 -0.0678 -0.9976
vn 0.0811 -0.0569 -0.9951
vn 0.1203 -0.2230 -0.9674
vn 0.0115 -0.1381 -0.9904
vn 0.3799 -0.2794 0.8818
vn -0.0530 -0.1345 -0.9895
vn -0.2125 -0.1493 -0.9657
vn 0.0530 0.0220 -0.9984
vn 0.8907 0.0011 -0.4546
vn 0.9971 -0.0592 0.0482
vn -0.1105 -0.0599 -0.9921
vn -0.0725 -0.0318 -0.9969
vn -0.0353 -0.0591 -0.9976
vn -0.0968 -0.1154 -0.9886
vn -0.3294 0.0363 -0.9435
vn -0.3105 0.1218 -0.9427
vn -0.0735 -0.2021 0.9766
vn -0.2915 -0.3970 0.8703
vn -0.0016 -0.2312 -0.9729
vn -0.0981 -0.2396 -0.9659
vn -0.0523 0.0181 -0.9985
vn 0.2132 0.0484 -0.9758
vn -0.1754 -0.1402 -0.9745
vn -0.1594 -0.1594 -0.9743
vn -0.0965 -0.0015 -0.9953
vn 0.1112 -0.0499 -0.9925
vn 0.4565 -0.0439 0.8886
vn 0.1845 -0.1662 -0.9687
vn -0.2060 -0.0887 -0.9745
vn -0.2124 -0.0716 -0.9746
vn -0.2258 -0.0068 -0.9742
vn -0.2246 -0.0193 -0.9743
vn 0.0930 0.4016 -0.9111
vn 0.1832 0.4143 -0.8915
vn -0.0157 0.2919 -0.9563
vn -0.1014 0.2885 -0.9521
vn 0.7561 0.4783 -0.4468
vn 0.8728 0.4874 -0.0271
vn -0.8267 -0.5323 -0.1822
vn -0.7275 -0.4400 -0.5264
vn -0.2238 0.2702 -0.9364
vn -0.2879 0.2111 -0.9341
vn 0.1014 0.0626 -0.9929
vn -0.2272 0.0519 -0.9725
vn -0.2274 0.0437 -0.9728
vn -0.0470 0.3457 -0.9372
vn -0.1445 0.3385 -0.9298
vn 0.4209 0.2794 0.8630
vn -0.0607 0.6377 -0.7679
vn 0.1383 -0.0146 -0.9903
vn 0.1595 0.0527 -0.9858
vn -0.2981 -0.1376 0.9446
vn 0.5913 0.5937 -0.5458
vn 0.7061 0.7058 -0.0560
vn 0.2669 0.0911 -0.9594
vn 0.1572 0.2903 -0.9439
vn 0.2509 0.2140 -0.9441
vn -0.2233 0.1021 -0.9694
vn -0.2225 0.1085 -0.9689
vn -0.2117 0.1739 -0.9617
vn -0.2129 0.1676 -0.9626
vn -0.1884 0.2612 -0.9467
vn -0.1894 0.2575 -0.9475
vn 0.2947 0.2720 0.9161
vn -0.4044 -0.2138 0.8893
vn 0.1950 -0.1355 -0.9714
vn 0.1212 -0.2175 -0.9685
vn 0.4407 0.0903 -0.8931
vn 0.5520 0.3645 0.7500
vn -0.1143 -0.3187 0.9409
vn 0.1833 0.1711 -0.9681
vn 0.4673 0.0144 -0.8840
vn 0.6140 0.7749 -0.1505
vn 0.6216 0.7831 -0.0168
vn 0.1731 -0.4544 0.8738
vn 0.3400 -0.2823 0.8971
vn 0.2525 -0.2851 0.9246
vn -0.2763 0.9168 0.2882
vn -0.0479 0.9870 -0.1537
vn -0.3037 0.9519 -0.0408
vn 0.0696 0.4486 0.8910
vn 0.4942 0.0261 0.8690
vn 0.0480 -0.0377 -0.9981
vn -0.1776 0.1584 -0.9713
vn -0.1105 0.0438 -0.9929
vn -0.1072 0.0182 -0.9941
vn -0.7054 0.7088 -0.0013
vn -0.2654 0.2225 0.9381
vn -0.3853 -0.3977 0.8327
vn 0.2654 0.9469 -0.1813
vn -0.1070 0.8492 -0.5171
vn 0.3627 0.0120 0.9318
vn -0.9118 0.4103 -0.0157
vn -0.3073 0.0855 0.9478
vn 0.1615 -0.0579 0.9852
vn 0.1524 -0.0147 0.9882
vn -0.7197 0.5789 -0.3832
vn 0.1538 -0.1021 -0.9828
vn -0.8670 0.4258 -0.2590
vn -0.9877 0.1523 -0.0365
vn -0.9641 0.1372 -0.2273
vn -0.7882 -0.3878 -0.4779
vn -0.9572 -0.2734 -0.0953
vn -0.3883 0.2219 0.8944
vn -0.4460 -0.2005 0.8723
vn 0.0401 0.0529 -0.9978
vn 0.0939 -0.3392 -0.9360
vn 0.0782 0.3501 -0.9334
vn 0.3808 0.4213 -0.8231
vn 0.3301 0.4499 -0.8298
vn 0.4397 0.2406 -0.8653
vn 0.4266 0.3309 -0.8418
vn 0.2789 -0.0368 -0.9596
vn 0.2875 0.3597 0.8877
vn 0.2580 0.9623 -0.0855
vn 0.3929 0.8294 -0.3971
vn -0.3419 0.4281 -0.8365
vn 0.4865 -0.1102 -0.8667
vn 0.4949 0.0629 -0.8667
vn 0.9920 0.1260 0.0121
vn 0.9752 -0.2209 0.0121
vn -0.1109 0.0251 -0.9935
vn -0.1128 -0.0143 -0.9935
vn 0.4195 -0.2700 -0.8667
vn 0.8409 -0.5411 0.0121
vn -0.0062 -0.1288 0.9917
vn 0.0107 0.2229 0.9748
vn 0.0863 0.2058 0.9748
vn -0.0499 -0.1189 0.9917
vn -0.8393 -0.1066 0.5330
vn -0.8252 0.1869 0.5330
vn 0.8890 0.4577 0.0121
vn 0.8222 0.4233 0.3804
vn 0.9174 0.1165 0.3804
vn 0.7777 -0.5004 0.3804
vn 0.9020 -0.2043 0.3804
vn -0.3273 -0.7802 0.5330
vn -0.0408 -0.8451 0.5330
vn 0.6789 0.7341 0.0121
vn 0.6279 0.6790 0.3804
vn 0.0200 0.0477 0.9987
vn 0.0025 0.0517 0.9987
vn 0.0062 0.1287 0.9917
vn 0.0499 0.1189 0.9917
vn 0.8367 0.1063 0.5373
vn 0.8245 -0.1866 0.5342
vn 0.8246 -0.1862 0.5342
vn 0.7115 -0.4578 0.5330
vn -0.0875 -0.0946 0.9917
vn 0.1515 0.1639 0.9748
vn 0.1984 0.1022 0.9748
vn -0.1146 -0.0590 0.9917
vn -0.1011 -0.0520 -0.9935
vn -0.0772 -0.0835 -0.9935
vn 0.3387 0.3663 -0.8667
vn 0.4435 0.2283 -0.8667
vn 0.3869 0.9221 0.0121
vn 0.3578 0.8528 0.3804
vn -0.0055 -0.1136 -0.9935
vn -0.0440 -0.1049 -0.9935
vn -0.0000 -0.0000 -1.0000
vn -0.5744 -0.6212 0.5330
vn -0.0025 -0.0517 0.9987
vn 0.0153 -0.0495 0.9987
vn 0.0382 -0.1231 0.9917
vn 0.1351 -0.1777 0.9748
vn -0.0780 0.1026 0.9917
vn -0.1084 0.0698 0.9917
vn 0.1877 -0.1208 0.9748
vn -0.7523 -0.3873 0.5330
vn 0.0529 -0.1707 0.9839
vn 0.1150 -0.1513 0.9818
vn 0.1507 -0.0971 0.9838
vn -0.0000 -0.0001 1.0000
vn -0.1984 -0.1022 0.9748
vn 0.1146 0.0590 0.9917
vn 0.0875 0.0946 0.9917
vn -0.1515 -0.1639 0.9748
vn 0.1929 0.4600 -0.8667
vn 0.0352 0.0380 0.9987
vn -0.0460 -0.0237 0.9987
vn -0.0352 -0.0380 0.9987
vn 0.0482 0.9988 0.0121
vn 0.0445 0.9237 0.3804
vn 0.0257 -0.0058 0.9997
vn 0.1125 0.0176 0.9935
vn -0.2214 -0.0281 0.9748
vn -0.2177 0.0493 0.9748
vn -0.0691 -0.1647 0.9839
vn -0.0091 -0.1894 0.9819
vn 0.0293 -0.0055 -0.9996
vn 0.0642 -0.0145 -0.9978
vn 0.1861 -0.0421 0.9816
vn 0.1785 0.0231 0.9837
vn 0.0313 -0.0412 0.9987
vn 0.0780 -0.1026 0.9917
vn -0.7115 0.4578 0.5330
vn -0.1877 0.1208 0.9748
vn -0.0400 0.0477 0.9981
vn 0.0240 0.4983 -0.8667
vn 0.0460 0.0237 0.9987
vn -0.5120 0.6736 0.5330
vn -0.2507 0.8081 0.5330
vn -0.1279 -0.0162 0.9917
vn 0.2214 0.0281 0.9748
vn 0.2177 -0.0493 0.9748
vn -0.1257 0.0285 0.9917
vn -0.2963 0.9550 0.0121
vn -0.2741 0.8833 0.3804
vn 0.6051 -0.7961 0.0121
vn 0.5596 -0.7363 0.3804
vn -0.1592 -0.0822 0.9838
vn -0.1288 -0.1393 0.9818
vn -0.0200 -0.0477 0.9987
vn 0.0408 0.8451 0.5330
vn -0.1753 0.0402 0.9837
vn -0.1893 -0.0240 0.9816
vn -0.1479 0.4764 -0.8667
vn -0.3249 -0.1159 0.9386
vn -0.0864 -0.2058 0.9748
vn -0.0107 -0.2229 0.9748
vn 0.0337 -0.1086 -0.9935
vn -0.6051 0.7961 0.0121
vn -0.5596 0.7363 0.3804
vn 0.0087 0.1805 0.9835
vn -0.0568 0.1832 0.9814
vn -0.1092 0.1435 0.9836
vn 0.3273 0.7802 0.5330
vn 0.5744 0.6212 0.5331
vn 0.7513 0.3843 0.5365
vn 0.7514 0.3841 0.5365
vn -0.3019 0.3971 -0.8667
vn 0.0688 -0.0905 -0.9935
vn 0.1703 0.0877 0.9815
vn 0.1226 0.1325 0.9836
vn 0.0338 0.2328 0.9719
vn 0.0341 -0.0035 -0.9994
vn -0.6684 0.5261 -0.5258
vn -0.0382 0.1231 0.9917
vn 0.0661 -0.2132 0.9748
vn -0.8364 0.5477 0.0197
vn -0.7928 0.5102 0.3334
vn 0.0772 0.0835 -0.9935
vn 0.1011 0.0520 -0.9935
vn 0.0440 0.1049 -0.9935
vn -0.8483 -0.1078 -0.5184
vn -0.4435 -0.2284 -0.8667
vn -0.8890 -0.4577 0.0121
vn -0.9908 -0.1340 0.0197
vn 0.0055 0.1136 -0.9935
vn -0.0313 0.0412 0.9987
vn -0.0435 0.0280 0.9987
vn -0.1351 0.1777 0.9748
vn -0.0661 0.2132 0.9748
vn -0.3387 -0.3663 -0.8667
vn -0.6789 -0.7341 0.0121
vn 0.3019 -0.3972 -0.8667
vn -0.8222 -0.4233 0.3804
vn -0.8717 0.1191 0.4754
vn -0.0337 0.1086 -0.9935
vn -0.1929 -0.4600 -0.8667
vn -0.3869 -0.9221 0.0121
vn -0.0956 0.0615 -0.9935
vn -0.0688 0.0905 -0.9935
vn -0.6279 -0.6790 0.3804
vn -0.0153 0.0495 0.9987
vn -0.3578 -0.8528 0.3804
vn -0.0482 -0.9988 0.0121
vn 0.2963 -0.9550 0.0121
vn 0.2741 -0.8833 0.3804
vn -0.0445 -0.9237 0.3804
vn -0.0240 -0.4983 -0.8667
vn 0.1479 -0.4764 -0.8667
vn -0.0505 0.0114 0.9987
vn -0.0514 -0.0065 0.9987
vn -0.1608 0.1034 0.9816
vn 0.5120 -0.6736 0.5330
vn 0.2507 -0.8081 0.5330
vn 0.0743 0.1770 0.9814
vn -0.4808 0.4874 -0.7288
vn -0.9770 0.2122 0.0197
vn -0.7322 0.4609 0.5014
vn -0.2213 -0.1885 0.9568
vt 0.224349 0.000090
vt 0.243044 0.000089
vt 0.243034 0.472232
vt 0.224338 0.472225
vt 0.000000 0.000041
vt 0.018697 0.000000
vt 0.018694 0.472243
vt 0.000000 0.472250
vt 0.037393 0.000019
vt 0.037388 0.472228
vt 0.280433 0.000080
vt 0.299127 0.000069
vt 0.299122 0.472277
vt 0.280426 0.472257
vt 0.317821 0.000054
vt 0.317818 0.472297
vt 0.056089 0.000040
vt 0.074785 0.000055
vt 0.074777 0.472210
vt 0.056082 0.472216
vt 0.168264 0.000085
vt 0.186959 0.000087
vt 0.186946 0.472215
vt 0.168251 0.472212
vt 0.130873 0.000077
vt 0.149569 0.000081
vt 0.149556 0.472209
vt 0.130861 0.472208
vt 0.261738 0.000087
vt 0.261729 0.472242
vt 0.112177 0.000072
vt 0.112166 0.472207
vt 0.093481 0.000065
vt 0.093471 0.472207
vt 0.205654 0.000089
vt 0.205642 0.472220
vt 0.336515 0.000047
vt 0.336515 0.472256
vt 0.442709 0.859064
vt 0.442709 0.749995
vt 0.498048 0.749995
vt 0.498048 0.859064
vt 0.442709 0.961120
vt 0.498048 0.961120
vt 0.387371 0.859064
vt 0.387371 0.749995
vt 0.838308 0.021179
vt 0.908964 0.062066
vt 0.867531 0.111489
vt 0.816345 0.081610
vt 0.614801 0.216882
vt 0.590011 0.212593
vt 0.610170 0.156848
vt 0.632221 0.169492
vt 0.498048 0.674695
vt 0.553387 0.674695
vt 0.553387 0.749995
vt 0.387371 0.674695
vt 0.442709 0.674695
vt 0.664729 0.353483
vt 0.708341 0.378947
vt 0.699841 0.402330
vt 0.648340 0.372945
vt 0.608725 0.674695
vt 0.608725 0.749995
vt 0.166016 0.640157
vt 0.166016 0.552899
vt 0.221355 0.552899
vt 0.221355 0.640158
vt 0.900935 0.268152
vt 0.926062 0.271583
vt 0.905852 0.327255
vt 0.884012 0.314806
vt 0.867928 0.372854
vt 0.851496 0.353400
vt 0.961466 0.124517
vt 0.989353 0.201171
vt 0.925864 0.212414
vt 0.905898 0.156645
vt 0.553387 0.961120
vt 0.553387 0.859064
vt 0.608725 0.859064
vt 0.608725 0.961120
vt 0.664064 0.674695
vt 0.664064 0.749995
vt 0.475750 0.491271
vt 0.459337 0.398189
vt 0.442925 0.491271
vt 0.610342 0.327449
vt 0.632143 0.314928
vt 0.719403 0.640158
vt 0.719403 0.552899
vt 0.774741 0.552899
vt 0.774741 0.640158
vt 0.816428 0.402237
vt 0.909212 0.422013
vt 0.838534 0.462823
vt 0.590223 0.271800
vt 0.614675 0.267462
vt 0.758059 0.096650
vt 0.757605 0.242889
vt 0.664442 0.130589
vt 0.708303 0.105420
vt 0.554581 0.359576
vt 0.526810 0.282935
vt 0.664064 0.859064
vt 0.110677 0.640158
vt 0.110677 0.552899
vt 0.553387 0.640158
vt 0.553387 0.552899
vt 0.608725 0.552899
vt 0.608725 0.640158
vt 0.664064 0.961120
vt 0.719403 0.674695
vt 0.719403 0.749995
vt 0.554385 0.124681
vt 0.526745 0.201484
vt 0.807722 0.105552
vt 0.851583 0.130563
vt 0.548155 0.365863
vt 0.553855 0.398189
vt 0.830080 0.552899
vt 0.830080 0.640158
vt 0.648394 0.111579
vt 0.607037 0.062346
vt 0.719403 0.859064
vt 0.055339 0.640157
vt 0.055339 0.552899
vt 0.699586 0.081883
vt 0.757905 0.071463
vt 0.989353 0.282671
vt 0.961687 0.359425
vt 0.719403 0.961120
vt 0.774741 0.674695
vt 0.774741 0.749995
vt 0.332032 0.749995
vt 0.332032 0.674695
vt 0.901415 0.216780
vt 0.883889 0.169391
vt 0.664064 0.552899
vt 0.664064 0.640158
vt 0.774741 0.859064
vt 0.000000 0.640158
vt 0.000000 0.552899
vt 0.677765 0.462839
vt 0.607013 0.422198
vt 0.774741 0.961120
vt 0.830080 0.674695
vt 0.830080 0.749995
vt 0.807903 0.378883
vt 0.758125 0.387441
vt 0.830080 0.859064
vt 0.830080 0.961120
vt 0.412079 0.480044
vt 0.386933 0.458944
vt 0.885419 0.552899
vt 0.885419 0.640158
vt 0.885419 0.859064
vt 0.885419 0.961120
vt 0.758133 0.412861
vt 0.758170 0.477162
vt 0.885419 0.674695
vt 0.885419 0.749995
vt 0.506596 0.316335
vt 0.531742 0.337435
vt 0.475750 0.305108
vt 0.000000 0.859064
vt 0.000000 0.749995
vt 0.055339 0.749995
vt 0.055339 0.859064
vt 0.442925 0.305108
vt 0.332032 0.640157
vt 0.332032 0.552899
vt 0.387371 0.552899
vt 0.387371 0.640158
vt 0.677492 0.021356
vt 0.757830 0.007214
vt 0.000000 0.961120
vt 0.055339 0.961120
vt 0.110677 0.749995
vt 0.110677 0.859064
vt 0.332032 0.859064
vt 0.000000 0.674695
vt 0.055339 0.674695
vt 0.412079 0.316335
vt 0.110677 0.961120
vt 0.166016 0.749995
vt 0.166016 0.859064
vt 0.370520 0.365863
vt 0.386933 0.337435
vt 0.110677 0.674695
vt 0.276693 0.640158
vt 0.276693 0.552899
vt 0.166016 0.961120
vt 0.166016 0.674695
vt 0.221355 0.749995
vt 0.221355 0.674695
vt 0.276693 0.674695
vt 0.276693 0.749995
vt 0.221355 0.859064
vt 0.221355 0.961120
vt 0.276693 0.859064
vt 0.276693 0.961120
vt 0.332032 0.961120
vt 0.387371 0.961120
vt 0.364820 0.398189
vt 0.442709 0.640158
vt 0.442709 0.552899
vt 0.498048 0.552899
vt 0.498048 0.640158
vt 0.370520 0.430516
vt 0.548155 0.430516
vt 0.531742 0.458944
vt 0.506596 0.480044
vt 0.940461 0.859064
vt 0.885122 0.859064
vt 0.885122 0.749995
vt 0.940461 0.749995
vt 0.940461 0.961120
vt 0.885122 0.961120
vt 0.995800 0.859064
vt 0.995800 0.749995
vt 0.995800 0.674695
vt 0.940461 0.674695
vt 0.940461 0.640158
vt 0.885122 0.640158
vt 0.885122 0.552899
vt 0.940461 0.552899
vt 0.995800 0.961120
vt 0.995800 0.552899
vt 0.995800 0.640158
vt 0.885122 0.674695
vt 0.484005 0.845641
vt 0.478878 0.737734
vt 0.535338 0.761685
vt 0.535889 0.860469
vt 0.485072 0.955961
vt 0.540904 0.946804
vt 0.466369 0.825201
vt 0.460580 0.764380
vt 0.797773 0.004928
vt 0.881523 0.030465
vt 0.841924 0.092715
vt 0.790696 0.076216
vt 0.628574 0.253236
vt 0.607174 0.249307
vt 0.614293 0.190167
vt 0.639943 0.203971
vt 0.534643 0.688613
vt 0.584784 0.676624
vt 0.586752 0.748432
vt 0.439787 0.706332
vt 0.484754 0.633182
vt 0.710981 0.375975
vt 0.760037 0.383198
vt 0.756553 0.406676
vt 0.695705 0.400117
vt 0.639985 0.679172
vt 0.640102 0.750135
vt 0.194065 0.645022
vt 0.198610 0.556573
vt 0.253764 0.546470
vt 0.257665 0.632002
vt 0.926034 0.226161
vt 0.943655 0.215274
vt 0.940259 0.259523
vt 0.914224 0.265726
vt 0.901491 0.324346
vt 0.870403 0.324792
vt 0.943521 0.076776
vt 0.995541 0.153956
vt 0.919712 0.165964
vt 0.885685 0.123060
vt 0.583408 0.948009
vt 0.585377 0.856331
vt 0.638910 0.859315
vt 0.632765 0.949855
vt 0.695119 0.675201
vt 0.693552 0.752148
vt 0.485799 0.488189
vt 0.454731 0.402125
vt 0.453589 0.496686
vt 0.648163 0.357298
vt 0.674904 0.334205
vt 0.747028 0.646886
vt 0.745038 0.556801
vt 0.800839 0.553794
vt 0.804564 0.648491
vt 0.865753 0.382430
vt 0.957439 0.370120
vt 0.892559 0.423518
vt 0.611662 0.308950
vt 0.644675 0.298363
vt 0.741283 0.123010
vt 0.770381 0.251545
vt 0.662984 0.158933
vt 0.696716 0.139975
vt 0.590395 0.383120
vt 0.554327 0.324808
vt 0.692019 0.856905
vt 0.142202 0.668885
vt 0.146791 0.550120
vt 0.585923 0.656487
vt 0.582807 0.561586
vt 0.635518 0.561762
vt 0.639521 0.645238
vt 0.682771 0.955302
vt 0.746867 0.677880
vt 0.748438 0.752252
vt 0.555076 0.160403
vt 0.542579 0.240310
vt 0.791293 0.106420
vt 0.838163 0.115606
vt 0.537880 0.346289
vt 0.548791 0.377281
vt 0.852871 0.549527
vt 0.871462 0.621199
vt 0.640088 0.137551
vt 0.588461 0.095424
vt 0.745705 0.854410
vt 0.095935 0.673052
vt 0.086533 0.543007
vt 0.680621 0.104636
vt 0.733301 0.076620
vt 1.021448 0.215599
vt 1.010758 0.299814
vt 0.737479 0.960513
vt 0.803345 0.675003
vt 0.803230 0.751063
vt 0.394530 0.715855
vt 0.386291 0.693604
vt 0.907863 0.186247
vt 0.877362 0.145096
vt 0.689322 0.560348
vt 0.696000 0.658760
vt 0.802669 0.860387
vt 0.040969 0.664043
vt 0.042824 0.549909
vt 0.741772 0.460756
vt 0.661129 0.437857
vt 0.791207 0.966648
vt 0.858438 0.646649
vt 0.860553 0.741796
vt 0.846001 0.375115
vt 0.811772 0.396472
vt 0.861141 0.850944
vt 0.849292 0.970540
vt 0.422063 0.493802
vt 0.393162 0.480660
vt 0.915199 0.544298
vt 0.917883 0.633848
vt 0.925338 0.880140
vt 0.918678 0.978625
vt 0.822923 0.414567
vt 0.817527 0.452557
vt 0.916057 0.667555
vt 0.915053 0.755087
vt 0.487770 0.309197
vt 0.517881 0.320249
vt 0.457550 0.306044
vt 0.051264 0.840315
vt 0.062414 0.792549
vt 0.088670 0.741975
vt 0.092183 0.843778
vt 0.427991 0.313954
vt 0.395288 0.630354
vt 0.377132 0.563211
vt 0.429147 0.558799
vt 0.443716 0.697946
vt 0.646046 0.042778
vt 0.718345 0.007612
vt 0.040684 0.958863
vt 0.094652 0.952615
vt 0.137832 0.745925
vt 0.138582 0.855916
vt 0.381196 0.860181
vt 0.059351 0.716257
vt 0.089272 0.665491
vt 0.397397 0.333006
vt 0.172534 0.952242
vt 0.193060 0.756106
vt 0.192066 0.859729
vt 0.363725 0.406500
vt 0.377200 0.360061
vt 0.139039 0.670603
vt 0.319468 0.626977
vt 0.308173 0.567043
vt 0.200627 0.966051
vt 0.192750 0.679139
vt 0.249233 0.753099
vt 0.252542 0.661081
vt 0.325447 0.635212
vt 0.310198 0.765494
vt 0.253584 0.870071
vt 0.247582 0.969202
vt 0.320477 0.875919
vt 0.307691 0.973311
vt 0.369263 0.971189
vt 0.451146 0.971382
vt 0.362522 0.430073
vt 0.487401 0.650541
vt 0.475847 0.559963
vt 0.528116 0.561621
vt 0.532357 0.667074
vt 0.374770 0.454946
vt 0.538130 0.391882
vt 0.533822 0.444082
vt 0.514936 0.470120
vt 0.989938 0.854802
vt 0.984553 0.733667
vt 0.978856 0.974752
vt 1.048591 0.859463
vt 1.042799 0.747871
vt 1.040785 0.644488
vt 0.983420 0.683010
vt 0.985994 0.640977
vt 0.963527 0.546218
vt 1.024045 0.969021
vt 1.000352 0.547721
vt 1.040315 0.614495
s 1
f 23/1/1 22/2/2 8/3/2 7/4/1
f 16/5/3 15/6/4 34/7/4 33/8/3
f 15/6/4 14/9/5 35/10/5 34/7/4
f 20/11/6 18/12/7 31/13/7 19/14/6
f 18/12/7 17/15/8 32/16/8 31/13/7
f 13/17/9 12/18/10 11/19/10 36/20/9
f 14/9/5 13/17/9 36/20/9 35/10/5
f 26/21/11 25/22/12 5/23/12 4/24/11
f 28/25/13 27/26/14 2/27/14 1/28/13
f 22/2/2 21/29/15 9/30/15 8/3/2
f 29/31/16 28/25/13 1/28/13 3/32/16
f 12/18/10 30/33/17 10/34/17 11/19/10
f 25/22/12 24/35/18 6/36/18 5/23/12
f 17/15/8 16/37/3 33/38/3 32/16/8
f 27/26/14 26/21/11 4/24/11 2/27/14
f 24/35/18 23/1/1 7/4/1 6/36/18
f 21/29/15 20/11/6 19/14/6 9/30/15
f 30/33/17 29/31/16 3/32/16 10/34/17
f 47/1/1 7/4/1 8/3/2 46/2/2
f 41/5/3 33/8/3 34/7/4 40/6/4
f 40/6/4 34/7/4 35/10/5 39/9/5
f 44/11/6 19/14/6 31/13/7 43/12/7
f 43/12/7 31/13/7 32/16/8 42/15/8
f 38/17/9 36/20/9 11/19/10 37/18/10
f 39/9/5 35/10/5 36/20/9 38/17/9
f 50/21/11 4/24/11 5/23/12 49/22/12
f 52/25/13 1/28/13 2/27/14 51/26/14
f 46/2/2 8/3/2 9/30/15 45/29/15
f 53/31/16 3/32/16 1/28/13 52/25/13
f 37/18/10 11/19/10 10/34/17 54/33/17
f 49/22/12 5/23/12 6/36/18 48/35/18
f 42/15/8 32/16/8 33/38/3 41/37/3
f 51/26/14 2/27/14 4/24/11 50/21/11
f 48/35/18 6/36/18 7/4/1 47/1/1
f 45/29/15 9/30/15 19/14/6 44/11/6
f 54/33/17 10/34/17 3/32/16 53/31/16
f 56/39/19 55/40/20 59/41/21 60/42/22
f 57/43/23 56/39/19 60/42/22 61/44/24
f 140/45/25 139/46/26 55/40/20 56/39/19
f 78/47/27 74/48/28 90/49/29 92/50/30
f 150/51/31 102/52/31 101/53/32 151/54/32
f 59/41/21 202/55/33 204/56/34 63/57/35
f 231/58/36 199/59/37 55/40/20 139/46/26
f 147/60/38 146/61/39 111/62/39 109/63/38
f 63/57/35 204/56/34 205/64/40 67/65/41
f 224/66/42 126/67/43 130/68/44 226/69/45
f 159/70/46 83/71/47 82/72/48 160/73/49
f 160/73/49 82/72/48 118/74/50 143/75/50
f 70/76/51 66/77/52 85/78/53 89/79/54
f 65/80/55 64/81/56 68/82/57 69/83/58
f 67/65/41 205/64/40 207/84/59 71/85/60
f 77/86/61 164/87/62 73/88/63
f 147/60/38 109/63/38 108/89/64 148/90/64
f 64/81/56 63/57/35 67/65/41 68/82/57
f 209/91/65 78/92/27 84/93/66 212/94/67
f 116/95/68 118/74/69 142/96/70 138/97/71
f 148/90/64 108/89/64 104/98/72 149/99/72
f 154/100/73 161/101/74 152/102/75 153/103/76
f 104/98/77 108/89/78 122/104/79 117/105/80
f 68/82/57 67/65/41 71/85/60 72/106/81
f 221/107/82 122/108/79 126/67/43 224/66/42
f 203/109/83 66/110/52 70/111/51 206/112/84
f 69/83/58 68/82/57 72/106/81 73/113/63
f 71/85/60 207/84/59 210/114/85 75/115/86
f 103/116/87 101/53/88 102/52/89 110/117/90
f 161/101/74 154/100/73 155/118/91 156/119/92
f 107/120/93 164/87/62 100/121/94
f 152/102/75 161/101/74 150/51/95 151/54/96
f 74/48/28 70/76/51 89/79/54 90/49/29
f 212/94/67 84/93/66 91/122/97 213/123/98
f 151/54/32 101/53/32 99/124/99 152/102/99
f 99/124/100 101/53/88 103/116/87 98/125/101
f 72/106/81 71/85/60 75/115/86 76/126/102
f 219/127/103 117/128/80 122/108/79 221/107/82
f 153/103/104 97/129/104 96/130/105 154/100/105
f 62/131/106 58/132/107 82/72/108 83/71/109
f 73/113/63 72/106/81 76/126/102 77/133/61
f 75/115/86 210/114/85 211/134/110 79/135/111
f 135/136/112 230/137/113 231/58/36 139/46/26
f 158/138/114 161/101/74 156/119/92 157/139/115
f 206/112/84 70/111/51 74/140/28 208/141/116
f 102/52/89 104/98/77 117/105/80 110/117/90
f 154/100/105 96/130/105 92/50/117 155/118/117
f 160/73/118 161/101/74 158/138/114 159/70/119
f 76/126/102 75/115/86 79/135/111 80/142/120
f 217/143/121 110/144/90 117/128/80 219/127/103
f 109/63/122 111/62/123 130/145/44 126/146/43
f 77/133/61 76/126/102 80/142/120 81/147/124
f 79/135/111 211/134/110 214/148/125 86/149/126
f 146/61/127 161/101/74 144/150/128 145/151/129
f 156/119/130 90/49/130 89/79/131 157/139/131
f 66/77/52 62/131/106 83/71/109 85/78/53
f 208/141/116 74/140/28 78/92/27 209/91/65
f 157/139/131 89/79/131 85/78/132 158/138/132
f 80/142/120 79/135/111 86/149/126 87/152/133
f 185/1/134 184/2/135 170/3/135 169/4/134
f 158/138/132 85/78/132 83/71/47 159/70/46
f 81/147/124 80/142/120 87/152/133 88/153/136
f 161/101/74 148/90/137 149/99/138 150/51/95
f 149/99/72 104/98/72 102/52/31 150/51/31
f 69/154/58 164/87/62 65/155/55
f 213/123/98 91/122/97 98/156/101 215/157/139
f 178/5/140 177/6/141 196/7/141 195/8/140
f 155/118/117 92/50/117 90/49/130 156/119/130
f 88/153/136 87/152/133 94/158/142 95/159/143
f 177/6/141 176/9/144 197/10/144 196/7/141
f 111/62/123 115/160/145 134/161/146 130/145/44
f 182/11/147 180/12/148 193/13/148 181/14/147
f 86/149/126 214/148/125 216/162/149 93/163/150
f 121/164/151 164/87/62 114/165/152
f 180/12/148 179/15/153 194/16/153 193/13/148
f 175/17/154 174/18/155 173/19/155 198/20/154
f 125/166/156 164/87/62 121/164/151
f 87/152/133 86/149/126 93/163/150 94/158/142
f 106/167/157 105/168/158 112/169/159 113/170/160
f 176/9/144 175/17/154 198/20/154 197/10/144
f 114/165/152 164/87/62 107/120/93
f 152/102/99 99/124/99 97/129/104 153/103/104
f 129/171/161 164/87/62 125/166/156
f 188/21/162 187/22/163 167/23/163 166/24/162
f 229/172/164 138/173/71 142/174/70 232/175/165
f 91/176/97 84/177/66 96/130/166 97/129/167
f 107/178/93 106/167/157 113/170/160 114/179/152
f 113/170/160 112/169/159 119/180/168 120/181/169
f 190/25/170 189/26/171 163/27/171 162/28/170
f 136/182/172 135/136/112 139/46/26 140/45/25
f 105/168/158 218/183/173 220/184/174 112/169/159
f 133/185/175 164/87/62 129/171/161
f 184/2/135 183/29/15 171/30/15 170/3/135
f 114/179/152 113/170/160 120/181/169 121/186/151
f 120/181/169 119/180/168 123/187/176 124/188/177
f 141/189/178 164/87/62 137/190/179
f 112/169/159 220/184/174 222/191/180 119/180/168
f 227/192/181 134/193/146 138/173/71 229/172/164
f 191/31/182 190/25/170 162/28/170 165/32/182
f 121/186/151 120/181/169 124/188/177 125/194/156
f 137/190/179 164/87/62 133/185/175
f 98/125/101 91/176/97 97/129/167 99/124/100
f 119/180/168 222/191/180 223/195/183 123/187/176
f 174/18/155 192/33/17 172/34/17 173/19/155
f 127/196/184 225/197/185 228/198/186 131/199/187
f 125/194/156 124/188/177 128/200/188 129/201/161
f 124/188/177 123/187/176 127/196/184 128/200/188
f 131/199/187 228/198/186 230/137/113 135/136/112
f 226/69/45 130/68/44 134/193/146 227/192/181
f 123/187/176 223/195/183 225/197/185 127/196/184
f 187/22/163 186/35/189 168/36/189 167/23/163
f 129/201/161 128/200/188 132/202/190 133/203/175
f 128/200/188 127/196/184 131/199/187 132/202/190
f 179/15/153 178/37/140 195/38/140 194/16/153
f 133/203/175 132/202/190 136/182/172 137/204/179
f 189/26/171 188/21/162 166/24/162 163/27/171
f 186/35/189 185/1/134 169/4/134 168/36/189
f 137/204/179 136/182/172 140/45/25 141/205/178
f 164/87/62 141/189/178 57/206/23
f 183/29/15 182/11/147 181/14/147 171/30/15
f 132/202/190 131/199/187 135/136/112 136/182/172
f 192/33/17 191/31/182 165/32/182 172/34/17
f 200/207/191 58/208/107 62/209/106 201/210/192
f 61/211/24 164/87/62 57/206/23
f 144/150/128 161/101/74 160/73/118 143/75/193
f 95/212/143 164/87/62 88/213/136
f 115/160/145 116/95/68 138/97/71 134/161/146
f 108/89/78 109/63/122 126/146/43 122/104/79
f 88/213/136 164/87/62 81/214/124
f 100/121/94 164/87/62 95/212/143
f 81/214/124 164/87/62 77/86/61
f 84/177/66 78/47/27 92/50/30 96/130/166
f 143/75/50 118/74/50 116/95/194 144/150/195
f 61/44/24 60/42/22 64/81/56 65/80/55
f 144/150/195 116/95/194 115/160/196 145/151/196
f 201/210/192 62/209/106 66/110/52 203/109/83
f 58/132/107 142/96/70 118/74/69 82/72/108
f 140/45/25 56/39/19 57/43/23 141/205/178
f 145/151/196 115/160/196 111/62/39 146/61/39
f 65/155/55 164/87/62 61/211/24
f 60/42/22 59/41/21 63/57/35 64/81/56
f 142/174/70 58/208/107 200/207/191 232/175/165
f 73/88/63 164/87/62 69/154/58
f 161/101/74 146/61/127 147/60/197 148/90/137
f 200/207/191 201/210/192 202/55/33 199/59/37
f 208/141/116 209/91/65 210/114/85 207/84/59
f 201/210/192 203/109/83 204/56/34 202/55/33
f 206/112/84 208/141/116 207/84/59 205/64/40
f 203/109/83 206/112/84 205/64/40 204/56/34
f 232/175/165 200/207/191 199/59/37 231/58/36
f 212/94/67 213/123/98 214/148/125 211/134/110
f 213/123/98 215/157/139 216/162/149 214/148/125
f 209/91/65 212/94/67 211/134/110 210/114/85
f 226/69/45 227/192/181 228/198/186 225/197/185
f 227/192/181 229/172/164 230/137/113 228/198/186
f 224/66/42 226/69/45 225/197/185 223/195/183
f 217/143/121 219/127/103 220/184/174 218/183/173
f 219/127/103 221/107/82 222/191/180 220/184/174
f 229/172/164 232/175/165 231/58/36 230/137/113
f 221/107/82 224/66/42 223/195/183 222/191/180
f 55/40/20 199/59/37 202/55/33 59/41/21
f 234/215/198 94/216/142 93/217/150 233/218/199
f 100/219/94 95/220/143 94/216/142 234/215/198
f 106/221/157 234/215/198 233/218/199 105/222/158
f 218/223/173 105/222/158 233/218/199 235/224/200
f 236/225/201 215/226/139 98/227/101 103/228/87
f 106/221/157 107/229/93 100/219/94 234/215/198
f 110/230/90 217/231/121 236/225/201 103/228/87
f 236/225/201 235/224/200 216/232/149 215/226/139
f 217/231/121 218/223/173 235/224/200 236/225/201
f 233/218/199 93/217/150 216/232/149 235/224/200
f 238/39/19 237/40/20 241/41/21 242/42/22
f 239/43/23 238/39/19 242/42/22 243/44/24
f 304/45/25 303/46/26 237/40/20 238/39/19
f 241/41/21 311/55/33 313/56/34 245/57/35
f 340/58/36 308/59/37 237/40/20 303/46/26
f 245/57/35 313/56/34 314/64/40 249/65/202
f 333/66/42 290/67/203 294/68/204 335/69/45
f 247/80/55 246/81/56 250/82/57 251/83/58
f 249/65/202 314/64/40 316/84/59 253/85/60
f 259/86/61 307/87/62 255/88/63
f 246/81/56 245/57/35 249/65/202 250/82/57
f 318/91/65 260/92/205 264/93/206 321/94/67
f 250/82/57 249/65/202 253/85/60 254/106/81
f 330/107/82 286/108/207 290/67/203 333/66/42
f 312/109/208 248/110/209 252/111/210 315/112/84
f 251/83/58 250/82/57 254/106/81 255/113/63
f 253/85/60 316/84/59 319/114/85 257/115/211
f 277/120/93 307/87/62 273/121/94
f 321/94/67 264/93/206 268/122/212 322/123/98
f 254/106/81 253/85/60 257/115/211 258/126/102
f 328/127/103 282/128/213 286/108/207 330/107/82
f 255/113/63 254/106/81 258/126/102 259/133/61
f 257/115/211 319/114/85 320/134/110 261/135/111
f 299/136/112 339/137/113 340/58/36 303/46/26
f 315/112/84 252/111/210 256/140/214 317/141/116
f 258/126/102 257/115/211 261/135/111 262/142/120
f 326/143/121 278/144/215 282/128/213 328/127/103
f 259/133/61 258/126/102 262/142/120 263/147/124
f 261/135/111 320/134/110 323/148/125 265/149/126
f 317/141/116 256/140/214 260/92/205 318/91/65
f 262/142/120 261/135/111 265/149/126 266/152/133
f 263/147/124 262/142/120 266/152/133 267/153/136
f 251/154/58 307/87/62 247/155/55
f 322/123/98 268/122/212 272/156/216 324/157/139
f 267/153/136 266/152/133 270/158/142 271/159/143
f 265/149/126 323/148/125 325/162/149 269/163/150
f 285/164/151 307/87/62 281/165/152
f 289/166/156 307/87/62 285/164/151
f 266/152/133 265/149/126 269/163/150 270/158/142
f 276/167/157 275/168/158 279/169/217 280/170/218
f 281/165/152 307/87/62 277/120/93
f 293/171/161 307/87/62 289/166/156
f 338/172/164 302/173/219 306/174/220 341/175/165
f 277/178/93 276/167/157 280/170/218 281/179/152
f 280/170/218 279/169/217 283/180/168 284/181/169
f 300/182/172 299/136/112 303/46/26 304/45/25
f 275/168/158 327/183/173 329/184/174 279/169/217
f 297/185/175 307/87/62 293/171/161
f 281/179/152 280/170/218 284/181/169 285/186/151
f 284/181/169 283/180/168 287/187/176 288/188/177
f 305/189/178 307/87/62 301/190/179
f 279/169/217 329/184/174 331/191/180 283/180/168
f 336/192/181 298/193/221 302/173/219 338/172/164
f 285/186/151 284/181/169 288/188/177 289/194/156
f 301/190/179 307/87/62 297/185/175
f 283/180/168 331/191/180 332/195/183 287/187/176
f 291/196/184 334/197/185 337/198/186 295/199/187
f 289/194/156 288/188/177 292/200/188 293/201/161
f 288/188/177 287/187/176 291/196/184 292/200/188
f 295/199/187 337/198/186 339/137/113 299/136/112
f 335/69/45 294/68/204 298/193/221 336/192/181
f 287/187/176 332/195/183 334/197/185 291/196/184
f 293/201/161 292/200/188 296/202/190 297/203/175
f 292/200/188 291/196/184 295/199/187 296/202/190
f 297/203/175 296/202/190 300/182/172 301/204/179
f 301/204/179 300/182/172 304/45/25 305/205/178
f 307/87/62 305/189/178 239/206/23
f 296/202/190 295/199/187 299/136/112 300/182/172
f 309/207/191 240/208/222 244/209/223 310/210/192
f 243/211/24 307/87/62 239/206/23
f 271/212/143 307/87/62 267/213/136
f 267/213/136 307/87/62 263/214/124
f 273/121/94 307/87/62 271/212/143
f 263/214/124 307/87/62 259/86/61
f 243/44/24 242/42/22 246/81/56 247/80/55
f 310/210/192 244/209/223 248/110/209 312/109/208
f 304/45/25 238/39/19 239/43/23 305/205/178
f 247/155/55 307/87/62 243/211/24
f 242/42/22 241/41/21 245/57/35 246/81/56
f 306/174/220 240/208/222 309/207/191 341/175/165
f 255/88/63 307/87/62 251/154/58
f 309/207/191 310/210/192 311/55/33 308/59/37
f 317/141/116 318/91/65 319/114/85 316/84/59
f 310/210/192 312/109/208 313/56/34 311/55/33
f 315/112/84 317/141/116 316/84/59 314/64/40
f 312/109/208 315/112/84 314/64/40 313/56/34
f 341/175/165 309/207/191 308/59/37 340/58/36
f 321/94/67 322/123/98 323/148/125 320/134/110
f 322/123/98 324/157/139 325/162/149 323/148/125
f 318/91/65 321/94/67 320/134/110 319/114/85
f 335/69/45 336/192/181 337/198/186 334/197/185
f 336/192/181 338/172/164 339/137/113 337/198/186
f 333/66/42 335/69/45 334/197/185 332/195/183
f 326/143/121 328/127/103 329/184/174 327/183/173
f 328/127/103 330/107/82 331/191/180 329/184/174
f 338/172/164 341/175/165 340/58/36 339/137/113
f 330/107/82 333/66/42 332/195/183 331/191/180
f 237/40/20 308/59/37 311/55/33 241/41/21
f 343/215/198 270/216/142 269/217/150 342/218/199
f 273/219/94 271/220/143 270/216/142 343/215/198
f 276/221/157 343/215/198 342/218/199 275/222/158
f 327/223/173 275/222/158 342/218/199 344/224/200
f 345/225/201 324/226/139 272/227/216 274/228/224
f 276/221/157 277/229/93 273/219/94 343/215/198
f 278/230/215 326/231/121 345/225/201 274/228/224
f 345/225/201 344/224/200 325/232/149 324/226/139
f 326/231/121 327/223/173 344/224/200 345/225/201
f 342/218/199 269/217/150 325/232/149 344/224/200
f 347/39/19 346/40/225 350/41/21 351/42/22
f 348/43/23 347/39/19 351/42/22 352/44/24
f 431/45/226 430/46/26 346/40/225 347/39/19
f 369/47/27 365/48/28 381/49/29 383/50/30
f 441/51/31 393/52/31 392/53/32 442/54/32
f 350/41/21 493/55/33 495/56/34 354/57/35
f 522/58/36 490/59/37 346/40/225 430/46/26
f 438/60/38 437/61/39 402/62/39 400/63/38
f 354/57/35 495/56/34 496/64/40 358/65/202
f 515/66/42 417/67/43 421/68/44 517/69/45
f 450/70/46 374/71/47 373/72/48 451/73/49
f 451/73/49 373/72/48 409/74/50 434/75/50
f 361/76/51 357/77/52 376/78/53 380/79/54
f 356/80/55 355/81/56 359/82/57 360/83/58
f 358/65/202 496/64/40 498/84/59 362/85/60
f 368/86/61 455/87/62 364/88/63
f 438/60/38 400/63/38 399/89/64 439/90/64
f 355/81/56 354/57/35 358/65/202 359/82/57
f 500/91/65 369/92/27 375/93/66 503/94/67
f 407/95/68 409/74/69 433/96/70 429/97/71
f 439/90/64 399/89/64 395/98/227 440/99/227
f 445/100/73 452/101/74 443/102/75 444/103/76
f 395/98/77 399/89/78 413/104/79 408/105/80
f 359/82/57 358/65/202 362/85/60 363/106/81
f 512/107/82 413/108/79 417/67/43 515/66/42
f 494/109/83 357/110/52 361/111/51 497/112/84
f 360/83/58 359/82/57 363/106/81 364/113/63
f 362/85/60 498/84/59 501/114/85 366/115/86
f 394/116/87 392/53/88 393/52/89 401/117/90
f 452/101/74 445/100/73 446/118/91 447/119/92
f 398/120/93 455/87/62 391/121/94
f 443/102/75 452/101/74 441/51/95 442/54/96
f 365/48/28 361/76/51 380/79/54 381/49/29
f 503/94/67 375/93/66 382/122/97 504/123/98
f 442/54/32 392/53/32 390/124/99 443/102/99
f 390/124/100 392/53/88 394/116/87 389/125/101
f 363/106/81 362/85/60 366/115/86 367/126/102
f 510/127/228 408/128/80 413/108/79 512/107/82
f 444/103/104 388/129/104 387/130/105 445/100/105
f 353/131/229 349/132/107 373/72/108 374/71/109
f 364/113/63 363/106/81 367/126/102 368/133/61
f 366/115/86 501/114/85 502/134/110 370/135/111
f 426/136/112 521/137/113 522/58/36 430/46/26
f 449/138/230 452/101/74 447/119/92 448/139/115
f 497/112/84 361/111/51 365/140/28 499/141/116
f 393/52/89 395/98/77 408/105/80 401/117/90
f 445/100/105 387/130/105 383/50/117 446/118/117
f 451/73/231 452/101/74 449/138/230 450/70/119
f 367/126/102 366/115/86 370/135/111 371/142/120
f 508/143/121 401/144/90 408/128/80 510/127/228
f 400/63/122 402/62/123 421/145/44 417/146/43
f 368/133/61 367/126/102 371/142/120 372/147/124
f 370/135/111 502/134/110 505/148/125 377/149/126
f 437/61/127 452/101/74 435/150/128 436/151/129
f 447/119/130 381/49/130 380/79/131 448/139/131
f 357/77/52 353/131/229 374/71/109 376/78/53
f 499/141/116 365/140/28 369/92/27 500/91/65
f 448/139/131 380/79/131 376/78/132 449/138/132
f 371/142/120 370/135/111 377/149/126 378/152/133
f 476/1/134 475/2/135 461/3/135 460/4/134
f 449/138/132 376/78/132 374/71/47 450/70/46
f 372/147/124 371/142/120 378/152/133 379/153/136
f 452/101/74 439/90/137 440/99/138 441/51/95
f 440/99/227 395/98/227 393/52/31 441/51/31
f 360/154/58 455/87/62 356/155/55
f 504/123/98 382/122/97 389/156/101 506/157/139
f 469/5/140 468/6/141 487/7/232 486/8/140
f 446/118/117 383/50/117 381/49/130 447/119/130
f 379/153/136 378/152/133 385/158/142 386/159/143
f 468/6/141 467/9/144 488/10/144 487/7/232
f 402/62/123 406/160/145 425/161/233 421/145/44
f 473/11/147 471/12/148 484/13/148 472/14/147
f 377/149/126 505/148/125 507/162/149 384/163/150
f 412/164/151 455/87/62 405/165/152
f 471/12/148 470/15/153 485/16/153 484/13/148
f 466/17/154 465/18/155 464/19/155 489/20/154
f 416/166/156 455/87/62 412/164/151
f 378/152/133 377/149/126 384/163/150 385/158/142
f 397/167/157 396/168/158 403/169/159 404/170/160
f 467/9/144 466/17/154 489/20/154 488/10/144
f 405/165/152 455/87/62 398/120/93
f 443/102/99 390/124/99 388/129/104 444/103/104
f 420/171/161 455/87/62 416/166/156
f 479/21/162 478/22/163 458/23/163 457/24/162
f 520/172/234 429/173/71 433/174/70 523/175/165
f 382/176/97 375/177/66 387/130/166 388/129/167
f 398/178/93 397/167/157 404/170/160 405/179/152
f 404/170/160 403/169/159 410/180/168 411/181/169
f 481/25/170 480/26/171 454/27/171 453/28/170
f 427/182/172 426/136/112 430/46/26 431/45/226
f 396/168/158 509/183/235 511/184/174 403/169/159
f 424/185/175 455/87/62 420/171/161
f 475/2/135 474/29/15 462/30/15 461/3/135
f 405/179/152 404/170/160 411/181/169 412/186/151
f 411/181/169 410/180/168 414/187/176 415/188/177
f 432/189/178 455/87/62 428/190/179
f 403/169/159 511/184/174 513/191/180 410/180/168
f 518/192/181 425/193/233 429/173/71 520/172/234
f 482/31/182 481/25/170 453/28/170 456/32/182
f 412/186/151 411/181/169 415/188/177 416/194/156
f 428/190/179 455/87/62 424/185/175
f 389/125/101 382/176/97 388/129/167 390/124/100
f 410/180/168 513/191/180 514/195/183 414/187/176
f 465/18/155 483/33/17 463/34/17 464/19/155
f 418/196/184 516/197/185 519/198/186 422/199/236
f 416/194/156 415/188/177 419/200/188 420/201/161
f 415/188/177 414/187/176 418/196/184 419/200/188
f 422/199/236 519/198/186 521/137/113 426/136/112
f 517/69/45 421/68/44 425/193/233 518/192/181
f 414/187/176 514/195/183 516/197/185 418/196/184
f 478/22/163 477/35/189 459/36/189 458/23/163
f 420/201/161 419/200/188 423/202/190 424/203/175
f 419/200/188 418/196/184 422/199/236 423/202/190
f 470/15/153 469/37/140 486/38/140 485/16/153
f 424/203/175 423/202/190 427/182/172 428/204/179
f 480/26/171 479/21/162 457/24/162 454/27/171
f 477/35/189 476/1/134 460/4/134 459/36/189
f 428/204/179 427/182/172 431/45/226 432/205/178
f 455/87/62 432/189/178 348/206/23
f 474/29/15 473/11/147 472/14/147 462/30/15
f 423/202/190 422/199/236 426/136/112 427/182/172
f 483/33/17 482/31/182 456/32/182 463/34/17
f 491/207/191 349/208/107 353/209/229 492/210/192
f 352/211/24 455/87/62 348/206/23
f 435/150/128 452/101/74 451/73/231 434/75/193
f 386/212/143 455/87/62 379/213/136
f 406/160/145 407/95/68 429/97/71 425/161/233
f 399/89/78 400/63/122 417/146/43 413/104/79
f 379/213/136 455/87/62 372/214/124
f 391/121/94 455/87/62 386/212/143
f 372/214/124 455/87/62 368/86/61
f 375/177/66 369/47/27 383/50/30 387/130/166
f 434/75/50 409/74/50 407/95/194 435/150/194
f 352/44/24 351/42/22 355/81/56 356/80/55
f 435/150/194 407/95/194 406/160/196 436/151/196
f 492/210/192 353/209/229 357/110/52 494/109/83
f 349/132/107 433/96/70 409/74/69 373/72/108
f 431/45/226 347/39/19 348/43/23 432/205/178
f 436/151/196 406/160/196 402/62/39 437/61/39
f 356/155/55 455/87/62 352/211/24
f 351/42/22 350/41/21 354/57/35 355/81/56
f 433/174/70 349/208/107 491/207/191 523/175/165
f 364/88/63 455/87/62 360/154/58
f 452/101/74 437/61/127 438/60/197 439/90/137
f 491/207/191 492/210/192 493/55/33 490/59/37
f 499/141/116 500/91/65 501/114/85 498/84/59
f 492/210/192 494/109/83 495/56/34 493/55/33
f 497/112/84 499/141/116 498/84/59 496/64/40
f 494/109/83 497/112/84 496/64/40 495/56/34
f 523/175/165 491/207/191 490/59/37 522/58/36
f 503/94/67 504/123/98 505/148/125 502/134/110
f 504/123/98 506/157/139 507/162/149 505/148/125
f 500/91/65 503/94/67 502/134/110 501/114/85
f 517/69/45 518/192/181 519/198/186 516/197/185
f 518/192/181 520/172/234 521/137/113 519/198/186
f 515/66/42 517/69/45 516/197/185 514/195/183
f 508/143/121 510/127/228 511/184/174 509/183/235
f 510/127/228 512/107/82 513/191/180 511/184/174
f 520/172/234 523/175/165 522/58/36 521/137/113
f 512/107/82 515/66/42 514/195/183 513/191/180
f 346/40/225 490/59/37 493/55/33 350/41/21
f 525/215/198 385/216/142 384/217/150 524/218/199
f 391/219/94 386/220/143 385/216/142 525/215/198
f 397/221/157 525/215/198 524/218/199 396/222/158
f 509/223/235 396/222/158 524/218/199 526/224/200
f 527/225/201 506/226/139 389/227/101 394/228/87
f 397/221/157 398/229/93 391/219/94 525/215/198
f 401/230/90 508/231/121 527/225/201 394/228/87
f 527/225/201 526/224/200 507/232/149 506/226/139
f 508/231/121 509/223/235 526/224/200 527/225/201
f 524/218/199 384/217/150 507/232/149 526/224/200
f 529/39/19 528/40/225 532/41/21 533/42/22
f 530/43/23 529/39/19 533/42/22 534/44/24
f 595/45/25 594/46/26 528/40/225 529/39/19
f 532/41/21 602/55/33 604/56/34 536/57/35
f 631/58/36 599/59/37 528/40/225 594/46/26
f 536/57/35 604/56/34 605/64/40 540/65/202
f 624/66/42 581/67/203 585/68/204 626/69/45
f 538/80/55 537/81/56 541/82/57 542/83/58
f 540/65/202 605/64/40 607/84/59 544/85/60
f 550/86/61 598/87/62 546/88/63
f 537/81/56 536/57/35 540/65/202 541/82/57
f 609/91/65 551/92/205 555/93/206 612/94/67
f 541/82/57 540/65/202 544/85/60 545/106/81
f 621/107/82 577/108/207 581/67/203 624/66/42
f 603/109/208 539/110/209 543/111/210 606/112/84
f 542/83/58 541/82/57 545/106/81 546/113/63
f 544/85/60 607/84/59 610/114/85 548/115/86
f 568/120/93 598/87/62 564/121/94
f 612/94/67 555/93/206 559/122/212 613/123/98
f 545/106/81 544/85/60 548/115/86 549/126/102
f 619/127/103 573/128/213 577/108/207 621/107/82
f 546/113/63 545/106/81 549/126/102 550/133/61
f 548/115/86 610/114/85 611/134/110 552/135/111
f 590/136/112 630/137/113 631/58/36 594/46/26
f 606/112/84 543/111/210 547/140/214 608/141/116
f 549/126/102 548/115/86 552/135/111 553/142/120
f 617/143/121 569/144/237 573/128/213 619/127/103
f 550/133/61 549/126/102 553/142/120 554/147/124
f 552/135/111 611/134/110 614/148/125 556/149/238
f 608/141/116 547/140/214 551/92/205 609/91/65
f 553/142/120 552/135/111 556/149/238 557/152/133
f 554/147/124 553/142/120 557/152/133 558/153/136
f 542/154/58 598/87/62 538/155/55
f 613/123/98 559/122/212 563/156/216 615/157/139
f 558/153/136 557/152/133 561/158/142 562/159/143
f 556/149/238 614/148/125 616/162/149 560/163/150
f 576/164/151 598/87/62 572/165/152
f 580/166/156 598/87/62 576/164/151
f 557/152/133 556/149/238 560/163/150 561/158/142
f 567/167/157 566/168/158 570/169/217 571/170/160
f 572/165/152 598/87/62 568/120/93
f 584/171/161 598/87/62 580/166/156
f 629/172/164 593/173/219 597/174/220 632/175/165
f 568/178/93 567/167/157 571/170/160 572/179/152
f 571/170/160 570/169/217 574/180/168 575/181/169
f 591/182/239 590/136/112 594/46/26 595/45/25
f 566/168/158 618/183/235 620/184/174 570/169/217
f 588/185/175 598/87/62 584/171/161
f 572/179/152 571/170/160 575/181/169 576/186/151
f 575/181/169 574/180/168 578/187/240 579/188/177
f 596/189/178 598/87/62 592/190/179
f 570/169/217 620/184/174 622/191/180 574/180/168
f 627/192/181 589/193/221 593/173/219 629/172/164
f 576/186/151 575/181/169 579/188/177 580/194/156
f 592/190/179 598/87/62 588/185/175
f 574/180/168 622/191/180 623/195/183 578/187/240
f 582/196/184 625/197/185 628/198/186 586/199/187
f 580/194/156 579/188/177 583/200/188 584/201/161
f 579/188/177 578/187/240 582/196/184 583/200/188
f 586/199/187 628/198/186 630/137/113 590/136/112
f 626/69/45 585/68/204 589/193/221 627/192/181
f 578/187/240 623/195/183 625/197/185 582/196/184
f 584/201/161 583/200/188 587/202/190 588/203/175
f 583/200/188 582/196/184 586/199/187 587/202/190
f 588/203/175 587/202/190 591/182/239 592/204/179
f 592/204/179 591/182/239 595/45/25 596/205/178
f 598/87/62 596/189/178 530/206/23
f 587/202/190 586/199/187 590/136/112 591/182/239
f 600/207/191 531/208/222 535/209/223 601/210/192
f 534/211/24 598/87/62 530/206/23
f 562/212/143 598/87/62 558/213/136
f 558/213/136 598/87/62 554/214/124
f 564/121/94 598/87/62 562/212/143
f 554/214/124 598/87/62 550/86/61
f 534/44/24 533/42/22 537/81/56 538/80/55
f 601/210/192 535/209/223 539/110/209 603/109/208
f 595/45/25 529/39/19 530/43/23 596/205/178
f 538/155/55 598/87/62 534/211/24
f 533/42/22 532/41/21 536/57/35 537/81/56
f 597/174/220 531/208/222 600/207/191 632/175/165
f 546/88/63 598/87/62 542/154/58
f 600/207/191 601/210/192 602/55/33 599/59/37
f 608/141/116 609/91/65 610/114/85 607/84/59
f 601/210/192 603/109/208 604/56/34 602/55/33
f 606/112/84 608/141/116 607/84/59 605/64/40
f 603/109/208 606/112/84 605/64/40 604/56/34
f 632/175/165 600/207/191 599/59/37 631/58/36
f 612/94/67 613/123/98 614/148/125 611/134/110
f 613/123/98 615/157/139 616/162/149 614/148/125
f 609/91/65 612/94/67 611/134/110 610/114/85
f 626/69/45 627/192/181 628/198/186 625/197/185
f 627/192/181 629/172/164 630/137/113 628/198/186
f 624/66/42 626/69/45 625/197/185 623/195/183
f 617/143/121 619/127/103 620/184/174 618/183/235
f 619/127/103 621/107/82 622/191/180 620/184/174
f 629/172/164 632/175/165 631/58/36 630/137/113
f 621/107/82 624/66/42 623/195/183 622/191/180
f 528/40/225 599/59/37 602/55/33 532/41/21
f 634/215/198 561/216/142 560/217/150 633/218/199
f 564/219/94 562/220/143 561/216/142 634/215/198
f 567/221/157 634/215/198 633/218/199 566/222/158
f 618/223/235 566/222/158 633/218/199 635/224/200
f 636/225/201 615/226/139 563/227/216 565/228/224
f 567/221/157 568/229/93 564/219/94 634/215/198
f 569/230/237 617/231/121 636/225/201 565/228/224
f 636/225/201 635/224/200 616/232/149 615/226/139
f 617/231/121 618/223/235 635/224/200 636/225/201
f 633/218/199 560/217/150 616/232/149 635/224/200
f 638/39/241 642/42/242 641/41/243 637/40/244
f 639/43/245 643/44/246 642/42/242 638/39/241
f 722/45/247 638/39/241 637/40/244 721/46/248
f 660/47/249 674/50/250 672/49/251 656/48/252
f 732/51/253 733/54/254 683/53/254 684/52/253
f 641/41/243 645/57/255 768/56/256 766/55/257
f 795/58/258 721/46/248 637/40/244 763/59/259
f 729/60/260 691/63/260 693/62/261 728/61/261
f 645/57/255 649/65/262 769/64/263 768/56/256
f 788/66/264 790/69/265 712/68/266 708/67/267
f 741/70/268 742/73/269 664/72/270 665/71/271
f 742/73/269 725/75/272 700/74/272 664/72/270
f 652/76/273 671/79/274 667/78/275 648/77/276
f 647/80/277 651/83/278 650/82/279 646/81/280
f 649/65/262 653/85/281 771/84/282 769/64/263
f 659/86/283 655/88/284 744/87/74
f 729/60/260 730/90/285 690/89/285 691/63/260
f 646/81/280 650/82/279 649/65/262 645/57/255
f 773/91/286 776/94/287 666/93/288 660/92/249
f 698/95/289 720/97/290 724/96/291 700/74/292
f 730/90/285 731/99/293 686/98/293 690/89/285
f 736/100/294 735/103/295 734/102/296 743/101/62
f 686/98/297 699/105/298 704/104/299 690/89/300
f 650/82/279 654/106/301 653/85/281 649/65/262
f 785/107/302 788/66/264 708/67/267 704/108/299
f 767/109/303 770/112/304 652/111/273 648/110/276
f 651/83/278 655/113/284 654/106/301 650/82/279
f 653/85/281 657/115/305 774/114/306 771/84/282
f 685/116/307 692/117/308 684/52/309 683/53/310
f 743/101/62 738/119/311 737/118/312 736/100/294
f 689/120/313 682/121/314 744/87/74
f 734/102/296 733/54/315 732/51/316 743/101/62
f 656/48/252 672/49/251 671/79/274 652/76/273
f 776/94/287 777/123/317 673/122/318 666/93/288
f 733/54/254 734/102/319 681/124/319 683/53/254
f 681/124/320 680/125/321 685/116/307 683/53/310
f 654/106/301 658/126/322 657/115/305 653/85/281
f 783/127/323 785/107/302 704/108/299 699/128/298
f 735/103/324 736/100/325 678/130/325 679/129/324
f 644/131/326 665/71/327 664/72/328 640/132/329
f 655/113/284 659/133/283 658/126/322 654/106/301
f 657/115/305 661/135/330 775/134/331 774/114/306
f 717/136/332 721/46/248 795/58/258 794/137/333
f 740/138/334 739/139/335 738/119/311 743/101/62
f 770/112/304 772/141/336 656/140/252 652/111/273
f 684/52/309 692/117/308 699/105/298 686/98/297
f 736/100/325 737/118/337 674/50/337 678/130/325
f 742/73/338 741/70/339 740/138/334 743/101/62
f 658/126/322 662/142/340 661/135/330 657/115/305
f 781/143/341 783/127/323 699/128/298 692/144/308
f 691/63/342 708/146/267 712/145/266 693/62/343
f 659/133/283 663/147/344 662/142/340 658/126/322
f 661/135/330 668/149/345 778/148/346 775/134/331
f 728/61/347 727/151/348 726/150/349 743/101/62
f 738/119/350 739/139/351 671/79/351 672/49/350
f 648/77/276 667/78/275 665/71/327 644/131/326
f 772/141/336 773/91/286 660/92/249 656/140/252
f 739/139/351 740/138/352 667/78/353 671/79/351
f 662/142/340 669/152/354 668/149/345 661/135/330
f 755/1/134 169/4/134 170/3/135 754/2/135
f 740/138/352 741/70/268 665/71/271 667/78/353
f 663/147/344 670/153/355 669/152/354 662/142/340
f 743/101/62 732/51/316 731/99/356 730/90/357
f 731/99/293 732/51/253 684/52/253 686/98/293
f 651/154/278 647/155/277 744/87/74
f 777/123/317 779/157/358 680/156/321 673/122/318
f 749/5/140 195/8/140 196/7/141 748/6/141
f 737/118/337 738/119/350 672/49/350 674/50/337
f 670/153/355 677/159/359 676/158/360 669/152/354
f 748/6/141 196/7/141 197/10/144 747/9/144
f 693/62/343 712/145/266 716/161/361 697/160/362
f 752/11/147 181/14/147 193/13/148 751/12/148
f 668/149/345 675/163/363 780/162/364 778/148/346
f 703/164/365 696/165/366 744/87/74
f 751/12/148 193/13/148 194/16/153 750/15/153
f 746/17/154 198/20/154 173/19/155 745/18/155
f 707/166/367 703/164/365 744/87/74
f 669/152/354 676/158/360 675/163/363 668/149/345
f 688/167/368 695/170/369 694/169/370 687/168/371
f 747/9/144 197/10/144 198/20/154 746/17/154
f 696/165/366 689/120/313 744/87/74
f 734/102/319 735/103/324 679/129/324 681/124/319
f 711/171/372 707/166/367 744/87/74
f 758/21/162 166/24/162 167/23/163 757/22/163
f 793/172/373 796/175/374 724/174/291 720/173/290
f 673/176/318 679/129/375 678/130/376 666/177/288
f 689/178/313 696/179/366 695/170/369 688/167/368
f 695/170/369 702/181/377 701/180/378 694/169/370
f 760/25/170 162/28/170 163/27/171 759/26/171
f 718/182/379 722/45/247 721/46/248 717/136/332
f 687/168/371 694/169/370 784/184/380 782/183/381
f 715/185/382 711/171/372 744/87/74
f 754/2/135 170/3/135 171/30/15 753/29/15
f 696/179/366 703/186/365 702/181/377 695/170/369
f 702/181/377 706/188/383 705/187/384 701/180/378
f 723/189/385 719/190/386 744/87/74
f 694/169/370 701/180/378 786/191/387 784/184/380
f 791/192/388 793/172/373 720/173/290 716/193/361
f 761/31/182 165/32/182 162/28/170 760/25/170
f 703/186/365 707/194/367 706/188/383 702/181/377
f 719/190/386 715/185/382 744/87/74
f 680/125/321 681/124/320 679/129/375 673/176/318
f 701/180/378 705/187/384 787/195/389 786/191/387
f 745/18/155 173/19/155 172/34/17 762/33/17
f 709/196/390 713/199/391 792/198/392 789/197/393
f 707/194/367 711/201/372 710/200/394 706/188/383
f 706/188/383 710/200/394 709/196/390 705/187/384
f 713/199/391 717/136/332 794/137/333 792/198/392
f 790/69/265 791/192/388 716/193/361 712/68/266
f 705/187/384 709/196/390 789/197/393 787/195/389
f 757/22/163 167/23/163 168/36/189 756/35/189
f 711/201/372 715/203/382 714/202/395 710/200/394
f 710/200/394 714/202/395 713/199/391 709/196/390
f 750/15/153 194/16/153 195/38/140 749/37/140
f 715/203/382 719/204/386 718/182/379 714/202/395
f 759/26/171 163/27/171 166/24/162 758/21/162
f 756/35/189 168/36/189 169/4/134 755/1/134
f 719/204/386 723/205/385 722/45/247 718/182/379
f 744/87/74 639/206/245 723/189/385
f 753/29/15 171/30/15 181/14/147 752/11/147
f 714/202/395 718/182/379 717/136/332 713/199/391
f 762/33/17 172/34/17 165/32/182 761/31/182
f 764/207/396 765/210/397 644/209/326 640/208/329
f 643/211/246 639/206/245 744/87/74
f 726/150/349 725/75/398 742/73/338 743/101/62
f 677/212/359 670/213/355 744/87/74
f 697/160/362 716/161/361 720/97/290 698/95/289
f 690/89/300 704/104/299 708/146/267 691/63/342
f 670/213/355 663/214/344 744/87/74
f 682/121/314 677/212/359 744/87/74
f 663/214/344 659/86/283 744/87/74
f 666/177/288 678/130/376 674/50/250 660/47/249
f 725/75/272 726/150/399 698/95/399 700/74/272
f 643/44/246 647/80/277 646/81/280 642/42/242
f 726/150/399 727/151/400 697/160/401 698/95/399
f 765/210/397 767/109/303 648/110/276 644/209/326
f 640/132/329 664/72/328 700/74/292 724/96/291
f 722/45/247 723/205/385 639/43/245 638/39/241
f 727/151/400 728/61/261 693/62/261 697/160/401
f 647/155/277 643/211/246 744/87/74
f 642/42/242 646/81/280 645/57/255 641/41/243
f 724/174/291 796/175/374 764/207/396 640/208/329
f 655/88/284 651/154/278 744/87/74
f 743/101/62 730/90/357 729/60/402 728/61/347
f 764/207/396 763/59/259 766/55/257 765/210/397
f 772/141/336 771/84/282 774/114/306 773/91/286
f 765/210/397 766/55/257 768/56/256 767/109/303
f 770/112/304 769/64/263 771/84/282 772/141/336
f 767/109/303 768/56/256 769/64/263 770/112/304
f 796/175/374 795/58/258 763/59/259 764/207/396
f 776/94/287 775/134/331 778/148/346 777/123/317
f 777/123/317 778/148/346 780/162/364 779/157/358
f 773/91/286 774/114/306 775/134/331 776/94/287
f 790/69/265 789/197/393 792/198/392 791/192/388
f 791/192/388 792/198/392 794/137/333 793/172/373
f 788/66/264 787/195/389 789/197/393 790/69/265
f 781/143/341 782/183/381 784/184/380 783/127/323
f 783/127/323 784/184/380 786/191/387 785/107/302
f 793/172/373 794/137/333 795/58/258 796/175/374
f 785/107/302 786/191/387 787/195/389 788/66/264
f 637/40/244 641/41/243 766/55/257 763/59/259
f 798/215/403 797/218/404 675/217/363 676/216/360
f 682/219/314 798/215/403 676/216/360 677/220/359
f 688/221/368 687/222/371 797/218/404 798/215/403
f 782/223/381 799/224/405 797/218/404 687/222/371
f 800/225/406 685/228/307 680/227/321 779/226/358
f 688/221/368 798/215/403 682/219/314 689/229/313
f 692/230/308 685/228/307 800/225/406 781/231/341
f 800/225/406 779/226/358 780/232/364 799/224/405
f 781/231/341 800/225/406 799/224/405 782/223/381
f 797/218/404 799/224/405 780/232/364 675/217/363
f 802/39/241 806/42/242 805/41/243 801/40/244
f 803/43/245 807/44/246 806/42/242 802/39/241
f 868/45/247 802/39/241 801/40/244 867/46/248
f 805/41/243 809/57/407 877/56/256 875/55/257
f 904/58/258 867/46/248 801/40/244 872/59/259
f 809/57/407 813/65/262 878/64/263 877/56/256
f 897/66/264 899/69/265 858/68/408 854/67/409
f 811/80/277 815/83/278 814/82/279 810/81/280
f 813/65/262 817/85/281 880/84/282 878/64/263
f 823/86/283 819/88/284 871/87/74
f 810/81/280 814/82/279 813/65/262 809/57/407
f 882/91/286 885/94/287 828/93/410 824/92/411
f 814/82/279 818/106/301 817/85/281 813/65/262
f 894/107/302 897/66/264 854/67/409 850/108/412
f 876/109/303 879/112/304 816/111/413 812/110/414
f 815/83/278 819/113/284 818/106/301 814/82/279
f 817/85/281 821/115/305 883/114/306 880/84/282
f 841/120/313 837/121/314 871/87/74
f 885/94/287 886/123/317 832/122/415 828/93/410
f 818/106/301 822/126/322 821/115/305 817/85/281
f 892/127/323 894/107/302 850/108/412 846/128/416
f 819/113/284 823/133/283 822/126/322 818/106/301
f 821/115/305 825/135/417 884/134/331 883/114/306
f 863/136/418 867/46/248 904/58/258 903/137/333
f 879/112/304 881/141/336 820/140/419 816/111/413
f 822/126/322 826/142/420 825/135/417 821/115/305
f 890/143/341 892/127/323 846/128/416 842/144/421
f 823/133/283 827/147/344 826/142/420 822/126/322
f 825/135/417 829/149/345 887/148/346 884/134/331
f 881/141/336 882/91/286 824/92/411 820/140/419
f 826/142/420 830/152/354 829/149/345 825/135/417
f 827/147/344 831/153/355 830/152/354 826/142/420
f 815/154/278 811/155/277 871/87/74
f 886/123/317 888/157/358 836/156/422 832/122/415
f 831/153/355 835/159/359 834/158/360 830/152/354
f 829/149/345 833/163/363 889/162/364 887/148/346
f 849/164/365 845/165/366 871/87/74
f 853/166/367 849/164/365 871/87/74
f 830/152/354 834/158/360 833/163/363 829/149/345
f 840/167/368 844/170/423 843/169/370 839/168/371
f 845/165/366 841/120/313 871/87/74
f 857/171/372 853/166/367 871/87/74
f 902/172/373 905/175/374 870/174/424 866/173/425
f 841/178/313 845/179/366 844/170/423 840/167/368
f 844/170/423 848/181/377 847/180/426 843/169/370
f 864/182/379 868/45/247 867/46/248 863/136/418
f 839/168/371 843/169/370 893/184/380 891/183/381
f 861/185/382 857/171/372 871/87/74
f 845/179/366 849/186/365 848/181/377 844/170/423
f 848/181/377 852/188/383 851/187/384 847/180/426
f 869/189/385 865/190/386 871/87/74
f 843/169/370 847/180/426 895/191/387 893/184/380
f 900/192/388 902/172/373 866/173/425 862/193/427
f 849/186/365 853/194/367 852/188/383 848/181/377
f 865/190/386 861/185/382 871/87/74
f 847/180/426 851/187/384 896/195/389 895/191/387
f 855/196/428 859/199/391 901/198/392 898/197/393
f 853/194/367 857/201/372 856/200/394 852/188/383
f 852/188/383 856/200/394 855/196/428 851/187/384
f 859/199/391 863/136/418 903/137/333 901/198/392
f 899/69/265 900/192/388 862/193/427 858/68/408
f 851/187/384 855/196/428 898/197/393 896/195/389
f 857/201/372 861/203/382 860/202/395 856/200/394
f 856/200/394 860/202/395 859/199/391 855/196/428
f 861/203/382 865/204/386 864/182/379 860/202/395
f 865/204/386 869/205/385 868/45/247 864/182/379
f 871/87/74 803/206/245 869/189/385
f 860/202/395 864/182/379 863/136/418 859/199/391
f 873/207/396 874/210/397 808/209/429 804/208/430
f 807/211/246 803/206/245 871/87/74
f 835/212/359 831/213/355 871/87/74
f 831/213/355 827/214/344 871/87/74
f 837/121/314 835/212/359 871/87/74
f 827/214/344 823/86/283 871/87/74
f 807/44/246 811/80/277 810/81/280 806/42/242
f 874/210/397 876/109/303 812/110/414 808/209/429
f 868/45/247 869/205/385 803/43/245 802/39/241
f 811/155/277 807/211/246 871/87/74
f 806/42/242 810/81/280 809/57/407 805/41/243
f 870/174/424 905/175/374 873/207/396 804/208/430
f 819/88/284 815/154/278 871/87/74
f 873/207/396 872/59/259 875/55/257 874/210/397
f 881/141/336 880/84/282 883/114/306 882/91/286
f 874/210/397 875/55/257 877/56/256 876/109/303
f 879/112/304 878/64/263 880/84/282 881/141/336
f 876/109/303 877/56/256 878/64/263 879/112/304
f 905/175/374 904/58/258 872/59/259 873/207/396
f 885/94/287 884/134/331 887/148/346 886/123/317
f 886/123/317 887/148/346 889/162/364 888/157/358
f 882/91/286 883/114/306 884/134/331 885/94/287
f 899/69/265 898/197/393 901/198/392 900/192/388
f 900/192/388 901/198/392 903/137/333 902/172/373
f 897/66/264 896/195/389 898/197/393 899/69/265
f 890/143/341 891/183/381 893/184/380 892/127/323
f 892/127/323 893/184/380 895/191/387 894/107/302
f 902/172/373 903/137/333 904/58/258 905/175/374
f 894/107/302 895/191/387 896/195/389 897/66/264
f 801/40/244 805/41/243 875/55/257 872/59/259
f 907/215/403 906/218/404 833/217/363 834/216/360
f 837/219/314 907/215/403 834/216/360 835/220/359
f 840/221/368 839/222/371 906/218/404 907/215/403
f 891/223/381 908/224/405 906/218/404 839/222/371
f 909/225/406 838/228/431 836/227/422 888/226/358
f 840/221/368 907/215/403 837/219/314 841/229/313
f 842/230/421 838/228/431 909/225/406 890/231/341
f 909/225/406 888/226/358 889/232/364 908/224/405
f 890/231/341 909/225/406 908/224/405 891/223/381
f 906/218/404 908/224/405 889/232/364 833/217/363
f 911/39/241 915/42/242 914/41/243 910/40/244
f 912/43/245 916/44/246 915/42/242 911/39/241
f 995/45/432 911/39/241 910/40/244 994/46/248
f 933/47/249 947/50/250 945/49/251 929/48/252
f 1005/51/253 1006/54/254 956/53/254 957/52/253
f 914/41/243 918/57/407 1041/56/256 1039/55/257
f 1068/58/258 994/46/248 910/40/244 1036/59/259
f 1002/60/260 964/63/260 966/62/261 1001/61/261
f 918/57/407 922/65/262 1042/64/263 1041/56/256
f 1061/66/264 1063/69/265 985/68/433 981/67/434
f 1014/70/268 1015/73/435 937/72/270 938/71/271
f 1015/73/435 998/75/272 973/74/272 937/72/270
f 925/76/273 944/79/274 940/78/275 921/77/276
f 920/80/277 924/83/278 923/82/279 919/81/280
f 922/65/262 926/85/436 1044/84/282 1042/64/263
f 932/86/283 928/88/284 1017/87/74
f 1002/60/260 1003/90/285 963/89/285 964/63/260
f 919/81/280 923/82/279 922/65/262 918/57/407
f 1046/91/286 1049/94/287 939/93/288 933/92/249
f 971/95/289 993/97/290 997/96/291 973/74/292
f 1003/90/285 1004/99/293 959/98/293 963/89/285
f 1009/100/294 1008/103/295 1007/102/296 1016/101/62
f 959/98/297 972/105/298 977/104/299 963/89/300
f 923/82/279 927/106/301 926/85/436 922/65/262
f 1058/107/302 1061/66/264 981/67/434 977/108/299
f 1040/109/303 1043/112/304 925/111/273 921/110/276
f 924/83/278 928/113/284 927/106/301 923/82/279
f 926/85/436 930/115/305 1047/114/306 1044/84/282
f 958/116/307 965/117/308 957/52/309 956/53/310
f 1016/101/62 1011/119/311 1010/118/312 1009/100/294
f 962/120/313 955/121/314 1017/87/74
f 1007/102/296 1006/54/315 1005/51/316 1016/101/62
f 929/48/252 945/49/251 944/79/274 925/76/273
f 1049/94/287 1050/123/317 946/122/318 939/93/288
f 1006/54/254 1007/102/319 954/124/319 956/53/254
f 954/124/320 953/125/437 958/116/307 956/53/310
f 927/106/301 931/126/322 930/115/305 926/85/436
f 1056/127/323 1058/107/302 977/108/299 972/128/298
f 1008/103/324 1009/100/325 951/130/325 952/129/324
f 917/131/326 938/71/327 937/72/328 913/132/329
f 928/113/284 932/133/283 931/126/322 927/106/301
f 930/115/305 934/135/417 1048/134/331 1047/114/306
f 990/136/332 994/46/248 1068/58/258 1067/137/333
f 1013/138/438 1012/139/335 1011/119/311 1016/101/62
f 1043/112/304 1045/141/336 929/140/252 925/111/273
f 957/52/309 965/117/308 972/105/298 959/98/297
f 1009/100/325 1010/118/337 947/50/337 951/130/325
f 1015/73/439 1014/70/339 1013/138/438 1016/101/62
f 931/126/322 935/142/420 934/135/417 930/115/305
f 1054/143/341 1056/127/323 972/128/298 965/144/308
f 964/63/342 981/146/434 985/145/433 966/62/343
f 932/133/283 936/147/344 935/142/420 931/126/322
f 934/135/417 941/149/345 1051/148/346 1048/134/331
f 1001/61/347 1000/151/348 999/150/349 1016/101/62
f 1011/119/350 1012/139/351 944/79/440 945/49/350
f 921/77/276 940/78/275 938/71/327 917/131/326
f 1045/141/336 1046/91/286 933/92/249 929/140/252
f 1012/139/351 1013/138/441 940/78/353 944/79/440
f 935/142/420 942/152/354 941/149/345 934/135/417
f 1028/1/134 460/4/134 461/3/135 1027/2/135
f 1013/138/441 1014/70/268 938/71/271 940/78/353
f 936/147/344 943/153/355 942/152/354 935/142/420
f 1016/101/62 1005/51/316 1004/99/356 1003/90/357
f 1004/99/293 1005/51/253 957/52/253 959/98/293
f 924/154/278 920/155/277 1017/87/74
f 1050/123/317 1052/157/358 953/156/437 946/122/318
f 1022/5/140 486/8/140 487/7/232 1021/6/232
f 1010/118/337 1011/119/350 945/49/350 947/50/337
f 943/153/355 950/159/359 949/158/360 942/152/354
f 1021/6/232 487/7/232 488/10/144 1020/9/144
f 966/62/343 985/145/433 989/161/442 970/160/362
f 1025/11/147 472/14/147 484/13/148 1024/12/148
f 941/149/345 948/163/363 1053/162/364 1051/148/346
f 976/164/365 969/165/366 1017/87/74
f 1024/12/148 484/13/148 485/16/153 1023/15/153
f 1019/17/154 489/20/154 464/19/155 1018/18/155
f 980/166/367 976/164/365 1017/87/74
f 942/152/354 949/158/360 948/163/363 941/149/345
f 961/167/368 968/170/369 967/169/370 960/168/371
f 1020/9/144 488/10/144 489/20/154 1019/17/154
f 969/165/366 962/120/313 1017/87/74
f 1007/102/319 1008/103/324 952/129/324 954/124/319
f 984/171/372 980/166/367 1017/87/74
f 1031/21/162 457/24/162 458/23/163 1030/22/163
f 1066/172/373 1069/175/374 997/174/291 993/173/290
f 946/176/318 952/129/375 951/130/376 939/177/288
f 962/178/313 969/179/366 968/170/369 961/167/368
f 968/170/369 975/181/377 974/180/378 967/169/370
f 1033/25/170 453/28/170 454/27/171 1032/26/171
f 991/182/379 995/45/432 994/46/248 990/136/332
f 960/168/371 967/169/370 1057/184/380 1055/183/443
f 988/185/382 984/171/372 1017/87/74
f 1027/2/135 461/3/135 462/30/15 1026/29/15
f 969/179/366 976/186/365 975/181/377 968/170/369
f 975/181/377 979/188/444 978/187/384 974/180/378
f 996/189/385 992/190/386 1017/87/74
f 967/169/370 974/180/378 1059/191/387 1057/184/380
f 1064/192/388 1066/172/373 993/173/290 989/193/442
f 1034/31/182 456/32/182 453/28/170 1033/25/170
f 976/186/365 980/194/367 979/188/444 975/181/377
f 992/190/386 988/185/382 1017/87/74
f 953/125/437 954/124/320 952/129/375 946/176/318
f 974/180/378 978/187/384 1060/195/389 1059/191/387
f 1018/18/155 464/19/155 463/34/17 1035/33/17
f 982/196/390 986/199/391 1065/198/392 1062/197/393
f 980/194/367 984/201/372 983/200/394 979/188/444
f 979/188/444 983/200/394 982/196/390 978/187/384
f 986/199/391 990/136/332 1067/137/333 1065/198/392
f 1063/69/265 1064/192/388 989/193/442 985/68/433
f 978/187/384 982/196/390 1062/197/393 1060/195/389
f 1030/22/163 458/23/163 459/36/189 1029/35/189
f 984/201/372 988/203/382 987/202/395 983/200/394
f 983/200/394 987/202/395 986/199/391 982/196/390
f 1023/15/153 485/16/153 486/38/140 1022/37/140
f 988/203/382 992/204/386 991/182/379 987/202/395
f 1032/26/171 454/27/171 457/24/162 1031/21/162
f 1029/35/189 459/36/189 460/4/134 1028/1/134
f 992/204/386 996/205/385 995/45/432 991/182/379
f 1017/87/74 912/206/245 996/189/385
f 1026/29/15 462/30/15 472/14/147 1025/11/147
f 987/202/395 991/182/379 990/136/332 986/199/391
f 1035/33/17 463/34/17 456/32/182 1034/31/182
f 1037/207/396 1038/210/397 917/209/326 913/208/329
f 916/211/246 912/206/245 1017/87/74
f 999/150/349 998/75/398 1015/73/439 1016/101/62
f 950/212/359 943/213/355 1017/87/74
f 970/160/362 989/161/442 993/97/290 971/95/289
f 963/89/300 977/104/299 981/146/434 964/63/342
f 943/213/355 936/214/344 1017/87/74
f 955/121/314 950/212/359 1017/87/74
f 936/214/344 932/86/283 1017/87/74
f 939/177/288 951/130/376 947/50/250 933/47/249
f 998/75/272 999/150/445 971/95/445 973/74/272
f 916/44/246 920/80/277 919/81/280 915/42/242
f 999/150/445 1000/151/400 970/160/400 971/95/445
f 1038/210/397 1040/109/303 921/110/276 917/209/326
f 913/132/329 937/72/328 973/74/292 997/96/291
f 995/45/432 996/205/385 912/43/245 911/39/241
f 1000/151/400 1001/61/261 966/62/261 970/160/400
f 920/155/277 916/211/246 1017/87/74
f 915/42/242 919/81/280 918/57/407 914/41/243
f 997/174/291 1069/175/374 1037/207/396 913/208/329
f 928/88/284 924/154/278 1017/87/74
f 1016/101/62 1003/90/357 1002/60/402 1001/61/347
f 1037/207/396 1036/59/259 1039/55/257 1038/210/397
f 1045/141/336 1044/84/282 1047/114/306 1046/91/286
f 1038/210/397 1039/55/257 1041/56/256 1040/109/303
f 1043/112/304 1042/64/263 1044/84/282 1045/141/336
f 1040/109/303 1041/56/256 1042/64/263 1043/112/304
f 1069/175/374 1068/58/258 1036/59/259 1037/207/396
f 1049/94/287 1048/134/331 1051/148/346 1050/123/317
f 1050/123/317 1051/148/346 1053/162/364 1052/157/358
f 1046/91/286 1047/114/306 1048/134/331 1049/94/287
f 1063/69/265 1062/197/393 1065/198/392 1064/192/388
f 1064/192/388 1065/198/392 1067/137/333 1066/172/373
f 1061/66/264 1060/195/389 1062/197/393 1063/69/265
f 1054/143/341 1055/183/443 1057/184/380 1056/127/323
f 1056/127/323 1057/184/380 1059/191/387 1058/107/302
f 1066/172/373 1067/137/333 1068/58/258 1069/175/374
f 1058/107/302 1059/191/387 1060/195/389 1061/66/264
f 910/40/244 914/41/243 1039/55/257 1036/59/259
f 1071/215/403 1070/218/404 948/217/363 949/216/360
f 955/219/314 1071/215/403 949/216/360 950/220/359
f 961/221/368 960/222/371 1070/218/404 1071/215/403
f 1055/223/443 1072/224/405 1070/218/404 960/222/371
f 1073/225/406 958/228/307 953/227/437 1052/226/358
f 961/221/368 1071/215/403 955/219/314 962/229/313
f 965/230/308 958/228/307 1073/225/406 1054/231/341
f 1073/225/406 1052/226/358 1053/232/364 1072/224/405
f 1054/231/341 1073/225/406 1072/224/405 1055/223/443
f 1070/218/404 1072/224/405 1053/232/364 948/217/363
f 1075/39/241 1079/42/242 1078/41/243 1074/40/244
f 1076/43/245 1080/44/246 1079/42/242 1075/39/241
f 1141/45/247 1075/39/241 1074/40/244 1140/46/248
f 1078/41/243 1082/57/407 1150/56/256 1148/55/257
f 1177/58/258 1140/46/248 1074/40/244 1145/59/259
f 1082/57/407 1086/65/262 1151/64/263 1150/56/256
f 1170/66/264 1172/69/265 1131/68/408 1127/67/409
f 1084/80/277 1088/83/278 1087/82/279 1083/81/280
f 1086/65/262 1090/85/281 1153/84/282 1151/64/263
f 1096/86/283 1092/88/284 1144/87/74
f 1083/81/280 1087/82/279 1086/65/262 1082/57/407
f 1155/91/286 1158/94/287 1101/93/410 1097/92/411
f 1087/82/279 1091/106/446 1090/85/281 1086/65/262
f 1167/107/302 1170/66/264 1127/67/409 1123/108/412
f 1149/109/303 1152/112/304 1089/111/413 1085/110/414
f 1088/83/278 1092/113/284 1091/106/446 1087/82/279
f 1090/85/281 1094/115/305 1156/114/306 1153/84/282
f 1114/120/313 1110/121/314 1144/87/74
f 1158/94/287 1159/123/317 1105/122/415 1101/93/410
f 1091/106/446 1095/126/322 1094/115/305 1090/85/281
f 1165/127/323 1167/107/302 1123/108/412 1119/128/416
f 1092/113/284 1096/133/283 1095/126/322 1091/106/446
f 1094/115/305 1098/135/417 1157/134/331 1156/114/306
f 1136/136/418 1140/46/248 1177/58/258 1176/137/333
f 1152/112/304 1154/141/336 1093/140/419 1089/111/413
f 1095/126/322 1099/142/420 1098/135/417 1094/115/305
f 1163/143/341 1165/127/323 1119/128/416 1115/144/421
f 1096/133/283 1100/147/344 1099/142/420 1095/126/322
f 1098/135/417 1102/149/345 1160/148/346 1157/134/331
f 1154/141/336 1155/91/286 1097/92/411 1093/140/419
f 1099/142/420 1103/152/354 1102/149/345 1098/135/417
f 1100/147/344 1104/153/355 1103/152/354 1099/142/420
f 1088/154/278 1084/155/277 1144/87/74
f 1159/123/317 1161/157/358 1109/156/422 1105/122/415
f 1104/153/355 1108/159/359 1107/158/360 1103/152/354
f 1102/149/345 1106/163/363 1162/162/364 1160/148/346
f 1122/164/365 1118/165/366 1144/87/74
f 1126/166/367 1122/164/365 1144/87/74
f 1103/152/354 1107/158/360 1106/163/363 1102/149/345
f 1113/167/368 1117/170/369 1116/169/370 1112/168/371
f 1118/165/366 1114/120/313 1144/87/74
f 1130/171/372 1126/166/367 1144/87/74
f 1175/172/373 1178/175/374 1143/174/424 1139/173/425
f 1114/178/313 1118/179/366 1117/170/369 1113/167/368
f 1117/170/369 1121/181/377 1120/180/378 1116/169/370
f 1137/182/447 1141/45/247 1140/46/248 1136/136/418
f 1112/168/371 1116/169/370 1166/184/380 1164/183/443
f 1134/185/382 1130/171/372 1144/87/74
f 1118/179/366 1122/186/365 1121/181/377 1117/170/369
f 1121/181/377 1125/188/383 1124/187/384 1120/180/378
f 1142/189/385 1138/190/386 1144/87/74
f 1116/169/370 1120/180/378 1168/191/387 1166/184/380
f 1173/192/388 1175/172/373 1139/173/425 1135/193/427
f 1122/186/365 1126/194/367 1125/188/383 1121/181/377
f 1138/190/386 1134/185/382 1144/87/74
f 1120/180/378 1124/187/384 1169/195/389 1168/191/387
f 1128/196/428 1132/199/391 1174/198/392 1171/197/393
f 1126/194/367 1130/201/372 1129/200/394 1125/188/383
f 1125/188/383 1129/200/394 1128/196/428 1124/187/384
f 1132/199/391 1136/136/418 1176/137/333 1174/198/392
f 1172/69/265 1173/192/388 1135/193/427 1131/68/408
f 1124/187/384 1128/196/428 1171/197/393 1169/195/389
f 1130/201/372 1134/203/382 1133/202/395 1129/200/394
f 1129/200/394 1133/202/395 1132/199/391 1128/196/428
f 1134/203/382 1138/204/386 1137/182/447 1133/202/395
f 1138/204/386 1142/205/385 1141/45/247 1137/182/447
f 1144/87/74 1076/206/245 1142/189/385
f 1133/202/395 1137/182/447 1136/136/418 1132/199/391
f 1146/207/396 1147/210/397 1081/209/429 1077/208/430
f 1080/211/246 1076/206/245 1144/87/74
f 1108/212/359 1104/213/355 1144/87/74
f 1104/213/355 1100/214/344 1144/87/74
f 1110/121/314 1108/212/359 1144/87/74
f 1100/214/344 1096/86/283 1144/87/74
f 1080/44/246 1084/80/277 1083/81/280 1079/42/242
f 1147/210/397 1149/109/303 1085/110/414 1081/209/429
f 1141/45/247 1142/205/385 1076/43/245 1075/39/241
f 1084/155/277 1080/211/246 1144/87/74
f 1079/42/242 1083/81/280 1082/57/407 1078/41/243
f 1143/174/424 1178/175/374 1146/207/396 1077/208/430
f 1092/88/284 1088/154/278 1144/87/74
f 1146/207/396 1145/59/259 1148/55/257 1147/210/397
f 1154/141/336 1153/84/282 1156/114/306 1155/91/286
f 1147/210/397 1148/55/257 1150/56/256 1149/109/303
f 1152/112/304 1151/64/263 1153/84/282 1154/141/336
f 1149/109/303 1150/56/256 1151/64/263 1152/112/304
f 1178/175/374 1177/58/258 1145/59/259 1146/207/396
f 1158/94/287 1157/134/331 1160/148/346 1159/123/317
f 1159/123/317 1160/148/346 1162/162/364 1161/157/358
f 1155/91/286 1156/114/306 1157/134/331 1158/94/287
f 1172/69/265 1171/197/393 1174/198/392 1173/192/388
f 1173/192/388 1174/198/392 1176/137/333 1175/172/373
f 1170/66/264 1169/195/389 1171/197/393 1172/69/265
f 1163/143/341 1164/183/443 1166/184/380 1165/127/323
f 1165/127/323 1166/184/380 1168/191/387 1167/107/302
f 1175/172/373 1176/137/333 1177/58/258 1178/175/374
f 1167/107/302 1168/191/387 1169/195/389 1170/66/264
f 1074/40/244 1078/41/243 1148/55/257 1145/59/259
f 1180/215/403 1179/218/404 1106/217/363 1107/216/360
f 1110/219/314 1180/215/403 1107/216/360 1108/220/359
f 1113/221/368 1112/222/371 1179/218/404 1180/215/403
f 1164/223/443 1181/224/405 1179/218/404 1112/222/371
f 1182/225/406 1111/228/431 1109/227/422 1161/226/358
f 1113/221/368 1180/215/403 1110/219/314 1114/229/313
f 1115/230/421 1111/228/431 1182/225/406 1163/231/341
f 1182/225/406 1161/226/358 1162/232/364 1181/224/405
f 1163/231/341 1182/225/406 1181/224/405 1164/223/443
f 1179/218/404 1181/224/405 1162/232/364 1106/217/363
f 1184/233/448 1183/234/449 1187/235/450 1188/236/451
f 1185/237/452 1184/233/448 1188/236/451 1189/238/453
f 1268/239/454 1267/240/455 1183/234/449 1184/233/448
f 1206/241/456 1202/242/457 1218/243/458 1220/244/459
f 1278/245/460 1230/246/461 1229/247/462 1279/248/463
f 1187/235/450 1294/249/464 1296/250/465 1191/251/466
f 1323/252/467 1291/253/468 1183/234/449 1267/240/455
f 1275/254/469 1274/255/470 1239/256/471 1237/257/472
f 1191/251/466 1296/250/465 1297/258/473 1195/259/474
f 1316/260/475 1254/261/476 1258/262/477 1318/263/478
f 1287/264/479 1211/265/480 1210/266/481 1288/267/482
f 1288/267/482 1210/266/481 1246/268/483 1271/269/484
f 1198/270/485 1194/271/486 1213/272/487 1217/273/488
f 1193/274/489 1192/275/490 1196/276/491 1197/277/492
f 1195/259/474 1297/258/473 1299/278/493 1199/279/494
f 1205/280/495 1290/281/496 1201/282/497
f 1275/254/469 1237/257/472 1236/283/498 1276/284/499
f 1192/275/490 1191/251/466 1195/259/474 1196/276/491
f 1301/285/500 1206/286/456 1212/287/501 1304/288/502
f 1244/289/503 1246/268/504 1270/290/505 1266/291/506
f 1276/284/499 1236/283/498 1232/292/507 1277/293/508
f 1282/294/509 1289/295/510 1280/296/511 1281/297/512
f 1232/292/513 1236/283/514 1250/298/515 1245/299/516
f 1196/276/491 1195/259/474 1199/279/494 1200/300/517
f 1313/301/518 1250/302/515 1254/261/476 1316/260/475
f 1295/303/519 1194/304/486 1198/305/485 1298/306/520
f 1197/277/492 1196/276/491 1200/300/517 1201/307/497
f 1199/279/494 1299/278/493 1302/308/521 1203/309/522
f 1231/310/523 1229/247/524 1230/246/525 1238/311/526
f 1289/295/510 1282/294/509 1283/312/527 1284/313/528
f 1235/314/529 1290/281/496 1228/315/530
f 1280/296/511 1289/295/510 1278/245/531 1279/248/532
f 1202/242/457 1198/270/485 1217/273/488 1218/243/458
f 1304/288/502 1212/287/501 1219/316/533 1305/317/534
f 1279/248/463 1229/247/462 1227/318/535 1280/296/536
f 1227/318/537 1229/247/524 1231/310/523 1226/319/538
f 1200/300/517 1199/279/494 1203/309/522 1204/320/539
f 1311/321/540 1245/322/516 1250/302/515 1313/301/518
f 1281/297/541 1225/323/542 1224/324/543 1282/294/544
f 1190/325/545 1186/326/546 1210/266/547 1211/265/548
f 1201/307/497 1200/300/517 1204/320/539 1205/327/495
f 1203/309/522 1302/308/521 1303/328/549 1207/329/550
f 1263/330/551 1322/331/552 1323/252/467 1267/240/455
f 1286/332/553 1289/295/510 1284/313/528 1285/333/554
f 1298/306/520 1198/305/485 1202/334/457 1300/335/555
f 1230/246/525 1232/292/513 1245/299/516 1238/311/526
f 1282/294/544 1224/324/543 1220/244/556 1283/312/557
f 1288/267/558 1289/295/510 1286/332/553 1287/264/559
f 1204/320/539 1203/309/522 1207/329/550 1208/336/560
f 1309/337/561 1238/338/526 1245/322/516 1311/321/540
f 1237/257/562 1239/256/563 1258/339/477 1254/340/476
f 1205/327/495 1204/320/539 1208/336/560 1209/341/564
f 1207/329/550 1303/328/549 1306/342/565 1214/343/566
f 1274/255/567 1289/295/510 1272/344/568 1273/345/569
f 1284/313/570 1218/243/571 1217/273/572 1285/333/573
f 1194/271/486 1190/325/545 1211/265/548 1213/272/487
f 1300/335/555 1202/334/457 1206/286/456 1301/285/500
f 1285/333/573 1217/273/572 1213/272/574 1286/332/575
f 1208/336/560 1207/329/550 1214/343/566 1215/346/576
f 1286/332/575 1213/272/574 1211/265/480 1287/264/479
f 1209/341/564 1208/336/560 1215/346/576 1216/347/577
f 1289/295/510 1276/284/578 1277/293/579 1278/245/531
f 1277/293/508 1232/292/507 1230/246/461 1278/245/460
f 1197/348/492 1290/281/496 1193/349/489
f 1305/317/534 1219/316/533 1226/350/538 1307/351/580
f 1283/312/557 1220/244/556 1218/243/571 1284/313/570
f 1216/347/577 1215/346/576 1222/352/581 1223/353/582
f 1239/256/563 1243/354/583 1262/355/584 1258/339/477
f 1214/343/566 1306/342/565 1308/356/585 1221/357/586
f 1249/358/587 1290/281/496 1242/359/588
f 1253/360/589 1290/281/496 1249/358/587
f 1215/346/576 1214/343/566 1221/357/586 1222/352/581
f 1234/361/590 1233/362/591 1240/363/592 1241/364/593
f 1242/359/588 1290/281/496 1235/314/529
f 1280/296/536 1227/318/535 1225/323/542 1281/297/541
f 1257/365/594 1290/281/496 1253/360/589
f 1321/366/595 1266/367/506 1270/368/505 1324/369/596
f 1219/370/533 1212/371/501 1224/324/597 1225/323/598
f 1235/372/529 1234/361/590 1241/364/593 1242/373/588
f 1241/364/593 1240/363/592 1247/374/599 1248/375/600
f 1264/376/601 1263/330/551 1267/240/455 1268/239/454
f 1233/362/591 1310/377/602 1312/378/603 1240/363/592
f 1261/379/604 1290/281/496 1257/365/594
f 1242/373/588 1241/364/593 1248/375/600 1249/380/587
f 1248/375/600 1247/374/599 1251/381/605 1252/382/606
f 1269/383/607 1290/281/496 1265/384/608
f 1240/363/592 1312/378/603 1314/385/609 1247/374/599
f 1319/386/610 1262/387/584 1266/367/506 1321/366/595
f 1249/380/587 1248/375/600 1252/382/606 1253/388/589
f 1265/384/608 1290/281/496 1261/379/604
f 1226/319/538 1219/370/533 1225/323/598 1227/318/537
f 1247/374/599 1314/385/609 1315/389/611 1251/381/605
f 1255/390/612 1317/391/613 1320/392/614 1259/393/615
f 1253/388/589 1252/382/606 1256/394/616 1257/395/594
f 1252/382/606 1251/381/605 1255/390/612 1256/394/616
f 1259/393/615 1320/392/614 1322/331/552 1263/330/551
f 1318/263/478 1258/262/477 1262/387/584 1319/386/610
f 1251/381/605 1315/389/611 1317/391/613 1255/390/612
f 1257/395/594 1256/394/616 1260/396/617 1261/397/604
f 1256/394/616 1255/390/612 1259/393/615 1260/396/617
f 1261/397/604 1260/396/617 1264/376/601 1265/398/608
f 1265/398/608 1264/376/601 1268/239/454 1269/399/607
f 1290/281/496 1269/383/607 1185/400/452
f 1260/396/617 1259/393/615 1263/330/551 1264/376/601
f 1292/401/618 1186/402/546 1190/403/545 1293/404/619
f 1189/405/453 1290/281/496 1185/400/452
f 1272/344/568 1289/295/510 1288/267/558 1271/269/620
f 1223/406/582 1290/281/496 1216/407/577
f 1243/354/583 1244/289/503 1266/291/506 1262/355/584
f 1236/283/514 1237/257/562 1254/340/476 1250/298/515
f 1216/407/577 1290/281/496 1209/408/564
f 1228/315/530 1290/281/496 1223/406/582
f 1209/408/564 1290/281/496 1205/280/495
f 1212/371/501 1206/241/456 1220/244/459 1224/324/597
f 1271/269/484 1246/268/483 1244/289/621 1272/344/622
f 1189/238/453 1188/236/451 1192/275/490 1193/274/489
f 1272/344/622 1244/289/621 1243/354/623 1273/345/624
f 1293/404/619 1190/403/545 1194/304/486 1295/303/519
f 1186/326/546 1270/290/505 1246/268/504 1210/266/547
f 1268/239/454 1184/233/448 1185/237/452 1269/399/607
f 1273/345/624 1243/354/623 1239/256/471 1274/255/470
f 1193/349/489 1290/281/496 1189/405/453
f 1188/236/451 1187/235/450 1191/251/466 1192/275/490
f 1270/368/505 1186/402/546 1292/401/618 1324/369/596
f 1201/282/497 1290/281/496 1197/348/492
f 1289/295/510 1274/255/567 1275/254/625 1276/284/578
f 1292/401/618 1293/404/619 1294/249/464 1291/253/468
f 1300/335/555 1301/285/500 1302/308/521 1299/278/493
f 1293/404/619 1295/303/519 1296/250/465 1294/249/464
f 1298/306/520 1300/335/555 1299/278/493 1297/258/473
f 1295/303/519 1298/306/520 1297/258/473 1296/250/465
f 1324/369/596 1292/401/618 1291/253/468 1323/252/467
f 1304/288/502 1305/317/534 1306/342/565 1303/328/549
f 1305/317/534 1307/351/580 1308/356/585 1306/342/565
f 1301/285/500 1304/288/502 1303/328/549 1302/308/521
f 1318/263/478 1319/386/610 1320/392/614 1317/391/613
f 1319/386/610 1321/366/595 1322/331/552 1320/392/614
f 1316/260/475 1318/263/478 1317/391/613 1315/389/611
f 1309/337/561 1311/321/540 1312/378/603 1310/377/602
f 1311/321/540 1313/301/518 1314/385/609 1312/378/603
f 1321/366/595 1324/369/596 1323/252/467 1322/331/552
f 1313/301/518 1316/260/475 1315/389/611 1314/385/609
f 1183/234/449 1291/253/468 1294/249/464 1187/235/450
f 1326/409/626 1222/352/581 1221/357/586 1325/410/627
f 1228/411/530 1223/353/582 1222/352/581 1326/409/626
f 1234/412/590 1326/409/626 1325/410/627 1233/413/591
f 1310/414/602 1233/413/591 1325/410/627 1327/415/628
f 1328/416/629 1307/351/580 1226/350/538 1231/417/523
f 1234/412/590 1235/418/529 1228/411/530 1326/409/626
f 1238/419/526 1309/420/561 1328/416/629 1231/417/523
f 1328/416/629 1327/415/628 1308/356/585 1307/351/580
f 1309/420/561 1310/414/602 1327/415/628 1328/416/629
f 1325/410/627 1221/357/586 1308/356/585 1327/415/628
f 1330/39/630 1334/42/631 1333/41/632 1329/40/633
f 1331/43/634 1335/44/635 1334/42/631 1330/39/630
f 1414/45/636 1330/39/630 1329/40/633 1413/46/637
f 1352/47/638 1366/50/639 1364/49/640 1348/48/641
f 1424/51/642 1425/54/643 1375/53/643 1376/52/642
f 1333/41/632 1337/57/644 1442/56/645 1440/55/646
f 1469/58/647 1413/46/637 1329/40/633 1437/59/648
f 1421/60/649 1383/63/649 1385/62/650 1420/61/650
f 1337/57/644 1341/65/651 1443/64/652 1442/56/645
f 1462/66/653 1464/69/654 1404/68/655 1400/67/656
f 1433/70/657 1434/73/658 1356/72/659 1357/71/657
f 1434/73/658 1417/75/660 1392/74/660 1356/72/659
f 1344/76/661 1363/79/662 1359/78/663 1340/77/664
f 1339/80/665 1343/83/666 1342/82/667 1338/81/668
f 1341/65/651 1345/85/669 1445/84/670 1443/64/652
f 1351/86/671 1347/88/672 1436/87/673
f 1421/60/649 1422/90/674 1382/89/674 1383/63/649
f 1338/81/668 1342/82/667 1341/65/651 1337/57/644
f 1447/91/675 1450/94/676 1358/93/677 1352/92/638
f 1390/95/678 1412/97/679 1416/96/680 1392/74/681
f 1422/90/674 1423/99/682 1378/98/682 1382/89/674
f 1428/100/683 1427/103/684 1426/102/685 1435/101/686
f 1378/98/687 1391/105/688 1396/104/689 1382/89/690
f 1342/82/667 1346/106/691 1345/85/669 1341/65/651
f 1459/107/692 1462/66/653 1400/67/656 1396/108/689
f 1441/109/693 1444/112/694 1344/111/661 1340/110/664
f 1343/83/666 1347/113/672 1346/106/691 1342/82/667
f 1345/85/669 1349/115/695 1448/114/696 1445/84/670
f 1377/116/697 1384/117/698 1376/52/699 1375/53/700
f 1435/101/686 1430/119/701 1429/118/702 1428/100/683
f 1381/120/703 1374/121/704 1436/87/673
f 1426/102/685 1425/54/705 1424/51/706 1435/101/686
f 1348/48/641 1364/49/640 1363/79/662 1344/76/661
f 1450/94/676 1451/123/707 1365/122/708 1358/93/677
f 1425/54/643 1426/102/709 1373/124/709 1375/53/643
f 1373/124/710 1372/125/711 1377/116/697 1375/53/700
f 1346/106/691 1350/126/712 1349/115/695 1345/85/669
f 1457/127/713 1459/107/692 1396/108/689 1391/128/688
f 1427/103/714 1428/100/715 1370/130/715 1371/129/714
f 1336/131/716 1357/71/717 1356/72/718 1332/132/719
f 1347/113/672 1351/133/671 1350/126/712 1346/106/691
f 1349/115/695 1353/135/720 1449/134/721 1448/114/696
f 1409/136/722 1413/46/637 1469/58/647 1468/137/723
f 1432/138/724 1431/139/725 1430/119/701 1435/101/686
f 1444/112/694 1446/141/726 1348/140/641 1344/111/661
f 1376/52/699 1384/117/698 1391/105/688 1378/98/687
f 1428/100/715 1429/118/727 1366/50/727 1370/130/715
f 1434/73/728 1433/70/729 1432/138/724 1435/101/686
f 1350/126/712 1354/142/730 1353/135/720 1349/115/695
f 1455/143/731 1457/127/713 1391/128/688 1384/144/698
f 1383/63/732 1400/146/656 1404/145/655 1385/62/733
f 1351/133/671 1355/147/734 1354/142/730 1350/126/712
f 1353/135/720 1360/149/735 1452/148/736 1449/134/721
f 1420/61/737 1419/151/738 1418/150/739 1435/101/686
f 1430/119/740 1431/139/741 1363/79/741 1364/49/740
f 1340/77/664 1359/78/663 1357/71/717 1336/131/716
f 1446/141/726 1447/91/675 1352/92/638 1348/140/641
f 1431/139/741 1432/138/742 1359/78/743 1363/79/741
f 1354/142/730 1361/152/744 1360/149/735 1353/135/720
f 1432/138/742 1433/70/657 1357/71/657 1359/78/743
f 1355/147/734 1362/153/745 1361/152/744 1354/142/730
f 1435/101/686 1424/51/706 1423/99/746 1422/90/747
f 1423/99/682 1424/51/642 1376/52/642 1378/98/682
f 1343/154/666 1339/155/665 1436/87/673
f 1451/123/707 1453/157/748 1372/156/711 1365/122/708
f 1429/118/727 1430/119/740 1364/49/740 1366/50/727
f 1362/153/745 1369/159/749 1368/158/750 1361/152/744
f 1385/62/733 1404/145/655 1408/161/751 1389/160/752
f 1360/149/735 1367/163/753 1454/162/754 1452/148/736
f 1395/164/755 1388/165/756 1436/87/673
f 1399/166/757 1395/164/755 1436/87/673
f 1361/152/744 1368/158/750 1367/163/753 1360/149/735
f 1380/167/758 1387/170/759 1386/169/760 1379/168/761
f 1388/165/756 1381/120/703 1436/87/673
f 1426/102/709 1427/103/714 1371/129/714 1373/124/709
f 1403/171/762 1399/166/757 1436/87/673
f 1467/172/763 1470/175/764 1416/174/680 1412/173/679
f 1365/176/708 1371/129/765 1370/130/766 1358/177/677
f 1381/178/703 1388/179/756 1387/170/759 1380/167/758
f 1387/170/759 1394/181/767 1393/180/768 1386/169/760
f 1410/182/769 1414/45/636 1413/46/637 1409/136/722
f 1379/168/761 1386/169/760 1458/184/770 1456/183/771
f 1407/185/772 1403/171/762 1436/87/673
f 1388/179/756 1395/186/755 1394/181/767 1387/170/759
f 1394/181/767 1398/188/773 1397/187/774 1393/180/768
f 1415/189/775 1411/190/776 1436/87/673
f 1386/169/760 1393/180/768 1460/191/777 1458/184/770
f 1465/192/778 1467/172/763 1412/173/679 1408/193/751
f 1395/186/755 1399/194/757 1398/188/773 1394/181/767
f 1411/190/776 1407/185/772 1436/87/673
f 1372/125/711 1373/124/710 1371/129/765 1365/176/708
f 1393/180/768 1397/187/774 1461/195/779 1460/191/777
f 1401/196/780 1405/199/781 1466/198/782 1463/197/783
f 1399/194/757 1403/201/762 1402/200/784 1398/188/773
f 1398/188/773 1402/200/784 1401/196/780 1397/187/774
f 1405/199/781 1409/136/722 1468/137/723 1466/198/782
f 1464/69/654 1465/192/778 1408/193/751 1404/68/655
f 1397/187/774 1401/196/780 1463/197/783 1461/195/779
f 1403/201/762 1407/203/772 1406/202/785 1402/200/784
f 1402/200/784 1406/202/785 1405/199/781 1401/196/780
f 1407/203/772 1411/204/776 1410/182/769 1406/202/785
f 1411/204/776 1415/205/775 1414/45/636 1410/182/769
f 1436/87/673 1331/206/634 1415/189/775
f 1406/202/785 1410/182/769 1409/136/722 1405/199/781
f 1438/207/786 1439/210/787 1336/209/716 1332/208/719
f 1335/211/635 1331/206/634 1436/87/673
f 1418/150/739 1417/75/788 1434/73/728 1435/101/686
f 1369/212/749 1362/213/745 1436/87/673
f 1389/160/752 1408/161/751 1412/97/679 1390/95/678
f 1382/89/690 1396/104/689 1400/146/656 1383/63/732
f 1362/213/745 1355/214/734 1436/87/673
f 1374/121/704 1369/212/749 1436/87/673
f 1355/214/734 1351/86/671 1436/87/673
f 1358/177/677 1370/130/766 1366/50/639 1352/47/638
f 1417/75/660 1418/150/789 1390/95/789 1392/74/660
f 1335/44/635 1339/80/665 1338/81/668 1334/42/631
f 1418/150/789 1419/151/790 1389/160/790 1390/95/789
f 1439/210/787 1441/109/693 1340/110/664 1336/209/716
f 1332/132/719 1356/72/718 1392/74/681 1416/96/680
f 1414/45/636 1415/205/775 1331/43/634 1330/39/630
f 1419/151/790 1420/61/650 1385/62/650 1389/160/790
f 1339/155/665 1335/211/635 1436/87/673
f 1334/42/631 1338/81/668 1337/57/644 1333/41/632
f 1416/174/680 1470/175/764 1438/207/786 1332/208/719
f 1347/88/672 1343/154/666 1436/87/673
f 1435/101/686 1422/90/747 1421/60/791 1420/61/737
f 1438/207/786 1437/59/648 1440/55/646 1439/210/787
f 1446/141/726 1445/84/670 1448/114/696 1447/91/675
f 1439/210/787 1440/55/646 1442/56/645 1441/109/693
f 1444/112/694 1443/64/652 1445/84/670 1446/141/726
f 1441/109/693 1442/56/645 1443/64/652 1444/112/694
f 1470/175/764 1469/58/647 1437/59/648 1438/207/786
f 1450/94/676 1449/134/721 1452/148/736 1451/123/707
f 1451/123/707 1452/148/736 1454/162/754 1453/157/748
f 1447/91/675 1448/114/696 1449/134/721 1450/94/676
f 1464/69/654 1463/197/783 1466/198/782 1465/192/778
f 1465/192/778 1466/198/782 1468/137/723 1467/172/763
f 1462/66/653 1461/195/779 1463/197/783 1464/69/654
f 1455/143/731 1456/183/771 1458/184/770 1457/127/713
f 1457/127/713 1458/184/770 1460/191/777 1459/107/692
f 1467/172/763 1468/137/723 1469/58/647 1470/175/764
f 1459/107/692 1460/191/777 1461/195/779 1462/66/653
f 1329/40/633 1333/41/632 1440/55/646 1437/59/648
f 1472/215/792 1471/218/793 1367/217/753 1368/216/750
f 1374/219/704 1472/215/792 1368/216/750 1369/220/749
f 1380/221/758 1379/222/761 1471/218/793 1472/215/792
f 1456/223/771 1473/224/794 1471/218/793 1379/222/761
f 1474/225/795 1377/228/697 1372/227/711 1453/226/748
f 1380/221/758 1472/215/792 1374/219/704 1381/229/703
f 1384/230/698 1377/228/697 1474/225/795 1455/231/731
f 1474/225/795 1453/226/748 1454/232/754 1473/224/794
f 1455/231/731 1474/225/795 1473/224/794 1456/223/771
f 1471/218/793 1473/224/794 1454/232/754 1367/217/753
