# Blender 4.4.0
# www.blender.org
o Truck.001
v 1.536008 2.018040 -0.999880
v 1.698028 1.527618 -0.968774
v 1.543601 2.195148 -0.172910
v 1.705792 1.617019 -0.138106
v -0.641353 1.532284 -1.097810
v -0.008698 1.520911 -1.097131
v -0.642564 1.646810 -1.104691
v -0.321735 1.758456 -1.111346
v -0.007446 1.635810 -1.104045
v -0.322632 1.410268 -1.090385
v -0.594460 1.754121 -1.111203
v -0.635115 1.732886 -1.109891
v -0.055854 1.414567 -1.090762
v -0.023383 1.431328 -1.091765
v -0.633907 1.435885 -1.092038
v -0.594466 1.415373 -1.090811
v -0.015134 1.732975 -1.109922
v -0.054803 1.753359 -1.111158
v -0.614654 1.722636 -1.115909
v -0.614464 1.446188 -1.099266
v -0.575580 1.743186 -1.117136
v -0.575587 1.425463 -1.098009
v -0.322792 1.424235 -1.098053
v -0.321969 1.743670 -1.117283
v -0.074657 1.424718 -1.097965
v -0.073676 1.742473 -1.117094
v -0.035742 1.445303 -1.099212
v -0.034612 1.721851 -1.115862
v 1.195485 1.867627 -1.111449
v 1.182586 1.890811 -1.107663
v 0.996924 1.446568 -1.086101
v 0.765586 1.882204 -1.107145
v 0.787880 1.904643 -1.108496
v 1.349540 1.865608 -1.107104
v 1.310503 1.443524 -1.085917
v 0.961511 1.899316 -1.108175
v 0.750642 1.449270 -1.081082
v 0.749117 1.767964 -1.100268
v 1.412597 1.749845 -1.099177
v 1.469094 1.298023 -1.071977
v 1.440418 1.286240 -1.071267
v 0.749879 1.567772 -1.088216
v 1.488762 1.376337 -1.076691
v 0.766452 1.406713 -1.078520
v 0.806658 1.448415 -1.086212
v 1.282937 1.317578 -1.073154
v 1.267895 1.301493 -1.072186
v 1.283909 1.562550 -1.093083
v 1.232850 1.760237 -1.104984
v 0.827372 1.903146 -1.108406
v 1.304240 1.388439 -1.082601
v 1.040073 1.332800 -1.074070
v 0.803311 1.566969 -1.093349
v 0.984799 1.565300 -1.093248
v 1.468377 1.552392 -1.087290
v 0.890764 1.359375 -1.075670
v 1.206218 1.325628 -1.080317
v 1.202537 1.310075 -1.079380
v 1.156222 1.331310 -1.080659
v 1.073697 1.869794 -1.113076
v 1.058385 1.886604 -1.112900
v 1.125710 1.869390 -1.113052
v 1.203568 1.444399 -1.087467
v 1.140061 1.562404 -1.094571
v 1.189834 1.561946 -1.094543
v 1.206756 1.392792 -1.084360
v 1.156793 1.395284 -1.084510
v 1.153700 1.444883 -1.087496
v 1.100495 1.762186 -1.106598
v 1.150368 1.761403 -1.106551
v 1.119924 1.321627 -1.076737
v 1.152604 1.316936 -1.079793
v 1.038568 1.896696 -1.111356
v 1.115841 1.563800 -1.098083
v 1.135154 1.444930 -1.090927
v 1.310755 1.883361 -1.109171
v 1.497395 1.433317 -1.080122
v 1.124708 1.892560 -1.114446
v 1.026381 1.346059 -1.074869
v 1.004807 1.402788 -1.083465
v 1.117862 1.335737 -1.077586
v 1.078843 1.762311 -1.110034
v 1.135936 1.396245 -1.087996
v 0.956330 1.874027 -1.111834
v 0.961911 1.764391 -1.105234
v 0.823123 1.411494 -1.083989
v 0.797516 1.766911 -1.105386
v 1.050652 1.871229 -1.115953
v 0.811220 1.877869 -1.112065
v 0.749562 1.651027 -1.093228
v 1.262675 1.644764 -1.098032
v 1.445180 1.634507 -1.092233
v 1.173421 1.644895 -1.099537
v 1.123607 1.645488 -1.099573
v 1.100454 1.646356 -1.103053
v 0.975280 1.648098 -1.098233
v 0.800901 1.650120 -1.098355
v 1.543601 2.074713 -0.861069
v 1.705956 1.545482 -0.807089
v 1.705874 1.582473 -0.452291
v 1.543601 2.136153 -0.496683
v 1.651298 1.731273 -1.017186
v 1.658973 1.869692 -0.153317
v 1.659071 1.778512 -0.830004
v 1.659022 1.825324 -0.471354
v 1.604628 1.857555 -1.015056
v 1.613326 2.012053 -0.161887
v 1.613380 1.907816 -0.843695
v 1.613353 1.961157 -0.482484
v 1.682534 1.612308 -1.005095
v 1.694947 1.740227 -0.145523
v 1.688329 1.652012 -0.817645
v 1.688263 1.693581 -0.461051
v 2.782551 1.067484 -0.103906
v 2.829947 1.106397 -0.048426
v 2.712399 0.540001 -0.060715
v 2.732603 0.543903 -0.011247
v 2.451908 0.483062 -0.668038
v 2.504493 0.986997 -0.616818
v 0.676272 0.158949 -0.904432
v -0.395553 2.795765 -1.104932
v -0.395553 2.635706 -1.177330
v 0.561170 2.331628 -1.132482
v 0.560778 2.481044 -1.085986
v -0.819020 2.636063 -1.177352
v -0.819020 2.795765 -1.104932
v 0.271211 2.487892 -1.141890
v 0.271211 2.635824 -1.095304
v 0.631609 2.252803 -1.127389
v 0.660177 2.402873 -1.080932
v 1.420795 1.913453 -1.112564
v 1.476679 2.119198 -1.064203
v 1.489868 1.822311 -1.106724
v 1.536008 2.018040 -0.999880
v 1.686653 1.398243 -1.074537
v 1.698028 1.527618 -0.968774
v 1.919148 1.351881 -0.849697
v 1.932551 1.499112 -0.758167
v 2.118301 1.281678 -0.829762
v 2.137533 1.443240 -0.749766
v 2.297868 1.213207 -0.811557
v 2.306886 1.355811 -0.724368
v 2.408833 1.154891 -0.792894
v 2.430582 1.299060 -0.688967
v 2.386428 1.093905 -0.771855
v 2.518547 1.226887 -0.676669
v 2.349787 0.121644 -0.901635
v 2.836820 1.249592 -0.064332
v 2.766254 0.449658 -0.059188
v -3.150230 0.770904 -0.545732
v -0.860911 0.770904 -0.545732
v -3.150230 0.693351 -0.541064
v -0.860911 0.693351 -0.541064
v -0.819095 0.167317 -0.765436
v -0.819020 2.647444 -0.988289
v -0.819020 2.763012 -0.894296
v -0.819095 2.822650 -0.169925
v -0.906223 2.763012 -0.894296
v -0.906223 2.647444 -0.988289
v -0.906223 0.167317 -0.765436
v -0.906223 2.822650 -0.169925
v -0.906223 2.713137 -0.163333
v -0.906223 0.212626 -0.012800
v -0.395553 2.947973 -0.177470
v 0.560778 2.600001 -0.156522
v -0.819095 2.947973 -0.177470
v 0.271211 2.754782 -0.165840
v 0.660177 2.521811 -0.151815
v 1.476679 2.238155 -0.134738
v 1.543601 2.195148 -0.172910
v 1.705792 1.617019 -0.138106
v 1.919460 1.587215 -0.095551
v 2.138825 1.544393 -0.092973
v 2.372337 1.477837 -0.088967
v 2.538719 1.415305 -0.084717
v 2.662788 1.342869 -0.076748
v 2.326153 0.367209 -0.983140
v 2.344713 0.121535 -0.969318
v 2.826712 0.203312 -0.046935
v 2.271880 0.447882 -0.995648
v 2.512586 1.132576 -0.621209
v -0.819020 0.554682 -0.908267
v 0.677030 0.553371 -0.930045
v -0.819020 0.158949 -0.904432
v -0.819020 0.165391 -0.966458
v 0.662485 0.165391 -0.966458
v 0.663267 0.533546 -0.988621
v -0.819020 0.533546 -0.988621
v 1.455386 0.509651 -1.040031
v -0.819020 0.586821 -1.033419
v 0.691879 0.586372 -1.040883
v -0.819020 2.152629 -1.159212
v -0.819020 0.586821 -0.795798
v -0.819020 0.177360 -0.767640
v -0.819020 0.570792 -0.791325
v -0.819020 0.627919 -0.866821
v -0.906223 0.678889 -0.040870
v -0.906223 0.627998 -0.865513
v -0.906223 0.634304 -0.038185
v -0.906223 0.586196 -0.790912
v -0.906223 0.617855 -0.037195
v -0.906223 0.569870 -0.789918
v -0.906223 0.224680 -0.013526
v -0.906223 0.179227 -0.766166
v 2.381937 0.210170 -0.011812
v 1.520826 0.568001 -0.034194
v 1.591545 0.682454 -0.041084
v 1.921947 0.828946 -0.049903
v 2.102310 0.806176 -0.048532
v 2.225983 0.746420 -0.044935
v 2.295834 0.680727 -0.040980
v 2.366283 0.557174 -0.033542
v 2.382853 0.210178 -0.011818
v 2.390312 0.349721 -0.020734
v 1.486624 0.651851 -1.041099
v 1.580582 0.751947 -1.046267
v 1.918228 0.840807 -1.051064
v 2.067611 0.803065 -1.048333
v 2.146566 0.737416 -1.045496
v 2.192665 0.661964 -1.040105
v 2.195143 0.437354 -1.033122
v 2.468993 1.023406 -0.725276
v 1.198508 1.989239 -1.116773
v 1.230315 2.210773 -1.069715
v 1.230320 2.329732 -0.140251
v 1.350960 1.959278 -1.115210
v 1.402884 2.151143 -1.066126
v 1.402853 2.270112 -0.136662
v 0.800765 2.117334 -1.119582
v 0.741501 2.143260 -1.121142
v 0.828837 2.273613 -1.073498
v 0.778258 2.288972 -1.074423
v 0.778282 2.407914 -0.144958
v 0.828835 2.392571 -0.144034
v 0.697593 2.168546 -1.122159
v 0.736650 2.310174 -1.076784
v 0.744598 2.435779 -0.146635
v -0.906223 0.912438 -0.882799
v -0.819020 0.904581 -1.063046
v -0.819020 0.915352 -0.884125
v -0.819020 2.084628 -1.155119
v -0.906223 0.966917 -0.058209
v 1.395102 2.190629 -1.054179
v 1.577679 2.024157 -1.044157
v 1.454051 2.298126 -0.138349
v 1.642444 2.129243 -0.128182
v 1.372482 2.177651 -1.053791
v 1.555059 2.011178 -1.043770
v 1.431431 2.285172 -0.137569
v 1.619823 2.116289 -0.127402
v 1.638532 2.114974 -0.127323
v 1.572527 2.005534 -1.072802
v 1.372449 2.193475 -1.084116
v 1.432265 2.305480 -0.138791
v 1.506165 2.120259 -1.066007
v 1.568022 2.227514 -0.134098
v 1.483545 2.107281 -1.065618
v 1.494695 2.110885 -1.095207
v 2.518130 0.392717 -0.664370
v 2.796968 0.454755 -0.015634
v 2.339946 0.545093 -0.920965
v 2.336023 0.141261 -0.889137
v 2.617392 0.220703 -0.005480
v 2.563493 0.613013 -0.023435
v -0.819020 0.251406 -1.027234
v -0.819020 0.474040 -1.040637
v 0.622324 0.251406 -1.027234
v 0.623107 0.474040 -1.040637
v -3.225776 0.708142 -0.295369
v -3.225776 0.737155 -0.297116
v -3.225776 0.693351 -0.541064
v -3.225776 0.722364 -0.542810
v -0.881479 0.785695 -0.300038
v -0.881479 0.708142 -0.295369
v -3.150230 0.785695 -0.300038
v -3.150230 0.708142 -0.295369
v -1.435679 0.785776 -0.047304
v -1.332744 0.785776 -0.047304
v -1.435679 0.759462 -0.484424
v -1.332744 0.759462 -0.484424
v -1.435752 0.777357 -0.046797
v -1.435752 0.751052 -0.483750
v -1.332817 0.777357 -0.046797
v -1.332817 0.751052 -0.483750
v -2.081890 0.766366 -0.046136
v -1.978955 0.766366 -0.046136
v -2.081890 0.740051 -0.483255
v -1.978955 0.740051 -0.483255
v -2.081963 0.757946 -0.045629
v -2.081963 0.731641 -0.482582
v -1.979028 0.757946 -0.045629
v -1.979028 0.731641 -0.482582
v -2.720698 0.913866 -0.148444
v -2.533062 0.892042 -0.123675
v -2.392666 0.873950 -0.134439
v -2.293972 0.863389 -0.106145
v -2.264915 0.863041 -0.051956
v -2.090041 0.841390 -0.050652
v -2.799533 0.921783 -0.179656
v -2.657327 0.899744 -0.252232
v -2.526523 0.883549 -0.251257
v -2.395719 0.867355 -0.250282
v -2.264915 0.851160 -0.249307
v -2.131137 0.835261 -0.237294
v -2.811364 0.920339 -0.228078
v -2.728982 0.902042 -0.361968
v -2.596073 0.882437 -0.413303
v -2.417035 0.859116 -0.431137
v -2.303048 0.846942 -0.398082
v -2.204534 0.838722 -0.331288
v -2.723112 0.894071 -0.135365
v -2.535477 0.872247 -0.110597
v -2.395081 0.854155 -0.121360
v -2.296387 0.829890 -0.092242
v -2.267330 0.832426 -0.050113
v -2.092456 0.820883 -0.049418
v -2.801947 0.901989 -0.166577
v -2.659741 0.879949 -0.239154
v -2.528938 0.863754 -0.238179
v -2.398134 0.821258 -0.235621
v -2.267330 0.821258 -0.235621
v -2.133552 0.815466 -0.224216
v -2.813779 0.900544 -0.214999
v -2.731397 0.882247 -0.348888
v -2.598488 0.862642 -0.400224
v -2.419450 0.839321 -0.418059
v -2.305462 0.827147 -0.385003
v -2.206949 0.818927 -0.318209
v -1.587184 0.486033 -0.628295
v -0.981559 0.486033 -0.628295
v -1.587184 0.418074 -0.612049
v -0.981559 0.418074 -0.612049
v -1.587184 0.359771 -0.573539
v -0.981559 0.359771 -0.573539
v -1.587184 0.318155 -0.517411
v -0.981559 0.318155 -0.517411
v -1.587184 0.298246 -0.450433
v -0.981559 0.298246 -0.450433
v -1.587184 0.302444 -0.380685
v -0.981559 0.302444 -0.380685
v -1.587184 0.330245 -0.316581
v -0.981559 0.330245 -0.316581
v -1.587184 0.378294 -0.265850
v -0.981559 0.378294 -0.265850
v -1.587184 0.440796 -0.234613
v -0.981559 0.440796 -0.234613
v -1.587184 0.510213 -0.226636
v -0.981559 0.510213 -0.226636
v -1.587184 0.578172 -0.242883
v -0.981559 0.578172 -0.242883
v -1.587184 0.636475 -0.281392
v -0.981559 0.636475 -0.281392
v -1.587184 0.678091 -0.337522
v -0.981559 0.678091 -0.337522
v -1.587184 0.698000 -0.404498
v -0.981559 0.698000 -0.404498
v -1.587184 0.693802 -0.474246
v -0.981559 0.693802 -0.474246
v -1.587184 0.666001 -0.538351
v -0.981559 0.666001 -0.538351
v -1.587184 0.617952 -0.589081
v -0.981559 0.617952 -0.589081
v -1.587184 0.555450 -0.620319
v -0.981559 0.555450 -0.620319
v -1.653338 0.487873 -0.597726
v -0.915405 0.487873 -0.597726
v -1.653338 0.430259 -0.583953
v -0.915405 0.430259 -0.583953
v -1.653338 0.380829 -0.551305
v -0.915405 0.380829 -0.551305
v -1.653338 0.345548 -0.503720
v -0.915405 0.345548 -0.503720
v -1.653338 0.328669 -0.446937
v -0.915405 0.328669 -0.446937
v -1.653338 0.332228 -0.387806
v -0.915405 0.332228 -0.387806
v -1.653338 0.355798 -0.333459
v -0.915405 0.355798 -0.333459
v -1.653338 0.396533 -0.290450
v -0.915405 0.396533 -0.290450
v -1.653338 0.449522 -0.263968
v -0.915405 0.449522 -0.263968
v -1.653338 0.508373 -0.257205
v -0.915405 0.508373 -0.257205
v -1.653338 0.565987 -0.270979
v -0.915405 0.565987 -0.270979
v -1.653338 0.615417 -0.303627
v -0.915405 0.615417 -0.303627
v -1.653338 0.650698 -0.351212
v -0.915405 0.650698 -0.351212
v -1.653338 0.667577 -0.407994
v -0.915405 0.667577 -0.407994
v -1.653338 0.664018 -0.467125
v -0.915405 0.664018 -0.467125
v -1.653338 0.640448 -0.521473
v -0.915405 0.640448 -0.521473
v -1.653338 0.599713 -0.564482
v -0.915405 0.599713 -0.564482
v -1.653338 0.546724 -0.590965
v -0.915405 0.546724 -0.590965
v -1.501349 0.485300 -0.640469
v -1.501349 0.413222 -0.623238
v -1.501349 0.351385 -0.582393
v -1.501349 0.307246 -0.522862
v -1.501349 0.286129 -0.451826
v -1.501349 0.290582 -0.377850
v -1.501349 0.320068 -0.309859
v -1.501349 0.371031 -0.256054
v -1.501349 0.437321 -0.222923
v -1.501349 0.510946 -0.214463
v -1.501349 0.583024 -0.231695
v -1.501349 0.644861 -0.272538
v -1.501349 0.689000 -0.332069
v -1.501349 0.710117 -0.403107
v -1.501349 0.705664 -0.477082
v -1.501349 0.676178 -0.545072
v -1.501349 0.625215 -0.598878
v -1.501349 0.558924 -0.632009
v -1.565528 0.485300 -0.640469
v -1.565528 0.413222 -0.623238
v -1.565528 0.351385 -0.582393
v -1.565528 0.307246 -0.522862
v -1.565528 0.286129 -0.451826
v -1.565528 0.290582 -0.377850
v -1.565528 0.320068 -0.309859
v -1.565528 0.371031 -0.256054
v -1.565528 0.437321 -0.222923
v -1.565528 0.510946 -0.214463
v -1.565528 0.583024 -0.231695
v -1.565528 0.644861 -0.272538
v -1.565528 0.689000 -0.332069
v -1.565528 0.710117 -0.403107
v -1.565528 0.705664 -0.477082
v -1.565528 0.676178 -0.545072
v -1.565528 0.625215 -0.598878
v -1.565528 0.558924 -0.632009
v -1.508345 0.431732 -0.580556
v -1.508345 0.488096 -0.594030
v -1.508345 0.383375 -0.548616
v -1.508345 0.348861 -0.502064
v -1.508345 0.332348 -0.446514
v -1.508345 0.335830 -0.388667
v -1.508345 0.358888 -0.335500
v -1.508345 0.398738 -0.293424
v -1.508345 0.450577 -0.267516
v -1.508345 0.508150 -0.260901
v -1.508345 0.564514 -0.274376
v -1.508345 0.612871 -0.306315
v -1.508345 0.647385 -0.352867
v -1.508345 0.663898 -0.408417
v -1.508345 0.660416 -0.466264
v -1.508345 0.637358 -0.519432
v -1.508345 0.597508 -0.561507
v -1.508345 0.545669 -0.587415
v -1.558532 0.431732 -0.580556
v -1.558532 0.488096 -0.594030
v -1.558532 0.383375 -0.548616
v -1.558532 0.348861 -0.502064
v -1.558532 0.332348 -0.446514
v -1.558532 0.335830 -0.388667
v -1.558532 0.358888 -0.335500
v -1.558532 0.398738 -0.293424
v -1.558532 0.450577 -0.267516
v -1.558532 0.508150 -0.260901
v -1.558532 0.564514 -0.274376
v -1.558532 0.612871 -0.306315
v -1.558532 0.647385 -0.352867
v -1.558532 0.663898 -0.408417
v -1.558532 0.660416 -0.466264
v -1.558532 0.637358 -0.519432
v -1.558532 0.597508 -0.561507
v -1.558532 0.545669 -0.587415
v -2.533987 0.810692 -0.048804
v -2.332133 0.810692 -0.048804
v -2.533987 0.784377 -0.485924
v -2.332133 0.784377 -0.485924
v -2.534060 0.802273 -0.048297
v -2.534060 0.775968 -0.485250
v -2.332206 0.802273 -0.048297
v -2.332206 0.775968 -0.485250
v -3.202311 0.055492 -0.599958
v -3.173372 0.620492 -0.633971
v -3.202311 0.030384 -1.017029
v -3.173372 0.595384 -1.051042
v -3.192343 0.052608 -0.599784
v -3.192343 0.027500 -1.016855
v -3.164541 0.603408 -0.632943
v -3.164541 0.578300 -1.050014
v -0.819020 2.641753 -1.082821
v -0.819020 2.779388 -0.999614
v -0.819095 2.885311 -0.173698
v -0.819020 2.158645 -1.059273
v -0.819020 0.909967 -0.973585
v -0.819020 2.090644 -1.055179
v -0.819020 0.170287 -0.885126
v -0.819057 0.160148 -0.884516
v -0.994939 0.485300 -0.640469
v -0.994939 0.413222 -0.623238
v -0.994939 0.351385 -0.582393
v -0.994939 0.307246 -0.522862
v -0.994939 0.286129 -0.451826
v -0.994939 0.290582 -0.377850
v -0.994939 0.320068 -0.309859
v -0.994939 0.371031 -0.256054
v -0.994939 0.437321 -0.222923
v -0.994939 0.510946 -0.214463
v -0.994939 0.583024 -0.231695
v -0.994939 0.644861 -0.272538
v -0.994939 0.689000 -0.332069
v -0.994939 0.710117 -0.403107
v -0.994939 0.705664 -0.477082
v -0.994939 0.676178 -0.545072
v -0.994939 0.625215 -0.598878
v -0.994939 0.558924 -0.632009
v -1.059118 0.485300 -0.640469
v -1.059118 0.413222 -0.623238
v -1.059118 0.351385 -0.582393
v -1.059118 0.307246 -0.522862
v -1.059118 0.286129 -0.451826
v -1.059118 0.290582 -0.377850
v -1.059118 0.320068 -0.309859
v -1.059118 0.371031 -0.256054
v -1.059118 0.437321 -0.222923
v -1.059118 0.510946 -0.214463
v -1.059118 0.583024 -0.231695
v -1.059118 0.644861 -0.272538
v -1.059118 0.689000 -0.332069
v -1.059118 0.710117 -0.403107
v -1.059118 0.705664 -0.477082
v -1.059118 0.676178 -0.545072
v -1.059118 0.625215 -0.598878
v -1.059118 0.558924 -0.632009
v -1.001935 0.431732 -0.580556
v -1.001935 0.488096 -0.594030
v -1.001935 0.383375 -0.548616
v -1.001935 0.348861 -0.502064
v -1.001935 0.332348 -0.446514
v -1.001935 0.335830 -0.388667
v -1.001935 0.358888 -0.335500
v -1.001935 0.398738 -0.293424
v -1.001935 0.450577 -0.267516
v -1.001935 0.508150 -0.260901
v -1.001935 0.564514 -0.274376
v -1.001935 0.612871 -0.306315
v -1.001935 0.647385 -0.352867
v -1.001935 0.663898 -0.408417
v -1.001935 0.660416 -0.466264
v -1.001935 0.637358 -0.519432
v -1.001935 0.597508 -0.561507
v -1.001935 0.545669 -0.587415
v -1.052122 0.431732 -0.580556
v -1.052122 0.488096 -0.594030
v -1.052122 0.383375 -0.548616
v -1.052122 0.348861 -0.502064
v -1.052122 0.332348 -0.446514
v -1.052122 0.335830 -0.388667
v -1.052122 0.358888 -0.335500
v -1.052122 0.398738 -0.293424
v -1.052122 0.450577 -0.267516
v -1.052122 0.508150 -0.260901
v -1.052122 0.564514 -0.274376
v -1.052122 0.612871 -0.306315
v -1.052122 0.647385 -0.352867
v -1.052122 0.663898 -0.408417
v -1.052122 0.660416 -0.466264
v -1.052122 0.637358 -0.519432
v -1.052122 0.597508 -0.561507
v -1.052122 0.545669 -0.587415
v -2.990854 0.783674 -0.643795
v -2.990854 0.758566 -1.060866
v -2.985664 0.765684 -0.642712
v -2.985664 0.740576 -1.059783
v -2.337434 0.783624 -0.643792
v -2.337434 0.758517 -1.060863
v -2.337434 0.765635 -0.642709
v -2.337434 0.740527 -1.059780
v -1.472558 0.055492 -0.599958
v -1.501497 0.620492 -0.633971
v -1.472558 0.030384 -1.017029
v -1.501497 0.595384 -1.051042
v -1.482526 0.052608 -0.599784
v -1.482526 0.027500 -1.016855
v -1.510327 0.603408 -0.632943
v -1.510327 0.578300 -1.050014
v -1.684015 0.783674 -0.643795
v -1.684015 0.758566 -1.060866
v -1.689204 0.765684 -0.642712
v -1.689204 0.740576 -1.059783
v 1.531273 1.813078 -1.340905
v 1.513479 1.786020 -1.344772
v 1.536189 1.797075 -1.161131
v 1.554535 1.823503 -1.167731
v 1.581832 1.813078 -1.340905
v 1.596741 1.794159 -1.357676
v 1.613849 1.823616 -1.165864
v 1.635412 1.806887 -1.146258
v 1.513479 1.342684 -1.318083
v 1.531273 1.316285 -1.310998
v 1.554535 1.326711 -1.137824
v 1.536189 1.353740 -1.134442
v 1.596741 1.333056 -1.329917
v 1.581832 1.316285 -1.310998
v 1.635412 1.345783 -1.118499
v 1.613849 1.326823 -1.135957
v 1.510839 1.794159 -1.357676
v 1.538829 1.806704 -1.149297
v 1.538829 1.345600 -1.121538
v 1.510839 1.333056 -1.329917
v 1.603326 1.485006 -1.177918
v 1.603326 1.408812 -1.173331
v 1.554435 1.484879 -1.180025
v 1.554435 1.408685 -1.175438
v 1.554435 1.491945 -1.062662
v 1.603326 1.492072 -1.060556
v 1.603326 1.415878 -1.055969
v 1.554435 1.415751 -1.058075
v 2.353663 0.375926 -0.912299
v 2.309605 0.366150 -1.038514
v 2.471261 1.050668 -0.771337
v 2.504061 0.985228 -0.687145
v 2.507472 1.077593 -0.566485
v 2.524628 1.189885 -0.643085
v 2.776602 1.283214 -0.072829
v 2.861162 1.186759 -0.061668
v 2.858794 0.211445 -0.011161
v 2.580739 0.149782 -0.658301
v 2.321165 0.463789 -1.048712
v 2.359463 0.468517 -0.915345
v -0.395553 2.739296 -1.170843
v 0.271211 2.585419 -1.148309
v 0.560974 2.429897 -1.138946
v -0.819020 2.739475 -1.170854
v 0.645893 2.351400 -1.133874
v 1.466982 2.051597 -1.116172
v 1.521830 1.950077 -1.068680
v 1.696484 1.513245 -0.971848
v 1.932346 1.462216 -0.802530
v 2.134715 1.406476 -0.806308
v 2.308290 1.324363 -0.779986
v 2.430582 1.267251 -0.745279
v 2.496990 1.195016 -0.728026
v 2.484304 1.102966 -0.672342
v -0.819020 2.728789 -0.971005
v -0.906223 2.728789 -0.971005
v -0.906223 2.767893 -0.166629
v 1.225479 2.149945 -1.122093
v 1.391897 2.095917 -1.118840
v 0.814801 2.219035 -1.126252
v 0.759879 2.239677 -1.127495
v 0.717187 2.263401 -1.129314
v -0.819020 2.734132 -1.070929
v 2.500965 1.051992 -0.622855
v 2.485679 1.156791 -0.704877
v 1.537620 0.512669 -0.967148
v 1.540397 0.512825 -1.040222
v 1.598924 0.628499 -0.974089
v 1.604359 0.636450 -1.042950
v 1.921672 0.767396 -0.982408
v 1.923817 0.775707 -1.048207
v 2.067747 0.723859 -0.979599
v 2.063634 0.731245 -1.045243
v 2.145805 0.651839 -0.976130
v 2.144552 0.661527 -1.041939
v 2.174749 0.580531 -0.970541
v 2.180712 0.588795 -1.036978
v 2.194287 0.378323 -0.986825
v 2.189285 0.351338 -1.016870
v 2.172213 0.100673 -1.003400
v 2.172271 0.106941 -0.964464
v 2.182649 0.119977 -0.962304
v 2.308584 0.113248 -1.021087
v 2.339233 0.776856 -0.986714
v 1.515457 1.620203 -1.097843
v 1.621284 1.076174 -1.065252
v 1.497401 1.433071 -1.084324
v 0.750648 1.449023 -1.085285
v 1.440424 1.285993 -1.075470
v 0.787886 1.904396 -1.112699
v 1.310760 1.883114 -1.113374
v 0.782989 0.578859 -1.040431
v 0.736201 0.709009 -1.055140
v 1.218601 0.578859 -1.040431
v 2.342622 0.809121 -1.015389
v 1.267901 1.301246 -1.076388
v 1.353275 1.088046 -1.083270
v 1.182592 1.890566 -1.111866
v 1.606025 0.916702 -1.056102
v 0.719544 0.707927 -1.055075
v 1.546502 1.688880 -1.097225
v 1.620478 1.221679 -1.072820
v 0.888035 0.578859 -1.040431
v 0.780511 1.930258 -1.119113
v 0.749885 1.567525 -1.092419
v 0.768460 0.767213 -1.058644
v 0.737133 0.689679 -1.053977
v 1.312153 0.578157 -1.052083
v 2.361156 0.802465 -0.974052
v 1.468383 1.552145 -1.091493
v 1.492698 1.081398 -1.079795
v 1.318043 1.221207 -1.081502
v 1.359535 0.948381 -1.069295
v 1.287826 0.648198 -1.047559
v 0.807665 0.676144 -1.053162
v 0.720477 0.688596 -1.053911
v 0.717118 0.759787 -1.058197
v 1.475668 1.221169 -1.082134
v 1.500236 0.946001 -1.067931
v 1.369760 0.643575 -1.047229
v 2.320844 0.849118 -1.069192
v 0.860101 0.758254 -1.058105
v 0.858639 0.682435 -1.053541
v 1.086101 0.578859 -1.040431
v 1.146228 0.578859 -1.040431
v 2.193322 0.923018 -1.057789
v 2.167071 0.966647 -1.052505
v 1.152610 1.316689 -1.083995
v 1.202543 1.309828 -1.083582
v 1.192139 1.096013 -1.083750
v 1.242272 1.093885 -1.083622
v 1.124714 1.892313 -1.118648
v 1.058391 1.886358 -1.117103
v 1.138483 0.644132 -1.047314
v 1.191707 0.645528 -1.047398
v 1.196949 0.951102 -1.069459
v 1.247628 0.950396 -1.069417
v 1.175501 1.221132 -1.082760
v 1.225478 1.221132 -1.082760
v 1.055227 1.939481 -1.120353
v 1.203573 1.444152 -1.091668
v 1.153706 1.444636 -1.091698
v 1.140067 1.562157 -1.098772
v 1.189840 1.561699 -1.098745
v 0.597772 0.165391 -0.966458
v 2.565981 0.588223 -0.559048
v 2.084786 1.055409 -1.063677
v 1.577471 1.356676 -1.080990
v 0.691879 1.411227 -1.093493
v 0.691879 1.116805 -1.085002
v 0.835512 0.578859 -1.040431
v 0.849844 1.110538 -1.084624
v 0.751391 0.758254 -1.058105
v 1.184556 1.921107 -1.115223
v 1.365282 0.821826 -1.058011
v 0.765592 1.881957 -1.111348
v 1.349545 1.865360 -1.111306
v 2.521382 0.710067 -0.681796
v 0.727679 0.712472 -1.055349
v 0.775734 1.113683 -1.084814
v 0.936640 1.106854 -1.084404
v 0.961517 1.899069 -1.112378
v 0.740116 0.699568 -1.054572
v 1.368697 0.544594 -1.045579
v 1.916508 1.095808 -1.064325
v 1.487052 1.571770 -1.095318
v 1.538172 1.081024 -1.074862
v 0.749122 1.767717 -1.104470
v 1.328770 0.684020 -1.049715
v 1.412603 1.749599 -1.103380
v 0.828530 1.912266 -1.118030
v 0.937856 1.912252 -1.117535
v 0.822778 1.221206 -1.081520
v 0.923674 1.221207 -1.081502
v 1.469100 1.297776 -1.076180
v 1.568035 1.437940 -1.086191
v 1.488768 1.376090 -1.080894
v 0.790292 0.767330 -1.058651
v 0.843032 0.767213 -1.058644
v 0.775942 0.676528 -1.053185
v 0.766458 1.406466 -1.082723
v 0.716561 0.698038 -1.054480
v 0.691879 0.659369 -1.048231
v 0.728998 0.685134 -1.053703
v 0.709037 0.748893 -1.057541
v 0.691879 0.785879 -1.055847
v 0.731246 0.766537 -1.058604
v 0.691879 1.564832 -1.102740
v 0.739658 1.566022 -1.097570
v 0.691879 1.221074 -1.083727
v 0.762713 1.221139 -1.082632
v 0.689205 1.952268 -1.121783
v 0.746550 1.949337 -1.120441
v 1.526268 1.221280 -1.080108
v 1.507014 0.822877 -1.058074
v 1.545707 0.944551 -1.064903
v 1.415946 0.687381 -1.049866
v 1.406682 0.645337 -1.045928
v 0.827378 1.902899 -1.112608
v 1.040079 1.332554 -1.078273
v 1.516727 1.459843 -1.088683
v 1.321381 1.908078 -1.115715
v 1.522770 1.254317 -1.079089
v 0.953168 0.578859 -1.040431
v 0.890770 1.359128 -1.079873
v 1.038106 1.102549 -1.084144
v 1.039445 1.221207 -1.081502
v 0.978353 0.842677 -1.059266
v 0.955564 0.654158 -1.047917
v 0.868170 0.698180 -1.054488
v 0.868621 0.742828 -1.057176
v 1.224106 0.681177 -1.049544
v 1.171669 0.679759 -1.049459
v 1.252590 0.820600 -1.057937
v 1.201387 0.820039 -1.057903
v 1.118240 1.924257 -1.119296
v 1.206224 1.325382 -1.084518
v 1.156227 1.331064 -1.084860
v 1.073703 1.869547 -1.117278
v 1.125716 1.869143 -1.117253
v 1.206762 1.392545 -1.088562
v 1.156798 1.395037 -1.088712
v 1.100501 1.761939 -1.110799
v 1.150374 1.761156 -1.110752
v 1.022320 1.926219 -1.119624
v 1.090423 0.643401 -1.047270
v 1.032887 0.578859 -1.040431
v 1.140995 0.951886 -1.069506
v 2.513139 0.997421 -0.544386
v 1.119930 1.321380 -1.080940
v 1.129217 1.221170 -1.082131
v 1.136637 1.098368 -1.083892
v 1.038574 1.896449 -1.115559
v 1.371987 1.880718 -1.113568
v 1.513403 1.404423 -1.085244
v 1.447529 0.681044 -1.047457
v 1.439693 1.772547 -1.106280
v 0.691879 1.937953 -1.125155
v 0.745323 1.882155 -1.116601
v 0.691879 1.881586 -1.121762
v 0.691879 1.755748 -1.114234
v 0.691879 0.760332 -1.054309
v 0.691879 0.689692 -1.050056
v 1.119337 0.678336 -1.049373
v 0.969281 0.686779 -1.049881
v 0.980675 0.781495 -1.055583
v 1.145041 0.819426 -1.057867
v 0.729152 0.756342 -1.057990
v 0.736484 1.761425 -1.109333
v 0.749063 1.934810 -1.122139
v 1.504816 1.322017 -1.080358
v 1.553385 0.819823 -1.056159
v 0.752816 0.677071 -1.053218
v 0.740530 0.720311 -1.055821
v 0.789469 0.761039 -1.058273
v 0.768069 0.760937 -1.058267
v 0.843422 0.760937 -1.058267
v 0.808472 0.681440 -1.053481
v 0.774875 0.682016 -1.053515
v 0.862855 0.699504 -1.054568
v 0.855047 0.687354 -1.053837
v 0.864005 0.741324 -1.057086
v 2.519274 0.872988 -0.639910
v 0.856764 0.753607 -1.057825
v 0.754728 0.753607 -1.057825
v 2.523350 0.794292 -0.655008
v 0.756091 0.685396 -1.053719
v 0.748637 0.699504 -1.054568
v 0.743322 0.698180 -1.054488
v 0.710065 0.694330 -1.054257
v 0.716253 0.683846 -1.053625
v 0.726132 0.677071 -1.053218
v 0.723222 0.711138 -1.055269
v 0.739472 0.694280 -1.054254
v 0.717710 0.692865 -1.054168
v 0.724441 0.685882 -1.053748
v 0.732237 0.711724 -1.055304
v 0.738967 0.704741 -1.054883
v 0.717205 0.703326 -1.054798
v 0.733455 0.686468 -1.053783
v 0.789469 0.761977 -1.042681
v 0.768069 0.761876 -1.042675
v 0.843422 0.761876 -1.042675
v 0.754728 0.754546 -1.042233
v 0.808472 0.682378 -1.037889
v 0.862855 0.700443 -1.038976
v 0.855047 0.688293 -1.038245
v 0.864005 0.742262 -1.041494
v 2.347538 0.671611 -1.053039
v 0.856764 0.754546 -1.042233
v 0.774875 0.682954 -1.037924
v 0.756091 0.686334 -1.038127
v 2.363896 0.706863 -0.940450
v 0.748637 0.700443 -1.038976
v 0.619438 1.120472 -1.079097
v 0.072782 1.123665 -1.077278
v 0.611797 0.750549 -1.057558
v 0.071126 0.762536 -1.058280
v 0.611797 0.678781 -1.053238
v 0.516171 1.120613 -1.078982
v 0.528207 0.754782 -1.057813
v 0.071126 0.674037 -1.052952
v 0.528207 0.674037 -1.052952
v 0.627290 0.585965 -1.047650
v 0.071126 0.585965 -1.047650
v 0.524295 0.585965 -1.047650
v 0.517074 1.864768 -1.119482
v 0.517397 1.738182 -1.111820
v 0.517384 1.211077 -1.080716
v 0.517104 1.930909 -1.123464
v 0.071126 0.827036 -1.062163
v 0.515822 1.960307 -1.123843
v 0.526251 0.823193 -1.061931
v 2.332420 0.646943 -0.995736
v 0.622596 0.643294 -1.051101
v 0.622596 0.823193 -1.061931
v 2.236910 0.640567 -1.032650
v 2.214880 0.750642 -1.044278
v 0.526251 0.643323 -1.051103
v 0.071126 0.643330 -1.051103
v 0.621797 1.552813 -1.100852
v 0.622403 1.415625 -1.092676
v 0.621026 1.931899 -1.123725
v 0.619886 1.634774 -1.105577
v 0.619876 1.959384 -1.123662
v 0.621133 1.867133 -1.119826
v 0.621749 1.740743 -1.112165
v 0.621797 1.212484 -1.081139
v 0.611797 0.751056 -1.049138
v 0.611797 0.679288 -1.044818
v 0.528207 0.755289 -1.049393
v 2.097728 0.793918 -1.047028
v 2.078675 0.887155 -1.052291
v 0.528207 0.674544 -1.044532
v -0.329317 1.123250 -1.077692
v -0.322030 0.674037 -1.052952
v -0.322030 0.762536 -1.058280
v -0.322030 0.585965 -1.047650
v -0.819020 1.151839 -1.082338
v -0.819020 0.730059 -1.046634
v -0.819020 0.788234 -1.052105
v -0.819020 0.671885 -1.041164
v -0.322030 0.643330 -1.051103
v 1.917782 0.961605 -1.057187
v -0.322030 0.827070 -1.062165
v 0.501491 0.533546 -0.988621
v -0.809797 1.164617 -0.932391
v 0.465017 0.251406 -1.027234
v 0.465714 0.474040 -1.040637
v 0.610957 0.158949 -0.904432
v 0.611681 0.553371 -0.930045
v 0.693064 0.531737 -0.978573
v 2.517640 0.779480 -0.635753
v -0.336461 1.964221 -1.124618
v -0.641353 1.532284 -1.097810
v 0.517384 1.550790 -1.100539
v -0.008698 1.520911 -1.097131
v -0.087409 1.964221 -1.124618
v 0.560114 0.474040 -1.040637
v -0.329195 1.205113 -1.078919
v -0.819020 1.217369 -1.087451
v -0.642564 1.646810 -1.104691
v -0.334287 1.854739 -1.118027
v -0.666585 1.727344 -1.110358
v -0.085789 1.854738 -1.118027
v -0.336902 1.926711 -1.122360
v -0.819020 1.863514 -1.137866
v 0.074361 1.631416 -1.104583
v -0.321735 1.758456 -1.111346
v -0.665993 1.441033 -1.093122
v 2.506395 0.854732 -0.697990
v 0.517875 1.416416 -1.092517
v 0.074323 1.964221 -1.124618
v -0.086511 1.926711 -1.122360
v 0.074361 1.542206 -1.099212
v 0.515838 1.634133 -1.105388
v 1.483895 1.713601 -1.103563
v 0.074361 1.321183 -1.085907
v 0.074636 1.727315 -1.110356
v -0.007446 1.635810 -1.104045
v 0.075552 1.854734 -1.118027
v 0.074361 1.419772 -1.091842
v 0.074361 1.205113 -1.078919
v -0.322632 1.410268 -1.090385
v 0.076164 1.926711 -1.122360
v -0.594460 1.754121 -1.111203
v -0.635115 1.732886 -1.109891
v -0.055854 1.414567 -1.090762
v -0.023383 1.431328 -1.091765
v -0.633907 1.435885 -1.092038
v -0.594466 1.415373 -1.090811
v -0.015134 1.732975 -1.109922
v -0.054803 1.753359 -1.111158
v -0.619823 2.329667 -1.157928
v -0.620669 2.213875 -1.150971
v -0.642610 2.208682 -1.153621
v 0.015441 2.219959 -1.146809
v -0.641849 2.333075 -1.161094
v -0.321758 2.450194 -1.164469
v -0.013683 2.283698 -1.151016
v -0.322655 2.102006 -1.143518
v -0.614688 2.414740 -1.162967
v -0.614498 2.138291 -1.146320
v -0.594464 2.445675 -1.167388
v -0.635117 2.424413 -1.166531
v -0.055892 2.106486 -1.140900
v -0.016424 2.126887 -1.141676
v -0.633908 2.127413 -1.148665
v -0.594470 2.106927 -1.146995
v -0.076016 2.354858 -1.156043
v -0.158547 2.391084 -1.159148
v -0.614582 2.414177 -1.172320
v -0.614393 2.137727 -1.155674
v -0.575511 2.434754 -1.173109
v -0.575518 2.117030 -1.153982
v -0.322738 2.115972 -1.151187
v -0.321915 2.435409 -1.170408
v -0.074620 2.116623 -1.148314
v -0.172067 2.378849 -1.165239
v -0.012560 2.224185 -1.154207
v -0.038470 2.281750 -1.157924
v -0.035707 2.137234 -1.149124
v -0.095563 2.346146 -1.162404
v 1.182586 1.890811 -1.107663
v 0.765586 1.882204 -1.107145
v 0.787880 1.904643 -1.108496
v 1.349540 1.865608 -1.107104
v 0.961511 1.899316 -1.108175
v 0.750642 1.449270 -1.081082
v 0.749117 1.767964 -1.100268
v 1.412597 1.749845 -1.099177
v 1.469094 1.298023 -1.071977
v 1.440418 1.286240 -1.071267
v 0.749879 1.567772 -1.088216
v 1.488762 1.376337 -1.076691
v 0.766452 1.406713 -1.078520
v 1.267895 1.301493 -1.072186
v 0.827372 1.903146 -1.108406
v 1.040073 1.332800 -1.074070
v 1.468377 1.552392 -1.087290
v 0.890764 1.359375 -1.075670
v 1.206218 1.325628 -1.080317
v 1.202537 1.310075 -1.079380
v 1.156222 1.331310 -1.080659
v 1.073697 1.869794 -1.113076
v 1.058385 1.886604 -1.112900
v 1.125710 1.869390 -1.113052
v 1.203568 1.444399 -1.087467
v 1.140061 1.562404 -1.094571
v 1.189834 1.561946 -1.094543
v 1.206756 1.392792 -1.084360
v 1.156793 1.395284 -1.084510
v 1.153700 1.444883 -1.087496
v 1.100495 1.762186 -1.106598
v 1.150368 1.761403 -1.106551
v 1.119924 1.321627 -1.076737
v 1.152604 1.316936 -1.079793
v 1.038568 1.896696 -1.111356
v 1.310755 1.883361 -1.109171
v 1.497395 1.433317 -1.080122
v 1.124708 1.892560 -1.114446
v 1.166131 0.515748 -0.983838
v 1.032887 0.515748 -0.983838
v 0.939864 0.515748 -0.983838
v 0.782989 0.512759 -1.033497
v 1.231264 0.515748 -0.983838
v 0.888035 0.512759 -1.033497
v 1.312153 0.512356 -1.040194
v 0.939864 0.512759 -1.033497
v 0.706491 0.512759 -1.033497
v 0.835512 0.512759 -1.033497
v 1.231264 0.512759 -1.033497
v 1.390326 0.227024 -1.023017
v 1.099509 0.512759 -1.033497
v 1.032887 0.512759 -1.033497
v 1.166131 0.512759 -1.033497
v 0.782989 0.397945 -1.056045
v 1.312153 0.515753 -0.983756
v 0.888035 0.397945 -1.056045
v 1.312153 0.399308 -1.033389
v 0.939864 0.397945 -1.056045
v 0.706491 0.411261 -1.027387
v 0.835512 0.397945 -1.056045
v 1.231264 0.397945 -1.056045
v 1.099509 0.397945 -1.056045
v 1.032887 0.397945 -1.056045
v 1.166131 0.397945 -1.056045
v 0.782989 0.333976 -1.052194
v 0.888035 0.515748 -0.983838
v 0.888035 0.333976 -1.052194
v 1.312153 0.335340 -1.029538
v 0.939864 0.333976 -1.052194
v 0.706491 0.335743 -1.022841
v 0.835512 0.333976 -1.052194
v 1.231264 0.333976 -1.052194
v 1.354410 0.335340 -1.029538
v 1.099509 0.333976 -1.052194
v 1.032887 0.333976 -1.052194
v 1.166131 0.333976 -1.052194
v 0.782989 0.225660 -1.045673
v 0.782989 0.515748 -0.983838
v 0.888035 0.225660 -1.045673
v 1.312153 0.227024 -1.023017
v 0.939864 0.225660 -1.045673
v 0.706491 0.266683 -1.018683
v 0.835512 0.225660 -1.045673
v 1.231264 0.225660 -1.045673
v 1.354410 0.399308 -1.033389
v 1.099509 0.225660 -1.045673
v 1.032887 0.225660 -1.045673
v 1.166131 0.225660 -1.045673
v 0.835512 0.515748 -0.983838
v 0.888035 0.150333 -1.047552
v 1.312153 0.152082 -1.018505
v 0.706491 0.152485 -1.011809
v 1.099509 0.150333 -1.047552
v 1.099509 0.515748 -0.983838
v 0.835512 0.400934 -1.006386
v 0.782989 0.400934 -1.006386
v 0.888035 0.400934 -1.006386
v 1.312153 0.400939 -1.006304
v 1.231264 0.400934 -1.006386
v 0.939864 0.400934 -1.006386
v 1.032887 0.400934 -1.006386
v 1.166131 0.400934 -1.006386
v 1.099509 0.400934 -1.006386
v 0.835512 0.338733 -0.973181
v 0.782989 0.338733 -0.973181
v 0.888035 0.338733 -0.973181
v 1.312153 0.338738 -0.973100
v 1.231264 0.338733 -0.973181
v 0.939864 0.338733 -0.973181
v 1.032887 0.338733 -0.973181
v 1.166131 0.338733 -0.973181
v 1.099509 0.338733 -0.973181
v 0.835512 0.228650 -0.996014
v 0.782989 0.228650 -0.996014
v 0.888035 0.228650 -0.996014
v 1.312153 0.228655 -0.995932
v 1.231264 0.228650 -0.996014
v 0.939864 0.228650 -0.996014
v 1.032887 0.228650 -0.996014
v 1.166131 0.228650 -0.996014
v 1.099509 0.228650 -0.996014
v 0.808472 0.720522 -1.051161
v 0.774875 0.720522 -1.051161
v 0.836617 0.720522 -1.051161
v 0.862855 0.720522 -1.051161
v 0.855047 0.720522 -1.051161
v 0.745648 0.720522 -1.051161
v 0.756091 0.720522 -1.051161
v 0.748637 0.720522 -1.051161
v 0.836617 0.721461 -1.035569
v 0.808472 0.721461 -1.035569
v 0.862855 0.721461 -1.035569
v 0.855047 0.721461 -1.035569
v 0.774875 0.721461 -1.035569
v 0.756091 0.721461 -1.035569
v 0.745648 0.721461 -1.035569
v 0.748637 0.721461 -1.035569
v 0.836617 0.670956 -1.048177
v 0.808472 0.670956 -1.048177
v 0.862855 0.670956 -1.048177
v 0.855047 0.670956 -1.048177
v 0.774875 0.670956 -1.048177
v 0.756091 0.670956 -1.048177
v 0.745648 0.670956 -1.048177
v 0.748637 0.670956 -1.048177
v 0.748637 0.671894 -1.032585
v 0.745648 0.671894 -1.032585
v 0.836617 0.671894 -1.032585
v 0.808472 0.671894 -1.032585
v 0.862855 0.671894 -1.032585
v 0.855047 0.671894 -1.032585
v 0.774875 0.671894 -1.032585
v 0.756091 0.671894 -1.032585
v 0.554588 0.753769 -1.053954
v 0.520992 0.753769 -1.053954
v 0.574663 0.745972 -1.053485
v 0.608971 0.736348 -1.052905
v 0.593796 0.739803 -1.053113
v 0.593796 0.683991 -1.034909
v 0.608971 0.687448 -1.035117
v 0.554588 0.670027 -1.034068
v 0.574663 0.677824 -1.034537
v 0.574663 0.676933 -1.049328
v 0.554588 0.669136 -1.048859
v 0.608971 0.686558 -1.049908
v 0.593796 0.683101 -1.049700
v 0.520992 0.669136 -1.048859
v 0.520992 0.754660 -1.039163
v 0.593796 0.740694 -1.038322
v 0.608971 0.737238 -1.038114
v 0.554588 0.754660 -1.039163
v 0.574663 0.746863 -1.038693
v 0.520992 0.670027 -1.034068
v 0.749568 1.650780 -1.097431
v 1.445185 1.634260 -1.096436
v 1.173427 1.644648 -1.103738
v 1.123613 1.645241 -1.103774
v 0.691879 1.644229 -1.107520
v 0.738338 1.647285 -1.102462
v 1.464291 1.652038 -1.100048
v 0.749562 1.651027 -1.093228
v 1.445180 1.634507 -1.092233
v 1.173421 1.644895 -1.099537
v 1.123607 1.645488 -1.099573
v 2.524276 0.705878 -0.633398
v 2.510824 0.946752 -0.619376
v 1.918843 1.230236 -0.995356
v 2.110818 1.181459 -0.993521
v 2.210795 1.094749 -0.984491
v 2.243675 1.049867 -0.985564
v 2.318559 0.978738 -1.007978
v 2.385749 0.879871 -0.892333
v 2.375729 0.929527 -0.942094
v 2.349508 0.946439 -0.966412
v 2.501251 1.037431 -0.543876
v -0.819031 2.772060 -0.784385
v -0.906223 0.174192 -0.651235
v -0.906223 2.657412 -0.863117
v -0.906223 2.772060 -0.784385
v 2.574005 1.151821 -0.534066
v 1.543601 2.074713 -0.861069
v 1.705956 1.545482 -0.807089
v -0.395553 2.861705 -0.896656
v 0.271211 2.696720 -0.886724
v 0.560778 2.541938 -0.877406
v 1.919648 1.520505 -0.629989
v -0.819031 2.861705 -0.896656
v 2.138951 1.477576 -0.627418
v 0.660177 2.463768 -0.872353
v 2.301528 1.385153 -0.602464
v 2.428067 1.329187 -0.569338
v 2.521219 1.262075 -0.539024
v 1.476679 2.137247 -0.923172
v -0.906223 0.634163 -0.740294
v -0.906223 0.593495 -0.676698
v -0.906223 0.577151 -0.675705
v -0.906223 0.186124 -0.651966
v 1.230316 2.237732 -0.859074
v 1.402879 2.169194 -0.925096
v 0.828836 2.334508 -0.864919
v 0.778262 2.349864 -0.865843
v 0.736652 2.371077 -0.868041
v -0.906223 0.920704 -0.757682
v -0.819031 2.795461 -0.874295
v 2.559926 1.215107 -0.539195
v 2.524579 1.086886 -0.487050
v -0.906223 2.734723 -0.848955
v 2.536334 0.494866 -0.596086
v 2.539076 0.583616 -0.611431
v -0.819063 2.794628 -0.510260
v -0.906223 2.685275 -0.513225
v -0.906223 2.794628 -0.510260
v 2.762904 1.219912 -0.262329
v 1.705874 1.582473 -0.452291
v 0.271211 2.744085 -0.562450
v 0.560778 2.589304 -0.553132
v 1.919554 1.553861 -0.362770
v 2.138933 1.511038 -0.360192
v 0.660177 2.511134 -0.548079
v 2.345271 1.433852 -0.357175
v 2.423014 1.358204 -0.348418
v 2.536969 1.289174 -0.348713
v 1.476679 2.187701 -0.528955
v 2.654961 0.165315 -0.455748
v -0.906223 0.656526 -0.390582
v -0.906223 0.613899 -0.357442
v -0.906223 0.597503 -0.356450
v -0.906223 0.205402 -0.332745
v 1.230318 2.279278 -0.534468
v 1.402866 2.219653 -0.530878
v 0.828836 2.366572 -0.539723
v -0.906223 0.943811 -0.407946
v 2.548318 0.407343 -0.467105
v 2.799296 1.177755 -0.110709
v -0.906223 2.751308 -0.507792
v 2.670321 0.682001 -0.013121
v 2.685077 0.624385 -0.070278
v 2.814219 1.072782 -0.044641
v 2.804351 1.100908 -0.107173
v -0.906223 0.193409 -0.332018
v 1.543601 2.136153 -0.496683
v -0.395553 2.923174 -0.573231
v -0.819063 2.923174 -0.573231
v 0.778272 2.381921 -0.540647
v 0.736657 2.418468 -0.543308
v -0.819063 2.840385 -0.523996
v 2.667907 1.249506 -0.308594
v -0.819020 0.659911 -0.941977
v -0.906223 0.805080 -0.876275
v -0.906223 0.858902 -0.051706
v -0.819020 0.776237 -0.957257
v -0.819020 0.808247 -0.877677
v -0.906223 0.813247 -0.751161
v -0.906223 0.836074 -0.401434
v -0.819020 0.726777 -0.950140
v -0.819020 1.157357 -0.990682
v -0.906223 1.935045 -0.116491
v -0.906223 1.874669 -0.941274
v -0.819020 1.869412 -1.039891
v -0.819020 1.875311 -0.941915
v -0.906223 1.883830 -0.816128
v -0.906223 1.909437 -0.466309
v -0.819020 1.222922 -0.995213
v -0.330252 0.553371 -0.930045
v -0.335004 0.165391 -0.966458
v -0.334748 0.533546 -0.988621
v -0.330499 0.158949 -0.904432
v 0.559366 0.251406 -1.027234
v -0.348125 0.251406 -1.027234
v -0.347869 0.474040 -1.040637
v 0.078189 0.165391 -0.966458
v 0.078663 0.533546 -0.988621
v 0.053868 0.251406 -1.027234
v 0.054341 0.474040 -1.040637
v 0.086998 0.553371 -0.930045
v 0.086539 0.158949 -0.904432
v 0.598521 0.533546 -0.988621
v 0.500794 0.165391 -0.966458
v -0.819020 0.266385 -0.890912
v 0.513751 0.553371 -0.930045
v 0.513077 0.158949 -0.904432
v 0.692892 0.401547 -0.970310
v 0.676651 0.355834 -0.917219
v 0.676462 0.257065 -0.910806
v 0.559553 0.307065 -1.030585
v -0.819020 0.349468 -0.977540
v 0.662876 0.349468 -0.977540
v -0.819020 0.374075 -0.779483
v -0.906223 0.421267 -0.025361
v -0.906223 0.374548 -0.778041
v -0.819020 0.362723 -1.033935
v 0.622715 0.362723 -1.033935
v -0.819020 0.362484 -0.896697
v 0.559740 0.362723 -1.033935
v -0.906223 0.381638 -0.663835
v -0.906223 0.401452 -0.344598
v -0.347997 0.362723 -1.033935
v 0.054105 0.362723 -1.033935
v 0.465365 0.362723 -1.033935
v -0.348061 0.307064 -1.030584
v 0.053986 0.307064 -1.030584
v 0.465191 0.307065 -1.030585
v -0.819020 0.257429 -0.971999
v 0.662681 0.257429 -0.971999
v -0.819020 0.275718 -0.773561
v -0.906223 0.322973 -0.019443
v -0.906223 0.276887 -0.772104
v -0.819020 0.307064 -1.030584
v 0.622520 0.307065 -1.030585
v -0.906223 0.283881 -0.657900
v -0.906223 0.303427 -0.338672
v 1.455386 0.227024 -1.023017
v 1.529058 0.227024 -1.023017
v 1.537943 0.152082 -1.018505
v 1.528127 0.232060 -0.939365
v 1.537866 0.157107 -0.935030
v 1.528127 0.287568 -0.017312
v 1.537012 0.212626 -0.012800
v 1.603137 1.555449 -1.087725
v 1.651298 1.731273 -1.017186
v 1.658973 1.869692 -0.153317
v 1.636753 1.678728 -1.054269
v 1.604628 1.857555 -1.015056
v 1.613326 2.012053 -0.161887
v 1.588269 1.801257 -1.061977
v 1.641164 1.465857 -1.081347
v 1.682534 1.612308 -1.005095
v 1.694947 1.740227 -0.145523
v 1.671670 1.570268 -1.045041
v 1.557491 1.504656 -1.090790
v 1.079976 2.010141 -1.118255
v 1.147032 1.994125 -1.117573
v 1.154000 2.227287 -1.070710
v 1.086837 2.239040 -1.071417
v 1.153950 2.346257 -0.141246
v 1.086856 2.357995 -0.141953
v 1.087028 2.174426 -1.123567
v 1.154264 2.162834 -1.122869
v 1.086849 2.265997 -0.860775
v 1.153969 2.254254 -0.860069
v 1.086854 2.307542 -0.536169
v 1.153955 2.295801 -0.535462
v 1.553974 2.196222 -0.155063
v 1.716166 1.618093 -0.120260
v 1.669346 1.870766 -0.135471
v 1.623699 2.013127 -0.144041
v 1.705320 1.741301 -0.127677
v 1.558016 2.197592 -0.132296
v 1.720207 1.619464 -0.097493
v 1.673387 1.872137 -0.112704
v 1.627741 2.014498 -0.121274
v 1.709361 1.742672 -0.104910
v 1.752926 1.373765 -0.941658
v 1.733083 1.508223 -0.912021
v 1.732035 0.779577 -0.046931
v 1.705851 0.810387 -1.049297
v 1.758338 1.481151 -0.914737
v 1.738476 0.738588 -1.045966
v 1.733031 0.726386 -0.979898
v 1.730436 1.117904 -1.077079
v 1.731254 1.236316 -1.039189
v 1.721186 0.956980 -1.061824
v 1.737507 1.541794 -0.780941
v 1.737423 1.578248 -0.439074
v -0.819020 0.730915 -0.913615
v -0.819020 0.668640 -0.909866
v -0.795463 2.154590 -1.006608
v -0.795463 2.086588 -1.002515
v -0.809797 1.230217 -0.936340
v -0.906223 2.377102 -0.742770
v -0.906223 2.523708 -0.753961
v -0.906223 2.534899 -0.607355
v -0.906223 2.388294 -0.596164
v -0.906223 2.448088 -0.778728
v -0.906223 2.559666 -0.682976
v -0.906223 2.463914 -0.571397
v -0.906223 2.352336 -0.667150
v -0.943144 2.456000 -0.675062
v -0.906223 1.184007 -0.670945
v -0.906223 1.330613 -0.682136
v -0.906223 1.341804 -0.535530
v -0.906223 1.195198 -0.524339
v -0.906223 1.254993 -0.706903
v -0.906223 1.366571 -0.611151
v -0.906223 1.270819 -0.499572
v -0.906223 1.159240 -0.595325
v -0.943144 1.262906 -0.603237
v -2.623415 0.832858 -0.050139
v -2.687017 0.796556 -0.047953
v -2.687043 0.757173 -0.691805
v -2.623405 0.797247 -0.644989
v -2.659249 0.755485 -0.719529
v -2.188262 0.796556 -0.047953
v -2.247368 0.832858 -0.050139
v -2.188288 0.757173 -0.691805
v -2.216083 0.755485 -0.719529
v -2.247357 0.797246 -0.644989
v -2.685097 0.833749 -0.050192
v -2.685071 0.795550 -0.695048
v -2.657276 0.793900 -0.722776
v -2.186342 0.833749 -0.050192
v -2.186316 0.795550 -0.695048
v -2.214110 0.793900 -0.722776
v -3.115445 0.769065 -0.516137
v -3.115445 0.701952 -0.512097
v -0.898093 0.769065 -0.516137
v -0.898093 0.701952 -0.512097
v -3.188594 0.725041 -0.513487
v -3.188594 0.701952 -0.512097
v 0.676272 0.212626 -0.012800
v -0.819020 0.212626 -0.012800
v 0.610957 0.212626 -0.012800
v 0.888035 0.212626 -0.012800
v 1.312153 0.212626 -0.012800
v 0.706491 0.212626 -0.012800
v 1.456438 0.151855 -1.022280
v 1.099509 0.212626 -0.012800
v 1.391379 0.151855 -1.022280
v -0.330499 0.212626 -0.012800
v 0.086539 0.212626 -0.012800
v 0.513077 0.212626 -0.012800
v 1.229374 0.150333 -1.047552
v 1.164241 0.150333 -1.047552
v 0.938868 0.150333 -1.047552
v 1.031890 0.150333 -1.047552
v 0.835804 0.150333 -1.047552
v 0.783281 0.150333 -1.047552
v -3.188003 0.756255 -0.544850
v -3.188003 0.771046 -0.299156
v -3.188003 0.708142 -0.295369
v -3.188003 0.693351 -0.541064
v -3.152020 0.756674 -0.515391
v -3.152020 0.701952 -0.512097
v 2.764913 1.066605 -0.106876
v 2.501252 0.995923 -0.547284
v 2.523425 0.584933 -0.612862
v 2.514382 0.704647 -0.638870
v 2.539790 0.588846 -0.560613
v 2.664046 0.622412 -0.071029
v 2.499687 0.948980 -0.622912
v 2.511866 0.875164 -0.645832
v -3.079362 0.696858 -1.057151
v -3.117054 0.661193 -1.055004
v -3.117054 0.686301 -0.637933
v -3.079362 0.721966 -0.640080
v -3.086483 0.739471 -0.641134
v -3.124562 0.703986 -0.638998
v -3.124562 0.678878 -1.056069
v -3.086483 0.714363 -1.058205
v -1.561184 0.664670 -1.055213
v -1.599320 0.699923 -1.057335
v -1.599320 0.725031 -0.640264
v -1.561184 0.689778 -0.638142
v -1.553754 0.707483 -0.639208
v -1.592275 0.742558 -0.641320
v -1.592275 0.717450 -1.058391
v -1.553754 0.682375 -1.056279
v 2.473678 0.730983 -0.721388
v 2.485279 0.780316 -0.698942
v 2.481751 0.824083 -0.724772
v 2.369999 0.722643 -0.899818
v 2.355923 0.794371 -0.932682
v 2.411664 0.857716 -0.887322
v 0.271211 2.610664 -1.121762
v 0.560875 2.455513 -1.112422
v 0.653047 2.377180 -1.107359
v 1.471838 2.085453 -1.090144
v 1.528931 1.984115 -1.034222
v 1.697257 1.520444 -0.970309
v 1.932449 1.480694 -0.780312
v 2.136295 1.425035 -0.777950
v 2.307921 1.340200 -0.752153
v 2.430435 1.283195 -0.716953
v 2.507329 1.210577 -0.702445
v 2.382395 0.210174 -0.011814
v 1.227901 2.180409 -1.095860
v 1.397400 2.123576 -1.092439
v 0.821830 2.246370 -1.099831
v 0.726935 2.286826 -1.103006
v 2.502047 1.064526 -0.594366
v 2.445801 0.380144 -0.798265
v 2.420851 0.471765 -0.804158
v 2.508564 0.998543 -0.659449
v -0.395553 2.767578 -1.137833
v -0.819020 2.767667 -1.137838
v 2.490125 1.116485 -0.646815
v -0.819020 2.745929 -0.932586
v -0.906223 2.745929 -0.932586
v -0.906223 2.795317 -0.168280
v 0.769084 2.264366 -1.100914
v -0.819020 2.756798 -1.035212
v 2.502732 1.173640 -0.673385
v 2.477441 0.132256 -0.791893
v 2.444755 0.682201 -0.817553
v 2.473030 0.885809 -0.793794
v -0.906223 2.753423 -0.816616
v -0.906223 2.773004 -0.509028
v 1.644037 1.705044 -1.035697
v 1.596462 1.829453 -1.038477
v 1.677111 1.591323 -1.025035
v 1.154132 2.195114 -1.096745
v 1.086932 2.206787 -1.097448
v 1.745689 1.494710 -0.913376
v 2.438822 0.710977 -0.805997
v 2.452631 0.786119 -0.815071
v 2.461915 0.846904 -0.792408
v 2.521067 0.744643 -0.653948
v 2.518246 0.832012 -0.670797
v 2.504230 0.688985 -0.734849
v 2.499325 0.787294 -0.676673
v 2.336363 0.739328 -0.965712
v 2.379205 0.856964 -0.942443
v 2.473804 0.877767 -0.743142
v 2.481309 0.752896 -0.698296
v 2.486571 0.805751 -0.704310
v 2.454675 0.717486 -0.751786
v 2.469755 0.783063 -0.747107
v 2.350316 0.746732 -0.931321
v 2.380457 0.833196 -0.915126
v 2.475881 0.836672 -0.746515
v 2.490936 0.838819 -0.710384
v 2.396102 0.871478 -0.891641
v 2.352489 0.796794 -0.960612
v 2.366474 0.715380 -0.918180
v 2.492080 0.724221 -0.695121
v 2.389792 0.690230 -0.882894
v 2.447535 0.885228 -0.851670
v 2.411048 0.709791 -0.872613
v 2.400752 0.793895 -0.882360
v 2.448176 0.851564 -0.849772
v 2.465732 0.865033 -0.792964
v 2.440097 0.696808 -0.807602
v 2.445318 0.746585 -0.821428
v 2.459057 0.822325 -0.807138
v 2.474609 0.815189 -0.748503
v 2.463318 0.748513 -0.750550
v 2.468032 0.704995 -0.739612
v 2.447554 0.866681 -0.851308
v 2.478331 0.856523 -0.745345
v 2.495116 0.751105 -0.675161
v 2.342755 0.742253 -0.950302
v 2.405736 0.700356 -0.877126
v 2.389541 0.745943 -0.882044
v 2.434184 0.824242 -0.877020
v 2.495957 0.817316 -0.685855
v 2.378320 0.846191 -0.934928
v 1.536008 2.123418 0.750561
v 1.698028 1.632806 0.778515
v 1.543601 2.200037 -0.091683
v 1.705792 1.621909 -0.056879
v -0.641353 1.652918 0.906059
v -0.008698 1.641546 0.906749
v -0.642564 1.767443 0.899151
v -0.321735 1.879080 0.892364
v -0.007446 1.756445 0.899829
v -0.322632 1.530893 0.913325
v -0.594460 1.874759 0.892743
v -0.635115 1.853521 0.893987
v -0.055854 1.535206 0.913184
v -0.023383 1.551967 0.912169
v -0.633907 1.556523 0.911894
v -0.594466 1.536012 0.913135
v -0.015134 1.853613 0.894008
v -0.054803 1.873998 0.892788
v -0.614654 1.844067 0.901191
v -0.614464 1.567618 0.917833
v -0.575580 1.864616 0.899944
v -0.575587 1.546892 0.919071
v -0.322792 1.545678 0.919263
v -0.321969 1.865114 0.900032
v -0.074657 1.546148 0.919117
v -0.073676 1.863902 0.899988
v -0.035742 1.566734 0.917886
v -0.034612 1.843282 0.901238
v 1.195485 1.987476 0.879369
v 1.182586 2.010038 0.872829
v 0.996924 1.566417 0.904717
v 0.765586 2.001431 0.873348
v 0.787880 2.023870 0.871997
v 1.349540 1.984949 0.875299
v 1.310503 1.563372 0.904900
v 0.961511 2.018543 0.872317
v 0.750642 1.568497 0.899411
v 0.749117 1.887191 0.880225
v 1.412597 1.869072 0.881316
v 1.469094 1.417250 0.908516
v 1.440418 1.405467 0.909225
v 0.749879 1.686999 0.892277
v 1.488762 1.495564 0.903801
v 0.766452 1.525940 0.901972
v 0.806658 1.568264 0.904606
v 1.282937 1.436805 0.907338
v 1.267895 1.420720 0.908307
v 1.283909 1.682399 0.897735
v 1.232850 1.880086 0.885834
v 0.827372 2.022373 0.872087
v 1.304240 1.508287 0.908217
v 1.040073 1.452027 0.906422
v 0.803311 1.686818 0.897469
v 0.984799 1.685149 0.897569
v 1.468377 1.671619 0.893203
v 0.890764 1.478601 0.904822
v 1.206218 1.445656 0.913484
v 1.202537 1.430103 0.914420
v 1.156222 1.451338 0.913142
v 1.073697 1.989822 0.880725
v 1.058385 2.006490 0.878533
v 1.125710 1.989418 0.880749
v 1.203568 1.564427 0.906334
v 1.140061 1.682432 0.899230
v 1.189834 1.681974 0.899257
v 1.206756 1.512820 0.909440
v 1.156793 1.515312 0.909290
v 1.153700 1.564911 0.906304
v 1.100495 1.882214 0.887203
v 1.150368 1.881431 0.887250
v 1.119924 1.441255 0.910410
v 1.152604 1.436964 0.914007
v 1.038568 2.016324 0.875790
v 1.115841 1.684240 0.902549
v 1.135154 1.565370 0.909705
v 1.310755 2.002823 0.875220
v 1.497395 1.552544 0.900371
v 1.124708 2.012588 0.879354
v 1.026381 1.465286 0.905624
v 1.004807 1.522636 0.907353
v 1.117862 1.455364 0.909560
v 1.078843 1.882750 0.890599
v 1.135936 1.516684 0.912636
v 0.956330 1.993876 0.878984
v 0.961911 1.884239 0.885584
v 0.823123 1.531342 0.906829
v 0.797516 1.886760 0.885432
v 1.050652 1.991592 0.883409
v 0.811220 1.997717 0.878753
v 0.749562 1.770254 0.887265
v 1.262675 1.764612 0.892786
v 1.445180 1.753734 0.888259
v 1.173421 1.764923 0.894264
v 1.123607 1.765516 0.894228
v 1.100454 1.766795 0.897579
v 0.975280 1.767946 0.892585
v 0.800901 1.769968 0.892463
v 1.543601 2.163029 0.605955
v 1.705956 1.631145 0.615854
v 1.705874 1.625304 0.259181
v 1.543601 2.180311 0.236829
v 1.651298 1.840798 0.802145
v 1.658973 1.874582 -0.072090
v 1.659071 1.865240 0.610648
v 1.659022 1.868688 0.248972
v 1.604628 1.965913 0.784881
v 1.613326 2.016943 -0.080661
v 1.613380 1.995252 0.608728
v 1.613353 2.004875 0.243727
v 1.682534 1.721241 0.804413
v 1.694947 1.745117 -0.064296
v 1.688329 1.738171 0.613554
v 1.688263 1.736661 0.254548
v 2.836926 1.074855 0.005927
v 2.765353 0.551207 0.040077
v 2.835446 0.595548 0.609696
v 2.859632 1.086200 0.501098
v 0.676272 0.266303 0.878832
v -0.395553 2.908129 0.761554
v -0.395553 2.757911 0.852631
v 0.561170 2.450649 0.844586
v 0.560778 2.593408 0.780501
v -0.819020 2.758267 0.852610
v -0.819020 2.908129 0.761554
v 0.271211 2.606913 0.835179
v 0.271211 2.748188 0.771183
v 0.631609 2.371782 0.848987
v 0.660177 2.515195 0.784862
v 1.420795 2.033104 0.874979
v 1.476679 2.231561 0.802284
v 1.489868 1.941920 0.880115
v 1.536008 2.123418 0.750561
v 1.686653 1.517053 0.899034
v 1.698028 1.632806 0.778515
v 1.919148 1.444053 0.681380
v 1.932551 1.579239 0.572849
v 2.137929 1.391863 0.667461
v 2.138827 1.524266 0.570914
v 2.363955 1.325809 0.657590
v 2.370204 1.456836 0.552069
v 2.529176 1.264930 0.645860
v 2.540597 1.394269 0.529646
v 2.620386 1.222674 0.633487
v 2.696298 1.325580 0.520787
v 2.716367 0.266643 0.884481
v 2.828053 0.460622 0.025817
v -3.150230 0.830806 0.449308
v -0.860911 0.830806 0.449308
v -3.150230 0.753254 0.453977
v -0.860911 0.753254 0.453977
v -0.819095 0.257935 0.739835
v -0.819020 2.746886 0.663547
v -0.819020 2.850343 0.556368
v -0.906223 2.850343 0.556368
v -0.906223 2.746886 0.663547
v -0.906223 0.257935 0.739835
v 1.543601 2.200037 -0.091683
v 1.705792 1.621909 -0.056879
v 2.661615 0.519394 0.933912
v 2.661615 0.270521 0.948895
v 2.869072 0.212046 0.030032
v 2.686603 0.604360 0.936029
v 2.804944 1.238021 0.483440
v -0.819020 0.659638 0.835164
v 0.677030 0.660949 0.856942
v -0.819020 0.266303 0.878832
v -0.819020 0.280139 0.939637
v 0.662485 0.280139 0.939637
v 0.663267 0.648294 0.917474
v -0.819020 0.648294 0.917474
v 1.455386 0.630739 0.971379
v -0.819020 0.706559 0.955556
v 0.691879 0.707008 0.963021
v -0.819020 2.276149 0.892597
v -0.819020 0.678052 0.719652
v -0.819020 0.268170 0.740819
v -0.819020 0.661603 0.717134
v -0.819020 0.727373 0.785232
v -0.906223 0.727295 0.783923
v -0.906223 0.676845 0.714876
v -0.906223 0.660518 0.715848
v -0.906223 0.269846 0.739131
v 1.486624 0.772041 0.955380
v 1.580582 0.872033 0.948502
v 1.919671 0.974781 0.941763
v 2.108594 0.955256 0.942938
v 2.243399 0.898088 0.946841
v 2.335588 0.830056 0.950475
v 2.416468 0.613326 0.972737
v 2.789188 1.144446 0.600640
v 1.198508 2.108848 0.870066
v 1.230315 2.323137 0.796771
v 1.350960 2.078916 0.872108
v 1.402884 2.263507 0.800361
v 0.800765 2.236355 0.857487
v 0.741501 2.262280 0.855926
v 0.828837 2.385977 0.792988
v 0.778258 2.401336 0.792064
v 0.697593 2.287506 0.853902
v 0.736650 2.422668 0.791865
v -0.906223 1.011755 0.766962
v -0.819020 1.025578 0.946849
v -0.819020 1.014807 0.767928
v -0.819020 2.208148 0.896691
v 1.395102 2.301274 0.783764
v 1.577679 2.134802 0.793785
v 1.372482 2.288344 0.784936
v 1.555059 2.121871 0.794958
v 1.572527 2.119751 0.824457
v 1.372449 2.307692 0.813143
v 1.506165 2.232831 0.803948
v 1.483545 2.219901 0.805119
v 1.494695 2.227028 0.834062
v 2.819074 0.500222 0.615435
v 2.683936 0.684001 0.848439
v 2.683936 0.285568 0.865067
v -0.819020 0.372824 0.989655
v -0.819020 0.595458 0.976252
v 0.622324 0.372824 0.989655
v 0.623107 0.595458 0.976252
v -3.225776 0.738463 0.208283
v -3.225776 0.767475 0.206536
v -3.225776 0.753254 0.453977
v -3.225776 0.782266 0.452230
v -0.881479 0.816015 0.203614
v -0.881479 0.738463 0.208283
v -3.150230 0.816015 0.203614
v -3.150230 0.738463 0.208283
v -1.435679 0.812091 0.389815
v -1.332744 0.812091 0.389815
v -1.435752 0.803662 0.390156
v -1.332817 0.803662 0.390156
v -2.081890 0.792680 0.390984
v -1.978955 0.792680 0.390984
v -2.081963 0.784251 0.391324
v -1.979028 0.784251 0.391324
v -2.720698 0.925075 0.037739
v -2.533062 0.900437 0.015767
v -2.392666 0.883766 0.028624
v -2.293972 0.869887 0.001801
v -2.799533 0.936678 0.067776
v -2.657327 0.923505 0.142471
v -2.526523 0.907311 0.143446
v -2.395719 0.891116 0.144421
v -2.264915 0.874921 0.145396
v -2.131137 0.857696 0.135377
v -2.811364 0.941054 0.116021
v -2.728982 0.938951 0.251139
v -2.596073 0.925646 0.304455
v -2.417035 0.904633 0.324958
v -2.303048 0.888582 0.293602
v -2.204534 0.872408 0.228277
v -2.723112 0.903854 0.027129
v -2.535477 0.879216 0.005158
v -2.395081 0.862545 0.018014
v -2.296387 0.834962 -0.007983
v -2.801947 0.915459 0.057166
v -2.659741 0.902284 0.131862
v -2.528938 0.886090 0.132837
v -2.398134 0.843594 0.135396
v -2.267330 0.843594 0.135396
v -2.133552 0.836475 0.124768
v -2.813779 0.919833 0.105411
v -2.731397 0.917730 0.240529
v -2.598488 0.904425 0.293845
v -2.419450 0.883412 0.314349
v -2.305462 0.867361 0.282992
v -2.206949 0.851187 0.217667
v -1.587184 0.557897 0.565450
v -0.981559 0.557897 0.565450
v -1.587184 0.488480 0.557474
v -0.981559 0.488480 0.557474
v -1.587184 0.425978 0.526236
v -0.981559 0.425978 0.526236
v -1.587184 0.377929 0.475506
v -0.981559 0.377929 0.475506
v -1.587184 0.350129 0.411401
v -0.981559 0.350129 0.411401
v -1.587184 0.345930 0.341653
v -0.981559 0.345930 0.341653
v -1.587184 0.365839 0.274676
v -0.981559 0.365839 0.274676
v -1.587184 0.407455 0.218547
v -0.981559 0.407455 0.218547
v -1.587184 0.465758 0.180038
v -0.981559 0.465758 0.180038
v -1.587184 0.533717 0.163791
v -0.981559 0.533717 0.163791
v -1.587184 0.603134 0.171768
v -0.981559 0.603134 0.171768
v -1.587184 0.665636 0.203005
v -0.981559 0.665636 0.203005
v -1.587184 0.713685 0.253736
v -0.981559 0.713685 0.253736
v -1.587184 0.741486 0.317840
v -0.981559 0.741486 0.317840
v -1.587184 0.745684 0.387588
v -0.981559 0.745684 0.387588
v -1.587184 0.725775 0.454565
v -0.981559 0.725775 0.454565
v -1.587184 0.684159 0.510694
v -0.981559 0.684159 0.510694
v -1.587184 0.625856 0.549204
v -0.981559 0.625856 0.549204
v -1.653338 0.556057 0.534881
v -0.915405 0.556057 0.534881
v -1.653338 0.497206 0.528119
v -0.915405 0.497206 0.528119
v -1.653338 0.444217 0.501637
v -0.915405 0.444217 0.501637
v -1.653338 0.403482 0.458628
v -0.915405 0.403482 0.458628
v -1.653338 0.379912 0.404280
v -0.915405 0.379912 0.404280
v -1.653338 0.376353 0.345149
v -0.915405 0.376353 0.345149
v -1.653338 0.393232 0.288367
v -0.915405 0.393232 0.288367
v -1.653338 0.428513 0.240782
v -0.915405 0.428513 0.240782
v -1.653338 0.477943 0.208134
v -0.915405 0.477943 0.208134
v -1.653338 0.535557 0.194360
v -0.915405 0.535557 0.194360
v -1.653338 0.594408 0.201122
v -0.915405 0.594408 0.201122
v -1.653338 0.647397 0.227605
v -0.915405 0.647397 0.227605
v -1.653338 0.688132 0.270614
v -0.915405 0.688132 0.270614
v -1.653338 0.711702 0.324961
v -0.915405 0.711702 0.324961
v -1.653338 0.715261 0.384092
v -0.915405 0.715261 0.384092
v -1.653338 0.698382 0.440875
v -0.915405 0.698382 0.440875
v -1.653338 0.663101 0.488460
v -0.915405 0.663101 0.488460
v -1.653338 0.613671 0.521108
v -0.915405 0.613671 0.521108
v -1.501349 0.558630 0.577624
v -1.501349 0.485006 0.569164
v -1.501349 0.418715 0.536032
v -1.501349 0.367752 0.482227
v -1.501349 0.338267 0.414237
v -1.501349 0.333813 0.340261
v -1.501349 0.354930 0.269224
v -1.501349 0.399069 0.209693
v -1.501349 0.460906 0.168849
v -1.501349 0.532984 0.151618
v -1.501349 0.606609 0.160078
v -1.501349 0.672899 0.193208
v -1.501349 0.723862 0.247014
v -1.501349 0.753348 0.315005
v -1.501349 0.757801 0.388980
v -1.501349 0.736685 0.460017
v -1.501349 0.692545 0.519548
v -1.501349 0.630708 0.560392
v -1.565528 0.558630 0.577624
v -1.565528 0.485006 0.569164
v -1.565528 0.418715 0.536032
v -1.565528 0.367752 0.482227
v -1.565528 0.338267 0.414237
v -1.565528 0.333813 0.340261
v -1.565528 0.354930 0.269224
v -1.565528 0.399069 0.209693
v -1.565528 0.460906 0.168849
v -1.565528 0.532984 0.151618
v -1.565528 0.606609 0.160078
v -1.565528 0.672899 0.193208
v -1.565528 0.723862 0.247014
v -1.565528 0.753348 0.315005
v -1.565528 0.757801 0.388980
v -1.565528 0.736685 0.460017
v -1.565528 0.692545 0.519548
v -1.565528 0.630708 0.560392
v -1.508345 0.498261 0.524570
v -1.508345 0.555834 0.531185
v -1.508345 0.446422 0.498662
v -1.508345 0.406572 0.456586
v -1.508345 0.383514 0.403419
v -1.508345 0.380032 0.345572
v -1.508345 0.396545 0.290022
v -1.508345 0.431060 0.243470
v -1.508345 0.479416 0.211530
v -1.508345 0.535780 0.198056
v -1.508345 0.593353 0.204671
v -1.508345 0.645192 0.230579
v -1.508345 0.685042 0.272654
v -1.508345 0.708100 0.325822
v -1.508345 0.711582 0.383669
v -1.508345 0.695070 0.439219
v -1.508345 0.660555 0.485771
v -1.508345 0.612199 0.517711
v -1.558532 0.498261 0.524570
v -1.558532 0.555834 0.531185
v -1.558532 0.446422 0.498662
v -1.558532 0.406572 0.456586
v -1.558532 0.383514 0.403419
v -1.558532 0.380032 0.345572
v -1.558532 0.396545 0.290022
v -1.558532 0.431060 0.243470
v -1.558532 0.479416 0.211530
v -1.558532 0.535780 0.198056
v -1.558532 0.593353 0.204671
v -1.558532 0.645192 0.230579
v -1.558532 0.685042 0.272654
v -1.558532 0.708100 0.325822
v -1.558532 0.711582 0.383669
v -1.558532 0.695070 0.439219
v -1.558532 0.660555 0.485771
v -1.558532 0.612199 0.517711
v -2.533987 0.837007 0.388315
v -2.332133 0.837007 0.388315
v -2.534060 0.828577 0.388656
v -2.332206 0.828577 0.388656
v -3.202311 0.127066 0.588968
v -3.173372 0.692066 0.554954
v -3.202311 0.152174 1.006039
v -3.173372 0.717174 0.972025
v -3.192343 0.124182 0.589141
v -3.192343 0.149290 1.006212
v -3.164541 0.674982 0.555983
v -3.164541 0.700090 0.973054
v -0.819020 2.752577 0.758079
v -0.819020 2.879236 0.658961
v -0.819020 2.270133 0.792658
v -0.819020 1.020193 0.857388
v -0.819020 2.202132 0.796752
v -0.819020 0.275243 0.858305
v -0.819057 0.265104 0.858916
v -0.994939 0.558630 0.577624
v -0.994939 0.485006 0.569164
v -0.994939 0.418715 0.536032
v -0.994939 0.367752 0.482227
v -0.994939 0.338267 0.414237
v -0.994939 0.333813 0.340261
v -0.994939 0.354930 0.269224
v -0.994939 0.399069 0.209693
v -0.994939 0.460906 0.168849
v -0.994939 0.532984 0.151618
v -0.994939 0.606609 0.160078
v -0.994939 0.672899 0.193208
v -0.994939 0.723862 0.247014
v -0.994939 0.753348 0.315005
v -0.994939 0.757801 0.388980
v -0.994939 0.736685 0.460017
v -0.994939 0.692545 0.519548
v -0.994939 0.630708 0.560392
v -1.059118 0.558630 0.577624
v -1.059118 0.485006 0.569164
v -1.059118 0.418715 0.536032
v -1.059118 0.367752 0.482227
v -1.059118 0.338267 0.414237
v -1.059118 0.333813 0.340261
v -1.059118 0.354930 0.269224
v -1.059118 0.399069 0.209693
v -1.059118 0.460906 0.168849
v -1.059118 0.532984 0.151618
v -1.059118 0.606609 0.160078
v -1.059118 0.672899 0.193208
v -1.059118 0.723862 0.247014
v -1.059118 0.753348 0.315005
v -1.059118 0.757801 0.388980
v -1.059118 0.736685 0.460017
v -1.059118 0.692545 0.519548
v -1.059118 0.630708 0.560392
v -1.001935 0.498261 0.524570
v -1.001935 0.555834 0.531185
v -1.001935 0.446422 0.498662
v -1.001935 0.406572 0.456586
v -1.001935 0.383514 0.403419
v -1.001935 0.380032 0.345572
v -1.001935 0.396545 0.290022
v -1.001935 0.431060 0.243470
v -1.001935 0.479416 0.211530
v -1.001935 0.535780 0.198056
v -1.001935 0.593353 0.204671
v -1.001935 0.645192 0.230579
v -1.001935 0.685042 0.272654
v -1.001935 0.708100 0.325822
v -1.001935 0.711582 0.383669
v -1.001935 0.695070 0.439219
v -1.001935 0.660555 0.485771
v -1.001935 0.612199 0.517711
v -1.052122 0.498261 0.524570
v -1.052122 0.555834 0.531185
v -1.052122 0.446422 0.498662
v -1.052122 0.406572 0.456586
v -1.052122 0.383514 0.403419
v -1.052122 0.380032 0.345572
v -1.052122 0.396545 0.290022
v -1.052122 0.431060 0.243470
v -1.052122 0.479416 0.211530
v -1.052122 0.535780 0.198056
v -1.052122 0.593353 0.204671
v -1.052122 0.645192 0.230579
v -1.052122 0.685042 0.272654
v -1.052122 0.708100 0.325822
v -1.052122 0.711582 0.383669
v -1.052122 0.695070 0.439219
v -1.052122 0.660555 0.485771
v -1.052122 0.612199 0.517711
v -2.990854 0.855249 0.545131
v -2.990854 0.880356 0.962202
v -2.985664 0.837258 0.546214
v -2.985664 0.862366 0.963285
v -2.337434 0.855199 0.545134
v -2.337434 0.880306 0.962205
v -2.337434 0.837209 0.546217
v -2.337434 0.862317 0.963288
v -1.472558 0.127066 0.588968
v -1.501497 0.692066 0.554954
v -1.472558 0.152174 1.006039
v -1.501497 0.717174 0.972025
v -1.482526 0.124182 0.589141
v -1.482526 0.149290 1.006212
v -1.510327 0.674982 0.555983
v -1.510327 0.700090 0.973054
v -1.684015 0.855249 0.545131
v -1.684015 0.880356 0.962202
v -1.689204 0.837258 0.546214
v -1.689204 0.862366 0.963285
v 1.531273 1.960847 1.113713
v 1.513479 1.934449 1.120798
v 1.536189 1.923393 0.937156
v 1.554535 1.950422 0.940538
v 1.581832 1.960847 1.113713
v 1.596741 1.944077 1.132632
v 1.613849 1.950310 0.938672
v 1.635412 1.931350 0.921213
v 1.513479 1.491113 1.147487
v 1.531273 1.464055 1.143620
v 1.554535 1.453630 0.970446
v 1.536189 1.480058 0.963845
v 1.596741 1.482974 1.160390
v 1.581832 1.464055 1.143620
v 1.635412 1.470246 0.948972
v 1.613849 1.453517 0.968579
v 1.510839 1.944077 1.132632
v 1.538829 1.931533 0.924253
v 1.538829 1.470429 0.952012
v 1.510839 1.482974 1.160390
v 1.603326 1.615592 0.991260
v 1.603326 1.539398 0.995847
v 1.554435 1.615719 0.993367
v 1.554435 1.539525 0.997954
v 1.554435 1.608654 0.876004
v 1.603326 1.608527 0.873898
v 1.603326 1.532333 0.878485
v 1.554435 1.532460 0.880591
v 2.716367 0.515516 0.869499
v 2.587969 0.521262 0.964943
v 2.725052 1.178292 0.623775
v 2.834563 1.118216 0.574243
v 2.853678 1.180916 0.451131
v 2.751962 1.285264 0.499626
v 2.819074 0.251348 0.630417
v 2.615193 0.615168 0.968280
v 2.735916 0.604158 0.859618
v -0.395553 2.859975 0.833764
v 0.271211 2.704506 0.829852
v 0.560974 2.548983 0.839215
v -0.819020 2.860153 0.833753
v 0.645893 2.470445 0.843596
v 1.466982 2.170683 0.861988
v 1.521830 2.064199 0.827018
v 1.696484 1.618906 0.783291
v 1.932346 1.547933 0.621317
v 2.138571 1.497335 0.630793
v 2.367438 1.430465 0.611274
v 2.535694 1.368377 0.588836
v 2.688492 1.300226 0.574801
v 2.795733 1.218178 0.538353
v -0.819020 2.825569 0.636629
v -0.906223 2.825569 0.636629
v 1.225479 2.269031 0.856068
v 1.391897 2.215003 0.859320
v 0.814801 2.338121 0.851909
v 0.759879 2.358764 0.850666
v 0.717187 2.382534 0.849626
v -0.819020 2.842861 0.735191
v 2.838844 1.164955 0.504750
v 2.740468 1.266738 0.562980
v 1.537620 0.624992 0.898660
v 1.540397 0.633913 0.971188
v 1.598924 0.740818 0.891655
v 1.604359 0.756973 0.959065
v 1.922393 0.887890 0.882757
v 1.924832 0.907041 0.946903
v 2.102505 0.865088 0.884144
v 2.103567 0.884068 0.948316
v 2.226478 0.805233 0.888212
v 2.229182 0.823519 0.952442
v 2.296848 0.739163 0.891732
v 2.302392 0.755539 0.956101
v 2.370657 0.542735 0.929481
v 2.372019 0.521579 0.970212
v 2.372019 0.272706 0.985194
v 2.376169 0.270266 0.944670
v 2.376690 0.287182 0.936938
v 2.587969 0.272389 0.979926
v 2.718183 0.929530 0.893085
v 1.515457 1.740207 0.895544
v 1.621284 1.196196 0.928454
v 1.497401 1.552804 0.904573
v 0.750648 1.568756 0.903613
v 1.440424 1.405726 0.913427
v 0.787886 2.024129 0.876199
v 1.310760 2.003082 0.879422
v 0.782989 0.699495 0.963473
v 0.736201 0.830470 0.962463
v 1.218601 0.699495 0.963473
v 2.673388 0.956938 0.913760
v 1.267901 1.420979 0.912509
v 1.353275 1.210144 0.944918
v 1.182592 2.010298 0.877031
v 1.606025 1.036778 0.938501
v 0.719544 0.829388 0.962528
v 1.546502 1.808313 0.886692
v 1.620478 1.341558 0.918511
v 0.888035 0.699495 0.963473
v 0.780511 2.050573 0.879465
v 0.749885 1.687258 0.896479
v 0.768460 0.888674 0.958959
v 0.737133 0.811140 0.963626
v 1.312153 0.700196 0.975125
v 2.737137 0.940951 0.870349
v 1.468383 1.671878 0.897405
v 1.492698 1.203128 0.942265
v 1.318043 1.342132 0.927187
v 1.359535 1.069811 0.947799
v 1.287826 0.769188 0.962231
v 0.807665 0.797605 0.964441
v 0.720477 0.810057 0.963692
v 0.717118 0.881248 0.959406
v 1.475668 1.342170 0.927819
v 1.500236 1.067284 0.946730
v 1.369760 0.764560 0.962458
v 2.581374 1.008630 0.941198
v 0.860101 0.879715 0.959498
v 0.858639 0.803896 0.964063
v 1.086101 0.699495 0.963473
v 1.146228 0.699495 0.963473
v 2.407686 1.087761 0.937186
v 2.317423 1.128015 0.930500
v 1.152610 1.437223 0.918208
v 1.202543 1.430362 0.918621
v 1.192139 1.218111 0.944438
v 1.242272 1.215983 0.944566
v 1.124714 2.012847 0.883555
v 1.058391 2.006750 0.882735
v 1.138483 0.765123 0.962476
v 1.191707 0.766518 0.962392
v 1.196949 1.072532 0.947635
v 1.247628 1.071827 0.947678
v 1.175501 1.342208 0.928445
v 1.225478 1.342208 0.928445
v 1.055227 2.059879 0.879590
v 1.203573 1.564686 0.910535
v 1.153706 1.565170 0.910505
v 1.140067 1.682691 0.903431
v 1.189840 1.682232 0.903458
v 0.597772 0.280139 0.939637
v 2.838966 0.677406 0.488921
v 2.123961 1.199479 0.926198
v 1.577471 1.476561 0.910427
v 0.691879 1.532218 0.916296
v 0.691879 1.238904 0.943187
v 0.835512 0.699495 0.963473
v 0.849844 1.232636 0.943564
v 0.751391 0.879715 0.959498
v 1.184556 2.041022 0.876701
v 1.365282 0.942817 0.951778
v 0.765592 2.001690 0.877550
v 1.349545 1.985208 0.879500
v 2.842586 0.821289 0.595255
v 0.727679 0.833933 0.962254
v 0.775734 1.235781 0.943375
v 0.936640 1.228953 0.943787
v 0.961517 2.018802 0.876520
v 0.740116 0.821029 0.963031
v 1.368697 0.666096 0.972695
v 1.919293 1.231032 0.924298
v 1.487052 1.691820 0.898848
v 1.538172 1.202164 0.937413
v 0.749122 1.887450 0.884427
v 1.328770 0.805010 0.960074
v 1.412603 1.869332 0.885518
v 0.828530 2.032582 0.880548
v 0.937856 2.032508 0.880058
v 0.822778 1.342133 0.927205
v 0.923674 1.342132 0.927187
v 1.469100 1.417509 0.912718
v 1.568035 1.557862 0.905842
v 1.488768 1.495823 0.908003
v 0.790292 0.888791 0.958952
v 0.843032 0.888674 0.958959
v 0.775942 0.797989 0.964418
v 0.766458 1.526199 0.906175
v 0.716561 0.819499 0.963123
v 0.691879 0.780359 0.961558
v 0.728998 0.806595 0.963900
v 0.709037 0.870354 0.960062
v 0.691879 0.906870 0.953942
v 0.731246 0.887998 0.959000
v 0.691879 1.685823 0.907049
v 0.739658 1.686384 0.901773
v 0.691879 1.342266 0.929412
v 0.762713 1.342200 0.928317
v 0.689205 2.072745 0.879475
v 0.746550 2.069674 0.878494
v 1.526268 1.342037 0.925794
v 1.507014 0.943868 0.951715
v 1.545707 1.065482 0.943898
v 1.415946 0.808365 0.959821
v 1.406682 0.766152 0.960955
v 0.827378 2.022632 0.876289
v 1.040079 1.452286 0.910624
v 1.516727 1.579906 0.905688
v 1.321381 2.028146 0.878752
v 1.522770 1.374713 0.920820
v 0.953168 0.699495 0.963473
v 0.890770 1.478860 0.909024
v 1.038106 1.224647 0.944046
v 1.039445 1.342132 0.927187
v 0.978353 0.963667 0.950523
v 0.955564 0.775148 0.961872
v 0.868170 0.819641 0.963115
v 0.868621 0.864289 0.960427
v 1.224106 0.802168 0.960246
v 1.171669 0.800749 0.960331
v 1.252590 0.941590 0.951852
v 1.201387 0.941029 0.951886
v 1.118240 2.044638 0.880366
v 1.206224 1.445916 0.917685
v 1.156227 1.451598 0.917342
v 1.073703 1.990081 0.884925
v 1.125716 1.989677 0.884950
v 1.206762 1.513079 0.913641
v 1.156798 1.515571 0.913491
v 1.100501 1.882473 0.891404
v 1.150374 1.881690 0.891451
v 1.022320 2.046625 0.880457
v 1.090423 0.764392 0.962520
v 1.032887 0.699495 0.963473
v 1.140995 1.073316 0.947588
v 2.874102 1.084419 0.428718
v 1.119930 1.441514 0.914612
v 1.129217 1.342170 0.927816
v 1.136637 1.220466 0.944296
v 1.038574 2.016583 0.879992
v 1.371987 2.000726 0.879903
v 1.513403 1.524473 0.908922
v 1.447529 0.801785 0.958190
v 1.439693 1.892462 0.885644
v 0.691879 2.058939 0.884540
v 0.745323 2.002517 0.882741
v 0.691879 2.002570 0.887933
v 0.691879 1.876738 0.895556
v 0.691879 0.881322 0.955480
v 0.691879 0.810682 0.959733
v 1.119337 0.799327 0.960417
v 0.969281 0.807769 0.959908
v 0.980675 0.902486 0.954206
v 1.145041 0.940416 0.951923
v 0.729152 0.877803 0.959613
v 0.736484 1.881787 0.890009
v 0.749063 2.055456 0.881923
v 1.504816 1.442076 0.913958
v 1.553385 0.940606 0.950180
v 0.752816 0.798532 0.964386
v 0.740530 0.841771 0.961782
v 0.789469 0.882500 0.959331
v 0.768069 0.882398 0.959337
v 0.843422 0.882398 0.959337
v 0.808472 0.802901 0.964122
v 0.774875 0.803477 0.964088
v 0.862855 0.820965 0.963035
v 0.855047 0.808815 0.963766
v 0.864005 0.862784 0.960517
v 2.858655 0.973773 0.536224
v 0.856764 0.875068 0.959778
v 0.754728 0.875068 0.959778
v 2.855487 0.895443 0.562172
v 0.756091 0.806857 0.963884
v 0.748637 0.820965 0.963035
v 0.743322 0.819641 0.963115
v 0.710065 0.815790 0.963346
v 0.716253 0.805306 0.963978
v 0.726132 0.798532 0.964386
v 0.723222 0.832599 0.962335
v 0.739472 0.815741 0.963350
v 0.717710 0.814326 0.963435
v 0.724441 0.807343 0.963855
v 0.732237 0.833185 0.962299
v 0.738967 0.826202 0.962720
v 0.717205 0.824787 0.962805
v 0.733455 0.807929 0.963820
v 0.789469 0.881561 0.943739
v 0.768069 0.881459 0.943745
v 0.843422 0.881459 0.943745
v 0.754728 0.874130 0.944186
v 0.808472 0.801962 0.948531
v 0.862855 0.820027 0.947443
v 0.855047 0.807877 0.948175
v 0.864005 0.861846 0.944926
v 2.625055 0.813391 0.946398
v 0.856764 0.874130 0.944186
v 0.774875 0.802538 0.948496
v 0.756091 0.805918 0.948293
v 2.745377 0.840583 0.851117
v 0.748637 0.820027 0.947443
v 0.619438 1.241835 0.936885
v 0.072782 1.244787 0.934696
v 0.611797 0.872000 0.959880
v 0.071126 0.883987 0.959158
v 0.611797 0.800232 0.964200
v 0.516171 1.241962 0.936753
v 0.528207 0.876233 0.959625
v 0.071126 0.795488 0.964486
v 0.528207 0.795488 0.964486
v 0.627290 0.707416 0.969788
v 0.071126 0.707416 0.969788
v 0.524295 0.707416 0.969788
v 0.517074 1.985601 0.887688
v 0.517397 1.859010 0.895267
v 0.517384 1.331981 0.927622
v 0.517104 2.051742 0.883706
v 0.071126 0.948487 0.955275
v 0.515822 2.080973 0.880556
v 0.526251 0.944644 0.955506
v 2.700330 0.800285 0.917184
v 0.622596 0.764745 0.966336
v 0.622596 0.944644 0.955506
v 2.462801 0.815856 0.949794
v 2.370829 0.911447 0.944039
v 0.526251 0.764774 0.966335
v 0.071126 0.764781 0.966334
v 0.621797 1.673664 0.906616
v 0.622403 1.536486 0.914957
v 0.621026 2.052756 0.883846
v 0.619886 1.755600 0.901475
v 0.619876 2.080035 0.880486
v 0.621133 1.987990 0.887745
v 0.621749 1.861594 0.895302
v 0.621797 1.333427 0.927874
v 0.611797 0.871493 0.951460
v 0.611797 0.799725 0.955780
v 0.528207 0.875726 0.951205
v 2.254322 0.973968 0.940276
v 2.114029 1.036426 0.936516
v 0.528207 0.794981 0.956066
v -0.329317 1.244425 0.935156
v -0.322030 0.795488 0.964486
v -0.322030 0.883987 0.959158
v -0.322030 0.707416 0.969788
v -0.819020 1.273364 0.936339
v -0.819020 0.850348 0.951493
v -0.819020 0.908758 0.949945
v -0.819020 0.791937 0.953041
v -0.322030 0.764781 0.966334
v 1.919491 1.095404 0.933353
v -0.322030 0.948521 0.955273
v 0.501491 0.648294 0.917474
v -0.809797 1.268061 0.785942
v 0.465017 0.372824 0.989655
v 0.465714 0.595458 0.976252
v 0.610957 0.266303 0.878832
v 0.611681 0.660949 0.856942
v 0.693064 0.645292 0.907716
v 2.849288 0.879195 0.541918
v -0.336461 2.084952 0.880855
v -0.641353 1.652918 0.906059
v 0.517384 1.671618 0.906548
v -0.008698 1.641546 0.906749
v -0.087409 2.084952 0.880855
v 0.560114 0.595458 0.976252
v -0.329195 1.325843 0.926554
v -0.819020 1.339035 0.933554
v -0.642564 1.767443 0.899151
v -0.334287 1.975470 0.887446
v -0.666585 1.848075 0.895115
v -0.085789 1.975468 0.887446
v -0.336902 2.047442 0.883113
v -0.819020 1.986562 0.906089
v 0.074361 1.752146 0.900890
v -0.321735 1.879080 0.892364
v -0.665993 1.561763 0.912351
v 2.844234 0.959292 0.594151
v 0.517875 1.537252 0.914705
v 0.074323 2.084952 0.880855
v -0.086511 2.047442 0.883113
v 0.074361 1.662937 0.906261
v 0.515838 1.754941 0.901363
v 1.483895 1.833615 0.890018
v 0.074361 1.441914 0.919567
v 0.074636 1.848046 0.895117
v -0.007446 1.756445 0.899829
v 0.075552 1.975465 0.887446
v 0.074361 1.540503 0.913631
v 0.074361 1.325843 0.926554
v -0.322632 1.530893 0.913325
v 0.076164 2.047442 0.883113
v -0.594460 1.874759 0.892743
v -0.635115 1.853521 0.893987
v -0.055854 1.535206 0.913184
v -0.023383 1.551967 0.912169
v -0.633907 1.556523 0.911894
v -0.594466 1.536012 0.913135
v -0.015134 1.853613 0.894008
v -0.054803 1.873998 0.892788
v -0.619823 2.451755 0.870083
v -0.620669 2.335964 0.877068
v -0.642610 2.331127 0.880322
v 0.015441 2.341505 0.872206
v -0.641849 2.455518 0.872818
v -0.321758 2.572196 0.862118
v -0.013683 2.405288 0.868736
v -0.322655 2.224010 0.883089
v -0.614688 2.536818 0.864880
v -0.614498 2.260368 0.881518
v -0.594464 2.568060 0.865558
v -0.635117 2.546849 0.867258
v -0.055892 2.228142 0.879953
v -0.016424 2.248489 0.878275
v -0.633908 2.249850 0.885151
v -0.594470 2.229312 0.885951
v -0.076016 2.476537 0.865190
v -0.158547 2.512874 0.863927
v -0.614582 2.537381 0.874233
v -0.614393 2.260931 0.890872
v -0.575511 2.557904 0.872548
v -0.575518 2.240180 0.891675
v -0.322738 2.238794 0.889027
v -0.321915 2.558230 0.869788
v -0.074620 2.239095 0.886097
v -0.172067 2.501458 0.871442
v -0.012560 2.346588 0.879044
v -0.038470 2.404183 0.875828
v -0.035707 2.259655 0.884429
v -0.095563 2.468651 0.872550
v 1.182586 2.010038 0.872829
v 0.765586 2.001431 0.873348
v 0.787880 2.023870 0.871997
v 1.349540 1.984949 0.875299
v 0.961511 2.018543 0.872317
v 0.750642 1.568497 0.899411
v 0.749117 1.887191 0.880225
v 1.412597 1.869072 0.881316
v 1.469094 1.417250 0.908516
v 1.440418 1.405467 0.909225
v 0.749879 1.686999 0.892277
v 1.488762 1.495564 0.903801
v 0.766452 1.525940 0.901972
v 1.267895 1.420720 0.908307
v 0.827372 2.022373 0.872087
v 1.040073 1.452027 0.906422
v 1.468377 1.671619 0.893203
v 0.890764 1.478601 0.904822
v 1.206218 1.445656 0.913484
v 1.202537 1.430103 0.914420
v 1.156222 1.451338 0.913142
v 1.073697 1.989822 0.880725
v 1.058385 2.006490 0.878533
v 1.125710 1.989418 0.880749
v 1.203568 1.564427 0.906334
v 1.140061 1.682432 0.899230
v 1.189834 1.681974 0.899257
v 1.206756 1.512820 0.909440
v 1.156793 1.515312 0.909290
v 1.153700 1.564911 0.906304
v 1.100495 1.882214 0.887203
v 1.150368 1.881431 0.887250
v 1.119924 1.441255 0.910410
v 1.152604 1.436964 0.914007
v 1.038568 2.016324 0.875790
v 1.310755 2.002823 0.875220
v 1.497395 1.552544 0.900371
v 1.124708 2.012588 0.879354
v 1.166131 0.630051 0.914860
v 1.032887 0.630051 0.914860
v 0.939864 0.630051 0.914860
v 0.782989 0.633041 0.964519
v 1.231264 0.630051 0.914860
v 0.888035 0.633041 0.964519
v 1.312153 0.633444 0.971216
v 0.939864 0.633041 0.964519
v 0.706491 0.633041 0.964519
v 0.835512 0.633041 0.964519
v 1.231264 0.633041 0.964519
v 1.390326 0.348112 0.988393
v 1.099509 0.633041 0.964519
v 1.032887 0.633041 0.964519
v 1.166131 0.633041 0.964519
v 0.782989 0.521760 1.000678
v 1.312153 0.630046 0.914779
v 0.888035 0.521760 1.000678
v 1.312153 0.520397 0.978022
v 0.939864 0.521760 1.000678
v 0.706491 0.531542 0.970630
v 0.835512 0.521760 1.000678
v 1.231264 0.521760 1.000678
v 1.099509 0.521760 1.000678
v 1.032887 0.521760 1.000678
v 1.166131 0.521760 1.000678
v 0.782989 0.457792 1.004529
v 0.888035 0.630051 0.914860
v 0.888035 0.457792 1.004529
v 1.312153 0.456428 0.981873
v 0.939864 0.457792 1.004529
v 0.706491 0.456025 0.975176
v 0.835512 0.457792 1.004529
v 1.231264 0.457792 1.004529
v 1.354410 0.456428 0.981873
v 1.099509 0.457792 1.004529
v 1.032887 0.457792 1.004529
v 1.166131 0.457792 1.004529
v 0.782989 0.349476 1.011049
v 0.782989 0.630051 0.914860
v 0.888035 0.349476 1.011049
v 1.312153 0.348112 0.988393
v 0.939864 0.349476 1.011049
v 0.706491 0.386965 0.979333
v 0.835512 0.349476 1.011049
v 1.231264 0.349476 1.011049
v 1.354410 0.520397 0.978022
v 1.099509 0.349476 1.011049
v 1.032887 0.349476 1.011049
v 1.166131 0.349476 1.011049
v 0.835512 0.630051 0.914860
v 0.888035 0.274919 1.021951
v 1.312153 0.273170 0.992905
v 0.706491 0.272767 0.986208
v 1.099509 0.274919 1.021951
v 1.099509 0.630051 0.914860
v 0.835512 0.518771 0.951019
v 0.782989 0.518771 0.951019
v 0.888035 0.518771 0.951019
v 1.312153 0.518766 0.950937
v 1.231264 0.518771 0.951019
v 0.939864 0.518771 0.951019
v 1.032887 0.518771 0.951019
v 1.166131 0.518771 0.951019
v 1.099509 0.518771 0.951019
v 0.835512 0.453036 0.925516
v 0.782989 0.453036 0.925516
v 0.888035 0.453036 0.925516
v 1.312153 0.453031 0.925435
v 1.231264 0.453036 0.925516
v 0.939864 0.453036 0.925516
v 1.032887 0.453036 0.925516
v 1.166131 0.453036 0.925516
v 1.099509 0.453036 0.925516
v 0.835512 0.346487 0.961390
v 0.782989 0.346487 0.961390
v 0.888035 0.346487 0.961390
v 1.312153 0.346482 0.961308
v 1.231264 0.346487 0.961390
v 0.939864 0.346487 0.961390
v 1.032887 0.346487 0.961390
v 1.166131 0.346487 0.961390
v 1.099509 0.346487 0.961390
v 0.808472 0.841422 0.957131
v 0.774875 0.841422 0.957131
v 0.836617 0.841422 0.957131
v 0.862855 0.841422 0.957131
v 0.855047 0.841422 0.957131
v 0.745648 0.841422 0.957131
v 0.756091 0.841422 0.957131
v 0.748637 0.841422 0.957131
v 0.836617 0.840484 0.941539
v 0.808472 0.840484 0.941539
v 0.862855 0.840484 0.941539
v 0.855047 0.840484 0.941539
v 0.774875 0.840484 0.941539
v 0.756091 0.840484 0.941539
v 0.745648 0.840484 0.941539
v 0.748637 0.840484 0.941539
v 0.836617 0.791856 0.960115
v 0.808472 0.791856 0.960115
v 0.862855 0.791856 0.960115
v 0.855047 0.791856 0.960115
v 0.774875 0.791856 0.960115
v 0.756091 0.791856 0.960115
v 0.745648 0.791856 0.960115
v 0.748637 0.791856 0.960115
v 0.748637 0.790917 0.944523
v 0.745648 0.790917 0.944523
v 0.836617 0.790917 0.944523
v 0.808472 0.790917 0.944523
v 0.862855 0.790917 0.944523
v 0.855047 0.790917 0.944523
v 0.774875 0.790917 0.944523
v 0.756091 0.790917 0.944523
v 0.554588 0.874765 0.955915
v 0.520992 0.874765 0.955915
v 0.574663 0.866968 0.956385
v 0.608971 0.857343 0.956964
v 0.593796 0.860799 0.956756
v 0.593796 0.803206 0.945378
v 0.608971 0.806663 0.945170
v 0.554588 0.789241 0.946219
v 0.574663 0.797038 0.945750
v 0.574663 0.797929 0.960541
v 0.554588 0.790132 0.961010
v 0.608971 0.807553 0.959961
v 0.593796 0.804096 0.960170
v 0.520992 0.790132 0.961010
v 0.520992 0.873874 0.941124
v 0.593796 0.859908 0.941965
v 0.608971 0.856453 0.942173
v 0.554588 0.873874 0.941124
v 0.574663 0.866077 0.941593
v 0.520992 0.789241 0.946219
v 0.749568 1.770512 0.891467
v 1.445185 1.753993 0.892461
v 1.173427 1.765182 0.898465
v 1.123613 1.765775 0.898429
v 0.691879 1.765220 0.902269
v 0.738338 1.767647 0.896881
v 1.464291 1.772075 0.893914
v 0.749562 1.770254 0.887265
v 1.445180 1.753734 0.888259
v 1.173421 1.764923 0.894264
v 1.123607 1.765516 0.894228
v 2.840109 0.803819 0.548719
v 2.868022 1.046246 0.507092
v 1.919114 1.342113 0.840508
v 2.131223 1.304876 0.842750
v 2.340545 1.237070 0.846832
v 2.439491 1.197445 0.853612
v 2.621518 1.124734 0.861819
v 2.772831 1.011724 0.788485
v 2.747734 1.067505 0.833779
v 2.705582 1.086694 0.846058
v 2.871720 1.124629 0.423698
v -0.819031 2.846140 0.446166
v -0.906223 0.251060 0.625635
v -0.906223 2.741765 0.538083
v -0.906223 2.846140 0.446166
v 2.810743 1.253461 0.400293
v 1.543601 2.163029 0.605955
v 1.705956 1.631145 0.615854
v -0.395553 2.948606 0.546872
v 0.271211 2.783621 0.556804
v 0.560778 2.628839 0.566122
v 1.919648 1.585101 0.443030
v -0.819031 2.948606 0.546872
v 2.139041 1.542279 0.445608
v 0.660177 2.550628 0.570483
v 2.372520 1.474399 0.427622
v 2.544700 1.411432 0.405237
v 2.696371 1.341459 0.386888
v 1.476679 2.232562 0.660107
v -0.906223 0.718394 0.658869
v -0.906223 0.670390 0.600611
v -0.906223 0.654044 0.601586
v -0.906223 0.262993 0.624929
v 1.230316 2.324630 0.584417
v 1.402879 2.264509 0.658184
v 0.828836 2.421409 0.578610
v 0.778262 2.436766 0.577685
v 0.736652 2.458088 0.577322
v -0.906223 1.004951 0.641756
v -0.819031 2.880158 0.532620
v 2.755151 1.298413 0.391590
v 2.865786 1.186205 0.375652
v -0.906223 2.816818 0.514748
v 2.841505 0.591272 0.538673
v 2.833797 0.680532 0.540844
v -0.819063 2.835659 0.171314
v -0.906223 2.727452 0.187375
v -0.906223 2.835659 0.171314
v 2.852561 1.254829 0.121952
v 1.705874 1.625304 0.259181
v 0.271211 2.791742 0.229189
v 0.560778 2.636961 0.238507
v 1.919554 1.586159 0.173739
v 2.138933 1.543336 0.176317
v 0.660177 2.558749 0.242869
v 2.372429 1.476887 0.182111
v 2.544657 1.415491 0.185807
v 2.696371 1.346872 0.189938
v 1.476679 2.235358 0.262684
v 2.834080 0.236607 0.438013
v -0.906223 0.698641 0.309000
v -0.906223 0.652347 0.281214
v -0.906223 0.635950 0.282196
v -0.906223 0.243837 0.305701
v 1.230318 2.326935 0.257171
v 1.402866 2.267310 0.260760
v 0.828836 2.414229 0.251916
v -0.906223 0.985935 0.291774
v 2.834080 0.488627 0.422842
v 2.896871 1.190711 -0.017290
v -0.906223 2.792356 0.174060
v 2.677710 0.632951 0.067058
v 2.872468 1.110598 -0.004265
v -0.906223 0.231843 0.306418
v 1.543601 2.180311 0.236829
v -0.395553 2.970831 0.218408
v -0.819063 2.970831 0.218408
v 0.778272 2.429578 0.250992
v 0.736657 2.466181 0.249249
v -0.819063 2.882734 0.179461
v 2.786139 1.294015 0.161831
v -0.819020 0.768151 0.856006
v -0.906223 0.904389 0.773364
v -0.819020 0.885470 0.857222
v -0.819020 0.907702 0.774376
v -0.906223 0.897488 0.648174
v -0.906223 0.878194 0.298234
v -0.819020 0.835513 0.856090
v -0.819020 1.267847 0.844683
v -0.906223 1.974051 0.709579
v -0.819020 1.980663 0.808114
v -0.819020 1.974765 0.710138
v -0.906223 1.968133 0.584237
v -0.906223 1.951589 0.233873
v -0.819020 1.333482 0.841316
v -0.330252 0.660949 0.856942
v -0.335004 0.280139 0.939637
v -0.334748 0.648294 0.917474
v -0.330499 0.266303 0.878832
v 0.559366 0.372824 0.989655
v -0.348125 0.372824 0.989655
v -0.347869 0.595458 0.976252
v 0.078189 0.280139 0.939637
v 0.078663 0.648294 0.917474
v 0.053868 0.372824 0.989655
v 0.054341 0.595458 0.976252
v 0.086998 0.660949 0.856942
v 0.086539 0.266303 0.878832
v 0.598521 0.648294 0.917474
v 0.500794 0.280139 0.939637
v -0.819020 0.371341 0.852520
v 0.513751 0.660949 0.856942
v 0.513077 0.266303 0.878832
v 0.692892 0.515052 0.915130
v 0.676651 0.463299 0.867907
v 0.676462 0.364474 0.873389
v 0.559553 0.428483 0.986304
v -0.819020 0.464217 0.928555
v 0.662876 0.464217 0.928555
v -0.819020 0.464886 0.728977
v -0.906223 0.465182 0.727489
v -0.819020 0.484141 0.982953
v 0.622715 0.484141 0.982953
v -0.819020 0.467440 0.846735
v 0.559740 0.484141 0.982953
v -0.906223 0.458519 0.613257
v -0.906223 0.439893 0.293948
v -0.347997 0.484141 0.982953
v 0.054105 0.484141 0.982953
v 0.465365 0.484141 0.982953
v -0.348061 0.428482 0.986304
v 0.053986 0.428482 0.986304
v 0.465191 0.428483 0.986304
v -0.819020 0.372177 0.934096
v 0.662681 0.372177 0.934096
v -0.819020 0.366528 0.734898
v -0.906223 0.367514 0.733311
v -0.819020 0.428482 0.986304
v 0.622520 0.428483 0.986304
v -0.906223 0.360756 0.619092
v -0.906223 0.341865 0.299825
v 1.455386 0.348112 0.988393
v 1.529058 0.348112 0.988393
v 1.537943 0.273170 0.992905
v 1.528127 0.343077 0.904741
v 1.537866 0.268145 0.909429
v 1.603137 1.674706 0.893268
v 1.651298 1.840798 0.802145
v 1.658973 1.874582 -0.072090
v 1.636753 1.793081 0.845264
v 1.604628 1.965913 0.784881
v 1.613326 2.016943 -0.080661
v 1.588269 1.915650 0.838217
v 1.641164 1.584996 0.897684
v 1.682534 1.721241 0.804413
v 1.694947 1.745117 -0.064296
v 1.671670 1.684298 0.849114
v 1.557491 1.624647 0.902404
v 1.079976 2.129776 0.869029
v 1.147032 2.113794 0.870274
v 1.154000 2.339651 0.795777
v 1.086837 2.351403 0.795070
v 1.087028 2.293513 0.854594
v 1.154264 2.281921 0.855292
v 1.086849 2.352896 0.582715
v 1.153969 2.341152 0.583422
v 1.086854 2.355199 0.255469
v 1.153955 2.343458 0.256176
v 1.553974 2.198963 -0.109530
v 1.716166 1.620835 -0.074726
v 1.669346 1.873507 -0.089937
v 1.623699 2.015869 -0.098507
v 1.705320 1.744043 -0.082143
v 1.752926 1.476811 0.770051
v 1.733083 1.606742 0.724498
v 1.705853 0.930668 0.944484
v 1.758338 1.580191 0.730442
v 1.738477 0.858876 0.949798
v 1.733031 0.838704 0.885678
v 1.730436 1.239043 0.935190
v 1.731254 1.352056 0.883367
v 1.721194 1.078215 0.939304
v 1.737507 1.624346 0.590338
v 1.737423 1.619524 0.246566
v -0.819020 0.835240 0.819332
v -0.819020 0.772964 0.823081
v -0.795463 2.259789 0.740860
v -0.795463 2.191787 0.744954
v -0.809797 1.333662 0.781993
v -0.906223 2.449042 0.452233
v -0.906223 2.595932 0.445755
v -0.906223 2.589454 0.298866
v -0.906223 2.442565 0.305344
v -0.906223 2.523829 0.479416
v -0.906223 2.623115 0.370970
v -0.906223 2.514668 0.271683
v -0.906223 2.415383 0.380130
v -0.943144 2.519248 0.375549
v -0.906223 1.255947 0.524058
v -0.906223 1.402837 0.517580
v -0.906223 1.396359 0.370691
v -0.906223 1.249470 0.377169
v -0.906223 1.330734 0.551241
v -0.906223 1.430020 0.442795
v -0.906223 1.321573 0.343508
v -0.906223 1.222287 0.451955
v -0.943144 1.326153 0.447374
v -2.687043 0.834698 0.595973
v -2.623405 0.868866 0.544688
v -2.659249 0.836349 0.623699
v -2.188288 0.834698 0.595973
v -2.216083 0.836349 0.623699
v -2.247357 0.868865 0.544688
v -2.685071 0.873187 0.594589
v -2.657276 0.874875 0.622315
v -2.186316 0.873187 0.594589
v -2.214110 0.874875 0.622315
v -3.115445 0.825430 0.420148
v -3.115445 0.758317 0.424188
v -0.898093 0.825430 0.420148
v -0.898093 0.758317 0.424188
v -3.188594 0.781406 0.422798
v -3.188594 0.758317 0.424188
v 1.456438 0.273397 0.996679
v 1.391379 0.273397 0.996679
v 1.229374 0.274919 1.021951
v 1.164241 0.274919 1.021951
v 0.938868 0.274919 1.021951
v 1.031890 0.274919 1.021951
v 0.835804 0.274919 1.021951
v 0.783281 0.274919 1.021951
v -3.188003 0.816157 0.450190
v -3.188003 0.801366 0.204496
v -3.188003 0.738463 0.208283
v -3.188003 0.753254 0.453977
v -3.152020 0.813039 0.420894
v -3.152020 0.758317 0.424188
v 2.823434 1.074169 0.009387
v 2.862423 1.084393 0.428276
v 2.822119 0.680532 0.540844
v 2.828431 0.803819 0.548719
v 2.827287 0.677406 0.488921
v 2.673038 0.631994 0.070954
v 2.856344 1.046246 0.507092
v 2.846977 0.973773 0.536224
v -3.079362 0.818648 0.965917
v -3.117054 0.782983 0.968064
v -3.117054 0.757875 0.550993
v -3.079362 0.793540 0.548846
v -3.086483 0.811045 0.547792
v -3.124562 0.775560 0.549928
v -3.124562 0.800668 0.966999
v -3.086483 0.836153 0.964863
v -1.561184 0.786460 0.967854
v -1.599320 0.821713 0.965732
v -1.599320 0.796605 0.548661
v -1.561184 0.761352 0.550783
v -1.553754 0.779057 0.549717
v -1.592275 0.814132 0.547606
v -1.592275 0.839240 0.964677
v -1.553754 0.804165 0.966788
v 2.799957 0.841877 0.626346
v 2.811548 0.889949 0.598714
v 2.806804 0.938171 0.618231
v 2.734552 0.855050 0.809334
v 2.733015 0.928044 0.830886
v 2.754805 0.983742 0.777541
v 0.271211 2.726384 0.800468
v 0.560875 2.571233 0.809808
v 0.653047 2.492857 0.814180
v 1.471838 2.201172 0.832086
v 1.528931 2.093858 0.788726
v 1.697257 1.625868 0.780899
v 1.932449 1.563612 0.597043
v 2.138699 1.510823 0.600804
v 2.368824 1.443673 0.581622
v 2.538150 1.381345 0.559191
v 2.692401 1.312924 0.547749
v 1.227901 2.296129 0.826370
v 1.397400 2.239295 0.829791
v 0.821830 2.362089 0.822399
v 0.726935 2.402634 0.820697
v 2.846273 1.172948 0.477895
v 2.767806 0.507856 0.742255
v 2.787601 0.599835 0.735563
v 2.852105 1.102812 0.540632
v -0.395553 2.884092 0.797599
v -0.819020 2.884181 0.797594
v 2.800346 1.228116 0.510850
v -0.819020 2.837976 0.596432
v -0.906223 2.837976 0.596432
v 0.769084 2.380085 0.821316
v -0.819020 2.861079 0.697012
v 2.746225 1.276017 0.531250
v 2.767806 0.258983 0.757238
v 2.795978 0.811363 0.721033
v 2.813928 1.000514 0.677094
v -0.906223 2.831504 0.480400
v -0.906223 2.814043 0.172684
v 1.644037 1.816979 0.823669
v 1.596462 1.940823 0.811504
v 1.677111 1.702801 0.826727
v 1.154132 2.310834 0.825485
v 1.086932 2.322507 0.824782
v 1.745689 1.593489 0.727465
v 2.768625 0.833197 0.708189
v 2.791066 0.908607 0.709009
v 2.787707 0.967751 0.681192
v 2.853407 0.849696 0.566686
v 2.851831 0.933658 0.572985
v 2.823652 0.807656 0.646117
v 2.832392 0.892708 0.580037
v 2.736419 0.878516 0.870564
v 2.754630 0.990516 0.834912
v 2.830433 0.986117 0.632119
v 2.809913 0.861876 0.602332
v 2.812096 0.915992 0.601840
v 2.788452 0.833500 0.657070
v 2.800187 0.897980 0.645155
v 2.729339 0.882592 0.836781
v 2.739709 0.964189 0.813243
v 2.800753 0.951313 0.639425
v 2.820880 0.949356 0.603507
v 2.766705 1.001074 0.787250
v 2.740071 0.935095 0.857548
v 2.740274 0.848530 0.828723
v 2.821177 0.831021 0.605601
v 2.768255 0.817171 0.796131
v 2.794547 1.008963 0.729703
v 2.748712 0.835887 0.770294
v 2.757950 0.919855 0.779307
v 2.772851 0.979766 0.732894
v 2.796624 0.984362 0.678040
v 2.779578 0.822308 0.713626
v 2.779113 0.870533 0.717256
v 2.788479 0.944585 0.698127
v 2.802537 0.930106 0.643769
v 2.796808 0.864061 0.652301
v 2.803144 0.820607 0.650541
v 2.783227 0.992758 0.731455
v 2.812286 0.969601 0.635617
v 2.829551 0.855807 0.583747
v 2.735861 0.880545 0.855322
v 2.755908 0.827599 0.782240
v 2.753910 0.876413 0.785359
v 2.766431 0.957553 0.762668
v 2.828338 0.923771 0.584460
v 2.751098 0.979364 0.828986
vn 0.9373 0.3443 -0.0537
vn 0.9576 0.2822 -0.0583
vn 0.9458 0.2344 -0.2247
vn 0.9074 0.3186 -0.2740
vn 0.0234 -0.0574 -0.9981
vn 0.0147 -0.0589 -0.9982
vn 0.0154 -0.0571 -0.9982
vn 0.0240 -0.0545 -0.9982
vn -0.1058 -0.0536 -0.9929
vn -0.0990 -0.0229 -0.9948
vn -0.0228 -0.0246 -0.9994
vn -0.0247 -0.0587 -0.9980
vn -0.0826 -0.1613 -0.9835
vn -0.0197 -0.1223 -0.9923
vn -0.0166 -0.1658 -0.9860
vn -0.0006 -0.5224 -0.8527
vn -0.0000 -0.0811 -0.9967
vn 0.0018 -0.0808 -0.9967
vn 0.0316 -0.4950 -0.8683
vn -0.2448 -0.0897 -0.9654
vn -0.1030 -0.0731 -0.9920
vn -0.0020 -0.0811 -0.9967
vn -0.0344 -0.4932 -0.8692
vn 0.0347 0.3849 -0.9223
vn 0.0020 -0.0391 -0.9992
vn -0.0000 -0.0390 -0.9992
vn 0.0008 0.4164 -0.9092
vn -0.2431 -0.0483 -0.9688
vn -0.2405 -0.0716 -0.9680
vn -0.2449 -0.0271 -0.9692
vn -0.1031 -0.0466 -0.9936
vn -0.0336 0.3856 -0.9220
vn -0.0020 -0.0390 -0.9992
vn 0.1049 -0.0735 -0.9918
vn 0.2556 -0.0915 -0.9625
vn 0.2547 -0.0297 -0.9666
vn 0.1051 -0.0481 -0.9933
vn 0.2650 -0.0622 -0.9622
vn 0.0265 -0.0367 -0.9990
vn 0.0263 -0.0373 -0.9990
vn 0.0288 -0.0520 -0.9982
vn 0.0255 -0.0530 -0.9983
vn 0.0217 -0.0832 -0.9963
vn 0.0215 -0.0954 -0.9952
vn 0.0507 -0.1052 -0.9932
vn 0.0298 -0.0835 -0.9961
vn 0.0169 -0.0562 -0.9983
vn 0.0249 -0.0536 -0.9983
vn 0.0258 -0.0753 -0.9968
vn 0.0089 -0.0910 -0.9958
vn -0.0000 -0.0601 -0.9982
vn -0.0097 -0.0610 -0.9981
vn 0.1527 -0.0349 -0.9877
vn 0.1624 -0.0415 -0.9859
vn -0.0093 -0.0615 -0.9981
vn -0.0240 -0.0738 -0.9970
vn -0.0236 -0.1504 -0.9883
vn -0.0232 -0.0605 -0.9979
vn -0.0174 -0.0622 -0.9979
vn -0.0166 -0.0626 -0.9979
vn -0.1007 -0.0614 -0.9930
vn -0.0219 -0.0605 -0.9979
vn -0.0957 -0.0614 -0.9935
vn -0.0164 -0.0266 -0.9995
vn -0.0581 -0.0748 -0.9955
vn -0.0389 -0.1386 -0.9896
vn -0.0203 -0.1130 -0.9934
vn -0.0229 -0.1101 -0.9937
vn -0.0106 0.1465 -0.9892
vn -0.0073 0.1290 -0.9916
vn -0.0101 -0.0607 -0.9981
vn -0.0111 -0.0588 -0.9982
vn 0.1458 -0.0261 -0.9890
vn 0.1486 -0.0310 -0.9884
vn 0.0312 0.0621 -0.9976
vn 0.0119 0.0570 -0.9983
vn -0.0133 -0.0235 -0.9996
vn 0.1304 0.0030 -0.9915
vn -0.0156 -0.0620 -0.9980
vn -0.0214 -0.0626 -0.9978
vn -0.0156 -0.0623 -0.9979
vn 0.0284 -0.0530 -0.9982
vn 0.0280 -0.0570 -0.9980
vn 0.0271 -0.0352 -0.9990
vn 0.0673 0.0715 -0.9952
vn -0.0930 -0.0705 -0.9932
vn -0.0209 0.1561 -0.9875
vn 0.0179 -0.0831 -0.9964
vn -0.0928 -0.0548 -0.9942
vn -0.0226 -0.1008 -0.9946
vn 0.0870 -0.1111 -0.9900
vn 0.0187 -0.0551 -0.9983
vn 0.0569 -0.0928 -0.9941
vn 0.0288 -0.0523 -0.9982
vn 0.0733 0.1587 -0.9846
vn -0.0504 0.0887 -0.9948
vn 0.8927 0.4494 -0.0345
vn 0.9288 0.3451 -0.1349
vn 0.9213 0.3538 -0.1613
vn 0.9315 0.3536 -0.0852
vn 0.9802 0.1938 -0.0406
vn 0.9593 0.2756 -0.0611
vn 0.9609 0.2738 -0.0405
vn 0.9818 0.1876 -0.0289
vn 0.9923 0.1086 0.0591
vn 0.8867 0.4555 -0.0792
vn 0.8855 0.4131 -0.2128
vn 0.9465 0.1709 -0.2736
vn 0.9901 0.1389 -0.0214
vn 0.7793 0.5532 -0.2942
vn 0.9804 0.1806 0.0792
vn 0.9870 0.1573 -0.0318
vn 0.9514 0.1183 -0.2843
vn 0.9829 0.0898 -0.1609
vn 0.9780 -0.0821 0.1917
vn 0.5640 -0.3484 0.7487
vn 0.2321 0.6114 -0.7565
vn 0.2918 0.7184 -0.6315
vn 0.3551 0.7409 -0.5701
vn 0.3339 0.6323 -0.6990
vn 0.4604 0.6200 -0.6354
vn 0.4731 0.5350 -0.7000
vn 0.6393 0.4344 -0.6345
vn 0.5184 0.4339 -0.7368
vn 0.0355 -0.0583 -0.9977
vn 0.0293 -0.0614 -0.9977
vn 0.0131 -0.0607 -0.9981
vn 0.0075 -0.0594 -0.9982
vn 0.6854 0.4496 -0.5728
vn 0.6017 0.4516 -0.6588
vn 0.3357 0.3785 -0.8626
vn 0.5660 0.3545 -0.7443
vn 0.5327 0.7494 -0.3932
vn 0.4807 0.8353 -0.2669
vn 0.4631 0.8625 -0.2041
vn 0.4581 0.8652 -0.2041
vn 0.1125 0.7457 -0.6568
vn 0.1401 0.9246 -0.3543
vn 0.3019 0.8926 -0.3347
vn 0.2455 0.7149 -0.6547
vn 0.4986 0.8130 -0.3006
vn 0.4189 0.6456 -0.6385
vn 0.0002 0.7599 -0.6500
vn -0.0000 0.9316 -0.3635
vn 0.6796 0.6833 -0.2668
vn 0.5690 0.5254 -0.6326
vn 0.7070 0.3905 -0.5896
vn 0.7119 0.6510 -0.2634
vn 0.8127 0.4236 -0.4002
vn 0.8102 0.2942 -0.5070
vn 0.8842 0.1370 -0.4466
vn 0.8074 0.2267 -0.5448
vn 0.8087 0.4280 -0.4034
vn 0.9128 0.1920 -0.3604
vn 0.5254 0.6186 -0.5843
vn 0.3247 0.9107 -0.2555
vn 0.2535 0.9283 -0.2720
vn 0.3337 0.7302 -0.5962
vn 0.3569 0.8939 -0.2713
vn 0.3411 0.7799 -0.5248
vn 0.4588 0.8495 -0.2605
vn 0.4578 0.7675 -0.4488
vn 0.5422 0.8036 -0.2453
vn 0.5648 0.6866 -0.4577
vn 0.8336 0.4696 -0.2909
vn 0.8618 0.1969 -0.4675
vn 0.8407 -0.1827 -0.5097
vn 0.8833 0.0633 -0.4646
vn 0.8438 -0.0797 -0.5308
vn 0.9438 0.0155 -0.3303
vn 0.8903 -0.3170 -0.3268
vn 0.8398 0.1733 -0.5145
vn 0.8390 0.3207 -0.4395
vn -1.0000 -0.0000 -0.0000
vn -1.0000 -0.0003 -0.0001
vn -0.0000 0.9966 -0.0821
vn -0.0000 0.9982 -0.0601
vn -0.0000 0.9132 -0.4074
vn -0.0000 0.9848 -0.1737
vn 0.1628 0.9810 -0.1058
vn -0.0000 0.9929 -0.1191
vn 0.1358 0.9864 -0.0920
vn 0.5501 0.8274 -0.1133
vn 0.5221 0.8449 -0.1167
vn 0.4813 0.8743 -0.0636
vn 0.6673 0.7432 -0.0486
vn 0.5206 0.8187 -0.2422
vn 0.4417 0.8747 -0.1996
vn 0.3544 0.9283 -0.1121
vn 0.4482 0.8748 -0.1839
vn 0.3490 0.9295 -0.1190
vn 0.3488 0.9355 -0.0563
vn 0.2811 0.9488 -0.1438
vn 0.1864 0.9754 -0.1179
vn 0.1810 0.9817 -0.0591
vn 0.2420 0.9678 -0.0688
vn 0.6889 0.7222 -0.0612
vn 0.5145 0.8547 -0.0689
vn 0.5810 0.8124 -0.0489
vn 0.6846 0.7274 -0.0470
vn 0.3306 0.9396 -0.0886
vn 0.3369 0.9398 -0.0566
vn 0.2121 0.9670 -0.1415
vn 0.2336 0.9609 -0.1488
vn 0.2209 0.9704 -0.0974
vn 0.1996 0.9741 -0.1063
vn 0.1804 0.9771 -0.1128
vn 0.1748 0.9789 -0.1057
vn 0.8051 0.4525 -0.3834
vn 0.2376 0.9615 -0.1379
vn 0.8287 -0.1212 -0.5464
vn 0.8319 -0.1222 -0.5413
vn 0.8635 0.0752 -0.4988
vn 0.7811 -0.4173 -0.4645
vn -1.0000 -0.0001 -0.0001
vn 0.8161 0.1169 -0.5659
vn 0.9472 0.2310 -0.2223
vn 0.9917 0.0657 -0.1107
vn 0.8303 0.0212 -0.5569
vn 0.8953 0.0348 -0.4442
vn 0.8921 0.2413 -0.3819
vn 0.8512 0.2522 -0.4602
vn -0.0000 -0.9947 -0.1033
vn -0.0014 0.8268 -0.5625
vn -0.0000 0.2591 -0.9658
vn -0.0976 0.2578 -0.9613
vn -0.3209 0.7925 -0.5187
vn -0.0029 0.9543 -0.2987
vn -0.8520 0.5021 -0.1480
vn 0.9178 -0.0263 -0.3962
vn -0.7234 -0.0434 -0.6891
vn -0.7771 -0.0394 -0.6281
vn 0.6831 -0.2872 -0.6715
vn 0.0066 -0.9629 -0.2697
vn 0.0195 -0.7899 -0.6129
vn -0.1642 -0.4490 -0.8783
vn -0.0614 -0.4652 -0.8831
vn -0.9999 -0.0160 0.0008
vn -0.0321 -0.9989 0.0347
vn -1.0000 0.0029 -0.0003
vn -1.0000 0.0036 -0.0002
vn -0.9969 -0.0079 0.0786
vn -0.9988 -0.0224 -0.0425
vn -0.9977 -0.0222 -0.0639
vn -0.9983 -0.0083 0.0569
vn -0.9960 0.0292 0.0847
vn -0.9896 0.0207 -0.1422
vn -0.0787 -0.9951 0.0598
vn -0.0362 -0.9987 0.0347
vn -0.0098 -0.1325 -0.9911
vn -0.0175 -0.0604 -0.9980
vn -0.0178 -0.0604 -0.9980
vn -0.0228 -0.7948 -0.6064
vn -0.0175 -0.0686 -0.9975
vn -0.0175 -0.0687 -0.9975
vn -0.0190 -0.7948 -0.6065
vn -0.0163 -0.3552 -0.9346
vn -0.0181 -0.3552 -0.9346
vn -0.0018 -0.0344 -0.9994
vn -0.0071 -0.0604 -0.9982
vn -0.0067 -0.0604 -0.9982
vn -0.0031 -0.0343 -0.9994
vn 0.7699 0.0786 -0.6333
vn 0.7719 0.0809 -0.6306
vn 0.8894 0.0189 -0.4567
vn 0.8875 0.0180 -0.4604
vn -0.9832 0.1247 0.1337
vn -0.9798 0.0268 0.1981
vn -0.9813 -0.1667 0.0965
vn -0.9894 -0.0666 0.1292
vn -0.4602 -0.4158 -0.7844
vn 0.0132 -0.0392 -0.9991
vn -0.0246 -0.0430 -0.9988
vn -0.7612 -0.1351 -0.6343
vn 0.2266 -0.5605 -0.7965
vn -0.0017 -0.0403 -0.9992
vn 0.0021 -0.0447 -0.9990
vn -0.0193 -0.6223 -0.7825
vn 0.9429 0.0113 -0.3330
vn 0.9437 0.0107 -0.3307
vn 0.3378 -0.0465 -0.9401
vn 0.3909 -0.0494 -0.9191
vn -0.2402 -0.0504 -0.9694
vn -0.4314 0.0890 -0.8978
vn 0.0142 -0.0418 -0.9990
vn -0.2844 -0.5863 -0.7585
vn 0.6901 -0.0353 -0.7229
vn 0.6422 0.1142 -0.7580
vn 0.8464 0.3006 -0.4396
vn 0.9101 0.2334 -0.3423
vn 0.7973 0.5077 -0.3264
vn 0.6983 0.5131 -0.4991
vn 0.3965 -0.9169 0.0466
vn 0.4315 -0.9004 0.0553
vn 0.7413 -0.6677 0.0678
vn 0.7252 -0.6873 0.0414
vn -0.8609 -0.5070 0.0416
vn -0.9457 -0.3002 0.1245
vn 0.9619 -0.2615 -0.0797
vn 0.9858 -0.1666 0.0202
vn -0.6301 -0.7672 0.1197
vn -0.7375 -0.6661 0.1118
vn -0.3345 -0.9407 0.0566
vn -0.4208 -0.9019 0.0980
vn 0.0408 -0.9964 0.0743
vn -0.0091 -0.9978 0.0661
vn 0.2586 0.6197 -0.7410
vn 0.3408 0.9070 -0.2474
vn 0.7176 0.6936 -0.0628
vn 0.6972 0.7133 -0.0713
vn 0.2936 0.9482 -0.1214
vn 0.1932 0.9732 -0.1246
vn 0.1936 0.9793 -0.0590
vn 0.2697 0.9594 -0.0828
vn 0.1960 0.9788 -0.0589
vn 0.1758 0.9820 -0.0683
vn 0.2001 0.6356 -0.7457
vn 0.1263 0.6285 -0.7675
vn 0.1900 0.9530 -0.2359
vn 0.2837 0.9291 -0.2373
vn 0.5429 0.5208 -0.6589
vn 0.6758 0.6848 -0.2728
vn 0.3588 0.8717 -0.3339
vn 0.2965 0.6408 -0.7082
vn 0.1263 0.6520 -0.7476
vn 0.2008 0.9311 -0.3044
vn 0.4565 0.8865 -0.0756
vn 0.4752 0.8783 -0.0530
vn -0.9993 0.0072 0.0368
vn -0.9962 0.0020 -0.0866
vn -0.3608 -0.0820 -0.9290
vn -0.2474 -0.0675 -0.9666
vn 0.6686 0.7303 -0.1401
vn 0.4935 0.8585 -0.1398
vn 0.3436 0.9374 -0.0564
vn 0.6783 0.7329 -0.0538
vn 0.0107 -0.0485 -0.9988
vn -0.0549 0.0656 -0.9963
vn 0.4957 -0.8659 -0.0667
vn 0.5040 -0.8621 0.0519
vn -0.0939 -0.9938 0.0598
vn -0.2238 -0.9739 0.0384
vn -0.6307 -0.6962 -0.3429
vn -0.5246 0.8511 -0.0192
vn -0.4976 0.8645 -0.0702
vn -0.9960 0.0703 0.0553
vn -0.9978 0.0669 -0.0040
vn 0.8497 0.5114 -0.1285
vn 0.8580 0.5127 -0.0308
vn -0.5376 -0.7677 -0.3487
vn 0.9179 0.0657 -0.3912
vn 0.8822 -0.0031 -0.4709
vn 0.5806 -0.1319 -0.8034
vn -0.0137 -0.0177 -0.9997
vn -0.0098 -0.0290 -0.9995
vn 0.4149 -0.3979 -0.8182
vn -0.9794 -0.0530 0.1947
vn -0.9796 -0.0531 0.1939
vn -0.9603 -0.0430 0.2758
vn -0.0000 -0.4139 -0.9103
vn -0.0553 -0.4134 -0.9089
vn -0.1545 -0.0594 -0.9862
vn 0.9173 -0.0263 -0.3972
vn 0.5351 -0.0522 -0.8432
vn 0.4364 0.1342 -0.8897
vn 0.7931 0.2643 -0.5487
vn -0.0815 -0.5751 -0.8140
vn -0.0000 -0.5771 -0.8167
vn 0.3073 -0.3203 -0.8961
vn -0.0000 0.0601 0.9982
vn -0.0000 -0.9982 0.0601
vn -0.0318 -0.9943 -0.1017
vn -0.0310 0.9466 -0.3209
vn -0.0312 0.9466 -0.3208
vn -0.0318 -0.9943 -0.1016
vn -0.5412 0.8393 -0.0505
vn -0.8578 0.5131 -0.0309
vn 0.4355 -0.7311 -0.5252
vn 0.0060 -0.9976 -0.0684
vn 0.4354 -0.7313 -0.5251
vn -0.9735 -0.0099 -0.2287
vn 0.9734 -0.0267 -0.2276
vn -0.9734 -0.0099 -0.2287
vn 1.0000 -0.0086 0.0005
vn -1.0000 0.0086 -0.0005
vn 0.1231 0.9906 -0.0596
vn -0.1926 -0.8690 0.4558
vn -0.1804 -0.9755 0.1261
vn -0.1231 -0.9906 0.0596
vn -0.1277 -0.9500 0.2850
vn -0.1863 -0.9792 0.0799
vn -0.2204 -0.9107 0.3495
vn -0.1493 -0.9876 0.0481
vn -0.2506 -0.9135 0.3205
vn -0.0432 -0.9990 0.0104
vn -0.3168 -0.8032 0.5045
vn 0.0771 -0.9967 -0.0234
vn 0.0750 -0.9954 0.0599
vn -0.3732 -0.9267 -0.0440
vn -0.2273 -0.9716 -0.0654
vn -0.1949 -0.9762 -0.0947
vn -0.1299 -0.9822 -0.1354
vn 0.0064 -0.9868 -0.1617
vn 0.1552 -0.9593 -0.2357
vn 0.9834 -0.1813 0.0109
vn 0.8794 -0.3067 -0.3641
vn -0.0231 -0.5491 -0.8354
vn -0.2525 -0.5118 -0.8212
vn -0.1107 0.5573 0.8229
vn 0.0311 0.5483 0.8357
vn -0.0126 0.5045 0.8633
vn -0.9305 -0.1161 -0.3474
vn -0.5484 0.5065 0.6653
vn 0.3113 -0.5500 -0.7750
vn -0.4617 0.3870 0.7982
vn 0.5736 -0.4991 -0.6495
vn -0.9832 0.1825 -0.0110
vn -0.6431 -0.3660 -0.6726
vn 0.0165 0.9998 0.0112
vn -0.0165 0.9998 0.0111
vn -0.0282 -0.8519 0.5229
vn 0.0282 -0.8527 0.5217
vn -0.0553 0.9974 -0.0464
vn -0.9987 0.0512 -0.0031
vn -0.5459 -0.8347 0.0729
vn -0.0425 -0.0600 -0.9973
vn 0.0426 -0.0600 -0.9973
vn 0.0426 -0.3975 -0.9166
vn -0.0426 -0.3975 -0.9166
vn 0.0426 -0.6870 -0.7254
vn -0.0426 -0.6870 -0.7254
vn 0.0426 -0.8937 -0.4466
vn -0.0426 -0.8937 -0.4466
vn 0.0426 -0.9926 -0.1141
vn -0.0426 -0.9926 -0.1141
vn 0.0426 -0.9717 0.2323
vn -0.0426 -0.9717 0.2323
vn 0.0426 -0.8337 0.5506
vn -0.0426 -0.8337 0.5506
vn 0.0426 -0.5951 0.8026
vn -0.0426 -0.5950 0.8026
vn 0.0426 -0.2847 0.9577
vn -0.0425 -0.2847 0.9577
vn 0.0426 0.0600 0.9973
vn -0.0426 0.0600 0.9973
vn 0.0426 0.3975 0.9166
vn -0.0426 0.3975 0.9166
vn 0.0426 0.6870 0.7254
vn -0.0426 0.6870 0.7254
vn 0.0426 0.8937 0.4466
vn -0.0426 0.8937 0.4466
vn 0.0426 0.9926 0.1141
vn -0.0426 0.9926 0.1141
vn 0.0426 0.9717 -0.2323
vn -0.0426 0.9717 -0.2323
vn 0.0426 0.8337 -0.5506
vn -0.0426 0.8337 -0.5506
vn 0.0426 0.5951 -0.8026
vn -0.0426 0.5950 -0.8026
vn 0.0426 0.2847 -0.9577
vn -0.0426 0.2847 -0.9577
vn 0.9960 0.0801 0.0402
vn 0.9960 0.0891 0.0101
vn -0.9960 0.0054 0.0895
vn -0.9960 -0.0256 0.0859
vn -0.9960 -0.0054 -0.0895
vn -0.9960 0.0256 -0.0859
vn 0.9960 -0.0256 0.0859
vn 0.9960 0.0054 0.0895
vn 0.9960 0.0256 -0.0859
vn 0.9960 -0.0054 -0.0895
vn -0.9960 -0.0872 0.0209
vn -0.9960 -0.0891 -0.0103
vn -0.9960 0.0872 -0.0209
vn -0.9960 0.0891 0.0103
vn -0.9960 -0.0357 -0.0822
vn 0.9960 -0.0891 -0.0103
vn 0.9960 -0.0872 0.0209
vn 0.9960 0.0872 -0.0209
vn 0.9960 -0.0359 -0.0822
vn -0.9960 0.0357 0.0822
vn 0.9960 0.0358 0.0821
vn -0.9960 -0.0747 0.0495
vn -0.9960 0.0747 -0.0495
vn 0.9960 -0.0748 0.0494
vn 0.9960 0.0748 -0.0495
vn -0.9960 -0.0617 -0.0651
vn -0.9960 0.0617 0.0651
vn 0.9960 -0.0617 -0.0651
vn 0.9960 0.0618 0.0649
vn -0.9960 -0.0534 0.0720
vn -0.9960 0.0534 -0.0720
vn 0.9960 -0.0534 0.0720
vn 0.9960 0.0534 -0.0720
vn -0.9960 -0.0803 -0.0401
vn -0.9960 0.0803 0.0401
vn 0.9960 -0.0803 -0.0401
vn 0.5820 0.4844 -0.6532
vn 0.5820 0.2317 -0.7795
vn -0.5820 0.2318 -0.7795
vn -0.5820 0.4843 -0.6532
vn 0.5820 0.0489 0.8117
vn 0.5820 0.3236 0.7461
vn -0.5820 0.3236 0.7461
vn -0.5820 0.0489 0.8117
vn 0.5820 -0.5592 -0.5904
vn 0.5820 -0.7274 -0.3635
vn -0.5820 -0.7274 -0.3635
vn -0.5820 -0.5592 -0.5904
vn 0.5820 -0.0489 -0.8117
vn -0.5820 -0.0489 -0.8117
vn 0.5820 0.5592 0.5904
vn -0.5820 0.5592 0.5904
vn 0.5820 -0.8079 -0.0928
vn -0.5820 -0.8079 -0.0928
vn 0.5820 0.7274 0.3635
vn -0.5820 0.7274 0.3635
vn 0.5820 -0.7909 0.1891
vn -0.5820 -0.7909 0.1891
vn 0.5820 0.8079 0.0928
vn -0.5820 0.8079 0.0928
vn 0.5820 -0.6785 0.4482
vn -0.5820 -0.6785 0.4482
vn 0.5820 0.7909 -0.1891
vn -0.5820 0.7909 -0.1891
vn 0.5820 -0.4843 0.6532
vn -0.5820 -0.4844 0.6532
vn 0.5820 0.6785 -0.4482
vn -0.5820 0.6785 -0.4482
vn 0.5820 -0.2317 0.7795
vn -0.5820 -0.2318 0.7795
vn 0.5820 -0.3236 -0.7461
vn -0.5820 -0.3236 -0.7461
vn -0.9889 -0.1241 0.0820
vn -0.9889 -0.1446 0.0346
vn -0.9889 0.1023 0.1080
vn -0.9889 0.0592 0.1364
vn 0.9889 0.1241 -0.0820
vn 0.9889 0.0886 -0.1195
vn -0.9889 -0.0886 0.1195
vn -0.9889 0.1330 0.0665
vn 0.9889 0.0424 -0.1425
vn -0.9889 -0.0424 0.1425
vn -0.9889 0.1477 0.0170
vn 0.9889 -0.0089 -0.1484
vn -0.9889 0.0089 0.1484
vn -0.9889 0.1446 -0.0346
vn 0.9889 -0.0592 -0.1364
vn -0.9889 0.1241 -0.0820
vn 0.9889 -0.1023 -0.1080
vn -0.9889 0.0886 -0.1195
vn 0.9889 -0.1330 -0.0665
vn -0.9889 0.0424 -0.1425
vn 0.9889 -0.1477 -0.0170
vn -0.9889 -0.0089 -0.1484
vn 0.9889 -0.1446 0.0346
vn 0.9889 0.0089 0.1484
vn 0.9889 0.0592 0.1364
vn -0.9889 -0.0592 -0.1364
vn 0.9889 -0.1241 0.0820
vn 0.9889 0.1023 0.1080
vn -0.9889 -0.1023 -0.1080
vn 0.9889 -0.0886 0.1195
vn 0.9889 0.1330 0.0665
vn -0.9889 -0.1330 -0.0665
vn 0.9889 -0.0424 0.1425
vn 0.9889 0.1477 0.0170
vn -0.9889 -0.1477 -0.0170
vn 0.9889 0.1446 -0.0346
vn -0.9081 -0.0256 -0.4180
vn 0.9079 -0.0413 -0.4171
vn -0.9987 0.0510 -0.0031
vn -0.9926 0.1202 0.0185
vn -0.9926 0.1171 -0.0328
vn 0.9987 -0.0502 0.0030
vn -0.1716 -0.5438 0.8215
vn -0.1716 -0.5439 0.8214
vn 0.8549 -0.4775 0.2030
vn -0.1716 -0.6385 -0.7503
vn -0.1717 -0.6385 -0.7502
vn -0.1596 -0.0592 -0.9854
vn -0.1893 -0.0603 -0.9801
vn -1.0000 -0.0000 -0.0001
vn -0.0013 -0.9982 0.0594
vn -1.0000 0.0003 -0.0002
vn -0.9998 0.0078 0.0177
vn -0.1904 -0.0672 -0.9794
vn -0.2139 -0.0761 -0.9739
vn -0.5820 0.7274 0.3636
vn -0.8075 0.5851 -0.0748
vn -0.0590 0.9981 -0.0165
vn 0.0588 -0.9929 0.1037
vn 0.0001 -0.9947 0.1031
vn -0.0001 0.9999 -0.0173
vn -0.8074 0.5899 0.0041
vn 0.8681 -0.4955 0.0298
vn 0.8126 -0.5817 0.0350
vn 0.8120 -0.5788 0.0748
vn -0.5121 0.8536 -0.0955
vn -0.5121 0.8589 -0.0075
vn -0.0589 0.9929 -0.1033
vn -0.0001 0.9947 -0.1028
vn 0.0590 -0.9965 0.0600
vn 0.9987 0.0510 -0.0031
vn 0.9920 0.1217 -0.0331
vn 0.9920 0.1248 0.0183
vn -0.9987 -0.0502 0.0030
vn -0.8498 -0.4886 0.1976
vn 0.1717 -0.5439 0.8214
vn 0.1716 -0.5438 0.8215
vn 0.1716 -0.6385 -0.7502
vn 0.1716 -0.6385 -0.7503
vn 0.8023 0.5969 0.0039
vn -0.8069 -0.5858 0.0753
vn 0.0551 0.9983 -0.0167
vn -0.0550 -0.9931 0.1036
vn 0.8023 0.5921 -0.0754
vn -0.8075 -0.5888 0.0354
vn -0.8621 -0.5058 0.0304
vn 0.5051 0.8577 -0.0959
vn 0.0550 0.9931 -0.1032
vn 0.5051 0.8630 -0.0077
vn -0.0551 -0.9967 0.0600
vn -0.2645 0.0568 -0.9627
vn 0.8619 0.0099 -0.5069
vn 0.8619 -0.0706 -0.5021
vn -0.2645 -0.1718 -0.9490
vn -0.2333 -0.9724 0.0062
vn 0.2335 -0.9701 -0.0668
vn 0.2295 -0.9671 0.1096
vn -0.2319 -0.9556 0.1819
vn -0.2334 0.9661 -0.1105
vn -0.2319 0.9705 0.0660
vn 0.2295 0.9733 -0.0072
vn 0.2335 0.9550 -0.1827
vn 0.9630 0.0633 0.2621
vn 0.9630 -0.0314 0.2677
vn -0.2462 0.1553 0.9567
vn -0.2462 -0.0393 0.9684
vn -0.9918 0.0077 0.1279
vn -0.9917 0.0077 0.1280
vn -0.8420 0.5385 -0.0324
vn -0.8420 -0.5385 0.0324
vn 0.8420 0.5385 -0.0324
vn 0.8420 -0.5385 0.0324
vn 0.9640 0.1097 -0.2422
vn 0.9849 -0.0255 -0.1714
vn 0.9335 -0.3185 -0.1645
vn 0.9415 -0.1724 -0.2896
vn 0.8946 -0.2731 -0.3537
vn 0.9271 0.0179 -0.3744
vn 0.8899 -0.0028 -0.4561
vn 0.8685 -0.2684 -0.4168
vn 0.8585 -0.2874 -0.4247
vn -0.5262 -0.8481 0.0628
vn -0.9735 0.1224 0.1934
vn 0.7900 0.4828 -0.3779
vn 0.9023 0.1788 -0.3923
vn 0.7117 0.4902 -0.5031
vn 0.8195 0.1724 -0.5466
vn 0.8230 0.1726 -0.5412
vn 0.8138 0.2205 -0.5376
vn 0.8177 0.2245 -0.5301
vn 0.9725 0.0423 -0.2290
vn 0.9636 -0.0707 -0.2577
vn 0.9276 0.2195 -0.3023
vn 0.8514 0.0270 -0.5238
vn 0.8066 -0.1575 -0.5697
vn -0.0075 -0.0667 -0.9977
vn 0.2062 0.1413 -0.9683
vn 0.1765 0.1252 -0.9763
vn -0.0113 -0.0684 -0.9976
vn -0.0046 -0.0474 -0.9989
vn -0.0039 -0.0668 -0.9978
vn 0.0852 0.1329 -0.9875
vn 0.0284 0.1195 -0.9924
vn 0.0104 -0.0261 -0.9996
vn 0.0091 -0.0261 -0.9996
vn 0.0509 0.1199 -0.9915
vn 0.0686 0.1150 -0.9910
vn 0.0013 -0.0167 -0.9999
vn 0.0038 -0.0002 -1.0000
vn 0.0096 0.0033 -0.9999
vn 0.0091 0.0076 -0.9999
vn 0.0229 0.1139 -0.9932
vn 0.3646 0.0954 -0.9263
vn 0.1615 -0.0196 -0.9867
vn 0.0001 0.4925 -0.8703
vn -0.0000 0.4925 -0.8703
vn 0.5256 0.0969 -0.8452
vn 0.6398 0.0593 -0.7663
vn 0.5107 0.0805 -0.8560
vn 0.4801 0.3540 -0.8026
vn 0.2734 0.2338 -0.9330
vn 0.3376 0.3671 -0.8667
vn 0.1674 0.2348 -0.9575
vn 0.2087 0.3866 -0.8983
vn 0.3132 0.2614 -0.9130
vn 0.3240 0.3629 -0.8737
vn 0.6500 0.2906 -0.7022
vn 0.4818 0.0690 -0.8735
vn 0.7540 0.1458 -0.6405
vn 0.8500 0.2012 -0.4869
vn 0.5626 0.0731 -0.8235
vn 0.5561 0.1430 -0.8187
vn 0.2738 0.0291 -0.9614
vn -0.0023 -0.0657 -0.9978
vn 0.1363 0.1602 -0.9776
vn 0.0001 0.0626 -0.9980
vn 0.0002 0.2873 -0.9578
vn 0.0555 0.2516 -0.9662
vn 0.0264 0.0250 -0.9993
vn 0.0297 -0.0193 -0.9994
vn 0.0997 0.2075 -0.9731
vn -0.3360 -0.2116 -0.9178
vn 0.5173 -0.8504 0.0960
vn 0.5178 -0.8540 0.0514
vn -0.5101 -0.8547 0.0963
vn -0.5107 -0.8582 0.0517
vn 0.8910 0.2932 -0.3466
vn 0.8872 0.2908 -0.3582
vn 0.8778 0.2981 -0.3750
vn 0.8734 0.2945 -0.3879
vn 0.0957 -0.9881 0.1204
vn 0.0676 -0.9925 0.1016
vn 0.0392 -0.9950 0.0920
vn 0.0031 -0.9970 0.0774
vn 0.0106 -0.9966 0.0815
vn 0.0073 -0.9949 0.1003
vn 0.0270 -0.9945 0.1012
vn 0.0119 -0.9965 0.0827
vn 0.0026 -0.9971 0.0760
vn 0.0177 -0.0503 -0.9986
vn 0.0111 -0.0622 -0.9980
vn 0.0082 -0.0667 -0.9977
vn -0.0009 -0.0705 -0.9975
vn 0.0061 -0.0459 -0.9989
vn 0.0547 -0.0516 -0.9972
vn 0.0369 -0.0151 -0.9992
vn -0.0074 -0.0603 -0.9982
vn -0.0019 -0.0602 -0.9982
vn -0.0014 -0.0516 -0.9987
vn -0.0047 -0.0363 -0.9993
vn 0.0182 0.0261 -0.9995
vn 0.0697 -0.0188 -0.9974
vn 0.0937 -0.0503 -0.9943
vn 0.0284 -0.0458 -0.9985
vn -0.0031 -0.0556 -0.9984
vn 0.0161 -0.0498 -0.9986
vn 0.0030 -0.0116 -0.9999
vn 0.0631 -0.0350 -0.9974
vn 0.0194 -0.0576 -0.9982
vn -0.0338 -0.0565 -0.9978
vn 0.0434 -0.0015 -0.9991
vn 0.0094 0.0212 -0.9997
vn -0.0263 -0.0542 -0.9982
vn 0.0101 -0.0235 -0.9997
vn 0.0385 -0.0504 -0.9980
vn -0.0157 -0.0423 -0.9990
vn -0.0096 -0.0574 -0.9983
vn -0.0000 -0.0742 -0.9972
vn 0.0011 -0.0733 -0.9973
vn 0.0003 -0.0604 -0.9982
vn -0.0000 -0.0740 -0.9973
vn 0.0140 0.0282 -0.9995
vn 0.0164 0.0158 -0.9997
vn 0.0323 0.0195 -0.9993
vn 0.0232 0.0716 -0.9972
vn -0.0008 -0.0862 -0.9963
vn 0.0097 -0.0867 -0.9962
vn 0.0125 -0.0210 -0.9997
vn 0.0320 0.1129 -0.9931
vn -0.0007 0.0208 -0.9998
vn -0.0000 0.0210 -0.9998
vn 0.0017 0.0253 -0.9997
vn 0.0072 0.0178 -0.9998
vn -0.0112 -0.2317 -0.9727
vn -0.0064 -0.2171 -0.9761
vn -0.0108 -0.3158 -0.9488
vn -0.0235 -0.3940 -0.9188
vn -0.6427 -0.6940 -0.3246
vn -0.1018 -0.9414 -0.3215
vn -0.0171 -0.0571 -0.9982
vn -0.0845 -0.0275 -0.9960
vn -0.1164 -0.0426 -0.9923
vn -0.0012 0.0204 -0.9998
vn -0.0268 0.0117 -0.9996
vn -0.0128 0.0139 -0.9998
vn -0.0000 -0.9489 -0.3157
vn 0.0049 -0.0911 -0.9958
vn -0.0007 -0.0935 -0.9956
vn 0.0003 -0.0899 -0.9959
vn -0.9295 0.1336 -0.3436
vn -0.9392 -0.1250 -0.3197
vn -0.0181 -0.0136 -0.9997
vn -0.0088 0.0017 -1.0000
vn 0.0090 0.0046 -0.9999
vn 0.0058 0.0103 -0.9999
vn -0.0203 -0.0401 -0.9990
vn -0.0448 -0.0762 -0.9961
vn 0.0003 -0.1044 -0.9945
vn 0.0004 -0.0882 -0.9961
vn 0.0002 -0.1048 -0.9945
vn -0.0007 -0.1033 -0.9947
vn -0.2008 -0.0675 -0.9773
vn -0.1076 -0.1015 -0.9890
vn 0.0309 -0.0766 -0.9966
vn 0.0138 -0.0755 -0.9970
vn 0.0126 -0.0701 -0.9975
vn 0.3481 -0.0735 -0.9346
vn 0.1673 -0.0645 -0.9838
vn 0.1369 -0.0820 -0.9872
vn 0.2517 -0.1134 -0.9611
vn 0.1777 -0.0659 -0.9819
vn 0.4449 -0.0500 -0.8942
vn 0.0989 -0.0331 -0.9945
vn -0.0132 -0.0521 -0.9986
vn -0.0017 -0.0609 -0.9981
vn -0.0080 -0.0609 -0.9981
vn -0.0083 -0.0601 -0.9982
vn -0.0016 -0.0604 -0.9982
vn 0.6759 -0.7357 0.0443
vn 0.1000 -0.1683 -0.9806
vn 0.1013 0.0476 -0.9937
vn 0.6734 0.7379 -0.0444
vn 0.0344 -0.0610 -0.9975
vn 0.0344 -0.0597 -0.9976
vn 0.0046 -0.0356 -0.9994
vn 0.0157 -0.0326 -0.9993
vn 0.0159 0.0132 -0.9998
vn 0.0053 0.0266 -0.9996
vn 0.0237 0.0032 -0.9997
vn 0.4150 -0.0506 -0.9084
vn 0.1798 -0.0575 -0.9820
vn 0.0294 -0.0644 -0.9975
vn 0.0239 -0.0850 -0.9961
vn 0.0423 -0.0834 -0.9956
vn 0.0646 -0.0693 -0.9955
vn 0.0599 -0.1083 -0.9923
vn 0.0765 -0.0911 -0.9929
vn -0.0026 0.0156 -0.9999
vn -0.0020 -0.0556 -0.9985
vn -0.0629 0.9215 -0.3832
vn -0.2944 0.8612 -0.4142
vn -0.0006 -0.0930 -0.9957
vn -0.0012 0.0089 -1.0000
vn 0.0041 -0.1074 -0.9942
vn 0.0178 -0.1074 -0.9941
vn -0.1072 -0.0877 -0.9904
vn -0.0315 -0.0680 -0.9972
vn -0.0271 -0.0647 -0.9975
vn -0.1161 -0.0755 -0.9904
vn -0.0147 -0.0548 -0.9984
vn 0.0224 -0.0479 -0.9986
vn -0.0239 -0.1772 -0.9839
vn -0.0083 -0.1061 -0.9943
vn 0.0096 -0.0426 -0.9990
vn 0.2195 0.1456 -0.9647
vn 0.0696 0.1077 -0.9917
vn -0.0578 -0.0757 -0.9955
vn 0.0621 -0.0442 -0.9971
vn 0.0581 -0.0414 -0.9975
vn 0.3235 0.0761 -0.9432
vn 0.3276 0.0609 -0.9429
vn 0.0413 -0.0365 -0.9985
vn 0.3399 0.0951 -0.9356
vn 0.8022 -0.0229 -0.5966
vn 0.7709 -0.1459 -0.6200
vn -0.9986 0.0532 -0.0042
vn -0.9986 0.0532 -0.0045
vn -0.9998 -0.0222 -0.0001
vn 0.4895 0.7034 -0.5153
vn 0.0702 0.9039 -0.4219
vn 0.0611 -0.0526 -0.9967
vn 0.0110 0.0127 -0.9999
vn -0.0048 0.0695 -0.9976
vn -0.1980 -0.0503 -0.9789
vn 0.0267 -0.0577 -0.9980
vn 0.1686 0.1980 -0.9656
vn 0.0348 -0.0600 -0.9976
vn 0.0368 -0.0668 -0.9971
vn 0.0141 -0.0659 -0.9977
vn 0.0794 0.1717 -0.9819
vn -0.0080 -0.0592 -0.9982
vn 0.0469 -0.0631 -0.9969
vn 0.9587 0.0925 -0.2688
vn 0.9817 -0.0858 -0.1698
vn -0.0019 -0.0612 -0.9981
vn -0.0009 -0.0552 -0.9985
vn -0.9890 -0.1479 0.0073
vn -0.9950 -0.0994 0.0045
vn 0.9997 0.0224 0.0001
vn 0.9997 0.0224 -0.0000
vn 0.9987 -0.0508 0.0044
vn 0.9987 -0.0508 0.0043
vn -0.1272 -0.9902 0.0580
vn -0.6059 -0.7942 0.0458
vn -0.0132 -0.1010 -0.9948
vn 0.0189 -0.0848 -0.9962
vn 0.0310 -0.0643 -0.9975
vn -0.0044 -0.0640 -0.9979
vn -0.0324 -0.0738 -0.9967
vn 0.0915 -0.0622 -0.9939
vn 0.0206 -0.0251 -0.9995
vn 0.0240 0.0080 -0.9997
vn 0.2937 0.0274 -0.9555
vn 0.9781 0.2078 -0.0108
vn 0.9815 0.1913 -0.0099
vn 0.9815 0.1914 -0.0098
vn 0.9782 0.2073 -0.0108
vn -0.0534 -0.0818 -0.9952
vn -0.0287 -0.0930 -0.9953
vn 0.0224 -0.0066 -0.9997
vn -0.1125 -0.0786 -0.9905
vn -0.0220 -0.1267 -0.9917
vn 0.0123 -0.0871 -0.9961
vn -0.0006 -0.0905 -0.9959
vn 0.0293 -0.0134 -0.9995
vn -0.8814 0.4714 -0.0285
vn 0.0171 0.9981 -0.0586
vn 0.0172 0.9981 -0.0590
vn -0.8814 0.4714 -0.0289
vn -0.9625 -0.2710 0.0147
vn -0.9680 -0.2505 0.0134
vn 0.9622 -0.2719 0.0169
vn 0.3215 -0.9452 0.0560
vn 0.3216 -0.9452 0.0561
vn 0.9622 -0.2719 0.0174
vn -0.0308 -0.9978 0.0586
vn -0.0301 -0.9978 0.0586
vn -0.0297 -0.9978 0.0586
vn -0.0307 -0.9978 0.0586
vn 0.9948 0.1021 -0.0045
vn 1.0000 0.0055 0.0011
vn 1.0000 0.0052 0.0011
vn 0.9976 -0.0691 0.0054
vn 0.9976 -0.0692 0.0054
vn 0.1620 0.9851 -0.0576
vn 0.2613 0.9636 -0.0562
vn 0.2612 0.9637 -0.0562
vn 0.1015 0.9931 -0.0582
vn 0.3699 0.9274 -0.0554
vn 0.3700 0.9275 -0.0539
vn -0.9473 -0.3199 0.0175
vn -0.9810 -0.1937 0.0100
vn -0.9763 -0.2163 0.0113
vn -0.9762 -0.2164 0.0113
vn 0.0061 -0.0728 -0.9973
vn 0.0654 0.0994 -0.9929
vn -0.0030 -0.1308 -0.9914
vn -0.0004 -0.1296 -0.9916
vn -0.0002 -0.1178 -0.9930
vn -0.0020 -0.1169 -0.9931
vn 0.9835 -0.1278 -0.1282
vn 0.9808 -0.0522 -0.1877
vn 0.0020 -0.1267 -0.9919
vn 0.0011 -0.1174 -0.9931
vn 0.1934 -0.9241 -0.3297
vn 0.8448 -0.2941 -0.4470
vn -0.0012 -0.1011 -0.9949
vn 0.0831 -0.1889 -0.9785
vn -0.9934 -0.1147 0.0054
vn -0.9789 0.2040 -0.0134
vn -0.9934 -0.1147 0.0053
vn 0.5408 0.8397 -0.0488
vn 0.5408 0.8398 -0.0485
vn 0.9950 0.0993 -0.0046
vn 0.9950 0.0993 -0.0045
vn -0.1494 -0.9871 0.0577
vn -0.7958 -0.6046 0.0344
vn -0.1493 -0.9871 0.0577
vn 1.0000 0.0039 0.0011
vn -0.2632 0.9631 -0.0570
vn 0.1365 0.9889 -0.0579
vn 0.1365 0.9890 -0.0579
vn -0.2632 0.9630 -0.0576
vn -0.0510 -0.9970 0.0585
vn -0.0246 -0.2808 -0.9595
vn 0.0003 -0.2486 -0.9686
vn 0.9889 0.1483 -0.0073
vn 0.9889 0.1483 -0.0074
vn 0.3473 -0.9361 0.0554
vn 0.3474 -0.9360 0.0563
vn 0.5105 0.6480 -0.5652
vn 0.0261 -0.0845 -0.9961
vn 0.9810 0.1935 -0.0100
vn -0.9243 -0.3811 0.0212
vn -0.9243 -0.3811 0.0211
vn -0.0300 -0.0606 -0.9977
vn -0.0869 -0.0795 -0.9930
vn 0.0453 -0.0149 -0.9989
vn 0.0418 -0.0415 -0.9983
vn 0.7027 0.0567 -0.7092
vn 0.7829 0.1086 -0.6126
vn 0.0993 -0.0707 -0.9925
vn 0.0206 -0.0707 -0.9973
vn 0.5477 -0.2219 -0.8067
vn 0.9745 0.0059 -0.2244
vn 0.8890 -0.0098 -0.4578
vn 0.8356 0.0400 -0.5479
vn 0.9518 -0.0648 -0.2997
vn -0.6974 0.0729 -0.7130
vn -0.9769 -0.1206 -0.1763
vn 0.0340 -0.2176 -0.9754
vn 0.0179 0.1768 -0.9841
vn -0.0110 0.1425 -0.9897
vn -0.0602 0.1219 -0.9907
vn -0.3181 -0.3859 -0.8659
vn 0.9595 -0.2057 -0.1923
vn 0.7511 0.1421 -0.6447
vn 0.7315 0.1540 -0.6642
vn 0.8824 -0.1874 -0.4317
vn 0.1802 0.2125 -0.9604
vn -0.0995 -0.1682 -0.9807
vn -0.1000 0.0494 -0.9938
vn 0.9945 0.0173 0.1035
vn 0.9948 0.0909 -0.0466
vn 0.9939 -0.0360 0.1038
vn -0.2923 -0.0510 -0.9550
vn 0.0117 -0.0422 -0.9990
vn 0.0050 -0.0497 -0.9987
vn 0.0068 -0.0413 -0.9991
vn -0.0022 -0.0468 -0.9989
vn -0.0015 -0.0557 -0.9984
vn -0.6734 -0.7379 0.0444
vn -0.6759 0.7356 -0.0443
vn -0.0092 -0.0704 -0.9975
vn -0.0113 -0.0693 -0.9975
vn -0.2060 -0.0750 -0.9757
vn -0.0011 -0.0454 -0.9990
vn -0.0007 -0.0542 -0.9985
vn -0.0002 -0.8021 -0.5972
vn -0.0000 -0.7983 -0.6023
vn -0.0029 -0.0471 -0.9989
vn -0.0018 -0.0591 -0.9983
vn -0.0023 -0.0588 -0.9983
vn -0.0028 -0.0607 -0.9982
vn 0.0097 -0.0234 -0.9997
vn 0.9425 -0.1148 -0.3137
vn 0.9980 0.0598 0.0216
vn 0.5457 0.5094 0.6653
vn 0.5344 -0.0522 -0.8436
vn 0.0073 -0.0323 -0.9995
vn 0.1193 -0.0423 -0.9920
vn 0.0102 -0.0612 -0.9981
vn -0.0029 -0.0596 -0.9982
vn -0.0030 -0.0591 -0.9982
vn 0.0010 -0.0523 -0.9986
vn -0.0018 -0.0463 -0.9989
vn -0.0023 -0.0616 -0.9981
vn -0.0158 -0.0724 -0.9973
vn -0.0117 -0.7880 -0.6155
vn -0.1452 -0.7647 -0.6278
vn -0.2941 -0.0763 -0.9527
vn -0.0000 0.8140 -0.5809
vn -0.1640 -0.0587 -0.9847
vn -0.0172 -0.0764 -0.9969
vn -0.0004 -0.0753 -0.9972
vn -0.0000 -0.9637 -0.2671
vn 0.0054 -0.0707 -0.9975
vn 0.7960 -0.2236 -0.5624
vn 0.7594 -0.1145 -0.6405
vn 0.8647 -0.1101 -0.4900
vn 0.8971 -0.1352 -0.4206
vn -0.0000 -0.4140 -0.9103
vn 0.0337 -0.0675 -0.9971
vn 0.0281 -0.0875 -0.9958
vn -0.0002 -0.0640 -0.9980
vn -0.0029 -0.0601 -0.9982
vn -0.0091 -0.0596 -0.9982
vn -0.0094 -0.0603 -0.9981
vn 0.0272 -0.0624 -0.9977
vn 0.0210 -0.0562 -0.9982
vn 0.1585 0.3224 -0.9332
vn 0.0201 -0.0384 -0.9991
vn 0.0138 -0.0403 -0.9991
vn 0.0685 0.3839 -0.9208
vn -0.0000 0.9472 -0.3206
vn 0.2130 0.2177 -0.9525
vn 0.0417 -0.0184 -0.9990
vn 0.0218 -0.0561 -0.9982
vn 0.0080 -0.0310 -0.9995
vn -0.0028 -0.0582 -0.9983
vn 0.2620 -0.0574 -0.9634
vn 0.2366 -0.1927 -0.9523
vn 0.0442 -0.0803 -0.9958
vn 0.1138 -0.0598 -0.9917
vn 0.0268 -0.0626 -0.9977
vn 0.0832 -0.0778 -0.9935
vn 0.0280 -0.1347 -0.9905
vn 0.0412 -0.1361 -0.9898
vn 0.0196 -0.0470 -0.9987
vn -0.0076 -0.0613 -0.9981
vn -0.0022 -0.0658 -0.9978
vn 0.0133 -0.1024 -0.9947
vn 0.0219 -0.0705 -0.9973
vn 0.0197 -0.0399 -0.9990
vn 0.0789 -0.0671 -0.9946
vn -0.0070 -0.0587 -0.9982
vn -0.0024 -0.0576 -0.9983
vn 0.1036 0.0032 -0.9946
vn 0.2562 0.1086 -0.9605
vn 0.1352 -0.0553 -0.9893
vn 0.1344 -0.0636 -0.9889
vn 0.1345 -0.0638 -0.9889
vn 0.1354 -0.0547 -0.9893
vn -0.5693 -0.0828 -0.8179
vn 0.0161 -0.0601 -0.9981
vn -0.5402 -0.0182 -0.8413
vn 0.0229 -0.1184 -0.9927
vn -0.0356 -0.4772 -0.8781
vn 0.0087 -0.0802 -0.9967
vn 0.0111 -0.0843 -0.9964
vn 0.0093 -0.5225 -0.8526
vn 0.0088 -0.0400 -0.9992
vn -0.2074 -0.0458 -0.9772
vn 0.0318 -0.0049 -0.9995
vn -0.0339 0.3680 -0.9292
vn 0.0438 -0.4927 -0.8691
vn 0.0137 -0.0870 -0.9961
vn -0.2076 -0.0720 -0.9756
vn -0.4509 -0.2353 -0.8610
vn -0.4049 0.4220 -0.8112
vn 0.0005 0.1927 -0.9813
vn 0.0005 -0.2512 -0.9679
vn 0.2276 -0.1624 -0.9601
vn -0.5924 -0.0509 -0.8040
vn -0.0000 -0.2357 -0.9718
vn -0.0000 0.1927 -0.9813
vn -0.0000 -0.6677 -0.7444
vn -0.0000 -0.6465 -0.7629
vn -0.0000 -0.6941 -0.7199
vn -0.0000 -0.6973 -0.7167
vn -0.0460 -0.6694 -0.7414
vn -0.0000 -0.6668 -0.7452
vn 0.1194 0.1555 -0.9806
vn -0.6756 0.0111 -0.7372
vn 0.1434 -0.3133 -0.9388
vn -0.7601 -0.0343 -0.6489
vn -0.3487 -0.3756 -0.8587
vn -0.0000 -0.8136 -0.5815
vn -0.0000 -0.4707 -0.8823
vn 0.7445 -0.3142 -0.5890
vn -0.2333 0.1463 -0.9613
vn 0.6132 0.4129 -0.6734
vn 0.6819 -0.1724 -0.7108
vn 0.1021 -0.7852 -0.6108
vn 0.0005 -0.4272 -0.9042
vn 0.0739 0.1149 -0.9906
vn -0.7963 -0.0289 -0.6042
vn 0.1536 -0.0594 -0.9863
vn -0.1960 -0.4031 -0.8939
vn -0.2605 -0.0083 -0.9654
vn -0.8097 -0.0216 -0.5864
vn -0.4010 0.4382 -0.8045
vn -0.1432 0.1242 -0.9819
vn 0.0011 -0.0552 -0.9985
vn -0.0131 -0.0236 -0.9996
vn 0.1478 -0.0279 -0.9886
vn -0.0000 0.0249 -0.9997
vn -0.0351 -0.0696 -0.9970
vn -0.0208 -0.0644 -0.9977
vn 0.1733 -0.0009 -0.9849
vn 0.1732 -0.0009 -0.9849
vn -0.0000 0.2031 -0.9792
vn 0.0005 0.2031 -0.9792
vn -0.4376 -0.3507 -0.8279
vn 0.7040 0.3835 -0.5978
vn -0.0000 0.2423 -0.9702
vn -0.9805 0.0475 -0.1907
vn -0.9982 0.0598 -0.0036
vn 0.8858 0.1124 -0.4503
vn 0.9879 0.1550 -0.0093
vn -0.0000 -0.3569 -0.9341
vn -0.9982 -0.0598 0.0036
vn -0.9805 -0.0701 -0.1836
vn 0.8858 -0.1655 -0.4335
vn 0.9879 -0.1550 0.0094
vn 0.0685 0.1855 -0.9802
vn 0.0736 0.1471 -0.9864
vn 0.3361 0.9401 -0.0566
vn 0.2706 0.9610 -0.0579
vn 0.0735 -0.2643 -0.9616
vn 0.0686 -0.3018 -0.9509
vn 0.2706 -0.9610 0.0579
vn 0.3360 -0.9402 0.0566
vn 0.0259 0.1185 -0.9926
vn 0.0002 0.1126 -0.9936
vn 0.1440 0.9878 -0.0595
vn -0.0000 -0.2310 -0.9730
vn 0.0259 -0.2367 -0.9712
vn 0.1440 -0.9878 0.0595
vn 0.6852 0.1526 -0.7122
vn 0.9618 0.2732 -0.0164
vn 0.6853 -0.2369 -0.6887
vn 0.9618 -0.2732 0.0163
vn -0.0011 -0.0982 -0.9952
vn -0.0012 -0.0987 -0.9951
vn 0.0148 -0.0918 -0.9957
vn 0.0001 -0.0969 -0.9953
vn -0.0003 -0.0754 -0.9972
vn -0.0003 -0.0753 -0.9972
vn -0.0004 -0.0754 -0.9972
vn 0.0147 -0.0831 -0.9964
vn 0.0143 -0.0830 -0.9965
vn 0.0071 -0.0957 -0.9954
vn 0.0245 -0.0028 -0.9997
vn 0.0249 -0.0100 -0.9996
vn 0.0113 -0.0220 -0.9997
vn 0.1933 0.9732 -0.1246
vn 0.2924 0.9485 -0.1214
vn 0.7150 0.1322 -0.6865
vn 0.8679 0.1040 -0.4857
vn 0.8633 0.0982 -0.4950
vn -1.0000 -0.0002 -0.0001
vn 0.3483 0.9298 -0.1190
vn 0.7056 0.6951 -0.1376
vn 0.4078 0.8985 -0.1623
vn 0.1814 0.9413 -0.2846
vn 0.6936 0.7060 -0.1434
vn -0.2657 -0.9623 0.0579
vn 0.1508 0.9637 -0.2202
vn 0.3172 0.9270 -0.2001
vn 0.9762 -0.0859 -0.1993
vn 0.2948 0.9472 -0.1266
vn 0.2197 0.9660 -0.1364
vn 0.1065 0.6450 -0.7567
vn 0.3328 0.9291 -0.1610
vn 0.4667 0.8671 -0.1743
vn 0.5109 0.8424 -0.1711
vn 0.5485 0.8201 -0.1631
vn 0.6235 0.7554 -0.2016
vn 0.2042 0.9684 -0.1432
vn 0.5968 0.7928 -0.1238
vn 0.7450 0.6628 -0.0754
vn -0.0000 0.9725 -0.2331
vn -0.0000 0.9966 -0.0820
vn -0.1768 -0.9825 0.0592
vn 0.7966 0.5318 -0.2876
vn 0.8925 -0.2316 -0.3870
vn 0.8751 -0.4413 -0.1987
vn 0.8293 -0.4459 -0.3368
vn 0.7067 0.2048 -0.6772
vn 0.7459 0.3144 -0.5872
vn -0.0103 -0.0604 -0.9981
vn -0.0144 -0.0604 -0.9981
vn -0.0140 -0.0604 -0.9981
vn -0.9969 0.0045 -0.0783
vn -0.9994 0.0104 0.0337
vn -0.9971 0.0062 -0.0760
vn -0.9999 -0.0068 -0.0156
vn -0.9996 -0.0017 0.0294
vn -0.0115 -0.9661 -0.2580
vn -0.0066 -0.9651 -0.2620
vn -0.0000 0.2592 -0.9658
vn -0.9626 -0.0103 -0.2706
vn -0.9647 -0.0630 -0.2558
vn -0.4277 -0.0477 -0.9027
vn -0.1544 -0.0594 -0.9862
vn -0.0162 -0.0604 -0.9980
vn 0.0112 -0.0549 -0.9984
vn 0.0133 -0.0227 -0.9997
vn 0.7171 -0.0386 -0.6959
vn 0.7388 0.0673 -0.6705
vn 0.9997 0.0217 0.0069
vn 0.9924 0.1229 -0.0063
vn 0.9975 0.0574 -0.0405
vn 0.9924 0.1229 -0.0074
vn 0.5323 0.1801 -0.8272
vn 0.5517 0.1508 -0.8203
vn 0.8003 0.0555 -0.5970
vn 0.7837 0.2363 -0.5744
vn 0.9469 0.1496 -0.2846
vn 0.9286 0.1517 -0.3387
vn 0.9360 0.0906 -0.3402
vn 0.9071 0.2521 -0.3371
vn 0.9097 0.2952 -0.2922
vn 0.8942 0.2968 -0.3352
vn 0.8362 0.4429 -0.3235
vn 0.9853 0.1705 -0.0103
vn 0.7031 0.7033 0.1044
vn 0.9589 0.2834 -0.0171
vn 0.9458 0.3242 -0.0195
vn 0.8327 0.5528 -0.0333
vn 0.9727 0.1802 -0.1459
vn 0.9996 -0.0206 -0.0206
vn 0.9750 -0.1003 0.1985
vn 0.6756 -0.2467 0.6948
vn 0.9576 -0.1378 -0.2530
vn 0.9926 -0.1206 0.0172
vn -0.9699 -0.0185 -0.2428
vn -0.9423 -0.2540 -0.2179
vn -0.9699 -0.2428 0.0185
vn -0.9699 0.0185 0.2428
vn -0.9423 -0.2179 0.2540
vn -0.9423 0.2540 0.2179
vn -0.9699 0.2428 -0.0185
vn -0.9423 0.2179 -0.2540
vn 0.0549 0.9974 -0.0466
vn -0.2998 0.9184 -0.2584
vn 0.3105 0.9128 -0.2651
vn 0.5167 -0.8530 0.0728
vn -0.0096 -0.9986 0.0514
vn 0.0097 -0.9986 0.0519
vn -0.5004 0.8642 -0.0520
vn 0.5283 0.8475 -0.0510
vn -0.0176 -0.9980 0.0601
vn 0.0178 -0.9980 0.0601
vn 0.9987 -0.0512 0.0031
vn -0.0000 0.9586 -0.2846
vn -0.0311 0.9466 -0.3208
vn 0.4237 0.5616 -0.7106
vn 0.4236 0.5619 -0.7105
vn 0.5795 -0.4087 -0.7051
vn 0.5795 -0.4088 -0.7051
vn -0.3622 0.9304 -0.0560
vn 0.9130 -0.2142 -0.3471
vn 0.7206 0.0982 0.6864
vn 0.7779 -0.1328 -0.6142
vn 0.7301 -0.2292 -0.6438
vn 0.7114 -0.1949 -0.6752
vn 0.6517 -0.1481 -0.7438
vn 0.7575 -0.0617 -0.6500
vn 0.7958 -0.0180 -0.6052
vn 0.6876 -0.0230 -0.7258
vn 0.7385 -0.1239 -0.6628
vn 0.8017 0.1532 -0.5778
vn 0.8403 0.2555 -0.4782
vn 0.7704 0.3858 -0.5076
vn 0.8658 0.1293 -0.4834
vn 0.9779 0.0769 -0.1945
vn 0.9489 -0.3156 0.0082
vn 0.9289 -0.2930 -0.2266
vn 0.9585 0.0294 -0.2837
vn 0.7525 0.1288 -0.6458
vn 0.6667 0.4957 -0.5565
vn 0.8041 0.1634 -0.5716
vn 0.8514 0.0803 -0.5183
vn 0.9298 -0.1104 -0.3512
vn 0.8576 -0.2096 -0.4696
vn 0.9125 -0.1471 -0.3818
vn 0.9304 -0.1441 -0.3371
vn 0.8201 0.0265 -0.5716
vn 0.9554 -0.1353 -0.2626
vn 0.9493 -0.1309 -0.2857
vn 0.8725 0.0454 -0.4866
vn 0.6804 0.5600 -0.4727
vn 0.8201 0.3537 -0.4498
vn 0.9065 0.1677 -0.3874
vn 0.8558 0.2881 -0.4296
vn 0.9407 -0.1650 -0.2963
vn 0.9324 -0.2098 -0.2944
vn 0.9119 -0.1644 -0.3760
vn 0.8810 -0.1220 -0.4571
vn 0.9578 -0.0874 -0.2738
vn 0.9509 -0.1445 -0.2736
vn 0.8810 -0.2105 -0.4236
vn 0.9303 -0.1565 -0.3319
vn 0.9832 -0.1270 -0.1314
vn 0.8997 0.1647 -0.4042
vn 0.9057 0.1663 -0.3900
vn 0.9245 -0.2691 -0.2701
vn 0.9617 -0.0059 -0.2742
vn 0.9578 -0.0209 -0.2866
vn 0.9609 -0.0414 -0.2737
vn 0.9508 -0.1019 -0.2927
vn 0.9418 -0.1402 -0.3057
vn 0.9311 -0.1467 -0.3339
vn 0.9160 -0.1035 -0.3876
vn 0.5198 0.6565 -0.5467
vn 0.4887 0.7698 -0.4106
vn 0.7799 0.3280 -0.5330
vn 0.7915 0.2503 -0.5576
vn 0.7959 0.0024 -0.6054
vn 0.9626 -0.1205 -0.2426
vn 0.9532 -0.0580 -0.2968
vn 0.7999 -0.2795 -0.5310
vn 0.6596 -0.1209 -0.7419
vn 0.6447 0.2131 -0.7341
vn 0.7957 0.4278 -0.4288
vn 0.9935 0.0187 -0.1126
vn 0.9307 -0.3589 0.0708
vn 0.8171 0.0236 -0.5761
vn 0.8889 0.0103 -0.4580
vn 0.6485 0.2112 -0.7313
vn 0.6988 -0.2765 -0.6597
vn 0.9819 -0.0000 -0.1896
vn 0.9462 0.0769 -0.3143
vn 0.9373 0.3483 0.0120
vn 0.9074 0.3492 0.2338
vn 0.9458 0.2596 0.1949
vn 0.9576 0.2872 0.0240
vn 0.0235 0.0629 0.9977
vn 0.0240 0.0657 0.9976
vn 0.0153 0.0629 0.9979
vn 0.0148 0.0616 0.9980
vn -0.1058 0.0659 0.9922
vn -0.0247 0.0615 0.9978
vn -0.0228 0.0955 0.9952
vn -0.0990 0.0966 0.9904
vn -0.0826 -0.0422 0.9957
vn -0.0167 -0.0464 0.9988
vn -0.0197 -0.0023 0.9998
vn -0.0006 -0.4164 0.9092
vn 0.0316 -0.3872 0.9214
vn 0.0019 0.0392 0.9992
vn -0.0000 0.0390 0.9992
vn -0.2448 0.0266 0.9692
vn -0.0344 -0.3853 0.9221
vn -0.0020 0.0390 0.9992
vn -0.1030 0.0464 0.9936
vn 0.0348 0.4927 0.8695
vn 0.0008 0.5224 0.8527
vn -0.0000 0.0811 0.9967
vn 0.0020 0.0811 0.9967
vn -0.2431 0.0683 0.9676
vn -0.1031 0.0729 0.9920
vn -0.2449 0.0893 0.9654
vn -0.2405 0.0451 0.9696
vn -0.0336 0.4935 0.8691
vn -0.0020 0.0811 0.9967
vn 0.1048 0.0461 0.9934
vn 0.2556 0.0247 0.9665
vn 0.2547 0.0865 0.9632
vn 0.1051 0.0716 0.9919
vn 0.2650 0.0537 0.9628
vn 0.0265 0.0834 0.9962
vn 0.0255 0.0672 0.9974
vn 0.0288 0.0681 0.9973
vn 0.0263 0.0827 0.9962
vn 0.0217 0.0369 0.9991
vn 0.0298 0.0366 0.9989
vn 0.0507 0.0147 0.9986
vn 0.0215 0.0247 0.9995
vn 0.0169 0.0639 0.9978
vn 0.0248 0.0665 0.9975
vn 0.0258 0.0449 0.9987
vn 0.0089 0.0291 0.9995
vn -0.0097 0.0592 0.9982
vn -0.0093 0.0587 0.9982
vn 0.1624 0.0771 0.9837
vn 0.1527 0.0838 0.9847
vn -0.0240 0.0463 0.9986
vn -0.0236 -0.0307 0.9992
vn -0.0232 0.0597 0.9979
vn -0.0166 0.0576 0.9982
vn -0.0174 0.0580 0.9982
vn -0.1007 0.0581 0.9932
vn -0.0962 0.0582 0.9937
vn -0.0219 0.0597 0.9980
vn -0.0164 0.0935 0.9955
vn -0.0581 0.0452 0.9973
vn -0.0389 -0.0189 0.9991
vn -0.0229 0.0099 0.9997
vn -0.0203 0.0070 0.9998
vn -0.0106 0.2641 0.9644
vn -0.0073 0.2471 0.9690
vn -0.0101 0.0595 0.9982
vn -0.0111 0.0614 0.9981
vn 0.1486 0.0878 0.9850
vn 0.1457 0.0928 0.9850
vn 0.0312 0.1813 0.9829
vn 0.0119 0.1764 0.9843
vn 0.1304 0.1220 0.9839
vn -0.0133 0.0966 0.9952
vn -0.0156 0.0582 0.9982
vn -0.0156 0.0579 0.9982
vn -0.0214 0.0576 0.9981
vn 0.0284 0.0671 0.9973
vn 0.0280 0.0632 0.9976
vn 0.0673 0.1904 0.9794
vn 0.0271 0.0849 0.9960
vn -0.0930 0.0491 0.9945
vn -0.0209 0.2735 0.9617
vn 0.0179 0.0370 0.9992
vn -0.0928 0.0649 0.9936
vn -0.0226 0.0192 0.9996
vn 0.0870 0.0085 0.9962
vn 0.0187 0.0650 0.9977
vn 0.0569 0.0271 0.9980
vn 0.0288 0.0678 0.9973
vn 0.0733 0.2756 0.9585
vn -0.0504 0.2074 0.9770
vn 0.8927 0.4503 -0.0196
vn 0.9315 0.3613 0.0422
vn 0.9213 0.3706 0.1177
vn 0.9288 0.3588 0.0925
vn 0.9802 0.1973 0.0171
vn 0.9818 0.1897 0.0061
vn 0.9610 0.2766 0.0074
vn 0.9593 0.2810 0.0276
vn 0.9923 0.1008 -0.0717
vn 0.8867 0.4617 0.0240
vn 0.9465 0.2025 0.2512
vn 0.8855 0.4356 0.1617
vn 0.9901 0.1405 0.0046
vn 0.7793 0.5845 0.2257
vn 0.9804 0.1698 -0.1002
vn 0.9870 0.1600 0.0127
vn 0.9574 0.0618 0.2820
vn 0.9781 -0.0199 -0.2073
vn 0.9937 -0.0656 0.0906
vn 0.9621 0.1278 0.2410
vn 0.1963 0.7130 0.6731
vn 0.2001 0.7719 0.6034
vn 0.2321 0.8569 0.4603
vn 0.2473 0.7987 0.5486
vn 0.2615 0.7747 0.5757
vn 0.2935 0.8527 0.4321
vn 0.2968 0.7531 0.5871
vn 0.3463 0.8444 0.4088
vn 0.0355 0.0619 0.9975
vn 0.0075 0.0608 0.9981
vn 0.0131 0.0595 0.9981
vn 0.0294 0.0587 0.9978
vn 0.3520 0.7238 0.5935
vn 0.3836 0.8404 0.3829
vn 0.3293 0.4865 0.8092
vn 0.5653 0.4423 0.6963
vn 0.5189 0.8548 0.0001
vn 0.4599 0.8879 -0.0119
vn 0.1125 0.8190 0.5627
vn 0.2455 0.7882 0.5643
vn 0.3019 0.9263 0.2253
vn 0.1401 0.9604 0.2408
vn 0.4189 0.7175 0.5565
vn 0.4986 0.8432 0.2010
vn 0.0002 0.8324 0.5541
vn -0.0000 0.9684 0.2492
vn 0.5691 0.5975 0.5650
vn 0.6796 0.7104 0.1830
vn 0.7070 0.4584 0.5385
vn 0.8102 0.3529 0.4681
vn 0.8127 0.4685 0.3464
vn 0.7120 0.6778 0.1834
vn 0.8842 0.1896 0.4269
vn 0.9128 0.2339 0.3349
vn 0.8088 0.4733 0.3492
vn 0.8074 0.2904 0.5136
vn 0.5254 0.6842 0.5059
vn 0.3294 0.8033 0.4961
vn 0.2506 0.9559 0.1533
vn 0.3247 0.9347 0.1445
vn 0.2535 0.8676 0.4278
vn 0.2592 0.9499 0.1744
vn 0.3201 0.8602 0.3970
vn 0.3194 0.9279 0.1922
vn 0.3780 0.8324 0.4052
vn 0.3869 0.9031 0.1863
vn 0.4557 0.7936 0.4032
vn 0.4709 0.8647 0.1744
vn 0.9363 -0.0113 0.3510
vn 0.9262 -0.0213 0.3764
vn 0.9271 -0.0628 0.3696
vn 0.6495 0.6766 0.3470
vn 0.6298 0.7575 0.1721
vn 0.4645 0.6826 0.5642
vn 0.4495 0.8156 0.3642
vn -1.0000 -0.0002 0.0001
vn -0.0000 0.9993 -0.0381
vn -0.0000 0.9555 0.2949
vn -0.0000 0.9985 0.0543
vn 0.1628 0.9866 -0.0126
vn -0.0000 1.0000 -0.0009
vn 0.5501 0.8350 0.0133
vn 0.6673 0.7437 -0.0409
vn 0.5219 0.8529 0.0145
vn 0.3875 0.9219 -0.0034
vn 0.3036 0.9528 0.0047
vn 0.3490 0.9371 0.0066
vn 0.2349 0.9720 0.0044
vn 0.1864 0.9825 -0.0000
vn 0.6889 0.7244 -0.0259
vn 0.5145 0.8568 -0.0341
vn 0.3306 0.9434 -0.0247
vn 0.2121 0.9769 0.0244
vn 0.1996 0.9798 -0.0113
vn 0.2209 0.9751 -0.0197
vn 0.2336 0.9718 0.0325
vn 0.1804 0.9836 -0.0052
vn 0.2376 0.9711 0.0215
vn 0.8051 0.4953 0.3264
vn 0.1748 0.9845 -0.0125
vn 0.9102 -0.2981 -0.2875
vn 0.9389 0.2433 -0.2433
vn -1.0000 -0.0000 0.0001
vn -1.0000 -0.0001 0.0001
vn 0.8697 -0.1693 0.4636
vn 0.8827 -0.0692 0.4648
vn 0.6467 -0.0307 0.7621
vn 0.6145 -0.1648 0.7715
vn 0.9136 -0.1583 0.3746
vn 0.9595 -0.1616 0.2307
vn 0.9710 -0.0632 0.2305
vn -0.0000 -0.9751 0.2219
vn -0.0014 0.8883 0.4592
vn -0.3210 0.8490 0.4198
vn -0.0976 0.3713 0.9234
vn -0.0000 0.3731 0.9278
vn -0.0029 0.9833 0.1821
vn -0.8520 0.5163 0.0866
vn 0.9178 0.0215 0.3965
vn 0.6831 -0.2045 0.7011
vn -0.7771 0.0361 0.6283
vn -0.7234 0.0396 0.6893
vn 0.0066 -0.9236 0.3832
vn -0.0614 -0.3559 0.9325
vn -0.1642 -0.3404 0.9258
vn 0.0195 -0.7107 0.7033
vn -0.9999 -0.0158 0.0012
vn -1.0000 0.0037 -0.0002
vn -1.0000 0.0029 -0.0001
vn -0.0321 -0.9958 0.0854
vn -0.9969 -0.0173 -0.0770
vn -0.9983 -0.0151 -0.0555
vn -0.9977 -0.0142 0.0661
vn -0.9988 -0.0170 0.0449
vn -0.9960 0.0189 -0.0876
vn -0.9896 0.0376 0.1387
vn -0.0787 -0.9951 0.0600
vn -0.0362 -0.9957 0.0854
vn -0.0098 -0.0126 0.9999
vn -0.0175 0.0598 0.9981
vn -0.0178 0.0598 0.9981
vn -0.0228 -0.7163 0.6974
vn -0.0208 -0.7163 0.6975
vn -0.0175 0.0515 0.9985
vn -0.0175 0.0516 0.9985
vn -0.0181 -0.2405 0.9705
vn -0.0018 0.0859 0.9963
vn -0.0067 0.0598 0.9982
vn -0.0071 0.0598 0.9982
vn 0.9273 0.0225 0.3735
vn 0.8751 0.0291 0.4831
vn -0.9992 -0.0384 -0.0104
vn -0.9763 -0.2162 0.0005
vn -0.9994 -0.0347 -0.0074
vn -0.3159 -0.4368 0.8423
vn -0.5425 -0.2248 0.8094
vn -0.0461 0.0601 0.9971
vn 0.0056 0.0763 0.9971
vn 0.2426 -0.4594 0.8545
vn 0.0408 -0.5278 0.8484
vn -0.0007 0.0747 0.9972
vn -0.0020 0.0795 0.9968
vn 0.5973 0.0482 0.8006
vn 0.1246 0.0596 0.9904
vn -0.2388 -0.0062 0.9710
vn 0.0044 0.0652 0.9979
vn -0.1574 -0.5201 0.8395
vn 0.0034 0.0751 0.9972
vn 0.1250 -0.0692 0.9897
vn 0.1339 0.0421 0.9901
vn 0.8331 0.4391 -0.3363
vn 0.8410 0.4722 -0.2640
vn 0.4110 -0.9091 0.0676
vn 0.7253 -0.6872 0.0415
vn -0.8499 -0.5260 0.0307
vn 0.9858 -0.1678 -0.0001
vn -0.5445 -0.8361 0.0668
vn -0.2627 -0.9619 0.0758
vn 0.0715 -0.9944 0.0777
vn 0.2586 0.7041 0.6614
vn 0.3408 0.9301 0.1368
vn 0.7176 0.6961 -0.0209
vn 0.2936 0.9559 0.0068
vn 0.1932 0.9811 0.0070
vn 0.2001 0.7204 0.6640
vn 0.2837 0.9509 0.1242
vn 0.1900 0.9744 0.1200
vn 0.1260 0.7158 0.6868
vn 0.5429 0.5960 0.5916
vn 0.2965 0.7211 0.6262
vn 0.3588 0.9054 0.2270
vn 0.6758 0.7125 0.1887
vn 0.1263 0.7370 0.6640
vn 0.2008 0.9609 0.1905
vn 0.4565 0.8892 -0.0313
vn -0.9993 0.0028 -0.0374
vn -0.9962 0.0124 0.0857
vn -0.3608 0.0300 0.9322
vn -0.2474 0.0489 0.9677
vn 0.6686 0.7418 0.0516
vn 0.4934 0.8691 0.0358
vn -0.0550 0.1846 0.9813
vn 0.0107 0.0717 0.9974
vn 0.4959 -0.8516 0.1700
vn -0.2239 -0.9714 0.0787
vn -0.6307 -0.6500 0.4239
vn -0.9960 0.0632 -0.0633
vn -0.4976 0.8667 -0.0340
vn 0.8497 0.5230 0.0662
vn -0.5376 -0.7204 0.4383
vn 0.9684 0.2393 -0.0706
vn 0.9973 0.0732 -0.0003
vn 0.5806 -0.0346 0.8134
vn 0.4149 -0.2968 0.8601
vn -0.0098 0.0911 0.9958
vn -0.0136 0.1025 0.9946
vn -0.9918 -0.0627 0.1113
vn -0.1545 0.0594 0.9862
vn -0.0553 -0.3014 0.9519
vn -0.0000 -0.3017 0.9534
vn 0.9173 0.0215 0.3975
vn 0.7931 0.3283 0.5130
vn 0.4364 0.2400 0.8671
vn 0.5351 0.0494 0.8434
vn -0.0816 -0.4733 0.8771
vn -0.0000 -0.4749 0.8800
vn 0.3073 -0.2105 0.9280
vn -0.0317 -0.9750 0.2201
vn -0.0318 -0.9750 0.2201
vn -0.0310 0.9783 0.2050
vn -0.0310 0.9783 0.2049
vn -0.8578 0.5130 -0.0309
vn 0.4355 -0.6628 0.6091
vn 0.4354 -0.6630 0.6090
vn 0.0060 -0.9822 0.1877
vn 0.0061 -0.9822 0.1877
vn -0.9735 0.0176 0.2282
vn -0.9734 0.0177 0.2283
vn 0.9734 0.0008 0.2291
vn -0.1928 -0.9174 -0.3481
vn -0.1277 -0.9773 -0.1690
vn -0.1805 -0.9835 -0.0081
vn -0.2203 -0.9461 -0.2376
vn -0.1863 -0.9818 0.0382
vn -0.2506 -0.9453 -0.2086
vn -0.1493 -0.9863 0.0708
vn -0.0432 -0.9931 0.1095
vn 0.0771 -0.9868 0.1427
vn -0.2273 -0.9568 0.1816
vn -0.3731 -0.9147 0.1549
vn -0.1949 -0.9578 0.2112
vn -0.1299 -0.9589 0.2523
vn 0.0065 -0.9603 0.2789
vn 0.1554 -0.9241 0.3491
vn 0.8794 -0.2609 0.3983
vn -0.0231 -0.4449 0.8953
vn -0.2525 -0.4096 0.8766
vn -0.1107 0.4545 -0.8838
vn 0.0311 0.4441 -0.8954
vn -0.0126 0.3973 -0.9176
vn -0.9305 -0.0736 0.3588
vn -0.5485 0.4230 -0.7213
vn 0.3113 -0.4530 0.8354
vn -0.4617 0.2884 -0.8388
vn 0.5736 -0.4176 0.7047
vn -0.6431 -0.2827 0.7117
vn 0.0164 0.9912 -0.1311
vn 0.0282 -0.9091 -0.4156
vn -0.0282 -0.9085 -0.4170
vn -0.0165 0.9913 -0.1310
vn -0.0553 0.9958 -0.0736
vn -0.5459 -0.8374 0.0277
vn -0.0426 -0.2847 0.9577
vn -0.0426 -0.5951 0.8026
vn 0.0426 -0.5950 0.8026
vn -0.0426 -0.0600 -0.9973
vn -0.0426 0.5951 -0.8026
vn 0.0426 0.5950 -0.8026
vn 0.9960 0.0872 -0.0208
vn 0.9960 0.0747 -0.0495
vn -0.9960 -0.0053 -0.0895
vn -0.9960 0.0053 0.0895
vn 0.9960 -0.0358 -0.0821
vn 0.9960 0.0053 0.0896
vn -0.9960 -0.0890 -0.0105
vn -0.9960 0.0891 0.0104
vn -0.9960 -0.0257 0.0858
vn 0.9960 -0.0871 0.0211
vn 0.9960 0.0891 0.0103
vn 0.9960 -0.0258 0.0859
vn -0.9960 -0.0802 -0.0401
vn -0.9960 0.0802 0.0401
vn 0.9960 -0.0801 -0.0402
vn -0.9960 0.0535 -0.0719
vn 0.9960 -0.0535 0.0720
vn 0.9960 0.0535 -0.0720
vn -0.9960 -0.0616 -0.0651
vn -0.9960 0.0616 0.0651
vn 0.9960 -0.0616 -0.0651
vn 0.9960 0.0615 0.0652
vn -0.9960 -0.0749 0.0494
vn -0.9960 0.0749 -0.0493
vn 0.9960 -0.0748 0.0496
vn -0.5820 0.3235 0.7460
vn 0.5820 0.3235 0.7461
vn -0.5820 0.2317 -0.7795
vn 0.5820 0.2316 -0.7795
vn -0.5820 -0.4843 0.6532
vn -0.5820 -0.3235 -0.7460
vn 0.5820 -0.3235 -0.7461
vn -0.5820 -0.2317 0.7795
vn 0.5820 -0.2318 0.7795
vn -0.9081 0.0248 0.4181
vn 0.9079 0.0091 0.4190
vn -0.9926 0.1201 0.0184
vn -0.9926 0.1171 -0.0327
vn 0.8548 -0.4985 -0.1442
vn -0.1716 -0.6386 -0.7502
vn -0.1717 -0.5439 0.8214
vn -0.1596 0.0594 0.9854
vn -0.1893 0.0579 0.9802
vn -0.0014 -0.9981 0.0609
vn -1.0000 0.0004 0.0002
vn -0.2139 0.0412 0.9760
vn -0.1904 0.0508 0.9804
vn -0.9998 0.0057 -0.0187
vn -0.8075 0.5899 0.0041
vn 0.0003 0.9947 -0.1026
vn 0.0001 -0.9999 0.0170
vn 0.0589 -0.9981 0.0162
vn 0.8120 -0.5836 -0.0049
vn -0.5121 0.8589 -0.0076
vn -0.0589 0.9981 -0.0166
vn -0.0000 0.9998 -0.0174
vn 0.9920 0.1216 -0.0332
vn 0.9920 0.1247 0.0183
vn 0.1716 -0.6386 -0.7502
vn -0.8499 -0.5087 -0.1376
vn 0.1716 -0.5440 0.8214
vn -0.8069 -0.5906 -0.0045
vn 0.8024 0.5920 -0.0753
vn 0.0552 0.9931 -0.1031
vn -0.0550 -0.9984 0.0162
vn 0.8023 0.5969 0.0037
vn 0.5051 0.8630 -0.0078
vn 0.5051 0.8578 -0.0958
vn 0.0549 0.9984 -0.0166
vn -0.0552 -0.9967 0.0599
vn -0.2645 0.1718 0.9490
vn -0.2645 -0.0568 0.9627
vn 0.8619 -0.0099 0.5069
vn 0.8619 0.0706 0.5021
vn -0.2334 -0.9661 0.1105
vn -0.2319 -0.9705 -0.0661
vn 0.2297 -0.9732 0.0071
vn 0.2335 -0.9550 0.1828
vn -0.2333 0.9724 -0.0062
vn 0.2335 0.9700 0.0669
vn 0.2295 0.9671 -0.1097
vn -0.2319 0.9555 -0.1820
vn 0.9630 -0.0633 -0.2620
vn 0.9630 0.0314 -0.2677
vn -0.2463 -0.1551 -0.9567
vn -0.2462 0.0393 -0.9684
vn -0.9918 -0.0077 -0.1279
vn -0.9917 -0.0077 -0.1280
vn -0.8419 0.5386 -0.0324
vn -0.8420 0.5386 -0.0324
vn -0.8420 -0.5386 0.0324
vn -0.8419 -0.5386 0.0324
vn 0.8420 0.5386 -0.0324
vn 0.8419 0.5386 -0.0324
vn 0.8420 -0.5386 0.0324
vn 0.8419 -0.5386 0.0324
vn 0.9450 0.1346 0.2980
vn 0.8937 0.3960 0.2109
vn 0.8841 0.3672 0.2889
vn 0.7549 0.5639 0.3348
vn 0.7326 0.6501 0.2015
vn 0.7010 0.5098 0.4987
vn 0.6971 0.6136 0.3708
vn 0.7413 0.6625 0.1075
vn 0.9599 0.2631 0.0969
vn -0.3889 -0.9199 0.0509
vn -0.9987 0.0498 -0.0105
vn 0.5799 0.8110 0.0779
vn 0.8764 0.3136 0.3654
vn 0.8491 0.3629 0.3839
vn 0.9674 0.1323 -0.2158
vn 0.9662 0.1333 -0.2207
vn 0.7920 0.4449 0.4180
vn 0.6878 0.4848 0.5403
vn 0.6559 0.4545 0.6027
vn 0.4979 0.5027 0.7067
vn 0.4458 0.4429 0.7779
vn -0.0076 0.0535 0.9985
vn -0.0113 0.0518 0.9986
vn 0.1765 0.2414 0.9542
vn 0.2062 0.2565 0.9443
vn -0.0046 0.0728 0.9973
vn 0.0284 0.2377 0.9709
vn 0.0851 0.2504 0.9644
vn -0.0039 0.0533 0.9986
vn 0.0105 0.0941 0.9955
vn 0.0686 0.2332 0.9700
vn 0.0509 0.2381 0.9699
vn 0.0091 0.0940 0.9955
vn 0.0013 0.1033 0.9946
vn 0.0091 0.1275 0.9918
vn 0.0096 0.1233 0.9923
vn 0.0038 0.1198 0.9928
vn 0.0229 0.2323 0.9724
vn 0.1615 0.0989 0.9819
vn 0.3646 0.2058 0.9081
vn -0.0001 0.5933 0.8049
vn -0.0000 0.5933 0.8049
vn 0.3044 0.4318 0.8490
vn 0.3486 0.5308 0.7725
vn 0.2631 0.4251 0.8661
vn 0.3021 0.5420 0.7842
vn 0.1998 0.3873 0.9000
vn 0.2380 0.5183 0.8214
vn 0.1374 0.3849 0.9127
vn 0.1689 0.5124 0.8420
vn 0.3129 0.3822 0.8695
vn 0.3218 0.4747 0.8192
vn 0.6500 0.3728 0.6622
vn 0.4818 0.1733 0.8590
vn 0.5626 0.1715 0.8088
vn 0.8500 0.2582 0.4592
vn 0.7540 0.2216 0.6184
vn 0.2738 0.1442 0.9509
vn 0.5562 0.2402 0.7956
vn -0.0022 0.0546 0.9985
vn 0.1364 0.2764 0.9513
vn 0.0001 0.1819 0.9833
vn 0.0264 0.1447 0.9891
vn 0.0555 0.3657 0.9291
vn 0.0002 0.4003 0.9164
vn 0.0297 0.1007 0.9945
vn 0.0996 0.3229 0.9412
vn -0.1826 -0.1066 0.9774
vn 0.5173 -0.8558 0.0068
vn -0.5101 -0.8601 0.0070
vn 0.9975 0.0437 0.0555
vn 0.9793 0.0122 0.2021
vn 0.9793 0.0122 0.2019
vn 0.9975 0.0441 0.0550
vn 0.0004 -0.9981 0.0622
vn 0.0013 -0.9981 0.0623
vn 0.0036 -0.9981 0.0616
vn 0.0026 -0.9981 0.0622
vn 0.0177 0.0699 0.9974
vn -0.0009 0.0497 0.9988
vn 0.0082 0.0535 0.9985
vn 0.0111 0.0580 0.9983
vn 0.0061 0.0743 0.9972
vn 0.0369 0.1049 0.9938
vn 0.0546 0.0684 0.9962
vn -0.0074 0.0599 0.9982
vn -0.0047 0.0838 0.9965
vn -0.0014 0.0686 0.9976
vn -0.0019 0.0600 0.9982
vn 0.0182 0.1458 0.9891
vn 0.0284 0.0743 0.9968
vn 0.0938 0.0693 0.9932
vn 0.0697 0.1009 0.9924
vn 0.0161 0.0703 0.9974
vn -0.0031 0.0646 0.9979
vn 0.0030 0.1084 0.9941
vn -0.0338 0.0636 0.9974
vn 0.0194 0.0626 0.9979
vn 0.0631 0.0849 0.9944
vn 0.0434 0.1183 0.9920
vn 0.0101 0.0966 0.9953
vn -0.0263 0.0660 0.9975
vn 0.0094 0.1410 0.9900
vn 0.0385 0.0697 0.9968
vn -0.0096 0.0627 0.9980
vn -0.0157 0.0778 0.9968
vn -0.0000 0.0460 0.9989
vn 0.0003 0.0598 0.9982
vn 0.0011 0.0469 0.9989
vn -0.0000 0.0462 0.9989
vn 0.0140 0.1479 0.9889
vn 0.0232 0.1907 0.9814
vn 0.0323 0.1392 0.9897
vn 0.0164 0.1356 0.9906
vn 0.0097 0.0334 0.9994
vn -0.0008 0.0339 0.9994
vn 0.0320 0.2312 0.9724
vn 0.0125 0.0991 0.9950
vn -0.0005 0.1406 0.9901
vn 0.0072 0.1377 0.9905
vn 0.0017 0.1450 0.9894
vn -0.0000 0.1408 0.9900
vn -0.0112 -0.1133 0.9935
vn -0.0235 -0.2809 0.9594
vn -0.0108 -0.1997 0.9798
vn -0.0064 -0.0984 0.9951
vn -0.1017 -0.8960 0.4321
vn -0.6427 -0.6500 0.4055
vn -0.0171 0.0631 0.9979
vn -0.1164 0.0767 0.9902
vn -0.0845 0.0922 0.9921
vn -0.0012 0.1401 0.9901
vn -0.0128 0.1338 0.9909
vn -0.0268 0.1316 0.9909
vn -0.0001 -0.9041 0.4272
vn 0.0050 0.0290 0.9996
vn -0.0007 0.0266 0.9996
vn 0.0003 0.0302 0.9995
vn -0.9392 -0.0858 0.3325
vn -0.9295 0.1738 0.3251
vn -0.0088 0.1216 0.9925
vn -0.0181 0.1064 0.9942
vn 0.0090 0.1245 0.9922
vn 0.0060 0.1302 0.9915
vn -0.0203 0.0800 0.9966
vn 0.0004 0.0319 0.9995
vn 0.0003 0.0157 0.9999
vn -0.0448 0.0438 0.9980
vn -0.0007 0.0168 0.9999
vn 0.0002 0.0153 0.9999
vn 0.0309 0.0435 0.9986
vn -0.1076 0.0179 0.9940
vn -0.2008 0.0502 0.9783
vn 0.0126 0.0501 0.9987
vn 0.0138 0.0446 0.9989
vn 0.3481 0.0392 0.9366
vn 0.2517 0.0028 0.9678
vn 0.1369 0.0371 0.9899
vn 0.1673 0.0540 0.9844
vn 0.1778 0.0524 0.9827
vn 0.0989 0.0864 0.9913
vn 0.4449 0.0576 0.8937
vn -0.0132 0.0681 0.9976
vn -0.0017 0.0593 0.9982
vn -0.0016 0.0599 0.9982
vn -0.0083 0.0601 0.9982
vn -0.0080 0.0593 0.9982
vn 0.1013 0.1664 0.9808
vn 0.1019 -0.0476 0.9937
vn 0.0344 0.0592 0.9977
vn 0.0344 0.0605 0.9976
vn 0.0157 0.0875 0.9960
vn 0.0046 0.0845 0.9964
vn 0.0053 0.1464 0.9892
vn 0.0160 0.1331 0.9910
vn 0.0237 0.1231 0.9921
vn 0.4150 0.0588 0.9079
vn 0.1798 0.0607 0.9818
vn 0.0294 0.0558 0.9980
vn 0.0239 0.0351 0.9991
vn 0.0423 0.0366 0.9984
vn 0.0765 0.0286 0.9967
vn 0.0599 0.0115 0.9981
vn 0.0646 0.0507 0.9966
vn -0.0026 0.1353 0.9908
vn -0.0020 0.0646 0.9979
vn -0.2944 0.9047 0.3079
vn -0.0629 0.9608 0.2699
vn -0.0006 0.0271 0.9996
vn -0.0012 0.1288 0.9917
vn 0.0041 0.0127 0.9999
vn 0.0178 0.0127 0.9998
vn -0.1072 0.0317 0.9937
vn -0.1161 0.0439 0.9923
vn -0.0271 0.0555 0.9981
vn -0.0315 0.0522 0.9981
vn 0.0224 0.0723 0.9971
vn -0.0147 0.0653 0.9978
vn -0.0239 -0.0579 0.9980
vn -0.0083 0.0139 0.9999
vn -0.0026 0.0665 0.9978
vn -0.0028 0.0646 0.9979
vn 0.0834 0.2840 0.9552
vn 0.0865 0.3190 0.9438
vn 0.0621 0.0757 0.9952
vn 0.3276 0.1736 0.9287
vn 0.3235 0.1887 0.9272
vn 0.0581 0.0785 0.9952
vn 0.0365 0.0773 0.9963
vn 0.1677 0.0859 0.9821
vn 0.3044 0.1844 0.9345
vn 0.1526 0.2457 0.9573
vn -0.9986 0.0533 -0.0020
vn -0.9998 -0.0220 0.0027
vn -0.9986 0.0533 -0.0022
vn 0.0702 0.9480 0.3104
vn 0.4895 0.7602 0.4272
vn 0.0611 0.0674 0.9959
vn 0.0110 0.1326 0.9911
vn -0.0048 0.1886 0.9820
vn -0.1980 0.0675 0.9779
vn 0.0028 0.0681 0.9977
vn 0.0729 0.3423 0.9367
vn 0.0350 0.0598 0.9976
vn 0.0368 0.0532 0.9979
vn 0.0163 0.0565 0.9983
vn 0.0699 0.3090 0.9485
vn -0.0081 0.0610 0.9981
vn 0.0469 0.0569 0.9973
vn 0.9064 0.4157 -0.0747
vn -0.0009 0.0651 0.9979
vn -0.0019 0.0590 0.9983
vn -0.9890 -0.1477 0.0105
vn -0.9890 -0.1478 0.0105
vn -0.9950 -0.0992 0.0075
vn 0.9998 0.0222 -0.0027
vn 0.9987 -0.0509 0.0018
vn 0.9997 0.0222 -0.0027
vn -0.1273 -0.9900 0.0612
vn -0.6059 -0.7940 0.0498
vn 0.0189 0.0353 0.9992
vn -0.0132 0.0192 0.9997
vn 0.0310 0.0559 0.9980
vn -0.0324 0.0463 0.9984
vn -0.0044 0.0562 0.9984
vn 0.0241 0.1278 0.9915
vn 0.0206 0.0950 0.9953
vn 0.0915 0.0574 0.9941
vn 0.2937 0.1419 0.9453
vn 0.9783 0.2069 -0.0142
vn 0.9783 0.2068 -0.0142
vn 0.9815 0.1912 -0.0131
vn -0.0287 0.0271 0.9992
vn -0.0534 0.0382 0.9978
vn 0.0224 0.1134 0.9933
vn -0.1125 0.0408 0.9928
vn -0.0220 -0.0068 0.9997
vn 0.0123 0.0330 0.9994
vn -0.0006 0.0296 0.9996
vn 0.0293 0.1066 0.9939
vn -0.8814 0.4714 -0.0282
vn -0.8814 0.4714 -0.0283
vn 0.0171 0.9980 -0.0613
vn 0.0171 0.9980 -0.0612
vn -0.9625 -0.2708 0.0180
vn -0.9680 -0.2503 0.0168
vn 0.9621 -0.2721 0.0158
vn 0.9621 -0.2721 0.0159
vn 0.3216 -0.9451 0.0577
vn 0.3215 -0.9451 0.0577
vn -0.0308 -0.9976 0.0616
vn -0.0307 -0.9976 0.0616
vn -0.0297 -0.9977 0.0615
vn -0.0296 -0.9977 0.0616
vn 0.9948 0.1019 -0.0078
vn 0.9948 0.1019 -0.0077
vn 1.0000 0.0054 -0.0017
vn 1.0000 0.0050 -0.0017
vn 0.9976 -0.0689 0.0029
vn 0.9976 -0.0694 0.0030
vn 0.1620 0.9849 -0.0610
vn 0.2612 0.9634 -0.0598
vn 0.2613 0.9634 -0.0598
vn 0.1015 0.9929 -0.0614
vn 0.3700 0.9273 -0.0563
vn 0.3699 0.9274 -0.0562
vn -0.9473 -0.3197 0.0210
vn -0.9810 -0.1935 0.0133
vn -0.9762 -0.2164 0.0147
vn -0.9762 -0.2162 0.0147
vn 0.0061 0.0473 0.9989
vn 0.0592 0.2181 0.9741
vn -0.0030 -0.0110 0.9999
vn -0.0020 0.0031 1.0000
vn -0.0002 0.0029 1.0000
vn -0.0004 -0.0097 1.0000
vn 0.6305 0.0360 0.7753
vn 0.5469 0.1472 0.8241
vn 0.0011 0.0026 1.0000
vn 0.0020 -0.0069 1.0000
vn 0.1933 -0.8779 0.4381
vn 0.8448 -0.2383 0.4791
vn 0.0831 -0.0701 0.9941
vn -0.0012 0.0190 0.9998
vn -0.9934 -0.1145 0.0083
vn -0.9934 -0.1145 0.0084
vn -0.9789 0.2041 -0.0112
vn 0.5408 0.8395 -0.0523
vn 0.9950 0.0991 -0.0074
vn 0.9950 0.0991 -0.0075
vn -0.1494 -0.9869 0.0611
vn -0.7958 -0.6044 0.0384
vn 1.0000 0.0037 -0.0016
vn -0.2632 0.9630 -0.0582
vn -0.2632 0.9630 -0.0583
vn 0.1365 0.9887 -0.0612
vn -0.0509 -0.9968 0.0615
vn 0.0003 -0.1305 0.9914
vn -0.0247 -0.1637 0.9862
vn 0.9889 0.1480 -0.0105
vn 0.3475 -0.9360 0.0564
vn 0.3473 -0.9361 0.0564
vn 0.9260 0.1448 0.3485
vn 0.0261 0.0356 0.9990
vn 0.9810 0.1933 -0.0133
vn -0.9243 -0.3809 0.0247
vn -0.9243 -0.3808 0.0247
vn -0.0300 0.0596 0.9978
vn -0.0869 0.0402 0.9954
vn 0.0453 0.1050 0.9934
vn 0.0418 0.0786 0.9960
vn 0.7848 0.0544 0.6174
vn 0.8397 0.1022 0.5333
vn 0.0993 0.0489 0.9939
vn 0.0206 0.0495 0.9986
vn 0.8890 0.0453 0.4557
vn 0.9745 0.0328 0.2221
vn 0.5477 -0.1236 0.8275
vn 0.8841 -0.0205 0.4669
vn 0.8051 -0.0235 0.5927
vn -0.9769 -0.0986 0.1895
vn -0.6974 0.1580 0.6990
vn 0.0407 -0.0972 0.9944
vn -0.0110 0.2601 0.9655
vn 0.0231 0.2931 0.9558
vn -0.0601 0.2399 0.9689
vn -0.3210 -0.2765 0.9058
vn 0.9125 -0.4085 -0.0210
vn 0.8801 -0.4605 -0.1157
vn 0.7764 -0.6091 0.1621
vn 0.8061 -0.5577 0.1979
vn 0.1801 0.3261 0.9280
vn -0.0994 -0.0494 0.9938
vn -0.1001 0.1683 0.9806
vn 0.9972 -0.0483 -0.0569
vn 0.9881 -0.1262 -0.0876
vn 0.9968 -0.0052 0.0801
vn -0.2923 0.0639 0.9542
vn 0.0068 0.0788 0.9969
vn 0.0050 0.0704 0.9975
vn 0.0117 0.0780 0.9969
vn -0.0022 0.0733 0.9973
vn -0.0015 0.0645 0.9979
vn -0.6735 -0.7379 0.0444
vn -0.0092 0.0497 0.9987
vn -0.2060 0.0426 0.9776
vn -0.0113 0.0508 0.9986
vn -0.0011 0.0748 0.9972
vn -0.0007 0.0659 0.9978
vn -0.0000 -0.7246 0.6891
vn -0.0000 -0.7203 0.6937
vn -0.0030 0.0731 0.9973
vn -0.0018 0.0611 0.9981
vn -0.0023 0.0614 0.9981
vn -0.0027 0.0595 0.9982
vn 0.0097 0.0967 0.9953
vn 0.9961 -0.0491 0.0730
vn 0.9378 -0.0693 -0.3401
vn 0.9688 -0.1943 -0.1538
vn 0.5344 0.0494 0.8438
vn 0.0073 0.0878 0.9961
vn 0.0154 0.0911 0.9957
vn 0.0095 0.0596 0.9982
vn -0.0030 0.0606 0.9982
vn -0.0030 0.0611 0.9981
vn 0.0010 0.0679 0.9977
vn -0.0018 0.0738 0.9973
vn -0.0023 0.0586 0.9983
vn -0.0158 0.0478 0.9987
vn -0.2941 0.0386 0.9550
vn -0.1452 -0.6838 0.7150
vn -0.0117 -0.7084 0.7057
vn -0.0000 0.8777 0.4791
vn -0.1640 0.0598 0.9847
vn -0.0172 0.0437 0.9989
vn -0.0004 0.0449 0.9990
vn -0.0000 -0.9247 0.3808
vn 0.0054 0.0497 0.9987
vn 0.6343 -0.2161 0.7423
vn 0.7415 -0.1397 0.6563
vn 0.6907 -0.0039 0.7231
vn 0.6287 -0.0189 0.7774
vn -0.0000 -0.3018 0.9534
vn 0.0281 0.0326 0.9991
vn 0.0337 0.0526 0.9980
vn -0.0001 0.0559 0.9984
vn -0.0029 0.0601 0.9982
vn -0.0094 0.0599 0.9982
vn -0.0091 0.0606 0.9981
vn 0.0210 0.0640 0.9977
vn 0.0274 0.0576 0.9980
vn 0.1585 0.4320 0.8878
vn 0.0686 0.4915 0.8682
vn 0.0138 0.0799 0.9967
vn 0.0201 0.0817 0.9965
vn -0.0000 0.9788 0.2046
vn 0.2130 0.3304 0.9195
vn 0.0417 0.1017 0.9939
vn 0.0218 0.0640 0.9977
vn 0.0080 0.0891 0.9960
vn -0.0028 0.0619 0.9981
vn 0.2620 0.0586 0.9633
vn 0.1138 0.0596 0.9917
vn 0.0443 0.0397 0.9982
vn 0.2366 -0.0771 0.9686
vn 0.0269 0.0574 0.9980
vn 0.0832 0.0419 0.9957
vn 0.0412 -0.0164 0.9990
vn 0.0280 -0.0149 0.9995
vn 0.0196 0.0731 0.9971
vn -0.0078 0.0590 0.9982
vn -0.0022 0.0543 0.9985
vn 0.0133 0.0176 0.9998
vn 0.0219 0.0497 0.9985
vn 0.0789 0.0527 0.9955
vn 0.0197 0.0803 0.9966
vn -0.0073 0.0613 0.9981
vn -0.0025 0.0625 0.9980
vn 0.2562 0.2230 0.9405
vn 0.1036 0.1224 0.9871
vn 0.1351 0.0638 0.9888
vn 0.1354 0.0644 0.9887
vn 0.1343 0.0558 0.9894
vn 0.1344 0.0556 0.9894
vn -0.5693 0.0159 0.8219
vn -0.5402 0.0829 0.8375
vn 0.0161 0.0601 0.9981
vn 0.0229 0.0016 0.9997
vn -0.0356 -0.3684 0.9290
vn 0.0093 -0.4164 0.9091
vn 0.0111 0.0357 0.9993
vn 0.0087 0.0400 0.9992
vn 0.0088 0.0802 0.9967
vn -0.0339 0.4768 0.8784
vn 0.0318 0.1150 0.9929
vn -0.2074 0.0718 0.9756
vn 0.0438 -0.3849 0.9219
vn 0.0137 0.0331 0.9994
vn -0.2077 0.0455 0.9771
vn -0.4509 -0.1304 0.8830
vn 0.0005 -0.1333 0.9911
vn 0.0005 0.3090 0.9511
vn -0.4050 0.5163 0.7546
vn -0.5924 0.0459 0.8043
vn 0.2276 -0.0460 0.9727
vn -0.0000 -0.1174 0.9931
vn -0.0000 0.3090 0.9511
vn -0.0000 -0.5504 0.8349
vn -0.0000 -0.5737 0.8191
vn -0.0000 -0.6063 0.7952
vn -0.0000 -0.6027 0.7980
vn -0.0000 -0.5736 0.8191
vn -0.0000 -0.5726 0.8199
vn -0.0460 -0.5756 0.8164
vn -0.6756 0.0995 0.7305
vn 0.1194 0.2720 0.9549
vn 0.0002 -0.1174 0.9931
vn -0.7601 0.0438 0.6483
vn 0.1434 -0.1984 0.9696
vn -0.3487 -0.2698 0.8975
vn -0.0000 -0.7379 0.6749
vn 0.7445 -0.2413 0.6225
vn -0.0000 -0.3615 0.9324
vn -0.2333 0.2607 0.9368
vn 0.6819 -0.0860 0.7264
vn 0.6132 0.4908 0.6190
vn 0.1021 -0.7062 0.7006
vn 0.0002 -0.3157 0.9488
vn -0.7963 0.0438 0.6033
vn 0.0739 0.2329 0.9697
vn 0.1536 0.0594 0.9863
vn -0.1960 -0.2930 0.9358
vn -0.8097 0.0489 0.5847
vn -0.2605 0.1076 0.9595
vn -0.1434 0.2412 0.9598
vn -0.4010 0.5315 0.7461
vn 0.0003 -0.1174 0.9931
vn 0.1478 0.0909 0.9848
vn -0.0133 0.0963 0.9953
vn 0.0011 0.0650 0.9979
vn -0.0000 0.1447 0.9895
vn -0.0208 0.0558 0.9982
vn -0.0351 0.0505 0.9981
vn 0.1733 0.1173 0.9779
vn 0.1732 0.1173 0.9779
vn -0.0000 0.3191 0.9477
vn -0.0001 -0.3615 0.9324
vn 0.0005 0.3191 0.9477
vn -0.4377 -0.2490 0.8640
vn 0.7040 0.4524 0.5475
vn -0.0000 0.3569 0.9341
vn -0.9805 0.0701 0.1836
vn 0.8858 0.1655 0.4335
vn 0.9879 0.1550 -0.0094
vn -0.0002 -0.2423 0.9702
vn -0.0000 -0.2423 0.9702
vn -0.9805 -0.0476 0.1906
vn 0.8858 -0.1124 0.4503
vn 0.9879 -0.1550 0.0093
vn 0.0686 0.3018 0.9509
vn 0.0736 0.2644 0.9616
vn 0.0737 -0.1471 0.9864
vn 0.3360 -0.9401 0.0566
vn 0.2706 -0.9610 0.0578
vn 0.0686 -0.1855 0.9802
vn 0.0259 0.2366 0.9713
vn -0.0000 0.2310 0.9730
vn 0.0002 -0.1126 0.9936
vn 0.0259 -0.1184 0.9926
vn 0.6853 0.2369 0.6887
vn 0.9618 0.2733 -0.0165
vn 0.9618 -0.2733 0.0165
vn 0.6852 -0.1526 0.7122
vn -0.0012 0.0214 0.9998
vn -0.0011 0.0219 0.9998
vn -0.0002 0.0230 0.9997
vn 0.0148 0.0283 0.9995
vn -0.0003 0.0448 0.9990
vn -0.0004 0.0448 0.9990
vn 0.0148 0.0368 0.9992
vn 0.0145 0.0370 0.9992
vn 0.0071 0.0244 0.9997
vn 0.0245 0.1171 0.9928
vn 0.0249 0.1099 0.9936
vn 0.0113 0.0981 0.9951
vn 0.2924 0.9563 0.0068
vn 0.9935 0.0494 -0.1024
vn 0.9595 0.2777 -0.0482
vn 0.7177 0.6960 0.0220
vn 0.3483 0.9374 0.0066
vn 0.4078 0.9115 0.0533
vn 0.7056 0.7066 0.0533
vn 0.1813 0.9687 0.1697
vn 0.6936 0.7181 0.0577
vn 0.3172 0.9443 0.0874
vn 0.1508 0.9832 0.1030
vn 0.9963 -0.0475 0.0720
vn 0.2197 0.9754 0.0195
vn 0.2948 0.9555 0.0120
vn 0.1065 0.7311 0.6739
vn 0.3080 0.9499 0.0528
vn 0.2424 0.9694 0.0392
vn 0.5109 0.8569 0.0688
vn 0.4658 0.8828 0.0607
vn 0.3796 0.9233 0.0585
vn 0.2032 0.9788 0.0245
vn 0.5968 0.8019 0.0278
vn 0.7450 0.6670 -0.0047
vn -0.0000 0.9934 0.1147
vn 0.9279 -0.3727 0.0080
vn 0.8395 -0.5006 -0.2112
vn 0.7459 0.3826 0.5452
vn 0.7067 0.2847 0.6476
vn -0.0102 0.0598 0.9982
vn -0.0103 0.0598 0.9982
vn -0.0140 0.0598 0.9981
vn -0.0143 0.0598 0.9981
vn -0.9969 0.0139 0.0771
vn -0.9994 0.0063 -0.0347
vn -0.9971 0.0153 0.0747
vn -0.9999 -0.0049 0.0163
vn -0.9996 -0.0053 -0.0290
vn -0.0115 -0.9281 0.3720
vn -0.0061 -0.9265 0.3762
vn -0.0000 0.8778 0.4790
vn -0.0000 0.3732 0.9278
vn -0.9647 -0.0318 0.2615
vn -0.9626 0.0222 0.2699
vn -0.4277 0.0611 0.9019
vn -0.1544 0.0593 0.9862
vn -0.0162 0.0598 0.9981
vn -0.0167 0.0598 0.9981
vn 0.0112 0.0653 0.9978
vn 0.0131 0.0976 0.9951
vn 0.7171 0.0452 0.6955
vn 0.7388 0.1473 0.6576
vn 0.9997 0.0207 -0.0095
vn 0.9924 0.1228 -0.0085
vn 0.5517 0.2481 0.7963
vn 0.5323 0.2781 0.7996
vn 0.7837 0.3035 0.5419
vn 0.8003 0.1268 0.5860
vn 0.9286 0.1912 0.3181
vn 0.9469 0.1826 0.2646
vn 0.9071 0.2907 0.3045
vn 0.9360 0.1308 0.3269
vn 0.8942 0.3349 0.2972
vn 0.9097 0.3281 0.2547
vn 0.8362 0.4786 0.2680
vn 0.9989 -0.0468 0.0017
vn 0.9975 -0.0583 0.0389
vn 0.9413 -0.1594 -0.2976
vn 0.9914 -0.1227 0.0448
vn 0.9264 -0.1906 -0.3248
vn 0.8640 0.2054 -0.4597
vn -0.9699 -0.2433 0.0107
vn -0.9423 -0.2260 0.2468
vn -0.9699 0.0107 0.2433
vn -0.9699 -0.0107 -0.2433
vn -0.9423 -0.2468 -0.2260
vn -0.9423 0.2260 -0.2468
vn -0.9699 0.2433 -0.0107
vn -0.9423 0.2468 0.2260
vn 0.0549 0.9958 -0.0734
vn -0.2998 0.9427 0.1463
vn 0.3105 0.9381 0.1537
vn 0.5167 -0.8556 0.0300
vn -0.0097 -0.9976 0.0683
vn 0.0097 -0.9976 0.0682
vn -0.0000 0.9859 0.1676
vn 0.4236 0.6431 0.6380
vn 0.4237 0.6428 0.6381
vn 0.5795 -0.3213 0.7490
vn 0.5788 -0.3211 0.7496
vn -0.0318 -0.9749 0.2202
vn -0.0317 -0.9749 0.2202
vn 0.9884 -0.1360 -0.0671
vn 0.9177 -0.0839 -0.3884
vn 0.9220 0.0896 0.3767
vn 0.8980 0.0779 0.4331
vn 0.8973 0.0009 0.4415
vn 0.9118 -0.0148 0.4104
vn 0.9031 -0.1601 0.3984
vn 0.8900 -0.1142 0.4415
vn 0.8531 -0.2762 0.4426
vn 0.8851 -0.2816 0.3705
vn 0.6593 0.7483 0.0733
vn 0.7046 0.7046 0.0837
vn 0.8573 0.5011 -0.1182
vn 0.8578 0.5082 -0.0765
vn 0.9861 0.0899 -0.1397
vn 0.9620 0.0822 -0.2603
vn 0.9440 -0.2113 -0.2533
vn 0.9782 -0.1767 -0.1090
vn 0.6507 0.2086 0.7302
vn 0.7092 0.1825 0.6810
vn 0.7206 0.4556 0.5226
vn 0.6397 0.5506 0.5363
vn 0.6955 -0.5281 0.4872
vn 0.8061 -0.3944 0.4413
vn 0.7860 -0.3145 0.5323
vn 0.6517 -0.4447 0.6144
vn 0.7634 -0.5615 0.3193
vn 0.7694 -0.5532 0.3193
vn 0.8185 -0.4400 0.3694
vn 0.7484 -0.5441 0.3793
vn 0.5999 0.7458 0.2895
vn 0.6847 0.6532 0.3233
vn 0.6514 0.7305 0.2050
vn 0.5795 0.7973 0.1688
vn 0.9499 -0.1699 0.2622
vn 0.9252 -0.2005 0.3222
vn 0.9051 -0.2788 0.3211
vn 0.9227 -0.2447 0.2978
vn 0.9764 0.0517 0.2095
vn 0.9570 0.0923 0.2751
vn 0.9501 -0.0452 0.3086
vn 0.9734 -0.0590 0.2213
vn 0.9612 0.0513 0.2709
vn 0.9363 -0.0100 0.3512
vn 0.9668 0.1424 0.2120
vn 0.9558 0.1590 0.2472
vn 0.9750 0.1046 0.1959
vn 0.9735 -0.0044 0.2288
vn 0.9681 -0.0442 0.2466
vn 0.9610 -0.0952 0.2597
vn 0.9437 -0.1861 0.2735
vn 0.5679 0.6202 0.5411
vn 0.5370 0.8012 0.2639
vn 0.5289 0.8364 0.1437
vn 0.8395 -0.4856 0.2438
vn 0.7578 -0.5691 0.3192
vn 0.6820 -0.6230 0.3830
vn 0.6006 -0.6151 0.5108
vn 0.5414 -0.5249 0.6568
vn 0.5795 -0.0303 0.8144
vn 0.5999 0.2286 0.7667
vn 0.8572 0.5132 -0.0429
vn 0.9953 0.0971 0.0054
vn 0.9864 -0.1153 0.1170
vn 0.6271 0.7761 0.0660
vn 0.9306 0.1633 0.3276
vn 0.8990 0.1698 0.4037
vn 0.5406 -0.2715 0.7963
vn 0.9408 -0.3089 0.1393
vn 0.9414 0.0842 0.3265
vt 0.558950 0.969805
vt 0.558414 0.996316
vt 0.506865 0.999438
vt 0.507962 0.972030
vt 0.039249 0.936205
vt 0.051913 0.936320
vt 0.053540 0.950266
vt 0.042398 0.950327
vt 0.105735 0.974662
vt 0.103784 0.988216
vt 0.098380 0.987738
vt 0.100003 0.974574
vt 0.103682 0.931801
vt 0.096970 0.932405
vt 0.088959 0.926184
vt 0.160930 0.930946
vt 0.162284 0.937814
vt 0.128539 0.937879
vt 0.117783 0.931644
vt 0.211273 0.935097
vt 0.201949 0.940804
vt 0.196662 0.937980
vt 0.204894 0.931774
vt 0.117613 0.986537
vt 0.128406 0.981170
vt 0.162172 0.981334
vt 0.160785 0.987361
vt 0.212478 0.950716
vt 0.212673 0.969273
vt 0.211469 0.983220
vt 0.201975 0.978467
vt 0.204893 0.986660
vt 0.196661 0.981266
vt 0.123247 0.940683
vt 0.112531 0.934359
vt 0.111197 0.983234
vt 0.123093 0.978360
vt 0.109921 0.967494
vt 0.109684 0.948763
vt 0.052870 0.986523
vt 0.034626 0.986253
vt 0.027157 0.972512
vt 0.048445 0.973782
vt 0.039990 0.929669
vt 0.042513 0.921225
vt 0.051599 0.922228
vt 0.051536 0.930196
vt 0.055484 0.960108
vt 0.044913 0.960082
vt 0.044295 0.919316
vt 0.020466 0.918905
vt 0.023863 0.917507
vt 0.062303 0.950510
vt 0.059435 0.950320
vt 0.057819 0.936377
vt 0.060016 0.936407
vt 0.071276 0.923031
vt 0.072898 0.924604
vt 0.099602 0.960717
vt 0.080533 0.974275
vt 0.078950 0.960477
vt 0.105682 0.960788
vt 0.099317 0.950851
vt 0.105645 0.950910
vt 0.081194 0.987283
vt 0.061819 0.921729
vt 0.062064 0.923403
vt 0.075453 0.931372
vt 0.059923 0.930630
vt 0.080581 0.990246
vt 0.096467 0.990701
vt 0.064125 0.960305
vt 0.066685 0.974063
vt 0.064120 0.974024
vt 0.061383 0.960178
vt 0.054398 0.989238
vt 0.039219 0.988367
vt 0.070023 0.986982
vt 0.067294 0.986791
vt 0.076386 0.936566
vt 0.098920 0.936786
vt 0.077823 0.950653
vt 0.020551 0.949085
vt 0.017115 0.934958
vt 0.061134 0.986743
vt 0.061253 0.989492
vt 0.105554 0.936850
vt 0.071455 0.989959
vt 0.018137 0.928197
vt 0.057949 0.921197
vt 0.057521 0.922902
vt 0.052035 0.920382
vt 0.058214 0.973931
vt 0.057453 0.930492
vt 0.023299 0.958828
vt 0.069107 0.988777
vt 0.101144 0.990878
vt 0.634514 0.963865
vt 0.630137 0.988140
vt 0.609962 0.993194
vt 0.609935 0.967678
vt 0.610045 0.930662
vt 0.609904 0.948578
vt 0.559372 0.949875
vt 0.559842 0.931176
vt 0.636679 0.928077
vt 0.636618 0.945181
vt 0.508836 0.951216
vt 0.509614 0.932564
vt 0.560284 0.915460
vt 0.510432 0.915460
vt 0.632872 0.915501
vt 0.610136 0.915460
vt 0.896873 0.696518
vt 0.883687 0.720752
vt 0.884912 0.713426
vt 0.889282 0.700332
vt 0.147596 0.730748
vt 0.147239 0.753860
vt 0.117696 0.747634
vt 0.119087 0.725754
vt 0.087856 0.740087
vt 0.091943 0.716867
vt 0.065490 0.733271
vt 0.079354 0.711256
vt 0.316856 0.657973
vt 0.316856 0.667305
vt 0.307792 0.668547
vt 0.307679 0.659361
vt 0.054046 0.727717
vt 0.056129 0.701274
vt 0.172133 0.730640
vt 0.168133 0.756975
vt 0.822439 0.440630
vt 0.827621 0.457277
vt 0.783718 0.458785
vt 0.783419 0.437584
vt 0.728171 0.578839
vt 0.722786 0.577914
vt 0.721361 0.672324
vt 0.725804 0.673495
vt 0.722940 0.717032
vt 0.726890 0.718732
vt 0.732768 0.519911
vt 0.727220 0.519373
vt 0.724614 0.734194
vt 0.729196 0.734673
vt 0.732671 0.859971
vt 0.728180 0.857788
vt 0.724227 0.874061
vt 0.731026 0.875356
vt 0.931883 0.648691
vt 0.928419 0.652106
vt 0.924312 0.632697
vt 0.925138 0.631799
vt 0.917570 0.619971
vt 0.916529 0.622941
vt 0.894561 0.587524
vt 0.899233 0.586963
vt 0.892059 0.550636
vt 0.897227 0.549871
vt 0.888525 0.511101
vt 0.893723 0.510427
vt 0.883933 0.481628
vt 0.889139 0.480894
vt 0.878898 0.455220
vt 0.883681 0.454512
vt 0.918585 0.860361
vt 0.918375 0.827263
vt 0.931932 0.860015
vt 0.875322 0.444240
vt 0.880722 0.444059
vt 0.041625 0.721698
vt 0.044976 0.697417
vt 0.567593 0.885374
vt 0.582534 0.882876
vt 0.588294 0.885041
vt 0.573008 0.888370
vt 0.129926 0.494879
vt 0.175850 0.495890
vt 0.072826 0.491754
vt 0.078106 0.493738
vt 0.129917 0.491966
vt 0.175850 0.492207
vt 0.646983 0.574332
vt 0.651139 0.515292
vt 0.596092 0.512339
vt 0.592138 0.571740
vt 0.650415 0.871746
vt 0.653226 0.859369
vt 0.598021 0.860532
vt 0.598736 0.871474
vt 0.828041 0.484055
vt 0.828484 0.513426
vt 0.784639 0.514430
vt 0.784182 0.485449
vt 0.652722 0.848242
vt 0.597385 0.849246
vt 0.828387 0.552506
vt 0.827874 0.588440
vt 0.783966 0.587904
vt 0.784668 0.552661
vt 0.648372 0.731155
vt 0.647166 0.714442
vt 0.592003 0.717087
vt 0.593088 0.734814
vt 0.645685 0.669625
vt 0.590670 0.670250
vt 0.697044 0.802041
vt 0.696532 0.764199
vt 0.650640 0.764999
vt 0.651268 0.802476
vt 0.838865 0.618359
vt 0.840713 0.623596
vt 0.789210 0.622758
vt 0.786353 0.621024
vt 0.792421 0.925830
vt 0.792421 0.939369
vt 0.783133 0.939921
vt 0.783133 0.926388
vt 0.643232 0.893112
vt 0.644841 0.886286
vt 0.694953 0.887390
vt 0.694953 0.896604
vt 0.019685 0.570742
vt 0.024540 0.571144
vt 0.022730 0.582316
vt 0.016782 0.582493
vt 0.896740 0.827734
vt 0.896531 0.810897
vt 0.918788 0.810928
vt 0.464556 0.519033
vt 0.463985 0.510305
vt 0.532307 0.510305
vt 0.532260 0.519031
vt 0.464451 0.585698
vt 0.466279 0.564887
vt 0.532095 0.564827
vt 0.532059 0.585349
vt 0.462636 0.598305
vt 0.531299 0.602184
vt 0.319557 0.534326
vt 0.311359 0.533852
vt 0.311249 0.520021
vt 0.319504 0.521435
vt 0.332236 0.604836
vt 0.334227 0.626073
vt 0.325271 0.626734
vt 0.322986 0.604160
vt 0.566769 0.533343
vt 0.584045 0.534008
vt 0.584045 0.562935
vt 0.566769 0.561606
vt 0.566769 0.503494
vt 0.584279 0.503494
vt 0.584045 0.505081
vt 0.566769 0.505081
vt 0.558792 0.797946
vt 0.566472 0.796887
vt 0.573503 0.868938
vt 0.559603 0.868938
vt 0.558792 0.787947
vt 0.566472 0.786888
vt 0.081495 0.375058
vt 0.081439 0.479307
vt 0.064551 0.478981
vt 0.064617 0.374839
vt 0.089786 0.200677
vt 0.081576 0.206651
vt 0.064713 0.206589
vt 0.074392 0.200620
vt 0.089787 0.198474
vt 0.074393 0.198420
vt 0.089801 0.172126
vt 0.074409 0.172098
vt 0.089816 0.144083
vt 0.089814 0.145779
vt 0.074425 0.145776
vt 0.074427 0.144083
vt 0.074212 0.145537
vt 0.074212 0.158791
vt 0.074417 0.158937
vt 0.073741 0.200743
vt 0.074212 0.198555
vt 0.064537 0.207083
vt 0.064537 0.374931
vt 0.493769 0.438460
vt 0.494167 0.384234
vt 0.464567 0.383779
vt 0.464201 0.437943
vt 0.840756 0.208178
vt 0.853802 0.105624
vt 0.876213 0.105643
vt 0.868361 0.209045
vt 0.106905 0.661080
vt 0.105059 0.670786
vt 0.093091 0.661944
vt 0.097401 0.652244
vt 0.170602 0.665684
vt 0.174836 0.675026
vt 0.147081 0.680764
vt 0.146411 0.671947
vt 0.446043 0.437752
vt 0.446203 0.383606
vt 0.428835 0.383595
vt 0.428897 0.437730
vt 0.082617 0.633683
vt 0.088362 0.621819
vt 0.122557 0.678225
vt 0.123210 0.668959
vt 0.056822 0.633958
vt 0.060330 0.621819
vt 0.790596 0.810753
vt 0.790769 0.827632
vt 0.783014 0.827613
vt 0.783060 0.810728
vt 0.762523 0.202443
vt 0.661904 0.202337
vt 0.661868 0.183338
vt 0.762498 0.183663
vt 0.765206 0.291007
vt 0.661838 0.283790
vt 0.661882 0.268456
vt 0.762502 0.268572
vt 0.661838 0.168832
vt 0.762476 0.169681
vt 0.661953 0.258245
vt 0.762572 0.258221
vt 0.661921 0.243479
vt 0.762540 0.243493
vt 0.661926 0.223557
vt 0.762545 0.223764
vt 0.732416 0.848055
vt 0.727856 0.846879
vt 0.649802 0.747479
vt 0.594214 0.752140
vt 0.651731 0.822888
vt 0.651444 0.812002
vt 0.595934 0.812594
vt 0.596280 0.823595
vt 0.594862 0.766412
vt 0.595677 0.803005
vt 0.732028 0.822881
vt 0.732022 0.812368
vt 0.726813 0.811203
vt 0.727019 0.821927
vt 0.731385 0.750587
vt 0.726553 0.751092
vt 0.726778 0.757945
vt 0.731548 0.757631
vt 0.731914 0.765380
vt 0.726953 0.765439
vt 0.650364 0.755728
vt 0.594564 0.758973
vt 0.559080 0.755397
vt 0.573487 0.755397
vt 0.175850 0.481133
vt 0.128644 0.480220
vt 0.128672 0.375669
vt 0.175850 0.376279
vt 0.081564 0.230785
vt 0.081557 0.245266
vt 0.064691 0.245167
vt 0.064699 0.230700
vt 0.544673 0.755397
vt 0.544096 0.787947
vt 0.339169 0.484832
vt 0.321316 0.483272
vt 0.321617 0.357526
vt 0.339843 0.357169
vt 0.338697 0.489121
vt 0.318584 0.487648
vt 0.360353 0.487193
vt 0.360813 0.357497
vt 0.363704 0.357566
vt 0.363019 0.483342
vt 0.356705 0.488527
vt 0.355404 0.493173
vt 0.337964 0.493288
vt 0.318493 0.357643
vt 0.315729 0.483584
vt 0.315729 0.357808
vt 0.357055 0.483049
vt 0.356616 0.357278
vt 0.319401 0.492396
vt 0.862780 0.810813
vt 0.884183 0.827741
vt 0.196315 0.636367
vt 0.203295 0.654388
vt 0.191093 0.667394
vt 0.188011 0.652406
vt 0.912378 0.086084
vt 0.968098 0.086242
vt 0.968098 0.210343
vt 0.912380 0.209159
vt 0.466297 0.541531
vt 0.466304 0.533746
vt 0.532181 0.533733
vt 0.532159 0.541507
vt 0.319611 0.547218
vt 0.330591 0.549392
vt 0.330643 0.565013
vt 0.319718 0.573000
vt 0.554809 0.518615
vt 0.546663 0.526404
vt 0.546663 0.518220
vt 0.554809 0.505081
vt 0.334079 0.519038
vt 0.339347 0.533770
vt 0.330539 0.533772
vt 0.325027 0.519038
vt 0.263919 0.118259
vt 0.253115 0.117885
vt 0.249738 0.440713
vt 0.260349 0.438003
vt 0.214516 0.438405
vt 0.219530 0.116429
vt 0.257807 0.443285
vt 0.265877 0.445857
vt 0.267741 0.442090
vt 0.264045 0.440047
vt 0.205335 0.121400
vt 0.205346 0.116126
vt 0.170963 0.116093
vt 0.170944 0.121377
vt 0.257888 0.449599
vt 0.292285 0.446619
vt 0.292263 0.129572
vt 0.257863 0.129558
vt 0.000000 0.000000
vt 0.214695 0.444422
vt 0.214874 0.450438
vt 0.247527 0.453346
vt 0.248633 0.447030
vt 0.214516 0.438406
vt 0.214994 0.454533
vt 0.247015 0.457288
vt 0.383193 0.284847
vt 0.380243 0.224239
vt 0.394472 0.223152
vt 0.397735 0.284918
vt 0.382798 0.285526
vt 0.398039 0.285737
vt 0.393335 0.347729
vt 0.379066 0.346506
vt 0.395649 0.223095
vt 0.379066 0.224310
vt 0.309668 0.286943
vt 0.306719 0.347551
vt 0.320947 0.348638
vt 0.324211 0.286872
vt 0.309274 0.286264
vt 0.324515 0.286052
vt 0.319811 0.224061
vt 0.305542 0.225284
vt 0.322125 0.348695
vt 0.305542 0.347480
vt 0.215756 0.479728
vt 0.242932 0.476337
vt 0.224934 0.494856
vt 0.204338 0.484171
vt 0.263266 0.478050
vt 0.243879 0.494856
vt 0.277560 0.474052
vt 0.262824 0.494856
vt 0.281769 0.466220
vt 0.281769 0.494855
vt 0.307097 0.466220
vt 0.301144 0.493257
vt 0.214556 0.510700
vt 0.202624 0.491184
vt 0.233806 0.518293
vt 0.259737 0.521074
vt 0.276246 0.516401
vt 0.290514 0.506816
vt 0.215406 0.478009
vt 0.203988 0.482453
vt 0.224584 0.493137
vt 0.242582 0.474618
vt 0.243529 0.493137
vt 0.262916 0.476332
vt 0.262474 0.493137
vt 0.277211 0.472333
vt 0.281419 0.493137
vt 0.281419 0.466220
vt 0.300795 0.491539
vt 0.306747 0.466220
vt 0.202274 0.489466
vt 0.214206 0.508982
vt 0.233456 0.516574
vt 0.259387 0.519355
vt 0.275896 0.514682
vt 0.290164 0.505097
vt 0.661207 0.044920
vt 0.660373 0.110915
vt 0.654670 0.111177
vt 0.655509 0.045328
vt 0.664062 0.116835
vt 0.763957 0.116975
vt 0.764073 0.122646
vt 0.664087 0.122714
vt 0.544775 0.111320
vt 0.544775 0.197566
vt 0.533575 0.197566
vt 0.533575 0.111320
vt 0.521056 0.197566
vt 0.521056 0.111320
vt 0.509295 0.197566
vt 0.509295 0.111320
vt 0.498253 0.197566
vt 0.498253 0.111320
vt 0.489268 0.197566
vt 0.489268 0.111320
vt 0.481407 0.197566
vt 0.481407 0.111320
vt 0.474461 0.197566
vt 0.474461 0.111320
vt 0.468113 0.197566
vt 0.468113 0.111320
vt 0.460251 0.197566
vt 0.460251 0.111320
vt 0.452389 0.197566
vt 0.452389 0.111320
vt 0.446041 0.197566
vt 0.446041 0.111320
vt 0.439095 0.197566
vt 0.439095 0.111320
vt 0.431234 0.197566
vt 0.431234 0.111320
vt 0.422249 0.197566
vt 0.422249 0.111320
vt 0.411207 0.197566
vt 0.411207 0.111320
vt 0.399446 0.197566
vt 0.399446 0.111320
vt 0.386927 0.197566
vt 0.386927 0.111320
vt 0.375727 0.197566
vt 0.375727 0.111320
vt 0.329630 0.152129
vt 0.330950 0.160002
vt 0.321628 0.159913
vt 0.320395 0.152762
vt 0.368345 0.082089
vt 0.368820 0.088192
vt 0.358502 0.088486
vt 0.358230 0.081602
vt 0.361082 0.155995
vt 0.360489 0.169709
vt 0.350508 0.169609
vt 0.350613 0.157072
vt 0.333310 0.179066
vt 0.332684 0.185130
vt 0.322646 0.185556
vt 0.322962 0.178670
vt 0.324864 0.097453
vt 0.325510 0.111159
vt 0.315019 0.110140
vt 0.314886 0.097572
vt 0.357214 0.216368
vt 0.353546 0.225408
vt 0.344436 0.220907
vt 0.347554 0.213237
vt 0.365374 0.115025
vt 0.364827 0.124197
vt 0.354390 0.122788
vt 0.355955 0.114421
vt 0.360795 0.183464
vt 0.350420 0.181965
vt 0.317926 0.041762
vt 0.321592 0.050801
vt 0.311932 0.053929
vt 0.308817 0.046260
vt 0.329046 0.142956
vt 0.318903 0.144396
vt 0.325165 0.083701
vt 0.314791 0.085204
vt 0.368335 0.094064
vt 0.358547 0.095416
vt 0.333051 0.173151
vt 0.323046 0.171748
vt 0.362280 0.059398
vt 0.365644 0.067753
vt 0.355685 0.070192
vt 0.353126 0.063857
vt 0.363223 0.133753
vt 0.352441 0.133648
vt 0.330030 0.199413
vt 0.326637 0.207757
vt 0.317472 0.203302
vt 0.320025 0.196962
vt 0.327674 0.133405
vt 0.316837 0.133549
vt 0.360749 0.195279
vt 0.350353 0.193518
vt 0.367875 0.100253
vt 0.358082 0.101065
vt 0.325120 0.071888
vt 0.314724 0.073648
vt 0.332276 0.166906
vt 0.322571 0.166104
vt 0.367394 0.075328
vt 0.357305 0.076078
vt 0.361877 0.144395
vt 0.351291 0.144950
vt 0.331798 0.191861
vt 0.321690 0.191078
vt 0.326453 0.122756
vt 0.315680 0.122278
vt 0.359707 0.206396
vt 0.349674 0.203934
vt 0.366622 0.107146
vt 0.357126 0.107268
vt 0.324082 0.060773
vt 0.314050 0.063232
vt 0.400632 0.094125
vt 0.392479 0.095563
vt 0.384327 0.094125
vt 0.377157 0.089986
vt 0.371836 0.083644
vt 0.369004 0.075865
vt 0.369004 0.067586
vt 0.371836 0.059807
vt 0.377157 0.053465
vt 0.384327 0.049326
vt 0.392479 0.047888
vt 0.400632 0.049326
vt 0.407802 0.053465
vt 0.413123 0.059807
vt 0.415955 0.067586
vt 0.415955 0.075865
vt 0.413123 0.083644
vt 0.407802 0.089986
vt 0.430894 0.063798
vt 0.438063 0.059659
vt 0.446216 0.058222
vt 0.454369 0.059659
vt 0.461538 0.063798
vt 0.466860 0.070140
vt 0.469691 0.077920
vt 0.469691 0.086198
vt 0.466860 0.093977
vt 0.461538 0.100319
vt 0.454369 0.104459
vt 0.446216 0.105896
vt 0.438063 0.104459
vt 0.430894 0.100319
vt 0.425572 0.093977
vt 0.422741 0.086198
vt 0.422741 0.077920
vt 0.425572 0.070140
vt 0.444053 0.044444
vt 0.457078 0.046669
vt 0.456839 0.020002
vt 0.443815 0.022465
vt 0.384180 0.038261
vt 0.392256 0.038356
vt 0.392221 0.029304
vt 0.384236 0.029435
vt 0.498582 0.043994
vt 0.509600 0.040775
vt 0.509504 0.025248
vt 0.498456 0.022145
vt 0.471356 0.047286
vt 0.471143 0.019147
vt 0.398849 0.038274
vt 0.398811 0.029318
vt 0.519909 0.037685
vt 0.519801 0.028255
vt 0.406011 0.038189
vt 0.405967 0.029302
vt 0.530209 0.037835
vt 0.530113 0.027970
vt 0.414071 0.038208
vt 0.413970 0.029139
vt 0.354069 0.037754
vt 0.362239 0.037992
vt 0.362476 0.029165
vt 0.354373 0.028901
vt 0.423147 0.037982
vt 0.423121 0.029106
vt 0.369491 0.038198
vt 0.369637 0.029258
vt 0.432902 0.041422
vt 0.432735 0.025685
vt 0.376140 0.038316
vt 0.376215 0.029309
vt 0.485608 0.046444
vt 0.485460 0.019810
vt 0.432260 0.017592
vt 0.420729 0.022636
vt 0.497697 0.014237
vt 0.484506 0.012818
vt 0.363315 0.038086
vt 0.370546 0.036102
vt 0.444464 0.014539
vt 0.509627 0.017282
vt 0.377256 0.034957
vt 0.457698 0.012995
vt 0.520169 0.021442
vt 0.384192 0.034898
vt 0.471101 0.012742
vt 0.528257 0.021036
vt 0.391162 0.034983
vt 0.363543 0.029135
vt 0.356373 0.025962
vt 0.397807 0.036124
vt 0.370613 0.031391
vt 0.404949 0.038244
vt 0.377289 0.032682
vt 0.412460 0.041189
vt 0.384235 0.032797
vt 0.420947 0.044736
vt 0.471403 0.053694
vt 0.484744 0.053446
vt 0.391146 0.032683
vt 0.432654 0.049407
vt 0.497900 0.051910
vt 0.397787 0.031483
vt 0.444848 0.052346
vt 0.509873 0.048802
vt 0.404913 0.029264
vt 0.458049 0.053659
vt 0.520294 0.044234
vt 0.412320 0.026204
vt 0.528421 0.044509
vt 0.355877 0.040836
vt 0.340051 0.285357
vt 0.338033 0.345704
vt 0.365938 0.347152
vt 0.368530 0.285120
vt 0.339658 0.284632
vt 0.368877 0.284327
vt 0.364797 0.221997
vt 0.336855 0.223909
vt 0.367115 0.347216
vt 0.336855 0.345654
vt 0.613061 0.222029
vt 0.613102 0.280724
vt 0.534095 0.279856
vt 0.534536 0.222777
vt 0.614282 0.339431
vt 0.537058 0.339431
vt 0.536730 0.280976
vt 0.614125 0.280859
vt 0.614050 0.221932
vt 0.536445 0.221773
vt 0.544096 0.797946
vt 0.545702 0.868938
vt 0.636749 0.905676
vt 0.694953 0.905818
vt 0.552652 0.887871
vt 0.557721 0.891698
vt 0.563840 0.503494
vt 0.554809 0.532149
vt 0.554809 0.559217
vt 0.583531 0.565322
vt 0.573487 0.572240
vt 0.561545 0.594499
vt 0.560332 0.614237
vt 0.547177 0.614237
vt 0.547754 0.597093
vt 0.567540 0.578316
vt 0.573488 0.598488
vt 0.567540 0.587474
vt 0.457078 0.046670
vt 0.413970 0.029138
vt 0.356373 0.025961
vt 0.497900 0.051909
vt 0.521620 0.223865
vt 0.524339 0.220591
vt 0.501348 0.279434
vt 0.502787 0.280977
vt 0.413224 0.281009
vt 0.412695 0.280554
vt 0.520588 0.278698
vt 0.524259 0.339366
vt 0.525459 0.282262
vt 0.514949 0.223999
vt 0.513738 0.278549
vt 0.502309 0.223157
vt 0.412693 0.222151
vt 0.502360 0.221773
vt 0.412693 0.221717
vt 0.503273 0.339431
vt 0.413754 0.339431
vt 0.534540 0.222780
vt 0.534046 0.279846
vt 0.536729 0.280976
vt 0.519457 0.278624
vt 0.525394 0.282323
vt 0.501213 0.279409
vt 0.502788 0.280977
vt 0.520967 0.223875
vt 0.523580 0.339362
vt 0.514315 0.223971
vt 0.502303 0.223164
vt 0.512647 0.278517
vt 0.197025 0.880660
vt 0.182130 0.880660
vt 0.182130 0.800563
vt 0.197025 0.800564
vt 0.125690 0.764424
vt 0.134453 0.764148
vt 0.140960 0.794364
vt 0.130670 0.794364
vt 0.125690 0.916799
vt 0.130670 0.886860
vt 0.140960 0.886860
vt 0.134453 0.917076
vt 0.144798 0.881205
vt 0.144798 0.800019
vt 0.128043 0.881274
vt 0.128043 0.799950
vt 0.122051 0.919786
vt 0.136939 0.920256
vt 0.122051 0.761438
vt 0.136939 0.760969
vt 0.044516 0.879117
vt 0.012376 0.879117
vt 0.012376 0.802107
vt 0.044516 0.802107
vt 0.093712 0.879117
vt 0.125853 0.879117
vt 0.091522 0.880660
vt 0.125853 0.802107
vt 0.093713 0.802107
vt 0.091522 0.800563
vt 0.070294 0.846496
vt 0.070294 0.856076
vt 0.055538 0.856076
vt 0.055538 0.846496
vt 0.070029 0.824106
vt 0.055273 0.824106
vt 0.070029 0.822654
vt 0.055273 0.818980
vt 0.070294 0.816518
vt 0.055538 0.816518
vt 0.888648 0.917837
vt 0.877643 0.930589
vt 0.873007 0.932279
vt 0.882470 0.915484
vt 0.877544 0.432357
vt 0.872742 0.432809
vt 0.010738 0.642957
vt 0.012350 0.646156
vt 0.006561 0.669788
vt 0.003808 0.665290
vt 0.861089 0.432888
vt 0.857268 0.418721
vt 0.868006 0.419480
vt 0.032596 0.568806
vt 0.029554 0.581663
vt 0.838717 0.208895
vt 0.838766 0.105623
vt 0.859911 0.444415
vt 0.008706 0.637621
vt 0.003976 0.661068
vt 0.872777 0.419589
vt 0.662832 0.437474
vt 0.661636 0.383595
vt 0.652477 0.383799
vt 0.653582 0.437917
vt 0.891125 0.416068
vt 0.896324 0.424087
vt 0.882361 0.431902
vt 0.877565 0.419698
vt 0.902692 0.435443
vt 0.886140 0.443877
vt 0.562160 0.882368
vt 0.547566 0.884032
vt 0.745045 0.740151
vt 0.733792 0.735154
vt 0.736234 0.750080
vt 0.748255 0.753190
vt 0.750601 0.767181
vt 0.749374 0.759252
vt 0.736334 0.757316
vt 0.736890 0.765320
vt 0.749663 0.854494
vt 0.751192 0.827563
vt 0.737053 0.823839
vt 0.736991 0.849235
vt 0.256082 0.830990
vt 0.259294 0.821850
vt 0.299363 0.823128
vt 0.292326 0.844890
vt 0.737291 0.803906
vt 0.751902 0.807424
vt 0.737178 0.862161
vt 0.748859 0.870403
vt 0.175850 0.488512
vt 0.129907 0.489042
vt 0.067529 0.489763
vt 0.576753 0.880704
vt 0.907526 0.454450
vt 0.888481 0.453801
vt 0.911898 0.471984
vt 0.894361 0.480157
vt 0.916426 0.503091
vt 0.898939 0.509750
vt 0.919811 0.543907
vt 0.902412 0.549104
vt 0.921121 0.581900
vt 0.903920 0.586400
vt 0.933718 0.607485
vt 0.918614 0.616991
vt 0.947517 0.632134
vt 0.935359 0.645265
vt 0.925967 0.630897
vt 0.939551 0.618483
vt 0.737846 0.876656
vt 0.751891 0.883707
vt 0.741207 0.727264
vt 0.730853 0.720437
vt 0.752057 0.521783
vt 0.738335 0.520451
vt 0.733573 0.579766
vt 0.746885 0.582052
vt 0.741920 0.678998
vt 0.730262 0.674670
vt 0.084085 0.538100
vt 0.080314 0.538184
vt 0.078917 0.531231
vt 0.082843 0.530737
vt 0.085380 0.547615
vt 0.081734 0.547446
vt 0.086423 0.567944
vt 0.082802 0.568021
vt 0.082717 0.558030
vt 0.086344 0.558106
vt 0.085977 0.575435
vt 0.082359 0.575449
vt 0.085292 0.580778
vt 0.081691 0.580576
vt 0.082640 0.594276
vt 0.080892 0.592528
vt 0.077434 0.606025
vt 0.079730 0.607572
vt 0.077623 0.607006
vt 0.518223 0.282309
vt 0.516363 0.220591
vt 0.516999 0.339363
vt 0.518131 0.282345
vt 0.516314 0.339361
vt 0.523680 0.220610
vt 0.382109 0.384283
vt 0.382501 0.438259
vt 0.565038 0.439240
vt 0.564930 0.384865
vt 0.523669 0.384686
vt 0.523239 0.438976
vt 0.848309 0.054524
vt 0.857197 0.054741
vt 0.860228 0.056021
vt 0.848480 0.056195
vt 0.862481 0.058677
vt 0.849028 0.095673
vt 0.849010 0.095673
vt 0.864598 0.063923
vt 0.866709 0.069152
vt 0.848991 0.095673
vt 0.868925 0.095673
vt 0.207350 0.635954
vt 0.250972 0.657884
vt 0.270451 0.658982
vt 0.268972 0.671300
vt 0.247635 0.676232
vt 0.200933 0.741531
vt 0.191502 0.746027
vt 0.175934 0.759060
vt 0.198603 0.732749
vt 0.315644 0.812472
vt 0.329151 0.812163
vt 0.329148 0.820764
vt 0.315657 0.820894
vt 0.204717 0.728477
vt 0.198149 0.728476
vt 0.196603 0.710261
vt 0.202506 0.710348
vt 0.211840 0.818417
vt 0.202874 0.806562
vt 0.209387 0.800110
vt 0.218176 0.814183
vt 0.387040 0.668864
vt 0.327706 0.667856
vt 0.327706 0.657356
vt 0.387040 0.657355
vt 0.218465 0.653364
vt 0.213672 0.653581
vt 0.218603 0.640525
vt 0.225943 0.644925
vt 0.297265 0.728477
vt 0.295575 0.714571
vt 0.305128 0.714977
vt 0.305395 0.728477
vt 0.305667 0.753193
vt 0.315557 0.727344
vt 0.315479 0.753756
vt 0.233675 0.676385
vt 0.219046 0.676544
vt 0.223786 0.658624
vt 0.237372 0.658254
vt 0.244179 0.658069
vt 0.240321 0.676312
vt 0.225178 0.728477
vt 0.237194 0.728477
vt 0.240171 0.739976
vt 0.231687 0.738809
vt 0.254725 0.653341
vt 0.272231 0.654740
vt 0.751715 0.818296
vt 0.737249 0.813536
vt 0.261343 0.728477
vt 0.261517 0.713123
vt 0.274688 0.713683
vt 0.276371 0.728477
vt 0.288721 0.818306
vt 0.274530 0.818300
vt 0.271459 0.816552
vt 0.288871 0.817050
vt 0.668659 0.985691
vt 0.658680 0.980444
vt 0.660631 0.977723
vt 0.668431 0.982016
vt 0.199819 0.752247
vt 0.205570 0.738357
vt 0.203017 0.748542
vt 0.261261 0.742880
vt 0.250895 0.741453
vt 0.249690 0.728477
vt 0.699974 0.982075
vt 0.699492 0.985760
vt 0.219792 0.693031
vt 0.234319 0.693293
vt 0.248487 0.653436
vt 0.653699 0.971409
vt 0.653962 0.945259
vt 0.657070 0.946035
vt 0.656398 0.970528
vt 0.246653 0.740869
vt 0.243682 0.728477
vt 0.220605 0.711237
vt 0.235014 0.711996
vt 0.229101 0.653965
vt 0.238087 0.644925
vt 0.247481 0.644925
vt 0.241578 0.653618
vt 0.255286 0.644925
vt 0.262194 0.644925
vt 0.304099 0.659995
vt 0.303296 0.658631
vt 0.307490 0.655418
vt 0.200648 0.676681
vt 0.212469 0.659060
vt 0.299029 0.799470
vt 0.300670 0.798693
vt 0.299523 0.814393
vt 0.296891 0.814327
vt 0.300258 0.773282
vt 0.298930 0.773437
vt 0.298832 0.758026
vt 0.315864 0.715406
vt 0.329109 0.795701
vt 0.315564 0.796035
vt 0.315805 0.782253
vt 0.329312 0.782168
vt 0.849081 0.982205
vt 0.849081 0.953512
vt 0.849081 0.953513
vt 0.306451 0.797995
vt 0.306193 0.783493
vt 0.240695 0.828270
vt 0.220905 0.824375
vt 0.224745 0.817745
vt 0.242506 0.819430
vt 0.289468 0.728477
vt 0.285955 0.714162
vt 0.296779 0.752492
vt 0.298972 0.784263
vt 0.300429 0.783850
vt 0.306840 0.814360
vt 0.201528 0.692712
vt 0.208370 0.658220
vt 0.194629 0.676270
vt 0.735237 0.979325
vt 0.722236 0.980444
vt 0.728585 0.958221
vt 0.731116 0.951602
vt 0.733434 0.953192
vt 0.248726 0.712579
vt 0.239623 0.750733
vt 0.239693 0.741999
vt 0.246183 0.742738
vt 0.246109 0.751058
vt 0.253417 0.798771
vt 0.256896 0.812765
vt 0.250144 0.812713
vt 0.246943 0.798669
vt 0.659535 0.936038
vt 0.689336 0.932353
vt 0.688864 0.935455
vt 0.661635 0.938919
vt 0.240897 0.693385
vt 0.241522 0.712273
vt 0.272542 0.644925
vt 0.284813 0.658448
vt 0.205663 0.771437
vt 0.203239 0.774009
vt 0.199387 0.759454
vt 0.201896 0.755951
vt 0.250417 0.783595
vt 0.243951 0.783518
vt 0.240037 0.757445
vt 0.246511 0.757508
vt 0.248281 0.772791
vt 0.241820 0.772731
vt 0.258883 0.814942
vt 0.250274 0.815725
vt 0.261456 0.816237
vt 0.263566 0.820126
vt 0.103640 0.680671
vt 0.095722 0.699903
vt 0.084225 0.694356
vt 0.088517 0.672540
vt 0.194096 0.765278
vt 0.199552 0.780292
vt 0.195519 0.789045
vt 0.188170 0.771835
vt 0.076578 0.660109
vt 0.061698 0.684249
vt 0.048745 0.679526
vt 0.055516 0.659816
vt 0.249666 0.848032
vt 0.249594 0.856149
vt 0.249593 0.856149
vt 0.721403 0.932896
vt 0.719487 0.937772
vt 0.708506 0.935792
vt 0.707882 0.932578
vt 0.192727 0.756597
vt 0.280642 0.746336
vt 0.209292 0.736825
vt 0.304351 0.663257
vt 0.121852 0.688793
vt 0.120635 0.709168
vt 0.283517 0.666302
vt 0.283576 0.660495
vt 0.147310 0.696268
vt 0.147648 0.713622
vt 0.315557 0.771596
vt 0.306009 0.773168
vt 0.784231 0.632881
vt 0.791986 0.632901
vt 0.792155 0.648072
vt 0.784350 0.658936
vt 0.386465 0.810851
vt 0.386386 0.820211
vt 0.251712 0.877354
vt 0.249985 0.862442
vt 0.249986 0.862442
vt 0.251713 0.877353
vt 0.243265 0.855833
vt 0.243266 0.855832
vt 0.243334 0.847311
vt 0.243333 0.847311
vt 0.264567 0.919744
vt 0.261695 0.918878
vt 0.262058 0.918479
vt 0.264568 0.919743
vt 0.226124 0.814493
vt 0.242761 0.815446
vt 0.314844 0.645902
vt 0.315454 0.653357
vt 0.305202 0.645902
vt 0.315454 0.676752
vt 0.307718 0.671870
vt 0.299037 0.821259
vt 0.306840 0.821690
vt 0.306807 0.823519
vt 0.185919 0.728471
vt 0.250407 0.902603
vt 0.253530 0.916305
vt 0.253531 0.916304
vt 0.250408 0.902602
vt 0.212903 0.797114
vt 0.221089 0.812176
vt 0.315807 0.824455
vt 0.303184 0.668507
vt 0.304233 0.667090
vt 0.302014 0.657750
vt 0.269273 0.679256
vt 0.248161 0.693487
vt 0.251114 0.819870
vt 0.210040 0.843758
vt 0.213672 0.842263
vt 0.213672 0.842262
vt 0.210040 0.843757
vt 0.213068 0.886452
vt 0.210130 0.876033
vt 0.210131 0.876032
vt 0.213069 0.886451
vt 0.299141 0.917880
vt 0.296317 0.920727
vt 0.296318 0.920726
vt 0.299141 0.917879
vt 0.291315 0.920537
vt 0.274326 0.920051
vt 0.274327 0.920050
vt 0.291316 0.920536
vt 0.301033 0.862949
vt 0.301130 0.877984
vt 0.301131 0.877983
vt 0.301034 0.862947
vt 0.301227 0.903385
vt 0.301227 0.903384
vt 0.264376 0.848171
vt 0.283287 0.851542
vt 0.264377 0.848170
vt 0.235522 0.844198
vt 0.243800 0.845338
vt 0.243800 0.845337
vt 0.235523 0.844198
vt 0.260118 0.916356
vt 0.260118 0.916355
vt 0.253796 0.887896
vt 0.253797 0.887895
vt 0.256724 0.902702
vt 0.256723 0.902703
vt 0.173086 0.694138
vt 0.172253 0.714936
vt 0.298550 0.657750
vt 0.295548 0.657680
vt 0.287815 0.644925
vt 0.294633 0.644925
vt 0.738704 0.952849
vt 0.740854 0.950968
vt 0.746997 0.974961
vt 0.018164 0.607896
vt 0.026322 0.608531
vt 0.019709 0.625696
vt 0.014844 0.623340
vt 0.291430 0.657630
vt 0.280997 0.644925
vt 0.712256 0.985691
vt 0.712485 0.982016
vt 0.720285 0.977723
vt 0.294955 0.820646
vt 0.293997 0.817245
vt 0.206455 0.860924
vt 0.207549 0.853694
vt 0.207549 0.853693
vt 0.206456 0.860924
vt 0.299031 0.857549
vt 0.299032 0.857548
vt 0.243669 0.862381
vt 0.243670 0.862381
vt 0.230094 0.918042
vt 0.225181 0.915781
vt 0.225182 0.915780
vt 0.230095 0.918041
vt 0.301170 0.888548
vt 0.301171 0.888547
vt 0.250124 0.846208
vt 0.254263 0.846778
vt 0.254263 0.846777
vt 0.250125 0.846208
vt 0.246326 0.918972
vt 0.246327 0.918971
vt 0.245409 0.877296
vt 0.245409 0.877295
vt 0.253657 0.919245
vt 0.253658 0.919244
vt 0.924904 0.901096
vt 0.936787 0.903041
vt 0.894860 0.920402
vt 0.284623 0.668308
vt 0.742272 0.981342
vt 0.734013 0.985295
vt 0.247487 0.887820
vt 0.247488 0.887820
vt 0.217195 0.901086
vt 0.217196 0.901085
vt 0.206194 0.784446
vt 0.208674 0.782115
vt 0.185815 0.709558
vt 0.203649 0.792451
vt 0.012300 0.624008
vt 0.010236 0.631460
vt 0.195625 0.692500
vt 0.187794 0.688821
vt 0.723845 0.946035
vt 0.726953 0.945259
vt 0.740309 0.939646
vt 0.737991 0.938056
vt 0.737003 0.932896
vt 0.742779 0.936864
vt 0.012377 0.610554
vt 0.012969 0.616153
vt 0.728827 0.946073
vt 0.729499 0.949102
vt 0.742222 0.948274
vt 0.746396 0.943004
vt 0.729204 0.942975
vt 0.736098 0.953630
vt 0.742598 0.945176
vt 0.741926 0.942146
vt 0.735327 0.937619
vt 0.732721 0.938400
vt 0.730571 0.940280
vt 0.115999 0.116788
vt 0.100562 0.127321
vt 0.095587 0.120016
vt 0.104172 0.109622
vt 0.819431 0.980700
vt 0.819431 0.955198
vt 0.892743 0.684566
vt 0.894356 0.691299
vt 0.889282 0.683588
vt 0.779926 0.982247
vt 0.776872 0.984918
vt 0.781449 0.969719
vt 0.781868 0.978420
vt 0.502589 0.728026
vt 0.473440 0.753709
vt 0.438153 0.753044
vt 0.439005 0.726372
vt 0.329269 0.715423
vt 0.327960 0.676752
vt 0.819431 0.955199
vt 0.438075 0.668864
vt 0.438075 0.657355
vt 0.502589 0.664565
vt 0.502589 0.672146
vt 0.386825 0.715805
vt 0.387040 0.677252
vt 0.387040 0.645902
vt 0.387040 0.653362
vt 0.327960 0.653361
vt 0.328214 0.645902
vt 0.329111 0.727158
vt 0.329111 0.771332
vt 0.329047 0.753857
vt 0.386584 0.794282
vt 0.329314 0.824576
vt 0.896881 0.669543
vt 0.893002 0.676582
vt 0.889681 0.670219
vt 0.330565 0.541582
vt 0.339371 0.541579
vt 0.386624 0.825089
vt 0.386619 0.770208
vt 0.386620 0.754287
vt 0.439021 0.715755
vt 0.386620 0.726372
vt 0.438075 0.677256
vt 0.438075 0.653362
vt 0.438075 0.645902
vt 0.502588 0.645902
vt 0.502589 0.656985
vt 0.325120 0.586417
vt 0.339443 0.565005
vt 0.334159 0.586371
vt 0.502589 0.719496
vt 0.502589 0.687307
vt 0.301350 0.669385
vt 0.346097 0.605849
vt 0.347968 0.626073
vt 0.323183 0.510305
vt 0.332318 0.510305
vt 0.021574 0.102137
vt 0.015186 0.091616
vt 0.025350 0.090236
vt 0.028462 0.099034
vt 0.352546 0.533767
vt 0.352567 0.541574
vt 0.502589 0.812144
vt 0.502589 0.840929
vt 0.440005 0.820212
vt 0.439666 0.810852
vt 0.407503 0.820212
vt 0.407409 0.810851
vt 0.386620 0.781810
vt 0.397402 0.767433
vt 0.397239 0.782375
vt 0.439948 0.825090
vt 0.407619 0.825090
vt 0.258737 0.973285
vt 0.260278 0.972381
vt 0.280642 0.980010
vt 0.280657 0.981078
vt 0.323337 0.598470
vt 0.332460 0.598456
vt 0.247630 0.968608
vt 0.249878 0.967959
vt 0.361066 0.893078
vt 0.323427 0.872758
vt 0.386619 0.741466
vt 0.235136 0.950638
vt 0.239520 0.937814
vt 0.241709 0.939006
vt 0.238437 0.951231
vt 0.502589 0.849772
vt 0.447619 0.912508
vt 0.502588 0.912554
vt 0.482801 0.794285
vt 0.473439 0.797761
vt 0.478716 0.794999
vt 0.479683 0.783806
vt 0.398237 0.795011
vt 0.403386 0.797662
vt 0.438037 0.798324
vt 0.479526 0.768912
vt 0.478559 0.756377
vt 0.482724 0.757051
vt 0.399308 0.755784
vt 0.403523 0.753604
vt 0.242000 0.959124
vt 0.239122 0.959050
vt 0.324585 0.948988
vt 0.324480 0.965954
vt 0.321546 0.965459
vt 0.321661 0.949680
vt 0.320411 0.939449
vt 0.320438 0.976980
vt 0.323501 0.937846
vt 0.317345 0.935473
vt 0.315142 0.936388
vt 0.280834 0.936258
vt 0.280826 0.935213
vt 0.315141 0.980017
vt 0.320331 0.976877
vt 0.323656 0.978455
vt 0.317351 0.980941
vt 0.244794 0.935405
vt 0.247157 0.936234
vt 0.320304 0.939551
vt 0.225943 0.636306
vt 0.225943 0.621605
vt 0.236443 0.621605
vt 0.236443 0.636306
vt 0.294633 0.636306
vt 0.304563 0.636306
vt 0.280997 0.636306
vt 0.280997 0.621605
vt 0.287815 0.621605
vt 0.287815 0.636306
vt 0.274269 0.636306
vt 0.253546 0.636306
vt 0.262194 0.636306
vt 0.244898 0.636306
vt 0.294633 0.621605
vt 0.304563 0.623107
vt 0.244898 0.621605
vt 0.294633 0.613286
vt 0.304563 0.613286
vt 0.287815 0.613286
vt 0.274269 0.621605
vt 0.280997 0.599200
vt 0.274269 0.599200
vt 0.236443 0.613286
vt 0.244898 0.613286
vt 0.274269 0.613286
vt 0.280997 0.613286
vt 0.262194 0.621605
vt 0.262194 0.613286
vt 0.253546 0.613286
vt 0.253546 0.621605
vt 0.294633 0.599200
vt 0.304563 0.604305
vt 0.225943 0.613286
vt 0.294633 0.591879
vt 0.304563 0.591879
vt 0.236443 0.599200
vt 0.225943 0.599200
vt 0.287815 0.599200
vt 0.215795 0.599200
vt 0.215795 0.591879
vt 0.225943 0.591879
vt 0.274269 0.591879
vt 0.280997 0.591879
vt 0.287815 0.591879
vt 0.262194 0.599200
vt 0.262194 0.591879
vt 0.220457 0.621605
vt 0.220458 0.613286
vt 0.244898 0.599200
vt 0.244898 0.591879
vt 0.253546 0.591879
vt 0.253546 0.599200
vt 0.236443 0.591879
vt 0.040649 0.750194
vt 0.042983 0.750194
vt 0.046548 0.750194
vt 0.050803 0.750194
vt 0.054126 0.750194
vt 0.054504 0.750194
vt 0.053182 0.750194
vt 0.039660 0.750194
vt 0.040649 0.743905
vt 0.042983 0.743905
vt 0.046548 0.743905
vt 0.050803 0.743905
vt 0.054126 0.743905
vt 0.054504 0.743905
vt 0.053182 0.743905
vt 0.039660 0.743905
vt 0.044525 0.769717
vt 0.047127 0.770558
vt 0.047127 0.761152
vt 0.044525 0.761992
vt 0.049857 0.771620
vt 0.054426 0.771620
vt 0.054426 0.760089
vt 0.049857 0.760089
vt 0.042462 0.769246
vt 0.042462 0.762463
vt 0.293685 0.669488
vt 0.296519 0.669473
vt 0.286839 0.669473
vt 0.347645 0.519037
vt 0.300019 0.848261
vt 0.305718 0.851546
vt 0.315314 0.861647
vt 0.697152 0.811516
vt 0.697390 0.822305
vt 0.897957 0.633002
vt 0.886925 0.648651
vt 0.885400 0.633009
vt 0.877719 0.648645
vt 0.083965 0.489573
vt 0.815536 0.428372
vt 0.792677 0.414927
vt 0.591511 0.889619
vt 0.588819 0.899522
vt 0.708060 0.847238
vt 0.128707 0.231023
vt 0.128703 0.245541
vt 0.695969 0.747694
vt 0.696242 0.755123
vt 0.726749 0.801757
vt 0.694165 0.731494
vt 0.132833 0.144083
vt 0.132832 0.145787
vt 0.132825 0.172207
vt 0.132819 0.198626
vt 0.132818 0.200836
vt 0.128713 0.206827
vt 0.105285 0.436760
vt 0.095332 0.440697
vt 0.692449 0.576481
vt 0.691102 0.670656
vt 0.604478 0.885397
vt 0.861995 0.934242
vt 0.869817 0.922870
vt 0.898017 0.625339
vt 0.894359 0.619876
vt 0.732011 0.802830
vt 0.871843 0.551931
vt 0.868223 0.512361
vt 0.692709 0.714856
vt 0.863584 0.482869
vt 0.859456 0.456129
vt 0.872156 0.588546
vt 0.708431 0.858205
vt 0.702093 0.872019
vt 0.696772 0.517741
vt 0.088458 0.491823
vt 0.092937 0.494065
vt 0.175850 0.200995
vt 0.175850 0.207003
vt 0.175850 0.198778
vt 0.175850 0.172287
vt 0.175850 0.144083
vt 0.175850 0.145795
vt 0.175850 0.231261
vt 0.175850 0.245817
vt 0.783323 0.425762
vt 0.784108 0.414521
vt 0.871034 0.728138
vt 0.793638 0.731099
vt 0.793471 0.725423
vt 0.871492 0.720992
vt 0.784350 0.731657
vt 0.784350 0.725893
vt 0.965533 0.711575
vt 0.963353 0.719217
vt 0.947502 0.695017
vt 0.949403 0.689137
vt 0.562758 0.577321
vt 0.548331 0.579950
vt 0.548715 0.567418
vt 0.562152 0.587190
vt 0.064537 0.245569
vt 0.064537 0.231136
vt 0.573488 0.614237
vt 0.548043 0.588522
vt 0.560010 0.650635
vt 0.546532 0.650635
vt 0.568614 0.651184
vt 0.568614 0.660831
vt 0.546361 0.660281
vt 0.559924 0.660281
vt 0.410073 0.541552
vt 0.410065 0.533757
vt 0.535531 0.618407
vt 0.534730 0.626128
vt 0.466234 0.626165
vt 0.466868 0.614528
vt 0.405701 0.598345
vt 0.406736 0.585996
vt 0.410094 0.564939
vt 0.406759 0.519035
vt 0.405660 0.510305
vt 0.346007 0.510305
vt 0.347705 0.586301
vt 0.352629 0.564992
vt 0.346130 0.598435
vt 0.407808 0.626123
vt 0.406500 0.610262
vt 0.309497 0.598056
vt 0.319264 0.597144
vt 0.318509 0.605594
vt 0.308807 0.606369
vt 0.308760 0.619461
vt 0.313615 0.618107
vt 0.314647 0.629180
vt 0.309597 0.628539
vt 0.317919 0.613848
vt 0.308522 0.612525
vt 0.319264 0.630186
vt 0.310516 0.634917
vt 0.352588 0.549380
vt 0.410080 0.549348
vt 0.466292 0.549317
vt 0.175850 0.159041
vt 0.132829 0.158997
vt 0.089808 0.158953
vt 0.339395 0.549387
vt 0.566769 0.519212
vt 0.546663 0.550958
vt 0.546663 0.534589
vt 0.532138 0.549280
vt 0.074212 0.172046
vt 0.584045 0.519544
vt 0.311691 0.575344
vt 0.311470 0.547683
vt 0.207350 0.599200
vt 0.207350 0.591879
vt 0.197787 0.599200
vt 0.196633 0.591879
vt 0.079934 0.515505
vt 0.075478 0.516353
vt 0.079361 0.512469
vt 0.074905 0.513317
vt 0.761517 0.139319
vt 0.662065 0.138574
vt 0.761563 0.133172
vt 0.662111 0.132427
vt 0.782403 0.974021
vt 0.779151 0.966168
vt 0.773172 0.986027
vt 0.769388 0.985405
vt 0.766097 0.983147
vt 0.763799 0.979596
vt 0.772077 0.963288
vt 0.762845 0.975294
vt 0.763380 0.970895
vt 0.765322 0.967068
vt 0.768376 0.964397
vt 0.775860 0.963910
vt 0.956738 0.664235
vt 0.951311 0.683237
vt 0.940473 0.663965
vt 0.948654 0.645230
vt 0.936071 0.674203
vt 0.938268 0.669093
vt 0.969288 0.682282
vt 0.967721 0.703908
vt 0.183234 0.760177
vt 0.247377 0.828909
vt 0.049918 0.439816
vt 0.049797 0.461416
vt 0.044976 0.461138
vt 0.045044 0.439685
vt 0.050125 0.484917
vt 0.045334 0.484413
vt 0.049930 0.510891
vt 0.045123 0.510245
vt 0.048747 0.545567
vt 0.044426 0.544960
vt 0.039313 0.460869
vt 0.039322 0.439559
vt 0.039696 0.483912
vt 0.039460 0.509591
vt 0.039313 0.544502
vt 0.782670 0.620130
vt 0.045810 0.560483
vt 0.879999 0.745959
vt 0.890035 0.745796
vt 0.880036 0.745959
vt 0.892846 0.787322
vt 0.886930 0.800918
vt 0.793730 0.813183
vt 0.791815 0.739505
vt 0.791927 0.745356
vt 0.153533 0.561417
vt 0.102083 0.560616
vt 0.118116 0.524880
vt 0.154334 0.509944
vt 0.119044 0.450968
vt 0.115107 0.441015
vt 0.091078 0.450519
vt 0.104836 0.464727
vt 0.114790 0.460790
vt 0.204984 0.562217
vt 0.190070 0.525999
vt 0.188951 0.597954
vt 0.152732 0.612890
vt 0.116997 0.596835
vt 0.095014 0.460472
vt 0.102083 0.560617
vt 0.204984 0.562218
vt 0.188950 0.597954
vt 0.114790 0.300012
vt 0.104836 0.303948
vt 0.095014 0.299694
vt 0.091078 0.289741
vt 0.105285 0.275982
vt 0.095332 0.279919
vt 0.119044 0.290190
vt 0.115107 0.280236
vt 0.664862 0.039664
vt 0.673496 0.050552
vt 0.672636 0.106358
vt 0.653787 0.040854
vt 0.643407 0.048047
vt 0.652931 0.115311
vt 0.642806 0.108272
vt 0.764399 0.048200
vt 0.764305 0.037019
vt 0.763703 0.106379
vt 0.561032 0.010253
vt 0.557683 0.018990
vt 0.557683 0.138099
vt 0.561151 0.146674
vt 0.664704 0.033788
vt 0.764249 0.031345
vt 0.200412 0.436707
vt 0.196689 0.438755
vt 0.198213 0.442805
vt 0.206364 0.440605
vt 0.204134 0.434659
vt 0.219528 0.116492
vt 0.208947 0.114899
vt 0.257888 0.449507
vt 0.257883 0.124275
vt 0.257903 0.118991
vt 0.787232 0.053272
vt 0.795935 0.053272
vt 0.795936 0.095673
vt 0.787232 0.095673
vt 0.813977 0.057648
vt 0.813942 0.095673
vt 0.804688 0.095673
vt 0.804688 0.054206
vt 0.778516 0.058910
vt 0.779760 0.054482
vt 0.779760 0.095673
vt 0.778516 0.095673
vt 0.716971 0.064641
vt 0.716973 0.059731
vt 0.716974 0.095673
vt 0.737080 0.058910
vt 0.754245 0.058910
vt 0.754245 0.095673
vt 0.737080 0.095673
vt 0.771800 0.058910
vt 0.771800 0.095673
vt 0.716974 0.058910
vt 0.789324 0.052897
vt 0.793153 0.052897
vt 0.807948 0.054051
vt 0.810626 0.054051
vt 0.798600 0.053131
vt 0.801281 0.053131
vt 0.775828 0.058910
vt 0.775828 0.095673
vt 0.713385 0.064641
vt 0.713385 0.069350
vt 0.713385 0.095673
vt 0.713385 0.082511
vt 0.813980 0.054206
vt 0.782921 0.052968
vt 0.785082 0.052968
vt 0.205324 0.126674
vt 0.170924 0.126660
vt 0.778069 0.391925
vt 0.774148 0.224181
vt 0.961574 0.225474
vt 0.947979 0.382016
vt 0.982706 0.225196
vt 0.976263 0.365843
vt 0.990207 0.271449
vt 0.988844 0.336931
vt 0.873629 0.808523
vt 0.893487 0.756530
vt 0.893487 0.756529
vt 0.517044 0.220548
vt 0.257967 0.092743
vt 0.266136 0.068394
vt 0.297826 0.071149
vt 0.291662 0.092173
vt 0.269245 0.041067
vt 0.261826 0.014694
vt 0.288658 0.024456
vt 0.302075 0.043805
vt 0.093730 0.064331
vt 0.110151 0.071354
vt 0.103230 0.074787
vt 0.089753 0.068712
vt 0.123018 0.082535
vt 0.126859 0.101344
vt 0.109161 0.099209
vt 0.110676 0.083746
vt 0.016670 0.075873
vt 0.022910 0.066059
vt 0.034326 0.070925
vt 0.026303 0.078736
vt 0.042543 0.117791
vt 0.030725 0.109931
vt 0.036311 0.105832
vt 0.044785 0.110583
vt 0.079076 0.126790
vt 0.058932 0.123238
vt 0.060184 0.116384
vt 0.079258 0.121270
vt 0.041953 0.062380
vt 0.069090 0.062798
vt 0.067835 0.068104
vt 0.047174 0.068333
vt 0.179233 0.035460
vt 0.183543 0.014123
vt 0.220873 0.013735
vt 0.217241 0.037452
vt 0.177283 0.078870
vt 0.175300 0.059017
vt 0.211446 0.063334
vt 0.206810 0.088107
vt 0.895656 0.891249
vt 0.902837 0.896276
vt 0.882296 0.928894
vt 0.940083 0.826792
vt 0.941119 0.810960
vt 0.895664 0.864274
vt 0.904886 0.860363
vt 0.179001 0.091383
vt 0.206342 0.102144
vt 0.163594 0.081084
vt 0.146890 0.069308
vt 0.141398 0.054475
vt 0.142865 0.034486
vt 0.159127 0.019657
vt 0.012768 0.060342
vt 0.036834 0.055864
vt 0.070442 0.057478
vt 0.102785 0.132992
vt 0.079038 0.134463
vt 0.057493 0.131021
vt 0.038995 0.125772
vt 0.022641 0.115439
vt 0.003816 0.092804
vt 0.005755 0.074194
vt 0.117937 0.067785
vt 0.128739 0.082408
vt 0.134494 0.103523
vt 0.097566 0.059287
vt 0.241750 0.110483
vt 0.273421 0.112373
vt 0.013191 0.106123
vt 0.117594 0.118761
vt 0.913717 0.898434
vt 0.942085 0.862327
s 1
f 109/1/1 101/2/2 3/3/3 107/4/4
f 35/5/5 63/6/6 65/7/7 48/8/8
f 38/9/9 32/10/10 89/11/11 87/12/12
f 44/13/13 86/14/14 56/15/15
f 10/16/16 23/17/17 25/18/18 13/19/19
f 15/20/20 20/21/21 22/22/22 16/23/23
f 18/24/24 26/25/25 24/26/26 8/27/27
f 5/28/28 7/29/29 12/30/30 19/31/31 20/21/21 15/20/20
f 11/32/32 21/33/33 19/31/31 12/30/30
f 16/23/23 22/22/22 23/17/17 10/16/16
f 27/34/34 14/35/35 13/19/19 25/18/18
f 17/36/36 28/37/37 26/25/25 18/24/24
f 8/27/27 24/26/26 21/33/33 11/32/32
f 20/21/21 19/31/31 21/33/33 22/22/22
f 21/33/33 24/26/26 23/17/17 22/22/22
f 24/26/26 26/25/25 25/18/18 23/17/17
f 26/25/25 28/37/37 27/34/34 25/18/18
f 17/36/36 9/38/38 6/39/38 14/35/35 27/34/34 28/37/37
f 29/40/39 34/41/40 39/42/41 49/43/42
f 51/44/43 46/45/44 57/46/45 66/47/46
f 93/48/47 91/49/48 48/8/8 65/7/7
f 47/50/49 46/45/44 40/51/50 41/52/51
f 74/53/52 64/54/53 68/55/54 75/56/55
f 52/57/56 56/15/15 79/58/57
f 97/59/58 87/12/12 85/60/59 96/61/60
f 90/62/61 97/59/58 53/63/62 42/64/63
f 87/12/12 89/11/11 84/65/64 85/60/59
f 71/66/65 52/57/56 79/58/57 81/67/66
f 79/58/57 80/68/67 83/69/68 81/67/66
f 36/70/69 84/65/64 89/11/11 50/71/70
f 95/72/71 96/61/60 85/60/59 82/73/72
f 95/72/71 82/73/72 69/74/73 94/75/74
f 30/76/75 76/77/76 34/41/40 29/40/39
f 82/73/72 88/78/77 60/79/78 69/74/73
f 31/80/79 45/81/80 53/63/62 54/82/81
f 55/83/82 77/84/83 35/5/5 48/8/8
f 84/65/64 88/78/77 82/73/72 85/60/59
f 29/40/39 62/85/84 78/86/85 30/76/75
f 31/80/79 75/56/55 83/69/68 80/68/67
f 42/64/63 53/63/62 45/81/80 37/87/86
f 36/70/69 73/88/87 88/78/77 84/65/64
f 40/51/50 46/45/44 51/44/43 43/89/88
f 45/81/80 31/80/79 80/68/67 86/14/14
f 80/68/67 79/58/57 56/15/15 86/14/14
f 72/90/89 71/66/65 81/67/66 59/91/90
f 57/46/45 46/45/44 47/50/49 58/92/91
f 51/44/43 66/47/46 63/6/6 35/5/5
f 49/43/42 70/93/92 62/85/84 29/40/39
f 67/94/93 83/69/68 75/56/55 68/55/54
f 54/82/81 74/53/52 75/56/55 31/80/79
f 81/67/66 83/69/68 67/94/93 59/91/90
f 37/87/86 45/81/80 86/14/14 44/13/13
f 91/49/48 92/95/94 55/83/82 48/8/8
f 60/79/78 88/78/77 73/88/87 61/96/95
f 43/89/88 51/44/43 35/5/5 77/84/83
f 32/10/10 33/97/96 50/71/70 89/11/11
f 49/43/42 39/42/41 92/95/94 91/49/48
f 74/53/52 95/72/71 94/75/74 64/54/53
f 74/53/52 54/82/81 96/61/60 95/72/71
f 38/9/9 87/12/12 97/59/58 90/62/61
f 53/63/62 97/59/58 96/61/60 54/82/81
f 70/93/92 49/43/42 91/49/48 93/48/47
f 106/98/97 1/99/98 98/100/99 108/101/100
f 108/101/100 98/100/99 101/2/2 109/1/1
f 112/102/101 104/103/102 105/104/103 113/105/104
f 110/106/105 102/107/106 104/103/102 112/102/101
f 113/105/104 105/104/103 103/108/107 111/109/108
f 104/103/102 108/101/100 109/1/1 105/104/103
f 102/107/106 106/98/97 108/101/100 104/103/102
f 105/104/103 109/1/1 107/4/4 103/108/107
f 100/110/109 113/105/104 111/109/108 4/111/110
f 2/112/111 110/106/105 112/102/101 99/113/112
f 99/113/112 112/102/101 113/105/104 100/110/109
f 959/114/113 119/115/114 1197/116/115 851/117/116
f 1198/118/117 137/119/118 139/120/119 1199/121/120
f 1199/121/120 139/120/119 141/122/121 1200/123/122
f 1200/123/122 141/122/121 143/124/123 1201/125/124
f 887/126/125 885/127/126 830/128/127 831/129/128
f 1201/125/124 143/124/123 145/130/129 1202/131/130
f 1392/132/131 1384/133/132 137/119/118 1198/118/117
f 1278/134/133 1253/135/134 176/136/135 623/137/136
f 1515/138/137 121/139/138 128/140/139 1495/141/140
f 1495/141/140 128/140/139 124/142/141 1496/143/142
f 1516/144/143 126/145/144 121/139/138 1515/138/137
f 1496/143/142 124/142/141 130/146/145 1497/147/146
f 1498/148/147 132/149/148 134/150/149 1499/151/150
f 1531/152/151 1358/153/152 136/154/153 1500/155/154
f 1534/156/155 1385/157/156 138/158/157 1501/159/158
f 1501/159/158 138/158/157 140/160/159 1502/161/160
f 1502/161/160 140/160/159 142/162/161 1503/163/162
f 1503/163/162 142/162/161 144/164/163 1504/165/164
f 1504/165/164 144/164/163 146/166/165 1505/167/166
f 1525/168/167 1513/169/168 1557/170/169
f 1505/167/166 146/166/165 622/171/170 1523/172/171
f 1202/131/130 145/130/129 619/173/172 1205/174/173
f 1522/175/174 1518/176/174 156/177/175 490/178/174
f 1241/179/176 1243/179/176 161/180/177 157/180/177
f 1518/181/178 1519/181/178 158/182/179 156/182/179
f 1528/183/174 1520/184/174 161/180/174 1243/179/174
f 1273/185/180 1274/186/181 166/187/177 164/188/182
f 1272/189/183 1254/190/184 169/191/185 170/192/186
f 1252/193/187 1251/194/188 174/195/189 175/196/190
f 1254/190/184 1261/197/191 228/198/192 169/191/185
f 1249/199/193 1248/200/194 172/201/195 173/202/196
f 1250/203/197 1247/204/198 165/205/199 168/206/200
f 1253/135/134 1252/193/187 175/196/190 176/136/135
f 1247/204/198 1246/207/201 167/208/202 165/205/199
f 1251/194/188 1249/199/193 173/202/196 174/195/189
f 1370/209/203 1231/210/204 1262/211/205 1372/212/206
f 1395/213/207 1245/214/208 171/215/209 1375/216/210
f 1270/217/211 1265/218/212 624/219/213 115/220/214
f 1277/221/215 1241/222/215 157/223/174 491/224/174
f 617/225/216 177/226/217 180/227/218 628/228/219
f 1513/169/168 118/229/220 259/230/221 1512/231/222
f 1246/207/201 1273/185/180 164/188/182 167/208/202
f 1296/232/223 1298/233/223 184/234/223 185/235/223
f 1297/236/224 1301/237/225 266/238/226 188/239/227
f 1295/240/228 1297/236/224 188/239/227 182/241/229
f 1335/242/230 1315/243/231 120/244/232 186/245/233
f 939/246/234 892/247/235 191/248/236 183/249/237
f 1324/250/174 1319/251/174 195/252/174 182/253/229
f 496/254/238 154/255/239 194/256/240 495/257/241
f 492/258/242 1398/259/243 155/260/244 489/261/245
f 494/262/246 1399/263/247 1398/259/243 492/258/242
f 1292/264/174 1209/265/174 159/266/174 1289/267/174
f 1226/268/174 1225/269/174 198/270/174 200/271/174
f 1227/272/174 1226/268/174 200/271/174 202/273/174
f 1326/274/174 1227/272/174 202/273/174 1321/275/174
f 1208/276/248 1228/277/174 204/278/174 160/279/249
f 160/279/249 204/278/250 194/280/250 154/279/239
f 1336/281/251 194/280/252 204/278/252 1338/282/251
f 193/283/253 195/284/254 202/273/255 200/271/256
f 196/285/257 193/283/253 200/271/256 198/270/258
f 155/266/259 1291/286/260 1289/267/261 159/266/262
f 1512/287/263 1524/288/264 147/289/265 617/290/266
f 670/291/267 214/292/268 212/293/269 666/294/270
f 663/295/271 219/296/272 220/297/273 665/298/274
f 1389/299/275 1387/300/276 217/301/277 659/302/278
f 177/303/279 178/304/280 671/305/281 618/306/282
f 665/298/274 220/297/273 221/307/283 667/308/284
f 659/302/278 217/301/277 218/309/285 661/310/286
f 667/308/284 221/307/283 627/311/287 618/312/288
f 661/310/286 218/309/285 219/296/272 663/295/271
f 149/313/289 116/314/290 117/315/291 260/316/292
f 1390/317/293 1386/318/294 207/319/295 656/320/296
f 666/321/270 212/322/269 211/323/297 664/324/298
f 656/320/296 207/319/295 206/325/299 654/326/300
f 664/324/298 211/323/297 210/327/301 662/328/302
f 662/328/302 210/327/301 209/329/303 660/330/304
f 660/330/304 209/329/303 208/331/305 658/332/306
f 1508/333/307 227/334/308 132/149/148 1498/148/147
f 1276/335/309 1250/203/197 168/206/200 237/336/310
f 1260/337/311 1373/338/312 1366/339/313 225/340/314
f 1372/212/206 1262/211/205 234/341/315 1367/342/316
f 1507/343/317 1532/344/318 1364/345/319 224/346/320
f 1510/347/321 236/348/322 232/349/323 1521/350/324
f 1508/333/307 1507/343/317 224/346/320 227/334/308
f 1509/351/325 1521/350/324 232/349/323 231/352/326
f 1262/211/205 1275/353/327 233/354/328 234/341/315
f 1290/355/329 1291/356/330 1399/263/247 494/262/246
f 162/357/174 1242/358/174 1293/359/174 1288/360/174
f 1497/147/146 130/146/145 236/348/322 1510/347/321
f 1275/353/327 1276/335/309 237/336/310 233/354/328
f 1284/361/174 1234/362/174 238/363/174 1280/364/174
f 955/365/331 1290/355/329 494/262/246 241/366/332
f 1261/197/191 1260/337/311 225/340/314 228/198/192
f 255/367/333 243/368/334 245/369/335 256/370/336
f 243/368/334 255/367/333 258/371/337 253/372/338
f 252/373/339 251/374/340 250/375/341 248/376/342
f 258/371/337 252/377/339 248/378/342 257/379/343
f 254/380/344 253/372/345 247/381/346 249/382/347
f 245/369/335 243/368/334 253/372/345 254/380/344
f 255/367/333 244/383/348 252/377/339 258/371/337
f 244/383/348 246/384/349 251/374/340 252/373/339
f 253/372/338 258/371/337 257/379/343 247/385/350
f 244/383/348 255/367/333 256/370/336 246/384/349
f 1264/386/351 259/230/221 118/229/220 1239/387/352
f 655/388/353 215/389/354 216/390/355 657/391/356
f 263/392/357 264/393/358 261/394/359 262/395/359
f 1331/396/51 1300/397/360 265/398/361 1339/399/362
f 1318/400/363 1323/401/364 268/402/365 187/403/366
f 1334/404/174 1339/405/362 265/406/361 185/407/367
f 733/408/368 1299/409/360 267/410/369 186/411/233
f 274/412/370 273/413/370 275/414/370 276/415/370
f 150/416/177 275/414/177 273/413/177 151/417/177
f 1460/418/370 270/419/370 269/420/370 1461/421/370
f 1461/422/371 269/423/371 271/424/371 1462/425/371
f 153/426/371 274/427/371 276/428/371 152/429/371
f 151/430/372 153/430/373 1438/430/374 1437/430/375
f 1459/431/376 272/432/377 270/433/377 1460/434/376
f 1459/431/378 150/416/379 1435/435/379 1463/431/380
f 271/436/174 269/437/174 270/433/377 272/432/377
f 279/438/177 277/439/177 278/440/177 280/441/177
f 282/442/371 284/443/371 283/444/371 281/445/371
f 279/438/381 280/441/382 284/443/382 282/442/383
f 280/441/382 278/440/384 283/446/384 284/443/382
f 277/439/385 279/438/381 282/442/383 281/447/385
f 287/448/177 285/449/177 286/450/177 288/451/177
f 290/452/371 292/453/371 291/454/371 289/455/371
f 287/448/381 288/451/382 292/453/382 290/452/381
f 288/451/382 286/450/384 291/456/384 292/453/382
f 285/449/385 287/448/381 290/452/381 289/457/385
f 293/458/386 294/459/386 300/460/386 299/461/386
f 294/459/386 295/462/386 301/463/386 300/460/386
f 295/462/386 296/464/386 302/465/386 301/463/386
f 296/464/386 297/466/386 303/467/386 302/465/386
f 297/466/386 298/468/386 304/469/386 303/467/386
f 299/461/386 300/460/386 306/470/386 305/471/386
f 300/460/386 301/463/386 307/472/386 306/470/386
f 301/463/386 302/465/386 308/473/386 307/472/386
f 302/465/386 303/467/386 309/474/386 308/473/386
f 303/467/386 304/469/386 310/475/386 309/474/386
f 311/476/387 317/477/388 318/478/389 312/479/390
f 312/479/390 318/478/389 319/480/391 313/481/392
f 313/481/392 319/480/391 320/482/393 314/483/394
f 314/483/394 320/482/393 321/484/395 315/485/396
f 315/485/396 321/484/395 322/486/397 316/487/398
f 317/477/388 323/488/399 324/489/400 318/478/389
f 318/478/389 324/489/400 325/490/401 319/480/391
f 319/480/391 325/490/401 326/491/402 320/482/393
f 320/482/393 326/491/402 327/492/403 321/484/395
f 321/484/395 327/492/403 328/493/404 322/486/397
f 298/468/405 316/487/398 322/486/397 304/469/406
f 308/473/407 326/491/402 325/490/401 307/472/408
f 293/458/409 311/476/387 312/479/390 294/459/410
f 294/459/410 312/479/390 313/481/392 295/462/411
f 305/471/412 323/488/399 317/477/388 299/461/413
f 309/474/414 327/492/403 326/491/402 308/473/407
f 295/462/411 313/481/392 314/483/394 296/464/415
f 304/469/406 322/486/397 328/493/404 310/475/416
f 296/464/415 314/483/394 315/485/396 297/466/417
f 306/470/418 324/489/400 323/488/399 305/471/412
f 310/475/416 328/493/404 327/492/403 309/474/414
f 299/461/413 317/477/388 311/476/387 293/458/409
f 307/472/408 325/490/401 324/489/400 306/470/418
f 1423/494/419 1427/495/420 1434/496/421 1431/497/422
f 1426/498/423 1424/499/424 1432/500/424 1433/501/425
f 329/502/426 330/503/427 332/504/428 331/505/429
f 331/505/429 332/504/428 334/506/430 333/507/431
f 333/507/431 334/506/430 336/508/432 335/509/433
f 335/509/433 336/508/432 338/510/434 337/511/435
f 337/511/435 338/510/434 340/512/436 339/513/437
f 339/513/437 340/512/436 342/514/438 341/515/439
f 341/515/439 342/514/438 344/516/440 343/517/441
f 343/517/441 344/516/440 346/518/442 345/519/443
f 345/519/443 346/518/442 348/520/444 347/521/445
f 347/521/445 348/520/444 350/522/446 349/523/447
f 349/523/447 350/522/446 352/524/448 351/525/449
f 351/525/449 352/524/448 354/526/450 353/527/451
f 353/527/451 354/526/450 356/528/452 355/529/453
f 355/529/453 356/528/452 358/530/454 357/531/455
f 357/531/455 358/530/454 360/532/456 359/533/457
f 359/533/457 360/532/456 362/534/458 361/535/459
f 361/535/459 362/534/458 364/536/460 363/537/461
f 363/537/461 364/536/460 330/538/427 329/539/426
f 356/540/452 354/541/450 390/542/462 392/543/463
f 345/544/443 347/545/445 383/546/464 381/547/465
f 363/548/461 329/549/426 365/550/466 399/551/467
f 348/552/444 346/553/442 382/554/468 384/555/469
f 330/556/427 364/557/460 400/558/470 366/559/471
f 337/560/435 339/561/437 375/562/472 373/563/473
f 355/564/453 357/565/455 393/566/474 391/567/475
f 329/549/426 331/568/429 367/569/476 365/550/466
f 340/570/436 338/571/434 374/572/477 376/573/478
f 358/574/454 356/540/452 392/543/463 394/575/479
f 332/576/428 330/556/427 366/559/471 368/577/480
f 347/545/445 349/578/447 385/579/481 383/546/464
f 350/580/446 348/552/444 384/555/469 386/581/482
f 339/582/437 341/583/439 377/584/483 375/585/472
f 357/565/455 359/586/457 395/587/484 393/566/474
f 342/588/438 340/589/436 376/590/478 378/591/485
f 360/592/456 358/574/454 394/575/479 396/593/486
f 331/568/429 333/594/431 369/595/487 367/569/476
f 349/578/447 351/596/449 387/597/488 385/579/481
f 334/598/430 332/576/428 368/577/480 370/599/489
f 352/600/448 350/580/446 386/581/482 388/601/490
f 341/583/439 343/602/441 379/603/491 377/584/483
f 359/586/457 361/604/459 397/605/492 395/587/484
f 344/606/440 342/588/438 378/591/485 380/607/493
f 362/608/458 360/592/456 396/593/486 398/609/494
f 333/594/431 335/610/433 371/611/495 369/595/487
f 351/596/449 353/612/451 389/613/496 387/597/488
f 336/614/432 334/598/430 370/599/489 372/615/497
f 354/541/450 352/600/448 388/601/490 390/542/462
f 343/602/441 345/544/443 381/547/465 379/603/491
f 361/604/459 363/548/461 399/551/467 397/605/492
f 346/553/442 344/606/440 380/607/493 382/554/468
f 364/557/460 362/608/458 398/609/494 400/558/470
f 335/610/433 337/560/435 373/563/473 371/611/495
f 353/612/451 355/564/453 391/567/475 389/613/496
f 338/571/434 336/614/432 372/615/497 374/572/477
f 365/616/466 367/617/476 369/618/487 371/619/495 373/620/473 375/621/472 377/622/483 379/623/491 381/624/465 383/625/464 385/626/481 387/627/488 389/628/496 391/629/475 393/630/474 395/631/484 397/632/492 399/633/467
f 368/634/480 366/635/471 400/636/470 398/637/494 396/638/486 394/639/479 392/640/463 390/641/462 388/642/490 386/643/482 384/644/469 382/645/468 380/646/493 378/647/485 376/648/478 374/649/477 372/650/497 370/651/489
f 417/652/498 418/653/499 436/654/500 435/655/501
f 410/656/502 411/657/503 429/658/504 428/659/505
f 403/660/506 404/661/507 422/662/508 421/663/509
f 418/653/499 401/664/510 419/665/511 436/654/500
f 411/657/503 412/666/512 430/667/513 429/658/504
f 404/661/507 405/668/514 423/669/515 422/662/508
f 412/666/512 413/670/516 431/671/517 430/667/513
f 405/668/514 406/672/518 424/673/519 423/669/515
f 413/670/516 414/674/520 432/675/521 431/671/517
f 406/676/518 407/677/522 425/678/523 424/679/519
f 414/674/520 415/680/524 433/681/525 432/675/521
f 407/677/522 408/682/526 426/683/527 425/678/523
f 415/680/524 416/684/528 434/685/529 433/681/525
f 408/682/526 409/686/530 427/687/531 426/683/527
f 401/664/510 402/688/532 420/689/533 419/665/511
f 416/684/528 417/652/498 435/655/501 434/685/529
f 409/686/530 410/656/502 428/659/505 427/687/531
f 402/688/532 403/660/506 421/663/509 420/689/533
f 434/685/529 470/690/534 469/691/535 433/681/525
f 421/663/509 457/692/536 455/693/537 420/689/533
f 407/677/522 443/694/538 444/695/539 408/682/526
f 435/655/501 471/696/540 470/690/534 434/685/529
f 422/662/508 458/697/541 457/692/536 421/663/509
f 408/682/526 444/695/539 445/698/542 409/686/530
f 436/654/500 472/699/543 471/696/540 435/655/501
f 423/669/515 459/700/544 458/697/541 422/662/508
f 409/686/530 445/698/542 446/701/545 410/656/502
f 419/665/511 456/702/546 472/699/543 436/654/500
f 424/673/519 460/703/547 459/700/544 423/669/515
f 410/656/502 446/701/545 447/704/548 411/657/503
f 425/678/523 461/705/549 460/706/547 424/679/519
f 411/657/503 447/704/548 448/707/550 412/666/512
f 426/683/527 462/708/551 461/705/549 425/678/523
f 412/666/512 448/707/550 449/709/552 413/670/516
f 427/687/531 463/710/553 462/708/551 426/683/527
f 413/670/516 449/709/552 450/711/554 414/674/520
f 428/659/505 464/712/555 463/710/553 427/687/531
f 414/674/520 450/711/554 451/713/556 415/680/524
f 401/664/510 438/714/557 437/715/558 402/688/532
f 429/658/504 465/716/559 464/712/555 428/659/505
f 415/680/524 451/713/556 452/717/560 416/684/528
f 402/688/532 437/715/558 439/718/561 403/660/506
f 430/667/513 466/719/562 465/716/559 429/658/504
f 416/684/528 452/717/560 453/720/563 417/652/498
f 403/660/506 439/718/561 440/721/564 404/661/507
f 431/671/517 467/722/565 466/719/562 430/667/513
f 417/652/498 453/720/563 454/723/566 418/653/499
f 404/661/507 440/721/564 441/724/567 405/668/514
f 432/675/521 468/725/568 467/722/565 431/671/517
f 418/653/499 454/723/566 438/714/557 401/664/510
f 405/668/514 441/724/567 442/726/569 406/672/518
f 433/681/525 469/691/535 468/725/568 432/675/521
f 420/689/533 455/693/537 456/702/546 419/665/511
f 406/676/518 442/727/569 443/694/538 407/677/522
f 475/728/177 473/729/177 474/730/177 476/731/177
f 478/732/371 480/733/371 479/734/371 477/735/371
f 475/728/570 476/731/571 480/733/571 478/732/570
f 476/731/571 474/730/384 479/736/384 480/733/571
f 473/729/385 475/728/570 478/732/570 477/737/385
f 483/738/572 481/739/572 482/740/573 484/741/574
f 486/742/575 488/743/575 487/744/575 485/745/575
f 482/740/573 481/739/576 485/745/577 487/744/578
f 481/739/576 483/738/579 486/746/580 485/745/577
f 483/738/579 484/741/574 488/747/51 486/746/580
f 241/366/332 494/262/246 492/258/242 192/748/581
f 192/748/581 492/258/242 489/261/245 125/749/582
f 1274/750/583 1277/221/215 491/224/174 166/751/174
f 1516/752/174 1522/175/174 490/178/174 126/753/174
f 184/754/584 496/254/238 495/257/241 185/407/585
f 1317/755/174 1324/250/174 182/253/229 188/756/227
f 195/252/174 193/757/174 196/758/174 182/253/229
f 1282/759/174 493/760/586 239/761/587 929/762/588
f 1397/763/174 196/758/174 1283/764/174 1396/765/174
f 513/652/498 514/766/499 532/654/500 531/655/501
f 506/656/502 507/657/503 525/658/504 524/659/505
f 499/660/506 500/661/507 518/662/508 517/663/509
f 514/766/499 497/664/510 515/665/511 532/654/500
f 507/657/503 508/666/512 526/667/513 525/658/504
f 500/661/507 501/668/514 519/669/515 518/662/508
f 508/666/512 509/670/516 527/671/589 526/667/513
f 501/668/514 502/672/518 520/673/519 519/669/515
f 509/670/516 510/674/520 528/767/521 527/671/589
f 502/676/518 503/677/522 521/678/523 520/679/519
f 510/674/520 511/680/524 529/681/525 528/767/521
f 503/677/522 504/682/526 522/683/527 521/678/523
f 511/680/524 512/684/528 530/685/529 529/681/525
f 504/682/526 505/686/530 523/687/531 522/683/527
f 497/664/510 498/688/532 516/689/533 515/665/511
f 512/684/528 513/652/498 531/655/501 530/685/529
f 505/686/530 506/656/502 524/659/505 523/687/531
f 498/688/532 499/660/506 517/663/509 516/689/533
f 530/685/529 566/690/534 565/691/535 529/681/525
f 517/663/509 553/692/536 551/693/537 516/689/533
f 503/677/522 539/694/538 540/695/539 504/682/526
f 531/655/501 567/696/540 566/690/534 530/685/529
f 518/662/508 554/697/541 553/692/536 517/663/509
f 504/682/526 540/695/539 541/698/542 505/686/530
f 532/654/500 568/699/543 567/696/540 531/655/501
f 519/669/515 555/700/544 554/697/541 518/662/508
f 505/686/530 541/698/542 542/701/545 506/656/502
f 515/665/511 552/702/546 568/699/543 532/654/500
f 520/673/519 556/703/547 555/700/544 519/669/515
f 506/656/502 542/701/545 543/704/548 507/657/503
f 521/678/523 557/705/549 556/768/547 520/679/519
f 507/657/503 543/704/548 544/707/550 508/666/512
f 522/683/527 558/708/551 557/705/549 521/678/523
f 508/666/512 544/707/550 545/709/552 509/670/516
f 523/687/531 559/710/553 558/708/551 522/683/527
f 509/670/516 545/709/552 546/711/554 510/674/520
f 524/659/505 560/712/555 559/710/553 523/687/531
f 510/674/520 546/711/554 547/713/556 511/680/524
f 497/664/510 534/714/557 533/715/558 498/688/532
f 525/658/504 561/716/559 560/712/555 524/659/505
f 511/680/524 547/713/556 548/717/560 512/684/528
f 498/688/532 533/715/558 535/769/561 499/660/506
f 526/667/513 562/719/562 561/716/559 525/658/504
f 512/684/528 548/717/560 549/720/563 513/652/498
f 499/660/506 535/769/561 536/721/564 500/661/507
f 527/671/589 563/722/565 562/719/562 526/667/513
f 513/652/498 549/720/563 550/723/566 514/766/499
f 500/661/507 536/721/564 537/724/567 501/668/514
f 528/767/521 564/725/568 563/722/565 527/671/589
f 514/766/499 550/723/566 534/714/557 497/664/510
f 501/668/514 537/724/567 538/726/569 502/672/518
f 529/681/525 565/691/535 564/725/568 528/767/521
f 516/689/533 551/693/537 552/702/546 515/665/511
f 502/676/518 538/727/569 539/694/538 503/677/522
f 488/747/51 484/741/574 1479/770/590 1474/771/51
f 569/772/591 571/773/592 575/774/593 573/775/594
f 484/741/574 482/740/573 1478/776/595 1479/770/590
f 487/744/578 488/743/596 1474/777/597 1475/778/598
f 1480/779/599 1477/780/600 569/772/591 570/781/601
f 570/781/601 569/772/591 573/775/594 574/782/602
f 572/783/51 570/781/601 574/782/602 576/784/51
f 571/773/592 572/785/603 576/786/371 575/774/593
f 579/738/604 580/787/605 578/788/606 577/739/604
f 582/742/607 581/745/607 583/789/607 584/743/607
f 578/788/606 583/789/608 581/745/609 577/739/610
f 577/739/610 581/745/609 582/746/611 579/738/612
f 579/738/612 582/746/611 584/747/51 580/787/605
f 578/788/606 1485/790/613 1484/791/614 583/789/608
f 585/792/615 573/775/594 575/774/593 587/793/616
f 580/787/605 1488/794/617 1485/790/613 578/788/606
f 583/789/608 1484/791/614 1481/795/618 584/743/619
f 1487/796/620 586/797/621 585/792/615 1486/798/622
f 586/797/621 574/782/602 573/775/594 585/792/615
f 588/783/51 576/784/51 574/782/602 586/797/621
f 587/793/616 575/774/593 576/786/371 588/785/623
f 605/799/624 594/800/625 601/801/626 608/802/627
f 598/803/628 602/804/629 604/805/630 599/806/631
f 589/807/632 592/808/633 595/809/634 593/810/635
f 594/800/625 596/811/636 603/812/637 601/801/626
f 596/811/636 606/813/638 607/814/639 603/812/637
f 605/815/624 606/813/638 592/808/633 589/807/632
f 589/807/632 593/810/635 594/816/625 605/815/624
f 593/810/635 595/809/634 596/811/636 594/816/625
f 595/809/634 592/808/633 606/813/638 596/811/636
f 598/803/628 599/806/631 607/814/639 608/817/627
f 608/817/627 601/818/626 602/804/629 598/803/628
f 601/818/626 603/812/637 604/805/630 602/804/629
f 603/812/637 607/814/639 599/806/631 604/805/630
f 591/819/640 590/820/641 597/821/641 600/822/640
f 590/823/641 591/824/640 606/813/638 605/825/624
f 600/826/640 597/827/641 608/828/627 607/814/639
f 591/824/640 600/826/640 607/814/639 606/813/638
f 597/827/641 590/823/641 605/825/624 608/828/627
f 611/829/642 612/830/643 616/831/643 613/832/642
f 609/833/644 611/829/642 613/832/642 614/834/644
f 610/835/645 609/833/644 614/834/644 615/836/645
f 612/837/643 610/835/645 615/836/645 616/838/643
f 1514/839/646 1511/840/647 621/841/648 119/842/114
f 1517/843/649 1523/172/171 622/171/170 181/844/650
f 1204/845/651 1205/846/173 619/847/172 222/848/652
f 1211/849/653 1237/850/654 621/851/648 181/844/650
f 177/226/217 618/852/288 627/853/287 180/227/218
f 669/854/655 213/855/656 214/292/268 670/291/267
f 1236/856/657 1211/849/653 181/844/650 622/171/170
f 1203/857/658 1204/845/651 222/848/652 620/858/659
f 1511/859/647 1517/843/649 181/844/650 621/851/648
f 260/860/660 625/861/661 179/862/662 149/863/663
f 620/864/659 222/865/664 642/866/665 652/867/666
f 222/865/664 619/868/667 653/869/668 642/866/665
f 125/749/582 489/261/245 651/870/174 632/871/174
f 129/872/669 633/873/670 650/874/671 235/875/672
f 229/876/673 230/877/674 649/878/675 648/879/676
f 226/880/677 223/881/678 646/882/679 647/883/680
f 235/875/672 650/874/671 649/878/675 230/877/674
f 1362/884/681 728/885/682 781/886/683 229/887/684
f 229/876/673 648/879/676 1368/888/685 1362/889/681
f 226/880/677 647/883/680 634/890/686 131/891/687
f 1242/358/174 162/357/174 645/892/174 1266/893/174
f 155/266/259 159/266/262 644/894/688 643/894/689
f 489/261/245 155/260/244 643/895/174 651/870/174
f 145/896/690 641/897/691 653/869/668 619/868/667
f 143/898/692 640/899/693 641/897/691 145/896/690
f 141/900/694 639/901/695 640/899/693 143/898/692
f 139/902/696 638/903/697 639/901/695 141/900/694
f 137/904/698 637/905/699 638/903/697 139/902/696
f 1384/906/132 1388/907/700 637/905/699 137/904/698
f 1357/908/701 1360/909/702 636/910/703 135/911/704
f 131/891/687 634/890/686 635/912/705 133/913/706
f 123/914/707 631/915/708 633/873/670 129/872/669
f 125/916/709 632/917/710 629/918/711 122/919/712
f 127/920/713 630/921/714 631/915/708 123/914/707
f 122/919/712 629/918/711 630/921/714 127/920/713
f 657/922/356 656/923/296 654/924/300 655/925/353
f 1389/926/275 1390/927/293 656/923/296 657/922/356
f 661/928/286 660/929/304 658/930/306 659/931/278
f 663/932/271 662/933/302 660/929/304 661/928/286
f 665/934/274 664/935/298 662/933/302 663/932/271
f 667/936/284 666/937/270 664/935/298 665/934/274
f 670/938/267 668/939/715 669/940/655
f 666/937/270 667/936/284 668/939/715 670/938/267
f 617/290/266 147/289/265 178/304/280 177/303/279
f 1477/780/600 1476/941/716 571/773/592 569/772/591
f 482/740/573 487/744/578 1475/778/598 1478/776/595
f 1482/942/51 588/783/51 586/797/621 1487/796/620
f 1476/941/716 1473/943/717 572/785/603 571/773/592
f 1486/798/622 585/792/615 587/793/616 1483/944/718
f 1483/944/718 587/793/616 588/785/623 1482/945/719
f 584/747/51 1481/946/51 1488/794/617 580/787/605
f 618/306/282 671/305/281 668/947/715 667/948/284
f 1264/949/720 1255/950/721 626/951/722 259/952/723
f 668/953/715 671/954/724 178/955/725 669/956/655
f 178/955/725 147/957/726 213/958/727 669/956/655
f 1506/959/728 1524/960/729 626/961/730 205/962/731
f 625/963/732 205/962/731 626/961/730
f 189/964/733 215/389/354 655/388/353
f 832/965/51 833/966/734 834/967/735 835/968/736
f 839/969/737 736/970/738 135/971/704 791/972/739
f 914/973/740 895/974/741 898/975/742 911/976/743
f 706/977/744 782/978/745 755/979/746 699/980/747
f 131/981/687 133/982/706 825/983/748 822/984/749
f 886/985/51 889/986/51 891/987/51 890/988/51
f 708/989/750 786/990/751 752/991/752 696/992/753
f 779/993/754 748/994/755 738/995/756 778/996/757
f 737/997/758 778/996/757 916/998/759 910/999/760
f 802/1000/761 743/1001/762 757/1002/763 800/1003/51
f 802/1000/761 800/1003/51 801/1004/51 803/1005/764
f 700/1006/765 727/1007/766 717/1008/767 684/1009/768
f 832/965/51 814/1010/769 797/1011/770 833/966/734
f 223/881/678 1363/1012/771 1369/1013/772 646/882/679
f 795/1014/773 794/1015/774 749/1016/775 762/1017/776
f 759/1018/777 760/1019/778 750/1020/779 787/1021/780
f 767/1022/51 710/1023/51 852/1024/781 845/1025/782
f 823/1026/783 839/969/737 763/1027/784 765/1028/785
f 788/1029/786 818/1030/787 819/1031/788 795/1014/773
f 767/1022/51 845/1025/782 843/1032/789 766/1033/51
f 701/1034/790 743/1001/762 802/1000/761 725/1035/791
f 832/965/51 801/1004/51 722/1036/792 814/1010/769
f 799/1037/51 798/1038/51 848/1039/793 850/1040/794
f 818/1030/787 716/1041/795 726/1042/796 819/1031/788
f 685/1043/797 719/1044/798 727/1007/766 700/1006/765
f 702/1045/799 682/1046/800 713/1047/801 723/1048/802
f 814/1010/769 722/1036/792 712/1049/803 815/1050/804
f 831/129/128 858/1051/805 859/1052/806 771/1053/807
f 743/1001/762 783/1054/808 785/1055/809 757/1002/763
f 756/1056/810 837/1057/811 827/1058/812 744/1059/813
f 777/1060/814 693/1061/815 676/1062/816
f 916/998/759 778/996/757 738/995/756 883/1063/817
f 896/1064/818 915/1065/819 912/1066/820 964/1067/821
f 889/1068/822 919/1068/823 922/1069/824 891/1070/825
f 829/1071/826 1189/1072/827 912/1066/820 915/1065/819
f 223/1073/678 226/1074/677 790/1075/828 742/1076/829
f 779/993/754 761/1077/830 740/1078/831 748/994/755
f 699/980/747 685/1043/797 700/1006/765 706/977/744
f 676/1062/816 769/1079/832 761/1077/830 779/993/754
f 1185/1080/833 693/1061/815 777/1060/814 1190/1081/834
f 827/1058/812 837/1057/811 829/1071/826 828/1082/835
f 701/1034/790 707/1083/836 783/1054/808 743/1001/762
f 216/390/837 215/389/838 824/1084/839 840/1085/840
f 824/1084/839 215/389/838 786/990/751
f 836/1086/51 741/1087/51 842/1088/51 681/1089/51 865/1090/51
f 795/1014/773 819/1031/788 820/1091/841 794/1015/774
f 702/1045/799 708/989/750 696/992/753 682/1046/800
f 809/1092/51 805/1093/51 806/1094/51 810/1095/51
f 811/1096/51 807/1097/842 808/1098/842 812/1099/51
f 757/1002/763 785/1055/809 708/989/750 702/1045/799
f 711/1100/51 703/1101/51 846/1102/843 849/1103/844
f 801/1004/51 832/965/51 835/968/736 803/1005/764
f 725/1035/791 802/1000/761 803/1005/764 724/1104/845
f 719/1044/798 718/1105/846 726/1042/796 727/1007/766
f 792/1106/847 711/1107/848 797/1011/770
f 698/1108/849 754/1109/850 789/1110/851 675/1111/852
f 1188/1112/51 811/1096/51 812/1099/51 1187/1113/51
f 729/1114/51 809/1092/51 810/1095/51 730/1115/51
f 729/1114/51 730/1115/51 731/1116/51 732/1117/51
f 807/1097/842 721/1118/853 720/1119/854 808/1098/842
f 805/1093/51 717/1008/767 716/1041/795 806/1094/51
f 821/1120/855 813/1121/856 728/885/682 721/1118/853
f 920/1122/857 715/1123/858 714/1124/859 906/1125/860
f 800/1003/51 723/1048/802 722/1036/792 801/1004/51
f 761/1077/830 762/1017/776 749/1016/775 740/1078/831
f 675/1111/852 789/1110/851 823/1026/783 765/1028/785
f 1361/1126/861 673/1127/862 689/1128/863 1350/1129/864
f 905/1130/865 709/1131/866 683/1132/867 877/1133/868
f 806/1134/869 1032/1134/870 1040/1135/871 810/1136/871
f 841/1137/51 855/1138/872 847/1139/873 768/1140/51
f 764/1141/874 736/970/738 839/969/737 823/1026/783
f 793/1142/875 762/1017/776 761/1077/830 769/1079/832
f 706/977/744 700/1006/765 684/1009/768 677/1143/876
f 830/128/127 773/1144/877 858/1051/805 831/129/128
f 921/1145/878 735/1146/879 715/1123/858 920/1122/857
f 785/1055/809 824/1084/839 786/990/751 708/989/750
f 799/1147/880 834/967/735 833/966/734 798/1148/881
f 932/1149/882 753/1150/883 735/1146/879 921/1145/878
f 909/1151/884 776/1152/885 737/997/758 910/999/760
f 117/1153/291 116/1154/290 1268/1155/886 1267/1156/887
f 898/975/742 895/974/741 969/1157/888 973/1158/889
f 731/1159/890 730/1160/891 1041/1161/891 1037/1162/890
f 809/1163/892 1039/1164/893 1030/1165/894 805/1166/895
f 821/1167/896 721/1168/897 1034/1169/897 1046/1170/896
f 823/1026/783 789/1110/851 1361/1126/861 764/1141/874
f 677/1143/876 791/972/739 782/978/745 706/977/744
f 742/1076/829 790/1075/828 679/1171/898 686/1172/899
f 892/1173/235 903/1174/900 771/1053/807 191/1175/236
f 830/128/127 885/127/126 904/1176/901 774/1177/902
f 781/886/683 838/1178/903 826/1179/904 780/1180/905
f 791/972/739 135/971/704 690/1181/906 782/978/745
f 819/1031/788 726/1042/796 718/1105/846 820/1091/841
f 1190/1081/834 1189/1072/827 829/1071/826 837/1057/811
f 812/1182/907 808/1183/908 1035/1184/909 1043/1185/910
f 822/984/749 825/983/748 758/1186/911 745/1187/912
f 911/976/743 913/1188/913 780/1180/905 826/1179/904
f 914/973/740 828/1082/835 829/1071/826 915/1065/819
f 771/1053/807 903/1174/900 887/126/125 831/129/128
f 774/1177/902 705/1189/914 773/1190/877 830/128/127
f 859/1052/806 860/1191/915 191/1175/236 771/1053/807
f 796/1192/916 816/1193/917 835/968/736 834/967/735
f 804/1194/918 742/1076/829 686/1172/899 720/1119/854
f 763/1195/919 677/1196/920 1021/1197/921 1020/1198/922
f 1186/1199/923 698/1200/924 1028/1201/924 1193/1202/923
f 744/1203/925 678/1204/926 1014/1205/927 1013/1206/928
f 787/1207/929 750/1208/930 1016/1209/931 1026/1210/932
f 676/1211/933 693/1212/934 1022/1213/935 1017/1214/933
f 756/1215/936 744/1203/925 1013/1206/928 1018/1216/937
f 788/1217/938 793/1218/939 1029/1218/940 1027/1219/938
f 684/1220/941 717/1221/942 1031/1222/943 1025/1223/941
f 721/1168/897 807/1224/944 1033/1225/944 1034/1169/897
f 1188/1226/945 1195/1227/945 1042/1228/946 811/1229/947
f 800/1003/51 757/1002/763 702/1045/799 723/1048/802
f 1393/1230/948 1391/1231/949 753/1150/883 932/1149/882
f 906/1125/860 714/1124/859 709/1131/866 905/1130/865
f 841/1232/950 768/1233/951 739/1234/952 680/1235/953
f 750/1208/930 821/1167/896 1046/1170/896 1016/1209/931
f 798/1148/881 833/966/734 797/1011/770 711/1107/848
f 836/1086/51 861/1236/51 688/1237/51 773/1238/51
f 710/1023/51 799/1037/51 850/1040/794 852/1024/781
f 703/1101/51 768/1140/51 847/1139/873 846/1102/843
f 902/1239/954 877/1240/868 683/1241/867 672/1242/955
f 768/1233/951 703/1243/956 691/1244/957 739/1234/952
f 798/1038/51 711/1100/51 849/1103/844 848/1039/793
f 694/1245/51 766/1033/51 843/1032/789 844/1246/958
f 694/1245/51 844/1246/958 853/1247/959 741/1087/51
f 781/886/683 692/1248/960 678/1249/961 838/1178/903
f 692/1248/960 759/1018/777 787/1021/780 678/1249/961
f 675/1250/962 765/1251/963 1023/1252/963 1048/1253/964
f 793/1218/939 769/1254/965 1024/1255/966 1029/1218/940
f 809/1163/892 729/1256/967 1036/1257/968 1039/1164/893
f 777/1060/814 676/1062/816 737/997/758 776/1152/885
f 679/1258/969 745/1259/970 1015/1260/970 1047/1261/971
f 717/1221/942 805/1166/895 1030/1165/894 1031/1222/943
f 1185/1262/972 756/1215/936 1018/1216/937 1192/1263/972
f 716/1264/973 818/1265/974 1044/1266/975 1045/1267/976
f 788/1217/938 1027/1219/938 1044/1266/975 818/1265/974
f 686/1268/977 679/1258/969 1047/1261/971 1012/1269/977
f 811/1229/947 1042/1228/946 1033/1225/944 807/1224/944
f 677/1196/920 684/1220/941 1025/1223/941 1021/1197/921
f 843/1032/789 845/1025/782 871/1025/978 869/1032/979
f 729/1256/967 732/1270/980 1038/1271/981 1036/1257/968
f 808/1183/908 720/1272/982 1049/1273/983 1035/1184/909
f 769/1254/965 676/1211/933 1017/1214/933 1024/1255/966
f 698/1200/924 675/1250/962 1048/1253/964 1028/1201/924
f 1514/839/646 1558/1274/984 1203/1275/658 620/1276/659
f 710/1277/985 796/1192/916 834/967/735 799/1147/880
f 797/1011/770 814/1010/769 815/1050/804 792/1106/847
f 816/1193/917 724/1104/845 803/1005/764 835/968/736
f 686/1268/977 1012/1269/977 1049/1273/983 720/1272/982
f 678/1204/926 787/1207/929 1026/1210/932 1014/1205/927
f 806/1134/869 716/1264/973 1045/1267/976 1032/1134/870
f 765/1251/963 763/1195/919 1020/1198/922 1023/1252/963
f 730/1160/891 810/1136/871 1040/1135/871 1041/1161/891
f 783/1054/808 840/1085/840 824/1084/839 785/1055/809
f 705/1278/51 775/1279/51 836/1086/51 773/1238/51
f 775/1279/51 694/1245/51 741/1087/51 836/1086/51
f 1187/1280/986 1194/1281/986 1038/1271/981 732/1270/980
f 745/1259/970 758/1282/987 1019/1283/988 1015/1260/970
f 1191/1284/989 754/1109/850 698/1108/849 1186/1285/990
f 782/978/745 690/1181/906 674/1286/991 755/979/746
f 763/1027/784 839/969/737 791/972/739 677/1143/876
f 965/1287/992 673/1127/862 754/1109/850 1191/1284/989
f 697/1288/993 672/1242/955 1204/845/651 1543/1289/994
f 707/1083/836 784/1290/995 840/1085/840 783/1054/808
f 784/1290/995 687/1291/996 216/390/837 840/1085/840
f 786/990/751 215/389/838 189/964/733 752/991/752
f 218/309/285 921/1145/878 920/1122/857 219/296/272
f 853/1247/959 872/1247/997 882/1292/998 856/1292/999
f 857/1293/51 856/1292/999 855/1138/872 841/1137/51
f 704/1294/51 864/1295/51 860/1296/51 859/1297/51
f 881/1298/1000 902/1239/954 1542/1299/1001
f 751/1300/51 866/1301/51 857/1293/51
f 688/1237/51 867/1302/51 858/1303/51 773/1238/51
f 862/1304/51 751/1300/51 857/1293/51 841/1137/51
f 747/1305/51 861/1236/51 836/1086/51 865/1090/51
f 770/1306/51 863/1307/51 858/1303/51 867/1302/51
f 672/1242/955 683/1241/867 1205/846/173 1204/845/651
f 860/1296/51 864/1295/51 772/1308/51 868/1309/51
f 858/1303/51 863/1307/51 704/1294/51 859/1297/51
f 860/1296/51 868/1309/51 695/1310/51 841/1137/51
f 857/1293/51 866/1301/51 681/1089/51 842/1088/51
f 850/1040/794 848/1039/793 874/1039/1002 876/1040/1003
f 853/1247/959 844/1246/958 870/1246/1004 872/1247/997
f 846/1102/843 847/1139/873 879/1139/1005 873/1102/1006
f 871/1025/978 875/1103/1007 873/1102/1006 869/1032/979
f 845/1025/782 852/1024/781 878/1024/1008 871/1025/978
f 844/1246/958 843/1032/789 869/1032/979 870/1246/1004
f 1577/1311/1009 1553/1312/1010 1494/1313/1011 1550/1314/1012
f 870/1246/1004 879/1139/1005 880/1138/1013 872/1247/997
f 870/1246/1004 869/1032/979 873/1102/1006 879/1139/1005
f 846/1102/843 873/1102/1006 875/1103/1007 849/1103/844
f 875/1103/1007 871/1025/978 878/1024/1008 874/1039/1002
f 876/1040/1003 874/1039/1002 878/1024/1008
f 872/1247/997 880/1138/1013 882/1292/998
f 628/228/219 180/227/218 902/1239/954 881/1298/1000
f 917/1315/1014 918/1316/1015 922/1069/824 919/1068/823
f 855/1138/872 856/1292/999 882/1292/998 880/1138/1013
f 848/1039/793 849/1103/844 875/1103/1007 874/1039/1002
f 852/1024/781 850/1040/794 876/1040/1003 878/1024/1008
f 854/1317/1016 1539/1318/1017 851/117/116 941/1319/1018
f 847/1139/873 855/1138/872 880/1138/1013 879/1139/1005
f 688/1320/51 861/1321/51 863/1322/51 867/1323/51
f 949/1324/1019 979/1325/1020 972/1326/1021 948/1327/1022
f 888/1328/1023 883/1063/817 904/1176/901 901/1329/1024
f 918/1316/1015 917/1315/1014 885/1315/1025 887/1330/1026
f 925/1331/1027 924/1332/1028 928/1333/1029 929/1334/588
f 884/1335/1030 888/1328/1023 901/1329/1024 899/1336/1031
f 885/1315/1025 917/1315/1014 919/1068/823 889/1068/822
f 893/1337/1032 908/1338/51 907/1339/51 894/1340/1033
f 887/126/125 903/1174/900 907/1339/51 891/987/51
f 916/998/759 883/1063/817 888/1328/1023 897/1341/1034
f 922/1069/824 918/1316/1015 887/1330/1026 891/1070/825
f 914/973/740 915/1065/819 896/1064/818 895/974/741
f 886/985/51 899/1336/1031 901/1329/1024 889/986/51
f 828/1082/835 914/973/740 911/976/743 826/1179/904
f 944/1342/1035 909/1151/884 910/999/760 960/1343/1036
f 904/1176/901 885/127/126 889/986/51 901/1329/1024
f 969/1157/888 895/974/741 896/1064/818 967/1344/1037
f 900/1345/1038 913/1188/913 911/976/743 898/975/742
f 892/1173/235 894/1340/1033 907/1339/51 903/1174/900
f 746/1346/1039 1538/1347/1040 941/1319/1018 1196/1348/1041
f 907/1339/51 908/1338/51 890/988/51 891/987/51
f 1340/1349/1042 267/410/369 1299/409/360 1316/1350/51
f 973/1158/889 961/1351/1043 900/1345/1038 898/975/742
f 219/296/272 920/1122/857 906/1125/860 220/297/1044
f 217/301/1045 932/1149/882 921/1145/878 218/309/285
f 963/1352/1046 944/1342/1035 960/1343/1036 970/1353/1047
f 220/297/1044 906/1125/860 905/1130/865 221/307/283
f 923/1354/1048 948/1327/1022 971/1355/1049 884/1335/1030
f 899/1336/1031 933/1356/1050 923/1354/1048 884/1335/1030
f 931/1357/1051 926/1358/1052 190/1359/1053 930/1360/1054
f 180/227/218 627/853/287 877/1240/868 902/1239/954
f 187/1361/366 268/402/365 947/1362/225 1308/1363/1055
f 924/1332/1028 925/1331/1027 886/985/51 890/988/51
f 774/1177/902 904/1176/901 883/1063/817 738/995/756
f 927/1364/1056 923/1354/1048 933/1356/1050 239/1365/587
f 933/1356/1050 899/1336/1031 886/985/51 925/1331/1027
f 775/1366/1057 738/995/756 748/994/1058
f 221/307/283 905/1130/865 877/1133/868 627/311/287
f 1311/1367/1059 894/1368/1033 892/247/235 939/246/234
f 924/1332/1028 931/1357/1051 930/1360/1054 928/1333/1029
f 1387/300/1060 1393/1230/948 932/1149/882 217/301/1045
f 908/1338/51 893/1337/1032 926/1358/1052 931/1357/1051
f 186/411/223 120/1369/223 938/1370/223 733/408/223
f 1576/1371/1061 1541/1372/1062 1490/1373/1063 1546/1374/1064
f 933/1356/1050 925/1331/1027 929/1334/588 239/1365/587
f 1316/1350/51 1299/409/360 936/1375/1065 1333/1376/51
f 679/1171/898 790/1075/828 822/984/749 745/1187/912
f 790/1075/828 226/1074/677 131/981/687 822/984/749
f 912/1066/820 909/1151/884 944/1342/1035 964/1067/821
f 955/1377/331 241/1378/332 954/1379/1066 951/1380/1067
f 838/1178/903 678/1249/961 744/1059/813 827/1058/812
f 727/1007/766 726/1042/796 716/1041/795 717/1008/767
f 962/1381/51 973/1158/889 969/1157/888 953/1382/1068
f 956/1383/1069 963/1352/1046 945/1384/1070 968/1385/1071
f 972/1326/1021 971/1355/1049 948/1327/1022
f 962/1381/51 954/1379/1066 942/1386/1072 946/1387/1073
f 999/1388/1074 1007/1389/1075 1005/1390/1076 987/1391/1077
f 183/1392/237 187/1361/366 1308/1363/1055 939/1393/1078
f 776/1152/885 909/1151/884 912/1066/820 1189/1072/827
f 998/1394/1079 1011/1395/1080 1007/1389/1075 999/1388/1074
f 967/1344/1037 896/1064/818 964/1067/821 956/1383/1069
f 127/1396/1081 123/1397/1082 961/1351/1043 946/1387/1073
f 948/1327/1022 923/1354/1048 927/1364/1056 949/1324/1019
f 970/1353/1047 960/1343/1036 897/1341/1034 971/1355/1049 966/1398/1083
f 971/1355/1049 897/1341/1034 888/1328/1023 884/1335/1030
f 985/1399/1084 995/1400/1085 1010/1401/1086 1008/1402/1087
f 954/1379/1066 241/1378/332 192/1403/581 942/1386/1072
f 973/1158/889 962/1381/51 946/1387/1073 961/1351/1043
f 122/1404/1088 127/1396/1081 946/1387/1073 942/1386/1072
f 964/1067/821 944/1342/1035 963/1352/1046 956/1383/1069
f 738/995/756 775/1366/1057 705/1189/914 774/1177/902
f 954/1379/1066 962/1381/51 953/1382/1068 951/1380/1067
f 125/1405/582 122/1404/1088 942/1386/1072 192/1403/581
f 952/1406/1089 955/1377/331 974/1407/1090 975/1408/1091
f 952/1406/1089 975/1408/1091 950/1409/1092
f 968/1385/1071 980/1410/1093 967/1344/1037 956/1383/1069
f 969/1157/888 967/1344/1037 980/1410/1093 981/1411/1094
f 969/1157/888 981/1411/1094 957/1412/1095 953/1382/1068
f 951/1380/1067 957/1412/1095 974/1407/1090 955/1377/331
f 951/1380/1067 953/1382/1068 957/1412/1095
f 943/1413/1096 978/1414/1097 958/1415/1098
f 970/1353/1047 977/1416/1099 945/1384/1070 963/1352/1046
f 970/1353/1047 966/1398/1083 976/1417/1100 977/1416/1099
f 949/1324/1019 958/1415/1098 978/1414/1097 979/1325/1020
f 971/1355/1049 972/1326/1021 976/1417/1100 966/1398/1083
f 985/1399/1084 1008/1402/1087 1009/1418/1101 988/1419/1102
f 984/1420/1103 986/1421/1104 982/1422/1105 983/1423/1106
f 991/1424/1107 983/1423/1108 982/1422/1108 990/1425/1109
f 996/1426/1110 984/1420/1103 983/1423/1106 991/1424/1107
f 997/1427/1111 1003/1428/1112 1004/1429/1113 989/1430/1114
f 1002/1431/1115 1000/1432/1116 990/1425/1109 993/1433/1117 992/1434/1118
f 994/1435/1119 989/1430/1114 1004/1429/1113 1006/1436/1120
f 986/1421/1104 993/1433/1117 990/1425/1109 982/1422/1105
f 988/1419/1102 1009/1418/1101 1011/1395/1080 998/1394/1079
f 994/1435/1119 1006/1436/1120 1010/1401/1086 995/1400/1085
f 996/1426/1110 991/1424/1107 1001/1437/1121 1003/1428/1112 997/1427/1111
f 992/1434/1118 987/1391/1077 1005/1390/1076 1002/1431/1115
f 1001/1437/1121 1000/1432/1116 1002/1431/1115 1003/1428/1112
f 1002/1431/1115 1005/1390/1076 1004/1429/1113 1003/1428/1112
f 1005/1390/1076 1007/1389/1075 1006/1436/1120 1004/1429/1113
f 1007/1389/1075 1011/1395/1080 1010/1401/1086 1006/1436/1120
f 1009/1418/1101 1008/1402/1087 1010/1401/1086 1011/1395/1080
f 991/1424/1107 990/1425/1109 1000/1432/1116 1001/1437/1121
f 713/1047/801 712/1049/803 722/1036/792 723/1048/802
f 788/1029/786 795/1014/773 762/1017/776 793/1142/875
f 1066/1438/1122 1109/1439/1123 1110/1440/1124 1054/1441/1125
f 191/1175/236 680/1235/953 1053/1442/1126 1058/1443/1127
f 1077/1444/1128 1108/1445/1129 1106/1446/1129 1100/1447/1128
f 691/1244/957 792/1106/847 1057/1448/1130 1055/1444/1131
f 712/1049/803 1062/1449/1132 1063/1450/1133 815/1050/804
f 815/1050/804 1063/1450/1133 1057/1448/1130 792/1106/847
f 739/1234/952 1059/1447/1130 1053/1442/1126 680/1235/953
f 682/1046/800 1060/1441/1134 1064/1451/1135 713/1047/801
f 1058/1443/1127 1053/1442/1126 1065/1452/1136 1070/1453/1137
f 1054/1441/1125 1110/1440/1124 1113/1454/1129 1050/1451/1128
f 1065/1452/1136 1076/1455/1138 1081/1456/1139 1070/1453/1137
f 691/1244/957 1055/1444/1131 1059/1447/1130 739/1234/952
f 696/992/753 1056/1438/1140 1060/1441/1134 682/1046/800
f 752/991/752 1056/1438/1140 696/992/753
f 713/1047/801 1064/1451/1135 1062/1449/1132 712/1049/803
f 1082/1457/1141 1115/1457/1142 1116/1455/1143 1076/1455/1138
f 1067/1445/177 1108/1445/177 1111/1458/177 1069/1458/177
f 1068/1439/1144 1109/1439/1123 1066/1438/1122 1056/1438/1140
f 1090/1459/177 1126/1459/177 1129/1460/177 1092/1460/177
f 1060/1441/1134 1054/1441/1125 1050/1451/1128 1064/1451/1135
f 1072/1440/177 1110/1440/177 1109/1439/1123 1068/1439/1144
f 1100/1447/1128 1106/1446/1129 1107/1452/1145 1089/1442/1146
f 1062/1449/1132 1105/1449/1128 1051/1450/1128 1063/1450/1133
f 1083/1461/1147 1119/1461/1148 1122/1462/1142 1087/1462/1141
f 1069/1458/51 1080/1463/1141 1078/1464/1141 1067/1445/51
f 1071/1446/51 1082/1457/1141 1076/1455/1138 1065/1452/1136
f 1074/1465/51 1086/1466/1141 1080/1463/1141 1069/1458/51
f 1075/1454/51 1087/1462/1141 1085/1467/1141 1073/1468/51
f 1076/1455/1138 1088/1469/1149 1093/1470/1150 1081/1456/1139
f 1073/1468/51 1085/1467/1141 1086/1466/1141 1074/1465/51
f 1067/1445/51 1078/1464/1141 1082/1457/1141 1071/1446/51
f 1072/1440/1151 1083/1461/1147 1087/1462/1141 1075/1454/51
f 1068/1439/1144 1079/1471/1152 1083/1461/1147 1072/1440/1151
f 1050/1451/1128 1113/1454/1129 1114/1468/1129 1105/1449/1128
f 1088/1469/1149 1458/1472/1153 1103/1473/1154 1093/1470/1150
f 1071/1446/177 1106/1446/177 1108/1445/177 1067/1445/177
f 1095/1474/177 1128/1474/177 1127/1475/1155 1091/1475/1156
f 1064/1451/1135 1050/1451/1128 1105/1449/1128 1062/1449/1132
f 1085/1467/1141 1123/1467/1142 1121/1466/1142 1086/1466/1141
f 1051/1450/1128 1112/1465/1129 1111/1458/1129 1052/1448/1128
f 1053/1442/1126 1089/1442/1146 1107/1452/1145 1065/1452/1136
f 1094/1476/177 1124/1476/177 1126/1459/177 1090/1459/177
f 1087/1462/1141 1122/1462/1142 1123/1467/1142 1085/1467/1141
f 1091/1475/1156 1061/1477/1157 1449/1478/1158 1102/1479/1159
f 1063/1450/1133 1051/1450/1128 1052/1448/1128 1057/1448/1130
f 1092/1460/1160 1455/1480/1160 1101/1481/1160 1090/1459/1160
f 1094/1476/1160 1457/1482/1160 1458/1472/1153 1088/1469/1149
f 1098/1483/1160 1456/1484/1160 1455/1480/1160 1092/1460/1160
f 1068/1439/1144 1096/1485/1161 1084/1486/1162 1079/1471/1152
f 1099/1487/1160 1454/1488/1160 1104/1489/1160 1097/1490/1160
f 1077/1444/1128 1052/1448/1128 1111/1458/1129 1108/1445/1129
f 1097/1490/1160 1104/1489/1160 1456/1484/1160 1098/1483/1160
f 1090/1459/1160 1101/1481/1160 1457/1482/1160 1094/1476/1160
f 1095/1474/1163 1453/1491/1164 1454/1488/1160 1099/1487/1160
f 1091/1475/1156 1102/1479/1159 1453/1491/1164 1095/1474/1163
f 1105/1449/1128 1114/1468/1129 1112/1465/1129 1051/1450/1128
f 1123/1467/1142 1132/1490/1165 1130/1483/1165 1121/1466/1142
f 1117/1464/1142 1126/1459/1165 1124/1476/1165 1115/1457/1142
f 1119/1461/1148 1128/1474/1166 1131/1487/1165 1122/1462/1142
f 1118/1471/1167 1127/1475/1155 1128/1474/1166 1119/1461/1148
f 1120/1463/1142 1129/1460/1165 1126/1459/1165 1117/1464/1142
f 1115/1457/1142 1124/1476/1165 1125/1469/1168 1116/1455/1143
f 1121/1466/1142 1130/1483/1165 1129/1460/1165 1120/1463/1142
f 1122/1462/1142 1131/1487/1165 1132/1490/1165 1123/1467/1142
f 1092/1460/177 1129/1460/177 1130/1483/177 1098/1483/177
f 1059/1447/1130 1100/1447/1128 1089/1442/1146 1053/1442/1126
f 1097/1490/177 1132/1490/177 1131/1487/177 1099/1487/177
f 1069/1458/177 1111/1458/177 1112/1465/177 1074/1465/177
f 1098/1483/177 1130/1483/177 1132/1490/177 1097/1490/177
f 1073/1468/177 1114/1468/177 1113/1454/177 1075/1454/177
f 1078/1464/1141 1117/1464/1142 1115/1457/1142 1082/1457/1141
f 1091/1475/1156 1127/1475/1155 1118/1471/1167 1079/1471/1152
f 1099/1487/177 1131/1487/177 1128/1474/177 1095/1474/177
f 1074/1465/177 1112/1465/177 1114/1468/177 1073/1468/177
f 1079/1471/1152 1118/1471/1167 1119/1461/1148 1083/1461/1147
f 1055/1444/1131 1077/1444/1128 1100/1447/1128 1059/1447/1130
f 1075/1454/177 1113/1454/177 1110/1440/177 1072/1440/177
f 1056/1438/1140 1066/1438/1122 1054/1441/1125 1060/1441/1134
f 1080/1463/1141 1120/1463/1142 1117/1464/1142 1078/1464/1141
f 1088/1469/1149 1125/1469/1168 1124/1476/177 1094/1476/177
f 1076/1455/1138 1116/1455/1143 1125/1469/1168 1088/1469/1149
f 1057/1448/1130 1052/1448/1128 1077/1444/1128 1055/1444/1131
f 1065/1452/1136 1107/1452/1145 1106/1446/177 1071/1446/177
f 1086/1466/1141 1121/1466/1142 1120/1463/1142 1080/1463/1141
f 1137/1492/1169 1135/1493/1169 1141/1493/177 1144/1492/177
f 1133/1494/1169 1134/1495/1169 1145/1495/177 1142/1494/177
f 1140/1496/1169 1138/1497/1170 1147/1497/1171 1148/1496/177
f 1135/1493/1169 1133/1494/1169 1142/1494/177 1141/1493/177
f 1139/1498/1169 1140/1496/1169 1148/1496/177 1146/1498/177
f 1136/1499/1172 1137/1492/1169 1144/1492/177 1143/1499/1173
f 1134/1495/1169 1139/1498/1169 1146/1498/177 1145/1495/177
f 1152/1500/1174 1162/1500/371 1159/1501/371 1149/1501/1174
f 1150/1502/1174 1160/1502/371 1163/1503/371 1153/1503/1174
f 1156/1504/1174 1157/1504/371 1158/1505/1175 1155/1505/1176
f 1149/1501/1174 1159/1501/371 1160/1502/371 1150/1502/1174
f 1154/1506/1174 1164/1506/371 1157/1504/371 1156/1504/1174
f 1151/1507/1177 1161/1507/1178 1162/1500/371 1152/1500/1174
f 1153/1503/1174 1163/1503/371 1164/1506/371 1154/1506/1174
f 1133/1494/1169 1150/1502/1174 1153/1503/1174 1134/1495/1169
f 1137/1492/1169 1152/1500/1174 1149/1501/1174 1135/1493/1169
f 1134/1495/1169 1153/1503/1174 1154/1506/1174 1139/1498/1169
f 1140/1496/1169 1156/1504/1174 1155/1505/1176 1138/1497/1170
f 1143/1499/1173 1161/1507/1178 1151/1507/1177 1136/1499/1172
f 1139/1498/1169 1154/1506/1174 1156/1504/1174 1140/1496/1169
f 1135/1493/1169 1149/1501/1174 1150/1502/1174 1133/1494/1169
f 1138/1497/1170 1155/1505/1176 1158/1505/1175 1147/1497/1171
f 1136/1499/1172 1151/1507/1177 1152/1500/1174 1137/1492/1169
f 1169/1508/1179 1167/1509/1180 1183/1509/1181 1180/1508/1182
f 1174/1510/1183 1177/1511/1184 1170/1511/1185 1173/1510/1186
f 1165/1512/1187 1166/1513/1188 1179/1513/177 1182/1512/1189
f 1178/1514/1190 1175/1515/1191 1172/1515/1192 1184/1514/371
f 1168/1516/1193 1169/1508/1179 1180/1508/1182 1181/1516/1194
f 1177/1511/1184 1176/1517/1195 1171/1517/1196 1170/1511/1185
f 1165/1512/1187 1175/1515/1191 1178/1514/1190 1166/1513/1188
f 1175/1515/1191 1174/1510/1183 1173/1510/1186 1172/1515/1192
f 1169/1508/1179 1177/1511/1184 1174/1510/1183 1167/1509/1180
f 1167/1509/1180 1174/1510/1183 1175/1515/1191 1165/1512/1187
f 1176/1517/1195 1168/1516/1193 1181/1516/1194 1171/1517/1196
f 1168/1516/1193 1176/1517/1195 1177/1511/1184 1169/1508/1179
f 1167/1509/1180 1165/1512/1187 1182/1512/1189 1183/1509/1181
f 737/997/758 676/1062/816 779/993/754 778/996/757
f 725/1035/791 724/1104/845 718/1105/1197 719/1044/1198
f 133/982/706 965/1287/992 1191/1284/989 825/983/748
f 825/983/748 1191/1284/989 1186/1285/990 758/1186/911
f 812/1182/907 1043/1185/910 1194/1281/986 1187/1280/986
f 693/1212/934 1185/1262/972 1192/1263/972 1022/1213/935
f 731/1159/890 1037/1162/890 1195/1227/945 1188/1226/945
f 758/1282/987 1186/1199/923 1193/1202/923 1019/1283/988
f 777/1060/814 776/1152/885 1189/1072/827 1190/1081/834
f 731/1116/51 1188/1112/51 1187/1113/51 732/1117/51
f 756/1056/810 1185/1080/833 1190/1081/834 837/1057/811
f 703/1243/956 711/1107/848 792/1106/847 691/1244/957
f 816/1193/917 796/1192/916 794/1015/1199 820/1091/1200
f 718/1105/1197 724/1104/845 816/1193/917 820/1091/1200
f 766/1518/1201 694/1519/1202 775/1366/1057 748/994/1058 740/1078/1203
f 796/1192/916 710/1277/985 767/1520/1204 749/1016/1205 794/1015/1199
f 687/1291/996 784/1290/995 755/979/746 674/1286/991
f 784/1290/995 707/1083/836 699/980/747 755/979/746
f 767/1520/1204 766/1518/1201 740/1078/1203 749/1016/1205
f 191/1175/236 860/1191/915 841/1232/950 680/1235/953
f 707/1083/836 701/1034/790 685/1043/1206 699/980/747
f 701/1034/790 725/1035/791 719/1044/1198 685/1043/1206
f 1309/1521/368 936/1375/1065 1299/409/360 733/408/368
f 230/1522/1207 229/887/684 781/886/683 780/1180/905
f 230/1522/1207 780/1180/905 913/1188/913 235/1523/1208
f 235/1523/1208 913/1188/913 900/1345/1038 129/1524/1209
f 129/1524/1209 900/1345/1038 961/1351/1043 123/1397/1082
f 759/1018/777 692/1248/960 813/1121/856 760/1019/778
f 692/1248/960 781/886/683 728/885/682 813/1121/856
f 224/346/320 1364/345/319 1371/1525/1210 1229/1526/1211
f 827/1058/812 828/1082/835 826/1179/904 838/1178/903
f 910/999/760 916/998/759 897/1341/1034 960/1343/1036
f 709/1131/866 1202/131/130 1205/174/173 683/1132/867
f 1391/1231/949 1392/132/131 1198/118/117 753/1150/883
f 714/1124/859 1201/125/124 1202/131/130 709/1131/866
f 715/1123/858 1200/123/122 1201/125/124 714/1124/859
f 735/1146/879 1199/121/120 1200/123/122 715/1123/858
f 753/1150/883 1198/118/117 1199/121/120 735/1146/879
f 118/1527/220 746/1346/1039 1196/1348/1041 1240/1528/1212
f 1239/1529/352 118/1527/220 1240/1528/1212 734/1530/1213
f 159/266/174 1209/265/174 1238/1531/174 644/894/174
f 1278/134/133 1244/1532/1214 1211/849/653 1236/856/657
f 1244/1532/1214 1265/1533/212 1237/850/654 1211/849/653
f 126/753/174 490/178/174 1235/1534/1215 1218/1535/215
f 227/334/308 224/346/320 1229/1526/1211 1230/1536/1216
f 1285/1537/174 1263/1538/174 1234/362/174 1284/361/174
f 232/349/323 236/348/322 1233/1539/1217 1232/1540/1218
f 231/352/326 232/349/323 1232/1540/1218 1231/210/204
f 1365/1541/1219 231/352/326 1231/210/204 1370/209/203
f 236/348/322 130/146/145 1220/1542/1220 1233/1539/1217
f 1271/1543/1221 1259/1544/174 1228/277/174 1208/276/248
f 1327/1545/174 1258/1546/174 1227/272/174 1326/274/174
f 1258/1546/174 1257/1547/174 1226/268/174 1227/272/174
f 1257/1547/174 1256/1548/174 1225/269/174 1226/268/174
f 1292/264/174 1408/1549/174 1401/1550/174
f 128/140/139 121/139/138 1214/1551/1222 1215/1552/1223
f 490/178/174 156/177/175 1207/1553/1215 1235/1534/1215
f 119/842/114 621/841/648 1237/1554/654 1206/1555/1224
f 1385/157/156 136/154/153 1213/1556/1225 1394/1557/1226
f 1509/351/325 231/352/326 1365/1541/1219 1533/1558/1227
f 142/162/161 140/160/159 1219/1559/1228 1221/1560/1229
f 124/142/141 128/140/139 1215/1552/1223 1216/1561/1230
f 146/166/165 144/164/163 1222/1562/1231 1223/1563/1232
f 130/146/145 124/142/141 1216/1561/1230 1220/1542/1220
f 140/160/159 138/158/157 1217/1564/1233 1219/1559/1228
f 132/149/148 227/334/308 1230/1536/1216 1224/1565/1234
f 144/164/163 142/162/161 1221/1560/1229 1222/1562/1231
f 134/150/149 132/149/148 1224/1565/1234 1212/1566/1235
f 121/139/138 126/145/144 1218/1567/1236 1214/1551/1222
f 1519/181/174 1527/1568/174 1210/1569/174 158/182/174
f 156/182/179 158/182/179 1210/1569/1237 1207/1569/1237
f 622/171/170 146/166/165 1223/1563/1232 1236/856/657
f 199/1570/174 197/1571/174 1256/1548/174 1257/1547/174
f 201/1572/174 199/1570/174 1257/1547/174 1258/1546/174
f 1320/1573/174 201/1572/174 1258/1546/174 1327/1545/174
f 163/1574/1238 203/1575/174 1259/1544/174 1271/1543/1221
f 1281/1576/174 242/1577/174 1263/1538/174 1285/1537/174
f 148/1578/1239 624/1579/213 1265/1533/212 1244/1532/1214
f 623/137/136 148/1578/1239 1244/1532/1214 1278/134/133
f 1206/1580/1224 1270/1581/211 114/1582/1240 817/1583/1241
f 119/115/114 1206/1580/1224 817/1583/1241 1197/116/115
f 116/1154/290 1239/1529/352 734/1530/1213 1268/1155/886
f 149/863/663 179/862/662 1255/950/721 1264/949/720
f 1209/265/174 1242/358/174 1266/893/174 1238/1531/174
f 1218/1535/215 1235/1534/1215 1277/221/215 1274/750/583
f 149/313/289 1264/386/351 1239/387/352 116/314/290
f 155/260/244 1398/259/243 1399/263/247 1291/356/330
f 1230/1536/1216 1229/1526/1211 1260/337/311 1261/197/191
f 1232/1540/1218 1233/1539/1217 1276/335/309 1275/353/327
f 1231/210/204 1232/1540/1218 1275/353/327 1262/211/205
f 1233/1539/1217 1220/1542/1220 1250/203/197 1276/335/309
f 1215/1552/1223 1214/1551/1222 1273/185/180 1246/207/201
f 1235/1534/1215 1207/1553/1215 1241/222/215 1277/221/215
f 1206/1555/1224 1237/1554/654 1265/218/212 1270/217/211
f 1394/1557/1226 1213/1556/1225 1245/214/208 1395/213/207
f 1229/1526/1211 1371/1525/1210 1373/338/312 1260/337/311
f 1221/1560/1229 1219/1559/1228 1249/199/193 1251/194/188
f 1216/1561/1230 1215/1552/1223 1246/207/201 1247/204/198
f 1223/1563/1232 1222/1562/1231 1252/193/187 1253/135/134
f 1220/1542/1220 1216/1561/1230 1247/204/198 1250/203/197
f 1219/1559/1228 1217/1564/1233 1248/200/194 1249/199/193
f 1224/1565/1234 1230/1536/1216 1261/197/191 1254/190/184
f 1222/1562/1231 1221/1560/1229 1251/194/188 1252/193/187
f 1212/1566/1235 1224/1565/1234 1254/190/184 1272/189/183
f 1214/1551/1222 1218/1567/1236 1274/186/181 1273/185/180
f 1527/1568/174 1528/183/174 1243/179/174 1210/1569/174
f 1207/1569/1237 1210/1569/1237 1243/179/176 1241/179/176
f 1236/856/657 1223/1563/1232 1253/135/134 1278/134/133
f 1270/1581/211 115/1584/214 1269/1585/1242 114/1582/1240
f 133/982/706 689/1128/863 673/1127/862 965/1287/992
f 789/1110/851 754/1109/850 673/1127/862 1361/1126/861
f 1499/1586/150 134/1587/149 1354/1588/1243 1530/1589/1244
f 943/1413/1096 958/1415/1098 952/1406/1089 950/1409/1092
f 955/1377/331 952/1406/1089 958/1415/1098 949/1324/1019
f 196/758/174 1397/763/174 1279/1590/174 182/253/229
f 182/253/229 1279/1590/174 930/1591/1054 190/1592/1053
f 1225/269/174 1284/361/174 1280/364/174 198/270/174
f 1283/764/174 1282/759/174 1286/1593/174 1396/765/174
f 240/1594/1245 1283/1595/1246 1280/364/1247 238/363/1245
f 240/1596/1248 493/760/586 1282/759/174 1283/764/174
f 197/1571/174 1281/1576/174 1285/1537/174 1256/1548/174
f 1286/1593/174 1282/759/174 929/762/588 928/1597/1029
f 1256/1548/174 1285/1537/174 1284/361/174 1225/269/174
f 856/1292/999 857/1293/51 842/1088/51 741/1087/51 853/1247/959
f 1279/1590/174 1286/1593/174 928/1597/1029 930/1591/1054
f 1396/765/174 1286/1593/174 1279/1590/174 1397/763/174
f 239/761/587 493/760/586 1287/1598/1249 927/1599/1056
f 238/363/1245 1289/267/261 1291/286/260 240/1594/1245
f 493/760/586 240/1596/1248 935/1600/1250 1287/1598/1249
f 240/1596/1248 1291/356/330 1400/1601/1251 935/1600/1250
f 1234/362/174 1292/264/174 1289/267/174 238/363/174
f 949/1602/1019 1294/1603/1252 1290/355/329 955/365/331
f 242/1577/174 1288/360/174 1293/359/174 1263/1538/174
f 1294/1603/1252 1400/1601/1251 1291/356/330 1290/355/329
f 1287/1598/1249 935/1600/1250 1400/1601/1251 1294/1603/1252
f 927/1599/1056 1287/1598/1249 1294/1603/1252 949/1602/1019
f 185/235/367 265/398/361 1300/397/360 1296/232/368
f 1332/1604/51 1304/1605/1065 1300/397/360 1331/396/51
f 182/1606/1253 190/1607/1053 926/1608/1052 1295/1609/1254
f 1306/1610/1078 1303/1611/1055 1297/236/224 1295/240/228
f 1303/1611/1055 1305/1612/225 1301/237/225 1297/236/224
f 1302/1613/223 1307/1614/223 1298/233/223 1296/232/223
f 1309/1521/223 1312/1615/223 1307/1614/223 1302/1613/223
f 934/1616/1055 937/1617/1255 1305/1612/225 1303/1611/1055
f 1311/1618/1078 934/1616/1055 1303/1611/1055 1306/1610/1078
f 1333/1376/51 936/1375/1065 1304/1605/1065 1332/1604/51
f 1296/232/368 1300/397/360 1304/1605/1065 1302/1613/368
f 1295/1609/1254 926/1608/1052 893/1619/1032 1306/1620/1059
f 924/1332/1028 890/988/51 908/1338/51 931/1357/1051
f 939/1393/1078 1308/1363/1055 934/1616/1055 1311/1618/1078
f 1308/1363/1055 947/1362/225 937/1617/1255 934/1616/1055
f 733/408/223 938/1370/223 1312/1615/223 1309/1521/223
f 1302/1613/368 1304/1605/1065 936/1375/1065 1309/1521/368
f 1306/1620/1059 893/1619/1032 894/1368/1033 1311/1367/1059
f 1103/1621/1154 120/1622/232 1315/1623/231 1093/1624/1150
f 1070/1625/1137 1313/1626/1256 940/1627/1257 1058/1628/1127
f 1093/1624/1150 1315/1623/231 1314/1629/1258 1081/1630/1139
f 1081/1630/1139 1314/1629/1258 1313/1626/1256 1070/1625/1137
f 1058/1628/1127 940/1627/1257 183/1631/237 191/1632/236
f 1313/1626/1256 1314/1629/1258 183/1631/237 940/1627/1257
f 937/1617/1255 1330/1633/51 1329/1634/51 1305/1612/225
f 1305/1612/225 1329/1634/51 1328/1635/51 1301/237/225
f 1337/1636/174 1320/1573/174 1327/1545/174 1342/1637/174
f 1342/1637/174 1327/1545/174 1326/274/174 1341/1638/174
f 947/1362/225 1325/1639/51 1330/1633/51 937/1617/1255
f 268/402/365 1323/401/364 1325/1639/51 947/1362/225
f 1334/404/174 1310/1640/174 1324/250/174 1317/755/174
f 188/756/227 266/1641/226 1322/1642/1259 1317/755/174
f 1335/242/230 1340/1349/1042 1323/401/364 1318/400/363
f 1301/237/225 1328/1635/51 1322/1643/1259 266/238/226
f 195/284/254 1319/1644/1260 1321/275/1260 202/273/255
f 1341/1638/174 1326/274/174 1321/275/174 1338/282/174
f 1310/1640/174 1336/1645/174 1319/251/174 1324/250/174
f 187/403/366 183/1646/237 1314/1647/1258 1318/400/363
f 495/257/241 194/256/240 1336/1645/174 1310/1640/174
f 1228/277/174 1341/1638/174 1338/282/174 204/278/174
f 186/245/233 267/410/369 1340/1349/1042 1335/242/230
f 185/407/585 495/257/241 1310/1640/174 1334/404/174
f 1259/1544/174 1342/1637/174 1341/1638/174 1228/277/174
f 203/1575/174 1337/1636/174 1342/1637/174 1259/1544/174
f 1330/1633/51 1333/1376/51 1332/1604/51 1329/1634/51
f 1329/1634/51 1332/1604/51 1331/396/51 1328/1635/51
f 1325/1639/51 1316/1350/51 1333/1376/51 1330/1633/51
f 1323/401/364 1340/1349/1042 1316/1350/51 1325/1639/51
f 1317/755/174 1322/1642/1259 1339/405/362 1334/404/174
f 1328/1635/51 1331/396/51 1339/399/362 1322/1643/1259
f 1319/1644/1260 1336/281/251 1338/282/251 1321/275/1260
f 1318/400/363 1314/1647/1258 1315/243/231 1335/242/230
f 1056/1438/1140 752/991/752 1096/1485/1161 1068/1439/1144
f 1079/1471/1152 1084/1486/1162 1061/1477/1157 1091/1475/1156
f 1061/1477/1157 1084/1486/1162 1096/1485/1161 752/991/752
f 752/991/752 189/964/733 1343/1648/1261 1061/1477/1157
f 1061/1477/1157 1343/1648/1261 1447/1649/1262 1449/1478/1158
f 1343/1648/1261 189/964/733 655/388/353 1344/1650/1263
f 1447/1649/1262 1343/1648/1261 1344/1650/1263 1345/1651/1264
f 1344/1652/1263 655/925/353 654/924/300 1346/1653/1265
f 1345/1654/1264 1344/1652/1263 1346/1653/1265 1347/1655/1266
f 1346/1656/1265 654/326/300 206/325/299 1348/1657/1267
f 1347/1658/1266 1346/1656/1265 1348/1657/1267 1349/1659/1268
f 867/1323/51 863/1322/51 770/1660/51
f 863/1322/51 861/1321/51 704/1661/51
f 704/1661/51 861/1321/51 747/1662/51 865/1663/51
f 865/1663/51 681/1664/51 866/1665/51 772/1666/51
f 866/1665/51 751/1667/51 862/1668/51 695/1669/51
f 695/1669/51 868/1670/51 772/1666/51 866/1665/51
f 772/1666/51 864/1671/51 704/1661/51 865/1663/51
f 689/1672/863 1356/1673/1269 1353/1674/1270 1350/1675/864
f 1530/1589/1244 1354/1588/1243 1351/1676/1271 1529/1677/1272
f 133/1678/706 635/1679/705 1356/1673/1269 689/1672/863
f 1350/1675/864 1353/1674/1270 1360/909/702 1357/908/701
f 1529/1677/1272 1351/1676/1271 1358/153/152 1531/152/151
f 1361/1126/861 1350/1129/864 1357/1680/701 764/1141/874
f 135/971/704 736/970/738 764/1141/874 1357/1680/701
f 813/1121/856 821/1120/855 750/1020/779 760/1019/778
f 804/1194/918 720/1119/854 721/1118/853 728/885/682
f 1362/884/681 1363/1681/771 804/1194/918 728/885/682
f 1369/1013/772 1363/1012/771 1362/889/681 1368/888/685
f 1371/1525/1210 1364/345/319 1365/1541/1219 1370/209/203
f 1532/344/318 1369/1013/772 1368/888/685 1533/1558/1227
f 1373/338/312 1371/1525/1210 1370/209/203 1372/212/206
f 1366/339/313 1373/338/312 1372/212/206 1367/342/316
f 804/1194/918 1363/1681/771 223/1073/678 742/1076/829
f 171/1682/209 1359/1683/1273 1378/1684/1274 1375/1685/210
f 1359/1683/1273 1352/1686/1275 1376/1687/1276 1378/1684/1274
f 1352/1686/1275 1355/1688/1277 1377/1689/1278 1376/1687/1276
f 1355/1688/1277 170/1690/186 1374/1691/1279 1377/1689/1278
f 1375/1685/210 1378/1684/1274 1383/1692/1280 1380/1693/1281
f 1378/1684/1274 1376/1687/1276 1381/1694/1282 1383/1692/1280
f 1376/1687/1276 1377/1689/1278 1382/1695/1283 1381/1694/1282
f 1377/1689/1278 1374/1691/1279 1379/1696/1284 1382/1695/1283
f 1217/1564/1233 1394/1557/1226 1395/213/207 1248/200/194
f 138/158/157 1385/157/156 1394/1557/1226 1217/1564/1233
f 674/1286/991 690/1181/906 1392/132/131 1391/1231/949
f 216/390/837 687/1291/996 1393/1230/948 1387/300/1060
f 687/1291/996 674/1286/991 1391/1231/949 1393/1230/948
f 659/931/278 658/930/306 1390/927/293 1389/926/275
f 135/911/704 636/910/703 1388/907/700 1384/906/132
f 658/332/306 208/331/305 1386/318/294 1390/317/293
f 657/391/356 216/390/355 1387/300/276 1389/299/275
f 1248/200/194 1395/213/207 1375/216/210 172/201/195
f 1500/155/154 136/154/153 1385/157/156 1534/156/155
f 690/1181/906 135/971/704 1384/133/132 1392/132/131
f 1375/216/210 1380/1697/1281 172/201/195
f 169/1698/185 1379/1696/1284 1374/1691/1279 170/1690/186
f 114/1582/1240 1269/1585/1242 1267/1156/887 1268/1155/886
f 734/1699/1213 1240/1700/1212 1467/1700/1285 1469/1701/1286
f 851/1702/116 1197/1703/115 1471/1703/1287 1472/1702/1288
f 114/1704/1240 1268/1705/886 1470/1706/1289 1465/1704/1290
f 1283/1595/1246 196/285/257 198/270/258 1280/364/1247
f 1409/1707/174 1405/1708/1291 1401/1709/1292 1408/1710/1293
f 1293/359/174 1407/1711/174 1404/1712/174
f 1209/265/174 1292/264/174 1401/1550/174 1405/1713/174
f 1242/358/174 1406/1714/174 1403/1715/174
f 1407/1716/1294 1409/1707/174 1408/1710/1293 1404/1717/1295
f 1403/1718/1296 1406/1719/1297 1409/1707/174 1407/1716/1294
f 1406/1719/1297 1402/1720/1298 1405/1708/1291 1409/1707/174
f 841/1137/51 695/1310/51 862/1304/51
f 1406/1714/174 1242/358/174 1209/265/174 1402/1721/174
f 1407/1711/174 1293/359/174 1242/358/174 1403/1715/174
f 1408/1549/174 1292/264/174 1293/359/174 1404/1712/174
f 1405/1713/174 1402/1721/174 1209/265/174
f 1418/1707/174 1414/1722/1291 1410/1709/1292 1417/1710/1293
f 1416/1723/1294 1418/1707/174 1417/1710/1293 1413/1717/1295
f 1412/1724/1296 1415/1719/1297 1418/1707/174 1416/1723/1294
f 1415/1719/1297 1411/1720/1298 1414/1722/1291 1418/1707/174
f 1412/1725/174 1293/359/174 1415/1726/174
f 1411/1727/174 1292/264/174 1414/1728/174
f 1234/362/174 1417/1729/174 1410/1730/174
f 1263/1538/174 1416/1731/174 1413/1732/174
f 1263/1538/174 1293/359/174 1412/1725/174 1416/1731/174
f 1293/359/174 1292/264/174 1411/1727/174 1415/1726/174
f 1292/264/174 1234/362/174 1410/1730/174 1414/1728/174
f 1263/1538/174 1413/1732/174 1417/1729/174 1234/362/174
f 1421/1733/1299 1422/1734/1300 1423/494/419
f 1426/498/423 1427/495/420 1428/1735/1301
f 1430/1736/1302 1431/497/422 1422/1737/1303
f 1433/1738/425 1428/1739/1304 1434/496/421
f 1419/1740/1305 1422/1734/1300 1421/1733/1299 1420/1741/1305
f 1424/499/1306 1426/498/423 1428/1735/1301 1425/1742/1306
f 1427/495/420 1423/494/419 1422/1734/1300 1428/1735/1301
f 1429/1743/1307 1430/1736/1302 1422/1737/1303 1419/1744/1307
f 1425/1745/1308 1428/1739/1304 1433/1738/425 1432/1746/1308
f 1428/1739/1304 1422/1737/1303 1431/497/422 1434/496/421
f 1426/498/423 1433/1738/425 1434/496/421 1427/495/420
f 1430/1736/1302 1421/1733/1299 1423/494/419 1431/497/422
f 1420/1741/1309 1421/1733/1299 1430/1747/1302 1429/1748/1309
f 1464/1749/51 1440/1750/51 1439/1751/51 1463/1752/51
f 1436/1753/51 1435/435/51 1437/1754/51 1438/1755/51
f 153/426/373 152/429/1310 1436/429/1310 1438/1756/1311
f 1462/1757/1310 271/1758/1312 1440/1758/1313 1464/1757/1310
f 271/436/1312 272/432/1314 1439/432/1315 1440/436/1313
f 150/416/379 151/417/372 1437/1754/375 1435/435/379
f 1101/1759/371 1104/1760/371 1448/1761/371 1444/1762/371
f 1347/1763/371 1349/1764/371 1445/1765/371 1102/1766/371
f 120/1767/371 1103/1768/371 1446/1769/371 1441/1770/371
f 1101/1759/371 1444/1762/371 1446/1769/371 1103/1768/371
f 1102/1766/371 1445/1765/371 1448/1761/371 1104/1760/371
f 154/1771/239 496/1772/238 1442/1773/371
f 1298/1774/371 1307/1775/371 1451/1776/371 1450/1777/371
f 1307/1775/371 1312/1778/371 1452/1779/371 1451/1776/371
f 496/1772/238 184/1780/584 1442/1773/371
f 184/1780/584 1298/1774/371 1450/1777/371 1442/1773/371
f 1455/1781/177 1456/1782/177 1104/1760/177 1101/1759/177
f 1449/1783/371 1447/1784/371 1347/1763/371 1102/1766/371
f 1102/1766/371 1104/1760/371 1454/1785/371 1453/1786/371
f 938/1787/371 120/1767/371 1441/1770/371 1443/1788/371
f 160/1789/249 154/1771/239 1442/1773/371 1208/1790/248
f 1312/1778/371 938/1787/371 1443/1788/371 1452/1779/371
f 1208/1790/248 1442/1773/371 163/1791/1238 1271/1792/1221
f 1347/1763/371 1447/1784/371 1345/1793/371
f 1458/1794/371 1457/1795/371 1101/1759/371 1103/1768/371
f 152/429/1310 1462/1757/1310 1464/1757/1310 1436/429/1310
f 1436/1753/51 1464/1749/51 1463/1752/51 1435/435/51
f 272/432/1314 1459/431/378 1463/431/380 1439/432/1315
f 150/416/1316 1459/431/376 1460/434/376 275/414/1316
f 276/1796/371 1461/422/371 1462/425/371 152/1797/371
f 275/414/370 1460/418/370 1461/421/370 276/415/370
f 1465/1798/1290 1470/1799/1289 1469/1800/1286 1466/1801/1317
f 1467/1802/1285 1471/1803/1287 1466/1801/1317 1469/1800/1286
f 1467/1802/1285 1468/1804/1318 1472/1805/1288 1471/1803/1287
f 1196/430/1041 851/430/116 1472/430/1288 1468/430/1318
f 817/1806/1241 114/1704/1240 1465/1704/1290 1466/1806/1317
f 1240/1700/1212 1196/1807/1041 1468/1808/1318 1467/1700/1285
f 1197/1703/115 817/1806/1241 1466/1806/1317 1471/1703/1287
f 1268/1705/886 734/1699/1213 1469/1701/1286 1470/1706/1289
f 1476/941/716 1477/780/600 1478/776/595 1475/778/598
f 1480/779/599 1473/1809/51 1474/771/51 1479/770/590
f 1477/780/600 1480/779/599 1479/770/590 1478/776/595
f 1473/943/717 1476/941/716 1475/778/598 1474/777/597
f 1484/791/614 1485/790/613 1486/798/622 1483/944/718
f 1488/794/617 1481/946/51 1482/942/51 1487/796/620
f 1485/790/613 1488/794/617 1487/796/620 1486/798/622
f 1481/795/618 1484/791/614 1483/944/718 1482/945/719
f 1473/1809/51 1480/779/599 570/781/601 572/783/51
f 1575/1810/1319 1560/1811/1320 1493/1812/1321 1550/1813/1322
f 1574/1814/1323 1559/1815/1324 1492/1816/1325 1549/1817/1326
f 1573/1818/1327 1555/1819/1328 1492/1820/1329 1559/1821/1330
f 1572/1822/1331 1554/1823/1332 1493/1824/1333 1549/1825/1334
f 1571/1826/1335 1556/1827/1336 1489/1828/1337 1545/1829/1338
f 1570/1830/1339 1552/1831/1340 1491/1832/1341 1551/1833/1342
f 1569/1834/1343 1562/1835/1344 1537/1836/1345 1561/1837/1346
f 1568/1838/1347 1563/1839/1348 1535/1840/1349 1547/1841/1350
f 1567/1842/1351 1547/1843/1352 1535/1844/1353 1564/1845/1354
f 1566/1846/1355 1548/1847/1356 1536/1848/1357 1565/1849/1358
f 636/910/703 1500/155/154 1534/156/155 1388/907/700
f 1364/345/319 1532/344/318 1533/1558/1227 1365/1541/1219
f 1353/1674/1270 1529/1677/1272 1531/152/151 1360/909/702
f 1356/1673/1269 1530/1589/1244 1529/1677/1272 1353/1674/1270
f 635/1679/705 1499/1586/150 1530/1589/1244 1356/1673/1269
f 1238/1531/174 1266/893/174 1528/183/174 1527/1568/174
f 644/894/174 1238/1531/174 1527/1568/174 1519/181/174
f 648/879/676 1509/351/325 1533/1558/1227 1368/888/685
f 119/842/114 959/1850/113 1544/1851/1359 1514/839/646
f 213/958/727 147/957/726 1524/960/729 1506/959/728
f 652/867/666 642/866/665 1517/843/649 1511/859/647
f 642/866/665 653/869/668 1523/172/171 1517/843/649
f 620/1276/659 652/1852/666 1511/840/647 1514/839/646
f 632/871/174 651/870/174 1522/175/174 1516/752/174
f 633/873/670 1497/147/146 1510/347/321 650/874/671
f 648/879/676 649/878/675 1521/350/324 1509/351/325
f 647/883/680 646/882/679 1507/343/317 1508/333/307
f 650/874/671 1510/347/321 1521/350/324 649/878/675
f 646/882/679 1369/1013/772 1532/344/318 1507/343/317
f 647/883/680 1508/333/307 1498/148/147 634/890/686
f 259/952/1360 626/951/1361 1524/288/264 1512/287/263
f 628/1853/219 1513/169/168 1512/231/222 617/1854/216
f 1266/893/174 645/892/174 1520/184/174 1528/183/174
f 643/894/689 644/894/688 1519/181/178 1518/181/178
f 651/870/174 643/895/174 1518/176/174 1522/175/174
f 641/897/691 1505/167/166 1523/172/171 653/869/668
f 746/1855/1039 118/229/220 1540/1856/1362
f 640/899/693 1504/165/164 1505/167/166 641/897/691
f 639/901/695 1503/163/162 1504/165/164 640/899/693
f 638/903/697 1502/161/160 1503/163/162 639/901/695
f 637/905/699 1501/159/158 1502/161/160 638/903/697
f 1388/907/700 1534/156/155 1501/159/158 637/905/699
f 1360/909/702 1531/152/151 1500/155/154 636/910/703
f 634/890/686 1498/148/147 1499/151/150 635/912/705
f 631/915/708 1496/143/142 1497/147/146 633/873/670
f 632/917/710 1516/144/143 1515/138/137 629/918/711
f 630/921/714 1495/141/140 1496/143/142 631/915/708
f 629/918/711 1515/138/137 1495/141/140 630/921/714
f 1551/1857/1363 1566/1846/1355 1565/1849/1358 1537/1858/1364
f 1491/1859/1365 1546/1860/1366 1566/1846/1355 1551/1857/1363
f 1546/1860/1366 1490/1861/1367 1548/1847/1356 1566/1846/1355
f 1548/1847/1356 1567/1842/1351 1564/1845/1354 1536/1848/1357
f 1490/1861/1367 1545/1862/1368 1567/1842/1351 1548/1847/1356
f 1545/1862/1368 1489/1863/1369 1547/1843/1352 1567/1842/1351
f 1556/1827/1336 1568/1838/1347 1547/1841/1350 1489/1828/1337
f 746/1864/1370 1540/1865/1371 1568/1838/1347 1556/1827/1336
f 1540/1865/1371 1525/1866/1372 1563/1839/1348 1568/1838/1347
f 1553/1312/1010 1569/1834/1343 1561/1837/1346 1494/1313/1011
f 1203/1867/1373 1558/1868/1374 1569/1834/1343 1553/1312/1010
f 1558/1868/1374 1526/1869/1375 1562/1835/1344 1569/1834/1343
f 1562/1835/1344 1570/1830/1339 1551/1833/1342 1537/1836/1345
f 1526/1869/1375 1544/1870/1376 1570/1830/1339 1562/1835/1344
f 1544/1870/1376 959/1871/1377 1552/1831/1340 1570/1830/1339
f 1541/1372/1062 1571/1826/1335 1545/1829/1338 1490/1373/1063
f 854/1872/1378 1538/1873/1379 1571/1826/1335 1541/1372/1062
f 1538/1873/1379 746/1864/1370 1556/1827/1336 1571/1826/1335
f 1555/1819/1328 1572/1822/1331 1549/1825/1334 1492/1820/1329
f 881/1874/1380 1542/1875/1381 1572/1822/1331 1555/1819/1328
f 1542/1875/1381 697/1876/1382 1554/1823/1332 1572/1822/1331
f 1563/1839/1348 1573/1818/1327 1559/1821/1330 1535/1840/1349
f 1525/1866/1372 1557/1877/1383 1573/1818/1327 1563/1839/1348
f 1557/1877/1383 881/1874/1380 1555/1819/1328 1573/1818/1327
f 1560/1811/1320 1574/1814/1323 1549/1817/1326 1493/1812/1321
f 1536/1848/1357 1564/1845/1354 1574/1814/1323 1560/1811/1320
f 1564/1845/1354 1535/1844/1353 1559/1815/1324 1574/1814/1323
f 1561/1878/1384 1575/1810/1319 1550/1813/1322 1494/1879/1385
f 1537/1858/1364 1565/1849/1358 1575/1810/1319 1561/1878/1384
f 1565/1849/1358 1536/1848/1357 1560/1811/1320 1575/1810/1319
f 1552/1831/1340 1576/1371/1061 1546/1374/1064 1491/1832/1341
f 959/1871/1377 1539/1880/1386 1576/1371/1061 1552/1831/1340
f 1539/1880/1386 854/1872/1378 1541/1372/1062 1576/1371/1061
f 1554/1823/1332 1577/1311/1009 1550/1314/1012 1493/1824/1333
f 697/1876/1382 1543/1881/1387 1577/1311/1009 1554/1823/1332
f 1543/1881/1387 1203/1867/1373 1553/1312/1010 1577/1311/1009
f 1514/839/646 1544/1851/1359 1526/1882/1388
f 1558/1274/984 1514/839/646 1526/1882/1388
f 1543/1289/994 1204/845/651 1203/857/658
f 1542/1299/1001 902/1239/954 672/1242/955 697/1288/993
f 1557/170/169 1513/169/168 628/1853/219 881/1883/1000
f 1540/1856/1362 118/229/220 1513/169/168 1525/168/167
f 941/1319/1018 1538/1347/1040 854/1317/1016
f 851/117/116 1539/1318/1017 959/114/113
f 1686/1/1389 1684/4/1390 1580/3/1391 1678/2/1392
f 1612/5/1393 1625/8/1394 1642/7/1395 1640/6/1396
f 1615/9/1397 1664/12/1398 1666/11/1399 1609/10/1400
f 1621/13/1401 1633/15/1402 1663/14/1403
f 1587/16/1404 1590/19/1405 1602/18/1406 1600/17/1407
f 1592/20/1408 1593/23/1409 1599/22/1410 1597/21/1411
f 1595/24/1412 1585/27/1413 1601/26/1414 1603/25/1415
f 1582/28/1416 1592/20/1408 1597/21/1411 1596/31/1417 1589/30/1418 1584/29/1419
f 1588/32/1420 1589/30/1418 1596/31/1417 1598/33/1421
f 1593/23/1409 1587/16/1404 1600/17/1407 1599/22/1410
f 1604/34/1422 1602/18/1406 1590/19/1405 1591/35/1423
f 1594/36/1424 1595/24/1412 1603/25/1415 1605/37/1425
f 1585/27/1413 1588/32/1420 1598/33/1421 1601/26/1414
f 1597/21/1411 1599/22/1410 1598/33/1421 1596/31/1417
f 1598/33/1421 1599/22/1410 1600/17/1407 1601/26/1414
f 1601/26/1414 1600/17/1407 1602/18/1406 1603/25/1415
f 1603/25/1415 1602/18/1406 1604/34/1422 1605/37/1425
f 1594/36/1424 1605/37/1425 1604/34/1422 1591/35/1423 1583/39/1426 1586/38/1426
f 1606/40/1427 1626/43/1428 1616/42/1429 1611/41/1430
f 1628/44/1431 1643/47/1432 1634/46/1433 1623/45/1434
f 1670/48/1435 1642/7/1395 1625/8/1394 1668/49/1436
f 1624/50/1437 1618/52/370 1617/51/1438 1623/45/1434
f 1651/53/1439 1652/56/1440 1645/55/1441 1641/54/1442
f 1629/57/1443 1656/58/1444 1633/15/1402
f 1674/59/1445 1673/61/1446 1662/60/1447 1664/12/1398
f 1667/62/1448 1619/64/1449 1630/63/1450 1674/59/1445
f 1664/12/1398 1662/60/1447 1661/65/1451 1666/11/1399
f 1648/66/1452 1658/67/1453 1656/58/1444 1629/57/1443
f 1656/58/1444 1658/67/1453 1660/69/1454 1657/68/1455
f 1613/70/1456 1627/71/1457 1666/11/1399 1661/65/1451
f 1672/72/1458 1659/73/1459 1662/60/1447 1673/61/1446
f 1672/72/1458 1671/75/1460 1646/74/1461 1659/73/1459
f 1607/76/1462 1606/40/1427 1611/41/1430 1653/77/1463
f 1659/73/1459 1646/74/1461 1637/79/1464 1665/78/1465
f 1608/80/1466 1631/82/1467 1630/63/1450 1622/81/1468
f 1632/83/1469 1625/8/1394 1612/5/1393 1654/84/1470
f 1661/65/1451 1662/60/1447 1659/73/1459 1665/78/1465
f 1606/40/1427 1607/76/1462 1655/86/1471 1639/85/1472
f 1608/80/1466 1657/68/1455 1660/69/1454 1652/56/1440
f 1619/64/1449 1614/87/1473 1622/81/1468 1630/63/1450
f 1613/70/1456 1661/65/1451 1665/78/1465 1650/88/1474
f 1617/51/1438 1620/89/1475 1628/44/1431 1623/45/1434
f 1622/81/1468 1663/14/1403 1657/68/1455 1608/80/1466
f 1657/68/1455 1663/14/1403 1633/15/1402 1656/58/1444
f 1649/90/1476 1636/91/1477 1658/67/1453 1648/66/1452
f 1634/46/1433 1635/92/1478 1624/50/1437 1623/45/1434
f 1628/44/1431 1612/5/1393 1640/6/1396 1643/47/1432
f 1626/43/1428 1606/40/1427 1639/85/1472 1647/93/1479
f 1644/94/1480 1645/55/1441 1652/56/1440 1660/69/1454
f 1631/82/1467 1608/80/1466 1652/56/1440 1651/53/1439
f 1658/67/1453 1636/91/1477 1644/94/1480 1660/69/1454
f 1614/87/1473 1621/13/1401 1663/14/1403 1622/81/1468
f 1668/49/1436 1625/8/1394 1632/83/1469 1669/95/1481
f 1637/79/1464 1638/96/1482 1650/88/1474 1665/78/1465
f 1620/89/1475 1654/84/1470 1612/5/1393 1628/44/1431
f 1609/10/1400 1666/11/1399 1627/71/1457 1610/97/1483
f 1626/43/1428 1668/49/1436 1669/95/1481 1616/42/1429
f 1651/53/1439 1641/54/1442 1671/75/1460 1672/72/1458
f 1651/53/1439 1672/72/1458 1673/61/1446 1631/82/1467
f 1615/9/1397 1667/62/1448 1674/59/1445 1664/12/1398
f 1630/63/1450 1631/82/1467 1673/61/1446 1674/59/1445
f 1647/93/1479 1670/48/1435 1668/49/1436 1626/43/1428
f 1683/98/1484 1685/101/1485 1675/100/1486 1578/99/1487
f 1685/101/1485 1686/1/1389 1678/2/1392 1675/100/1486
f 1689/102/1488 1690/105/1489 1682/104/1490 1681/103/1491
f 1687/106/1492 1689/102/1488 1681/103/1491 1679/107/1493
f 1690/105/1489 1688/109/1494 1680/108/1495 1682/104/1490
f 1681/103/1491 1682/104/1490 1686/1/1389 1685/101/1485
f 1679/107/1493 1681/103/1491 1685/101/1485 1683/98/1484
f 1682/104/1490 1680/108/1495 1684/4/1390 1686/1/1389
f 1677/110/1496 1581/111/1497 1688/109/1494 1690/105/1489
f 1579/112/1498 1676/113/1499 1689/102/1488 1687/106/1492
f 1676/113/1499 1677/110/1496 1690/105/1489 1689/102/1488
f 2467/114/1500 2359/117/1501 2705/116/1502 1694/115/1503
f 2706/118/1504 2707/121/1505 1714/120/1506 1712/119/1507
f 2707/121/1505 2708/123/1508 1716/122/1509 1714/120/1506
f 2708/123/1508 2709/125/1510 1718/124/1511 1716/122/1509
f 2395/126/1512 2339/129/1513 2338/128/1514 2393/127/1515
f 2709/125/1510 2710/131/1516 1720/130/1517 1718/124/1511
f 2884/132/1518 2706/118/1504 1712/119/1507 2877/133/1519
f 2784/134/1520 623/137/136 176/136/135 2761/135/1521
f 2990/138/1522 2971/141/1523 1703/140/1524 1696/139/1525
f 2971/141/1523 2972/143/1526 1699/142/1527 1703/140/1524
f 2991/144/1528 2990/138/1522 1696/139/1525 1701/145/1529
f 2972/143/1526 2973/147/1530 1705/146/1531 1699/142/1527
f 2974/148/1532 2975/151/1533 1709/150/1534 1707/149/1535
f 3005/152/1536 2976/155/1537 1711/154/1538 2858/153/1539
f 3008/156/1540 2977/159/1541 1713/158/1542 2878/157/1543
f 2977/159/1541 2978/161/1544 1715/160/1545 1713/158/1542
f 2978/161/1544 2979/163/1546 1717/162/1547 1715/160/1545
f 2979/163/1546 2980/165/1548 1719/164/1549 1717/162/1547
f 2980/165/1548 2981/167/1550 1721/166/1551 1719/164/1549
f 2999/168/1552 3031/170/1553 2988/169/1554
f 2981/167/1550 2997/172/1555 2134/171/1556 1721/166/1551
f 2710/131/1516 2713/174/1557 2131/173/1558 1720/130/1517
f 2996/175/174 2003/178/174 1730/177/1559 2993/176/174
f 2749/179/1560 157/180/177 161/180/177 2751/179/1560
f 2993/181/1561 1730/182/1562 1731/182/1562 2994/181/1561
f 3002/183/174 2751/179/174 161/180/174 1520/184/174
f 2779/185/1563 164/188/182 166/187/177 2780/186/1564
f 2778/189/1565 1734/192/1566 169/191/185 2762/190/1567
f 2760/193/1568 175/196/190 174/195/189 2759/194/1569
f 2762/190/1567 169/191/185 228/198/192 2769/197/1570
f 2757/199/1571 173/202/196 172/201/195 2756/200/1572
f 2758/203/1573 168/206/200 165/205/199 2755/204/1574
f 2761/135/1521 176/136/135 175/196/190 2760/193/1568
f 2755/204/1574 165/205/199 167/208/202 2754/207/1575
f 2759/194/1569 174/195/189 173/202/196 2757/199/1571
f 2868/209/1576 2870/212/1577 2770/211/1578 2739/210/1579
f 2887/213/1580 2873/216/1581 1735/215/1582 2753/214/1583
f 2776/217/1584 115/220/214 624/219/213 2773/218/1585
f 2783/221/1586 491/224/174 157/223/174 2749/222/1587
f 2129/225/1588 2137/228/1589 1739/227/1590 1736/226/1591
f 2988/169/1554 2987/231/1592 1791/230/1593 1693/229/1594
f 2754/207/1575 167/208/202 164/188/182 2779/185/1563
f 2800/232/1595 1744/235/1595 1743/234/1595 2802/233/1595
f 2801/236/1596 1747/239/1597 1795/238/1598 2805/237/1599
f 2799/240/1600 1741/241/1601 1747/239/1597 2801/236/1596
f 2838/242/1602 1745/245/1603 1695/244/1604 2819/243/1605
f 2447/246/1606 1742/249/1607 1750/248/1608 2400/247/1609
f 2827/250/174 1741/253/1601 1754/252/174 2823/251/174
f 2008/254/1610 2007/257/1611 1753/256/1612 1728/255/1613
f 2004/258/1614 2002/261/1615 1729/260/1616 2890/259/1617
f 2006/262/1618 2004/258/1614 2890/259/1617 2891/263/1619
f 2796/264/174 2793/267/174 1732/266/174 2717/265/174
f 2734/268/174 1757/271/174 1756/270/174 2733/269/174
f 2735/272/174 1758/273/174 1757/271/174 2734/268/174
f 2829/274/174 2824/275/174 1758/273/174 2735/272/174
f 2716/276/1620 1733/279/1621 1759/278/174 2736/277/174
f 1733/279/1621 1728/279/1613 1753/280/1622 1759/278/1622
f 2839/281/1623 2840/282/1623 1759/278/1624 1753/280/1624
f 1752/283/1625 1757/271/1626 1758/273/1627 1754/284/1628
f 1755/285/1629 1756/270/1629 1757/271/1626 1752/283/1625
f 1729/266/1630 1732/266/1630 2793/267/1631 2795/286/1632
f 2987/287/1633 2129/290/1634 1722/289/1634 2998/288/1633
f 2178/291/1635 2174/294/1636 212/293/269 214/292/1637
f 2171/295/1638 2173/298/1639 1765/297/1640 1764/296/1641
f 2881/299/1642 2167/302/1643 1762/301/1644 2879/300/1645
f 1736/303/1646 2130/306/1647 2179/305/1647 1737/304/1646
f 2173/298/1639 2175/308/1648 1766/307/1649 1765/297/1640
f 2167/302/1643 2169/310/1650 1763/309/1651 1762/301/1644
f 2175/308/1648 2130/312/1652 2136/311/1653 1766/307/1649
f 2169/310/1650 2171/295/1638 1764/296/1641 1763/309/1651
f 1723/313/1654 260/316/292 117/315/291 1692/314/1655
f 2882/317/1656 2164/320/1657 207/319/295 1386/318/294
f 2174/321/1636 2172/324/1658 211/323/297 212/322/269
f 2164/320/1657 2162/326/1659 206/325/299 207/319/295
f 2172/324/1658 2170/328/1660 210/327/301 211/323/297
f 2170/328/1660 2168/330/1661 209/329/303 210/327/301
f 2168/330/1661 2166/332/1662 208/331/305 209/329/303
f 2983/333/1663 2974/148/1532 1707/149/1535 1771/334/1664
f 2782/335/1665 237/336/310 168/206/200 2758/203/1573
f 2768/337/1666 225/340/314 1366/339/313 2871/338/1667
f 2870/212/1577 1367/342/316 234/341/315 2770/211/1578
f 2982/343/1668 1769/346/1669 2864/345/1670 3006/344/1671
f 2985/347/1672 2995/350/1673 1775/349/1674 1777/348/1675
f 2983/333/1663 1771/334/1664 1769/346/1669 2982/343/1668
f 2984/351/1676 1774/352/1677 1775/349/1674 2995/350/1673
f 2770/211/1578 234/341/315 233/354/328 2781/353/1678
f 2794/355/1679 2006/262/1618 2891/263/1619 2795/356/1680
f 162/357/174 1288/360/174 2797/359/174 2750/358/174
f 2973/147/1530 2985/347/1672 1777/348/1675 1705/146/1531
f 2781/353/1678 233/354/328 237/336/310 2782/335/1665
f 2789/361/174 2786/364/174 1778/363/174 2742/362/174
f 2463/365/1681 1781/366/1682 2006/262/1618 2794/355/1679
f 2769/197/1570 228/198/192 225/340/314 2768/337/1666
f 1788/367/1683 256/370/336 245/369/335 1782/368/1684
f 1782/368/1684 1787/372/1685 1790/371/1686 1788/367/1683
f 1786/373/1687 1785/376/1688 250/375/341 251/374/340
f 1790/371/1686 1789/379/1689 1785/378/1688 1786/377/1687
f 254/380/344 249/382/347 1784/381/1690 1787/372/1691
f 245/369/335 254/380/344 1787/372/1691 1782/368/1684
f 1788/367/1683 1790/371/1686 1786/377/1687 1783/383/1692
f 1783/383/1692 1786/373/1687 251/374/340 246/384/349
f 1787/372/1685 1784/385/1693 1789/379/1689 1790/371/1686
f 1783/383/1692 246/384/349 256/370/336 1788/367/1683
f 2772/386/1694 2747/387/1695 1693/229/1594 1791/230/1593
f 2163/388/1696 2165/391/1697 1761/390/1698 1760/389/1699
f 263/392/357 1793/395/1700 1792/394/1700 264/393/358
f 2834/396/370 2841/399/1701 1794/398/1702 2804/397/1703
f 2822/400/1704 1746/403/1705 1797/402/1706 2826/401/1707
f 2837/404/174 1744/407/1708 1794/406/1702 2841/405/1701
f 2241/408/1709 1745/411/1603 1796/410/1710 2803/409/1703
f 1803/412/51 1805/415/51 1804/414/51 1802/413/51
f 1724/416/177 1725/417/177 1802/413/177 1804/414/177
f 2936/418/51 2937/421/51 1798/420/51 1799/419/51
f 2937/422/371 2938/425/371 1800/424/371 1798/423/371
f 1727/426/371 1726/429/371 1805/428/371 1803/427/371
f 1725/430/1711 2923/430/1712 2924/430/1713 1727/430/1714
f 2935/431/376 2936/434/376 1799/433/1715 1801/432/1715
f 2935/431/1716 2939/431/1717 2921/435/1718 1724/416/1719
f 1800/436/174 1801/432/1715 1799/433/1715 1798/437/174
f 1806/438/177 1807/441/177 278/440/177 277/439/177
f 1808/442/371 281/445/371 283/444/371 1809/443/371
f 1806/438/1720 1808/442/1721 1809/443/1722 1807/441/1722
f 1807/441/1722 1809/443/1722 283/446/384 278/440/384
f 277/439/385 281/447/385 1808/442/1721 1806/438/1720
f 1810/448/177 1811/451/177 286/450/177 285/449/177
f 1812/452/371 289/455/371 291/454/371 1813/453/371
f 1810/448/1720 1812/452/1720 1813/453/1722 1811/451/1722
f 1811/451/1722 1813/453/1722 291/456/384 286/450/384
f 285/449/385 289/457/385 1812/452/1720 1810/448/1720
f 1814/458/386 1818/461/386 1819/460/386 1815/459/386
f 1815/459/386 1819/460/386 1820/463/386 1816/462/386
f 1816/462/386 1820/463/386 1821/465/386 1817/464/386
f 1817/464/386 1821/465/386 1822/467/386 297/466/386
f 297/466/386 1822/467/386 1823/469/386 298/468/386
f 1818/461/386 1824/471/386 1825/470/386 1819/460/386
f 1819/460/386 1825/470/386 1826/472/386 1820/463/386
f 1820/463/386 1826/472/386 1827/473/386 1821/465/386
f 1821/465/386 1827/473/386 1828/474/386 1822/467/386
f 1822/467/386 1828/474/386 1829/475/386 1823/469/386
f 1830/476/1723 1831/479/1724 1835/478/389 1834/477/1725
f 1831/479/1724 1832/481/1726 1836/480/1727 1835/478/389
f 1832/481/1726 1833/483/1728 1837/482/1729 1836/480/1727
f 1833/483/1728 315/485/396 1838/484/1730 1837/482/1729
f 315/485/396 316/487/398 1839/486/1731 1838/484/1730
f 1834/477/1725 1835/478/389 1841/489/1732 1840/488/1733
f 1835/478/389 1836/480/1727 1842/490/1734 1841/489/1732
f 1836/480/1727 1837/482/1729 1843/491/1735 1842/490/1734
f 1837/482/1729 1838/484/1730 1844/492/1736 1843/491/1735
f 1838/484/1730 1839/486/1731 1845/493/1737 1844/492/1736
f 298/468/405 1823/469/1738 1839/486/1731 316/487/398
f 1827/473/1739 1826/472/1740 1842/490/1734 1843/491/1735
f 1814/458/1741 1815/459/1742 1831/479/1724 1830/476/1723
f 1815/459/1742 1816/462/1743 1832/481/1726 1831/479/1724
f 1824/471/1744 1818/461/1745 1834/477/1725 1840/488/1733
f 1828/474/1746 1827/473/1739 1843/491/1735 1844/492/1736
f 1816/462/1743 1817/464/1747 1833/483/1728 1832/481/1726
f 1823/469/1738 1829/475/1748 1845/493/1737 1839/486/1731
f 1817/464/1747 297/466/417 315/485/396 1833/483/1728
f 1825/470/1749 1824/471/1744 1840/488/1733 1841/489/1732
f 1829/475/1748 1828/474/1746 1844/492/1736 1845/493/1737
f 1818/461/1745 1814/458/1741 1830/476/1723 1834/477/1725
f 1826/472/1740 1825/470/1749 1841/489/1732 1842/490/1734
f 2913/494/1750 2918/497/1751 2920/496/1752 2915/495/1753
f 2914/498/1754 2919/501/1755 1432/500/424 1424/499/424
f 1846/502/445 1848/505/1756 1849/504/442 1847/503/444
f 1848/505/1756 1850/507/1757 1851/506/1758 1849/504/442
f 1850/507/1757 1852/509/439 1853/508/438 1851/506/1758
f 1852/509/439 1854/511/437 1855/510/436 1853/508/438
f 1854/511/437 1856/513/435 1857/512/434 1855/510/436
f 1856/513/435 1858/515/433 1859/514/432 1857/512/434
f 1858/515/433 1860/517/431 1861/516/430 1859/514/432
f 1860/517/431 1862/519/429 1863/518/428 1861/516/430
f 1862/519/429 1864/521/1759 1865/520/427 1863/518/428
f 1864/521/1759 1866/523/461 1867/522/460 1865/520/427
f 1866/523/461 1868/525/1760 1869/524/1761 1867/522/460
f 1868/525/1760 1870/527/457 1871/526/456 1869/524/1761
f 1870/527/457 1872/529/455 1873/528/454 1871/526/456
f 1872/529/455 1874/531/453 1875/530/452 1873/528/454
f 1874/531/453 1876/533/451 1877/532/450 1875/530/452
f 1876/533/451 1878/535/449 1879/534/448 1877/532/450
f 1878/535/449 1880/537/447 1881/536/446 1879/534/448
f 1880/537/447 1846/539/445 1847/538/444 1881/536/446
f 1873/540/454 1909/543/1762 1907/542/1763 1871/541/456
f 1862/544/429 1898/547/476 1900/546/1764 1864/545/1759
f 1880/548/447 1916/551/481 1882/550/1765 1846/549/445
f 1865/552/427 1901/555/471 1899/554/1766 1863/553/428
f 1847/556/444 1883/559/1767 1917/558/482 1881/557/446
f 1854/560/437 1890/563/472 1892/562/1768 1856/561/435
f 1872/564/455 1908/567/474 1910/566/1769 1874/565/453
f 1846/549/445 1882/550/1765 1884/569/1770 1848/568/1756
f 1857/570/434 1893/573/477 1891/572/1771 1855/571/436
f 1875/574/452 1911/575/1772 1909/543/1762 1873/540/454
f 1849/576/442 1885/577/1773 1883/559/1767 1847/556/444
f 1864/545/1759 1900/546/1764 1902/579/467 1866/578/461
f 1867/580/460 1903/581/470 1901/555/471 1865/552/427
f 1856/582/435 1892/585/1768 1894/584/1774 1858/583/433
f 1874/565/453 1910/566/1769 1912/587/1775 1876/586/451
f 1859/588/432 1895/591/1776 1893/590/477 1857/589/434
f 1877/592/450 1913/593/462 1911/575/1772 1875/574/452
f 1848/568/1756 1884/569/1770 1886/595/491 1850/594/1757
f 1866/578/461 1902/579/467 1904/597/1777 1868/596/1760
f 1851/598/1758 1887/599/1778 1885/577/1773 1849/576/442
f 1869/600/1761 1905/601/1779 1903/581/470 1867/580/460
f 1858/583/433 1894/584/1774 1896/603/1780 1860/602/431
f 1876/586/451 1912/587/1775 1914/605/1781 1878/604/449
f 1861/606/430 1897/607/1782 1895/591/1776 1859/588/432
f 1879/608/448 1915/609/1783 1913/593/462 1877/592/450
f 1850/594/1757 1886/595/491 1888/611/1784 1852/610/439
f 1868/596/1760 1904/597/1777 1906/613/1785 1870/612/457
f 1853/614/438 1889/615/1786 1887/599/1778 1851/598/1758
f 1871/541/456 1907/542/1763 1905/601/1779 1869/600/1761
f 1860/602/431 1896/603/1780 1898/547/476 1862/544/429
f 1878/604/449 1914/605/1781 1916/551/481 1880/548/447
f 1863/553/428 1899/554/1766 1897/607/1782 1861/606/430
f 1881/557/446 1917/558/482 1915/609/1783 1879/608/448
f 1852/610/439 1888/611/1784 1890/563/472 1854/560/437
f 1870/612/457 1906/613/1785 1908/567/474 1872/564/455
f 1855/571/436 1891/572/1771 1889/615/1786 1853/614/438
f 1882/616/1765 1916/633/481 1914/632/1781 1912/631/1775 1910/630/1769 1908/629/474 1906/628/1785 1904/627/1777 1902/626/467 1900/625/1764 1898/624/476 1896/623/1780 1894/622/1774 1892/621/1768 1890/620/472 1888/619/1784 1886/618/491 1884/617/1770
f 1885/634/1773 1887/651/1778 1889/650/1786 1891/649/1771 1893/648/477 1895/647/1776 1897/646/1782 1899/645/1766 1901/644/471 1903/643/470 1905/642/1779 1907/641/1763 1909/640/1762 1911/639/1772 1913/638/462 1915/637/1783 1917/636/482 1883/635/1767
f 1934/652/512 1952/655/513 1953/654/1787 1935/653/1788
f 1927/656/510 1945/659/511 1946/658/1789 1928/657/1790
f 1920/660/526 1938/663/1791 1939/662/523 1921/661/522
f 1935/653/1788 1953/654/1787 1936/665/505 1918/664/502
f 1928/657/1790 1946/658/1789 1947/667/501 1929/666/498
f 1921/661/522 1939/662/523 1940/669/519 1922/668/518
f 1929/666/498 1947/667/501 1948/671/529 1930/670/528
f 1922/668/518 1940/669/519 1941/673/515 1923/672/514
f 1930/670/528 1948/671/529 1949/675/525 1931/674/524
f 1923/676/514 1941/679/515 1942/678/508 1924/677/507
f 1931/674/524 1949/675/525 1950/681/521 1932/680/520
f 1924/677/507 1942/678/508 1943/683/509 1925/682/506
f 1932/680/520 1950/681/521 1951/685/517 1933/684/516
f 1925/682/506 1943/683/509 1944/687/1792 1926/686/1793
f 1918/664/502 1936/665/505 1937/689/1794 1919/688/1795
f 1933/684/516 1951/685/517 1952/655/513 1934/652/512
f 1926/686/1793 1944/687/1792 1945/659/511 1927/656/510
f 1919/688/1795 1937/689/1794 1938/663/1791 1920/660/526
f 1951/685/517 1950/681/521 1986/691/568 1987/690/565
f 1938/663/1791 1937/689/1794 1972/693/553 1974/692/551
f 1924/677/507 1925/682/506 1961/695/561 1960/694/564
f 1952/655/513 1951/685/517 1987/690/565 1988/696/562
f 1939/662/523 1938/663/1791 1974/692/551 1975/697/549
f 1925/682/506 1926/686/1793 1962/698/558 1961/695/561
f 1953/654/1787 1952/655/513 1988/696/562 1989/699/559
f 1940/669/519 1939/662/523 1975/697/549 1976/700/547
f 1926/686/1793 1927/656/510 1963/701/557 1962/698/558
f 1936/665/505 1953/654/1787 1989/699/559 1973/702/555
f 1941/673/515 1940/669/519 1976/700/547 1977/703/544
f 1927/656/510 1928/657/1790 1964/704/566 1963/701/557
f 1942/678/508 1941/679/515 1977/706/544 1978/705/541
f 1928/657/1790 1929/666/498 1965/707/563 1964/704/566
f 1943/683/509 1942/678/508 1978/705/541 1979/708/536
f 1929/666/498 1930/670/528 1966/709/560 1965/707/563
f 1944/687/1792 1943/683/509 1979/708/536 1980/710/537
f 1930/670/528 1931/674/524 1967/711/556 1966/709/560
f 1945/659/511 1944/687/1792 1980/710/537 1981/712/546
f 1931/674/524 1932/680/520 1968/713/554 1967/711/556
f 1918/664/502 1919/688/1795 1954/715/542 1955/714/545
f 1946/658/1789 1945/659/511 1981/712/546 1982/716/543
f 1932/680/520 1933/684/516 1969/717/552 1968/713/554
f 1919/688/1795 1920/660/526 1956/718/539 1954/715/542
f 1947/667/501 1946/658/1789 1982/716/543 1983/719/540
f 1933/684/516 1934/652/512 1970/720/550 1969/717/552
f 1920/660/526 1921/661/522 1957/721/538 1956/718/539
f 1948/671/529 1947/667/501 1983/719/540 1984/722/534
f 1934/652/512 1935/653/1788 1971/723/548 1970/720/550
f 1921/661/522 1922/668/518 1958/724/569 1957/721/538
f 1949/675/525 1948/671/529 1984/722/534 1985/725/535
f 1935/653/1788 1918/664/502 1955/714/545 1971/723/548
f 1922/668/518 1923/672/514 1959/726/567 1958/724/569
f 1950/681/521 1949/675/525 1985/725/535 1986/691/568
f 1937/689/1794 1936/665/505 1973/702/555 1972/693/553
f 1923/676/514 1924/677/507 1960/694/564 1959/727/567
f 1990/728/177 1991/731/177 474/730/177 473/729/177
f 1992/732/371 477/735/371 479/734/371 1993/733/371
f 1990/728/1796 1992/732/1796 1993/733/1797 1991/731/1797
f 1991/731/1797 1993/733/1797 479/736/384 474/730/384
f 473/729/385 477/737/385 1992/732/1796 1990/728/1796
f 1996/738/572 1997/741/1798 1995/740/1799 1994/739/572
f 1999/742/575 1998/745/575 2000/744/575 2001/743/575
f 1995/740/1799 2000/744/1800 1998/745/1801 1994/739/579
f 1994/739/579 1998/745/1801 1999/746/1802 1996/738/576
f 1996/738/576 1999/746/1802 2001/747/370 1997/741/1798
f 1781/366/1682 1751/748/1803 2004/258/1614 2006/262/1618
f 1751/748/1803 1700/749/1804 2002/261/1615 2004/258/1614
f 2780/750/1586 166/751/174 491/224/174 2783/221/1586
f 2991/752/174 1701/753/174 2003/178/174 2996/175/174
f 1743/754/1805 1744/407/1806 2007/257/1611 2008/254/1610
f 2821/755/174 1747/756/1597 1741/253/1601 2827/250/174
f 1754/252/174 1741/253/1601 1755/758/174 1752/757/174
f 2787/759/174 2437/762/1807 1779/761/1808 2005/760/1809
f 2889/763/174 2888/765/174 2788/764/174 1755/758/174
f 2025/652/512 2043/655/513 2044/654/1787 2026/766/1788
f 2018/656/510 2036/659/511 2037/658/1789 2019/657/1790
f 2011/660/526 2029/663/1791 2030/662/523 2012/661/522
f 2026/766/1788 2044/654/1787 2027/665/505 2009/664/502
f 2019/657/1790 2037/658/1789 2038/667/501 2020/666/498
f 2012/661/522 2030/662/523 2031/669/519 2013/668/518
f 2020/666/498 2038/667/501 2039/671/529 2021/670/528
f 2013/668/518 2031/669/519 2032/673/515 2014/672/514
f 2021/670/528 2039/671/529 2040/767/525 2022/674/524
f 2014/676/514 2032/679/515 2033/678/508 2015/677/507
f 2022/674/524 2040/767/525 2041/681/521 2023/680/520
f 2015/677/507 2033/678/508 2034/683/509 2016/682/506
f 2023/680/520 2041/681/521 2042/685/517 2024/684/516
f 2016/682/506 2034/683/509 2035/687/1792 2017/686/532
f 2009/664/502 2027/665/505 2028/689/1794 2010/688/1795
f 2024/684/516 2042/685/517 2043/655/513 2025/652/512
f 2017/686/532 2035/687/1792 2036/659/511 2018/656/510
f 2010/688/1795 2028/689/1794 2029/663/1791 2011/660/526
f 2042/685/517 2041/681/521 2077/691/568 2078/690/565
f 2029/663/1791 2028/689/1794 2063/693/553 2065/692/551
f 2015/677/507 2016/682/506 2052/695/561 2051/694/564
f 2043/655/513 2042/685/517 2078/690/565 2079/696/562
f 2030/662/523 2029/663/1791 2065/692/551 2066/697/549
f 2016/682/506 2017/686/532 2053/698/558 2052/695/561
f 2044/654/1787 2043/655/513 2079/696/562 2080/699/559
f 2031/669/519 2030/662/523 2066/697/549 2067/700/547
f 2017/686/532 2018/656/510 2054/701/557 2053/698/558
f 2027/665/505 2044/654/1787 2080/699/559 2064/702/555
f 2032/673/515 2031/669/519 2067/700/547 2068/703/544
f 2018/656/510 2019/657/1790 2055/704/566 2054/701/557
f 2033/678/508 2032/679/515 2068/768/544 2069/705/541
f 2019/657/1790 2020/666/498 2056/707/563 2055/704/566
f 2034/683/509 2033/678/508 2069/705/541 2070/708/536
f 2020/666/498 2021/670/528 2057/709/560 2056/707/563
f 2035/687/1792 2034/683/509 2070/708/536 2071/710/537
f 2021/670/528 2022/674/524 2058/711/556 2057/709/560
f 2036/659/511 2035/687/1792 2071/710/537 2072/712/546
f 2022/674/524 2023/680/520 2059/713/554 2058/711/556
f 2009/664/502 2010/688/1795 2045/715/542 2046/714/545
f 2037/658/1789 2036/659/511 2072/712/546 2073/716/543
f 2023/680/520 2024/684/516 2060/717/552 2059/713/554
f 2010/688/1795 2011/660/526 2047/769/539 2045/715/542
f 2038/667/501 2037/658/1789 2073/716/543 2074/719/540
f 2024/684/516 2025/652/512 2061/720/550 2060/717/552
f 2011/660/526 2012/661/522 2048/721/538 2047/769/539
f 2039/671/529 2038/667/501 2074/719/540 2075/722/534
f 2025/652/512 2026/766/1788 2062/723/548 2061/720/550
f 2012/661/522 2013/668/518 2049/724/569 2048/721/538
f 2040/767/525 2039/671/529 2075/722/534 2076/725/535
f 2026/766/1788 2009/664/502 2046/714/545 2062/723/548
f 2013/668/518 2014/672/514 2050/726/567 2049/724/569
f 2041/681/521 2040/767/525 2076/725/535 2077/691/568
f 2028/689/1794 2027/665/505 2064/702/555 2063/693/553
f 2014/676/514 2015/677/507 2051/694/564 2050/727/567
f 2001/747/370 2950/771/370 2955/770/1810 1997/741/1798
f 2081/772/601 2085/775/1811 2087/774/1812 2083/773/1813
f 1997/741/1798 2955/770/1810 2954/776/590 1995/740/1799
f 2000/744/1800 2951/778/1814 2950/777/597 2001/743/596
f 2956/779/1815 2082/781/1816 2081/772/601 2953/780/599
f 2082/781/1816 2086/782/1817 2085/775/1811 2081/772/601
f 2084/783/370 2088/784/370 2086/782/1817 2082/781/1816
f 2083/773/1813 2087/774/1812 2088/786/371 2084/785/603
f 2091/738/604 2089/739/604 2090/788/1818 2092/787/1819
f 2094/742/607 2096/743/607 2095/789/607 2093/745/607
f 2090/788/1818 2089/739/612 2093/745/1820 2095/789/1821
f 2089/739/612 2091/738/610 2094/746/1822 2093/745/1820
f 2091/738/610 2092/787/1819 2096/747/370 2094/746/1822
f 2090/788/1818 2095/789/1821 2960/791/1823 2961/790/1824
f 2097/792/1825 2099/793/1826 2087/774/1812 2085/775/1811
f 2092/787/1819 2090/788/1818 2961/790/1824 2964/794/1827
f 2095/789/1821 2096/743/619 2957/795/618 2960/791/1823
f 2963/796/1828 2962/798/1829 2097/792/1825 2098/797/1830
f 2098/797/1830 2097/792/1825 2085/775/1811 2086/782/1817
f 2100/783/370 2098/797/1830 2086/782/1817 2088/784/370
f 2099/793/1826 2100/785/1831 2088/786/371 2087/774/1812
f 2117/799/1832 2120/802/1833 2113/801/1834 2106/800/1835
f 2110/803/1836 2111/806/1837 2116/805/1838 2114/804/1839
f 2101/807/1840 2105/810/1841 2107/809/1842 2104/808/1843
f 2106/800/1835 2113/801/1834 2115/812/1844 2108/811/1845
f 2108/811/1845 2115/812/1844 2119/814/1846 2118/813/1847
f 2117/815/1832 2101/807/1840 2104/808/1843 2118/813/1847
f 2101/807/1840 2117/815/1832 2106/816/1835 2105/810/1841
f 2105/810/1841 2106/816/1835 2108/811/1845 2107/809/1842
f 2107/809/1842 2108/811/1845 2118/813/1847 2104/808/1843
f 2110/803/1836 2120/817/1833 2119/814/1846 2111/806/1837
f 2120/817/1833 2110/803/1836 2114/804/1839 2113/818/1834
f 2113/818/1834 2114/804/1839 2116/805/1838 2115/812/1844
f 2115/812/1844 2116/805/1838 2111/806/1837 2119/814/1846
f 2103/819/1848 2112/822/1848 2109/821/1849 2102/820/1849
f 2102/823/1849 2117/825/1832 2118/813/1847 2103/824/1848
f 2112/826/1848 2119/814/1846 2120/828/1833 2109/827/1849
f 2103/824/1848 2118/813/1847 2119/814/1846 2112/826/1848
f 2109/827/1849 2120/828/1833 2117/825/1832 2102/823/1849
f 2123/829/1850 2125/832/1851 2128/831/1852 2124/830/1853
f 2121/833/1854 2126/834/1855 2125/832/1851 2123/829/1850
f 2122/835/1856 2127/836/1857 2126/834/1855 2121/833/1854
f 2124/837/1853 2128/838/1852 2127/836/1857 2122/835/1856
f 2989/839/1858 1694/842/1503 2133/841/1859 2986/840/1860
f 2992/843/1861 1740/844/1862 2134/171/1556 2997/172/1555
f 2712/845/1863 1767/848/1864 2131/847/1558 2713/846/1557
f 2719/849/1865 1740/844/1862 2133/851/1859 2745/850/1866
f 1736/226/1591 1739/227/1590 2136/853/1653 2130/852/1652
f 2177/854/1867 2178/291/1635 214/292/1637 213/855/1868
f 2744/856/1869 2134/171/1556 1740/844/1862 2719/849/1865
f 2711/857/1870 2132/858/1871 1767/848/1864 2712/845/1863
f 2986/859/1860 2133/851/1859 1740/844/1862 2992/843/1861
f 260/860/660 1723/863/1872 1738/862/1873 625/861/661
f 2132/864/1871 2160/867/1874 2151/866/1875 1767/865/1876
f 1767/865/1876 2151/866/1875 2161/869/1877 2131/868/1878
f 1700/749/1804 2141/871/174 2159/870/174 2002/261/1615
f 1704/872/1879 1776/875/1880 2158/874/1881 2142/873/1882
f 1772/876/1883 2156/879/1884 2157/878/1885 1773/877/1886
f 1770/880/1887 2155/883/1888 2154/882/1889 1768/881/1890
f 1776/875/1880 1773/877/1886 2157/878/1885 2158/874/1881
f 2862/884/1891 1772/887/1892 2289/886/1893 2236/885/1894
f 1772/876/1883 2862/889/1891 2866/888/1895 2156/879/1884
f 1770/880/1887 1706/891/1896 2143/890/1897 2155/883/1888
f 2750/358/174 2774/893/174 645/892/174 162/357/174
f 1729/266/1630 2152/894/1898 2153/894/1899 1732/266/1630
f 2002/261/1615 2159/870/174 2152/895/174 1729/260/1616
f 1720/896/1900 2131/868/1878 2161/869/1877 2150/897/1901
f 1718/898/1902 1720/896/1900 2150/897/1901 2149/899/1903
f 1716/900/1904 1718/898/1902 2149/899/1903 2148/901/1905
f 1714/902/1906 1716/900/1904 2148/901/1905 2147/903/1907
f 1712/904/1908 1714/902/1906 2147/903/1907 2146/905/1909
f 2877/906/1519 1712/904/1908 2146/905/1909 2880/907/1910
f 2857/908/1911 1710/911/1912 2145/910/1913 2860/909/1914
f 1706/891/1896 1708/913/1915 2144/912/1916 2143/890/1897
f 1698/914/1917 1704/872/1879 2142/873/1882 2140/915/1918
f 1700/916/1919 1697/919/1920 2138/918/1921 2141/917/1922
f 1702/920/1923 1698/914/1917 2140/915/1918 2139/921/1924
f 1697/919/1920 1702/920/1923 2139/921/1924 2138/918/1921
f 2165/922/1697 2163/925/1696 2162/924/1659 2164/923/1657
f 2881/926/1642 2165/922/1697 2164/923/1657 2882/927/1656
f 2169/928/1650 2167/931/1643 2166/930/1662 2168/929/1661
f 2171/932/1638 2169/928/1650 2168/929/1661 2170/933/1660
f 2173/934/1639 2171/932/1638 2170/933/1660 2172/935/1658
f 2175/936/1648 2173/934/1639 2172/935/1658 2174/937/1636
f 2178/938/1635 2177/940/1867 2176/939/1925
f 2174/937/1636 2178/938/1635 2176/939/1925 2175/936/1648
f 2129/290/1634 1736/303/1646 1737/304/1646 1722/289/1634
f 2953/780/599 2081/772/601 2083/773/1813 2952/941/1926
f 1995/740/1799 2954/776/590 2951/778/1814 2000/744/1800
f 2958/942/370 2963/796/1828 2098/797/1830 2100/783/370
f 2952/941/1926 2083/773/1813 2084/785/603 2949/943/717
f 2962/798/1829 2959/944/1927 2099/793/1826 2097/792/1825
f 2959/944/1927 2958/945/719 2100/785/1831 2099/793/1826
f 2096/747/370 2092/787/1819 2964/794/1827 2957/946/370
f 2130/306/1647 2175/948/1648 2176/947/1925 2179/305/1647
f 2772/949/1928 1791/952/1929 2135/951/1930 2763/950/1931
f 2176/953/1925 2177/956/1867 1737/955/1932 2179/954/371
f 1737/955/1932 2177/956/1867 213/958/727 1722/957/1933
f 1506/959/728 205/962/731 2135/961/1934 2998/960/1934
f 625/963/732 2135/961/1935 205/962/731
f 1748/964/1936 2163/388/1696 1760/389/1699
f 2340/965/370 2343/968/1937 2342/967/1938 2341/966/1939
f 2347/969/1940 2299/972/1941 1710/971/1912 2244/970/1942
f 2422/973/1943 2419/976/1944 2406/975/1945 2403/974/1946
f 2214/977/1947 2207/980/1948 2263/979/1949 2290/978/1950
f 1706/981/1896 2330/984/1951 2333/983/1952 1708/982/1915
f 2394/985/370 2398/988/370 2399/987/370 2397/986/370
f 2216/989/1953 2204/992/1954 2260/991/1955 2294/990/1956
f 2287/993/1957 2286/996/1958 2246/995/1959 2256/994/1960
f 2245/997/1961 2418/999/1962 2424/998/1963 2286/996/1958
f 2310/1000/1964 2308/1003/370 2265/1002/1965 2251/1001/1966
f 2310/1000/1964 2311/1005/1967 2309/1004/370 2308/1003/370
f 2208/1006/1968 2192/1009/1969 2225/1008/1970 2235/1007/1971
f 2340/965/370 2341/966/1939 2305/1011/1972 2322/1010/1973
f 1768/881/1890 2154/882/1889 2867/1013/1974 2863/1012/1975
f 2303/1014/1976 2270/1017/1977 2257/1016/1978 2302/1015/1979
f 2267/1018/1980 2295/1021/1981 2258/1020/1982 2268/1019/1983
f 2275/1022/370 2353/1025/1984 2360/1024/1985 2218/1023/370
f 2331/1026/1986 2273/1028/1987 2271/1027/1988 2347/969/1940
f 2296/1029/1989 2303/1014/1976 2327/1031/1990 2326/1030/1991
f 2275/1022/370 2274/1033/370 2351/1032/1992 2353/1025/1984
f 2209/1034/1993 2233/1035/1994 2310/1000/1964 2251/1001/1966
f 2340/965/370 2322/1010/1973 2230/1036/1995 2309/1004/370
f 2307/1037/370 2358/1040/1996 2356/1039/1997 2306/1038/370
f 2326/1030/1991 2327/1031/1990 2234/1042/1998 2224/1041/1999
f 2193/1043/2000 2208/1006/1968 2235/1007/1971 2227/1044/2001
f 2210/1045/2002 2231/1048/2003 2221/1047/2004 2190/1046/2005
f 2322/1010/1973 2323/1050/2006 2220/1049/2007 2230/1036/1995
f 2339/129/1513 2279/1053/2008 2367/1052/2009 2366/1051/2010
f 2251/1001/1966 2265/1002/1965 2293/1055/2011 2291/1054/2012
f 2264/1056/2013 2252/1059/2014 2335/1058/2015 2345/1057/2016
f 2285/1060/2017 2184/1062/2018 2201/1061/2019
f 2424/998/1963 2391/1063/2020 2246/995/1959 2286/996/1958
f 2404/1064/2021 2472/1067/2022 2420/1066/2023 2423/1065/2024
f 2397/1068/822 2399/1070/825 2430/1069/2025 2427/1068/2026
f 2337/1071/2027 2423/1065/2024 2420/1066/2023 2697/1072/2028
f 1768/1073/1890 2250/1076/2029 2298/1075/2030 1770/1074/1887
f 2287/993/1957 2256/994/1960 2248/1078/2031 2269/1077/2032
f 2207/980/1948 2214/977/1947 2208/1006/1968 2193/1043/2000
f 2184/1062/2018 2287/993/1957 2269/1077/2032 2277/1079/2033
f 2693/1080/2034 2698/1081/2035 2285/1060/2017 2201/1061/2019
f 2335/1058/2015 2336/1082/2036 2337/1071/2027 2345/1057/2016
f 2209/1034/1993 2251/1001/1966 2291/1054/2012 2215/1083/2037
f 1761/390/2038 2348/1085/2039 2332/1084/2040 1760/389/2041
f 2332/1084/2040 2294/990/1956 1760/389/2041
f 2344/1086/370 2373/1090/370 2189/1089/370 2350/1088/370 2249/1087/370
f 2303/1014/1976 2302/1015/1979 2328/1091/2042 2327/1031/1990
f 2210/1045/2002 2190/1046/2005 2204/992/1954 2216/989/1953
f 2317/1092/370 2318/1095/370 2314/1094/370 2313/1093/370
f 2319/1096/370 2320/1099/370 2316/1098/2043 2315/1097/2043
f 2265/1002/1965 2210/1045/2002 2216/989/1953 2293/1055/2011
f 2219/1100/370 2357/1103/2044 2354/1102/2045 2211/1101/370
f 2309/1004/370 2311/1005/1967 2343/968/1937 2340/965/370
f 2233/1035/1994 2232/1104/2046 2311/1005/1967 2310/1000/1964
f 2227/1044/2001 2235/1007/1971 2234/1042/1998 2226/1105/2047
f 2300/1106/2048 2305/1011/1972 2219/1107/2049
f 2206/1108/2050 2183/1111/2051 2297/1110/2052 2262/1109/2053
f 2696/1112/370 2695/1113/370 2320/1099/370 2319/1096/370
f 2237/1114/370 2238/1115/370 2318/1095/370 2317/1092/370
f 2237/1114/370 2240/1117/370 2239/1116/370 2238/1115/370
f 2315/1097/2043 2316/1098/2043 2228/1119/2054 2229/1118/2055
f 2313/1093/370 2314/1094/370 2224/1041/1999 2225/1008/1970
f 2329/1120/2056 2229/1118/2055 2236/885/1894 2321/1121/2057
f 2428/1122/2058 2414/1125/2059 2222/1124/2060 2223/1123/2061
f 2308/1003/370 2309/1004/370 2230/1036/1995 2231/1048/2003
f 2269/1077/2032 2248/1078/2031 2257/1016/1978 2270/1017/1977
f 2183/1111/2051 2273/1028/1987 2331/1026/1986 2297/1110/2052
f 2861/1126/2062 2850/1129/2063 2197/1128/2064 2181/1127/2065
f 2413/1130/2066 2385/1133/2067 2191/1132/2068 2217/1131/2069
f 2314/1134/2070 2318/1136/2071 2548/1135/2071 2540/1134/2072
f 2349/1137/370 2276/1140/370 2355/1139/2073 2363/1138/2074
f 2272/1141/2075 2331/1026/1986 2347/969/1940 2244/970/1942
f 2301/1142/2076 2277/1079/2033 2269/1077/2032 2270/1017/1977
f 2214/977/1947 2185/1143/2077 2192/1009/1969 2208/1006/1968
f 2338/128/1514 2339/129/1513 2366/1051/2010 2281/1144/2078
f 2429/1145/2079 2428/1122/2058 2223/1123/2061 2243/1146/2080
f 2293/1055/2011 2216/989/1953 2294/990/1956 2332/1084/2040
f 2307/1147/2081 2306/1148/2082 2341/966/1939 2342/967/1938
f 2440/1149/2083 2429/1145/2079 2243/1146/2080 2261/1150/2084
f 2417/1151/2085 2418/999/1962 2245/997/1961 2284/1152/2086
f 117/1153/291 1267/1156/887 2775/1155/2087 1692/1154/1655
f 2406/975/1945 2481/1158/2088 2477/1157/2089 2403/974/1946
f 2239/1159/2090 2545/1162/2091 2549/1161/2092 2238/1160/2092
f 2317/1163/2093 2313/1166/2094 2538/1165/2094 2547/1164/2095
f 2329/1167/2096 2554/1170/2096 2542/1169/2097 2229/1168/2097
f 2331/1026/1986 2272/1141/2075 2861/1126/2062 2297/1110/2052
f 2185/1143/2077 2214/977/1947 2290/978/1950 2299/972/1941
f 2250/1076/2029 2194/1172/2098 2187/1171/2099 2298/1075/2030
f 2400/1173/1609 1750/1175/1608 2279/1053/2008 2411/1174/2100
f 2338/128/1514 2282/1177/2101 2412/1176/2102 2393/127/1515
f 2289/886/1893 2288/1180/2103 2334/1179/2104 2346/1178/2105
f 2299/972/1941 2290/978/1950 2198/1181/2106 1710/971/1912
f 2327/1031/1990 2328/1091/2042 2226/1105/2047 2234/1042/1998
f 2698/1081/2035 2345/1057/2016 2337/1071/2027 2697/1072/2028
f 2320/1182/2107 2551/1185/2108 2543/1184/2109 2316/1183/2109
f 2330/984/1951 2253/1187/2110 2266/1186/2111 2333/983/1952
f 2419/976/1944 2334/1179/2104 2288/1180/2103 2421/1188/2112
f 2422/973/1943 2423/1065/2024 2337/1071/2027 2336/1082/2036
f 2279/1053/2008 2339/129/1513 2395/126/1512 2411/1174/2100
f 2282/1177/2101 2338/128/1514 2281/1190/2078 2213/1189/2113
f 2367/1052/2009 2279/1053/2008 1750/1175/1608 2368/1191/2114
f 2304/1192/2115 2342/967/1938 2343/968/1937 2324/1193/2116
f 2312/1194/2117 2228/1119/2054 2194/1172/2098 2250/1076/2029
f 2271/1195/2118 2528/1198/2119 2529/1197/2120 2185/1196/2121
f 2694/1199/2122 2701/1202/2122 2536/1201/2123 2206/1200/2123
f 2252/1203/2124 2521/1206/2125 2522/1205/2126 2186/1204/2127
f 2295/1207/2128 2534/1210/2129 2524/1209/2130 2258/1208/2131
f 2184/1211/2132 2525/1214/2133 2530/1213/2134 2201/1212/2135
f 2264/1215/2136 2526/1216/2137 2521/1206/2125 2252/1203/2124
f 2296/1217/2138 2535/1219/2138 2537/1218/2139 2301/1218/2140
f 2192/1220/2141 2533/1223/2141 2539/1222/2142 2225/1221/2143
f 2229/1168/2097 2542/1169/2097 2541/1225/2144 2315/1224/2144
f 2696/1226/2145 2319/1229/2146 2550/1228/2147 2703/1227/2145
f 2308/1003/370 2231/1048/2003 2210/1045/2002 2265/1002/1965
f 2885/1230/2148 2440/1149/2083 2261/1150/2084 2883/1231/2149
f 2414/1125/2059 2413/1130/2066 2217/1131/2069 2222/1124/2060
f 2349/1232/2150 2188/1235/2151 2247/1234/2152 2276/1233/2153
f 2258/1208/2131 2524/1209/2130 2554/1170/2096 2329/1167/2096
f 2306/1148/2082 2219/1107/2049 2305/1011/1972 2341/966/1939
f 2344/1086/370 2281/1238/370 2196/1237/370 2369/1236/370
f 2218/1023/370 2360/1024/1985 2358/1040/1996 2307/1037/370
f 2211/1101/370 2354/1102/2045 2355/1139/2073 2276/1140/370
f 2410/1239/2154 2180/1242/2155 2191/1241/2068 2385/1240/2067
f 2276/1233/2153 2247/1234/2152 2199/1244/2156 2211/1243/2157
f 2306/1038/370 2356/1039/1997 2357/1103/2044 2219/1100/370
f 2202/1245/370 2352/1246/2158 2351/1032/1992 2274/1033/370
f 2202/1245/370 2249/1087/370 2361/1247/2159 2352/1246/2158
f 2289/886/1893 2346/1178/2105 2186/1249/2160 2200/1248/2161
f 2200/1248/2161 2186/1249/2160 2295/1021/1981 2267/1018/1980
f 2183/1250/2162 2556/1253/2163 2531/1252/2164 2273/1251/2164
f 2301/1218/2140 2537/1218/2139 2532/1255/2165 2277/1254/2165
f 2317/1163/2093 2547/1164/2095 2544/1257/2166 2237/1256/2167
f 2285/1060/2017 2284/1152/2086 2245/997/1961 2184/1062/2018
f 2187/1258/2168 2555/1261/2168 2523/1260/2169 2253/1259/2169
f 2225/1221/2143 2539/1222/2142 2538/1165/2094 2313/1166/2094
f 2693/1262/2170 2700/1263/2170 2526/1216/2137 2264/1215/2136
f 2224/1264/2171 2553/1267/2172 2552/1266/2173 2326/1265/2173
f 2296/1217/2138 2326/1265/2173 2552/1266/2173 2535/1219/2138
f 2194/1268/2174 2520/1269/2174 2555/1261/2168 2187/1258/2168
f 2319/1229/2146 2315/1224/2144 2541/1225/2144 2550/1228/2147
f 2185/1196/2121 2529/1197/2120 2533/1223/2141 2192/1220/2141
f 2351/1032/1992 2377/1032/2175 2379/1025/2176 2353/1025/1984
f 2237/1256/2167 2544/1257/2166 2546/1271/2177 2240/1270/2177
f 2316/1183/2109 2543/1184/2109 2557/1273/2178 2228/1272/2179
f 2277/1254/2165 2532/1255/2165 2525/1214/2133 2184/1211/2132
f 2206/1200/2123 2536/1201/2123 2556/1253/2163 2183/1250/2162
f 2989/839/1858 2132/1276/1871 2711/1275/1870 3032/1274/2180
f 2218/1277/2181 2307/1147/2081 2342/967/1938 2304/1192/2115
f 2305/1011/1972 2300/1106/2048 2323/1050/2006 2322/1010/1973
f 2324/1193/2116 2343/968/1937 2311/1005/1967 2232/1104/2046
f 2194/1268/2174 2228/1272/2179 2557/1273/2178 2520/1269/2174
f 2186/1204/2127 2522/1205/2126 2534/1210/2129 2295/1207/2128
f 2314/1134/2070 2540/1134/2072 2553/1267/2172 2224/1264/2171
f 2273/1251/2164 2531/1252/2164 2528/1198/2119 2271/1195/2118
f 2238/1160/2092 2549/1161/2092 2548/1135/2071 2318/1136/2071
f 2291/1054/2012 2293/1055/2011 2332/1084/2040 2348/1085/2039
f 2213/1278/370 2281/1238/370 2344/1086/370 2283/1279/370
f 2283/1279/370 2344/1086/370 2249/1087/370 2202/1245/370
f 2695/1280/2182 2240/1270/2177 2546/1271/2177 2702/1281/2182
f 2253/1259/2169 2523/1260/2169 2527/1283/2183 2266/1282/2184
f 2699/1284/2185 2694/1285/2186 2206/1108/2050 2262/1109/2053
f 2290/978/1950 2263/979/1949 2182/1286/2187 2198/1181/2106
f 2271/1027/1988 2185/1143/2077 2299/972/1941 2347/969/1940
f 2473/1287/2188 2699/1284/2185 2262/1109/2053 2181/1127/2065
f 2205/1288/2189 3017/1289/2190 2712/845/1863 2180/1242/2155
f 2215/1083/2037 2291/1054/2012 2348/1085/2039 2292/1290/2191
f 2292/1290/2191 2348/1085/2039 1761/390/2038 2195/1291/2192
f 2294/990/1956 2260/991/1955 1748/964/1936 1760/389/2041
f 1763/309/1651 1764/296/1641 2428/1122/2058 2429/1145/2079
f 2361/1247/2159 2364/1292/2193 2390/1292/2194 2380/1247/2195
f 2365/1293/370 2349/1137/370 2363/1138/2074 2364/1292/2193
f 2212/1294/370 2367/1297/370 2368/1296/370 2372/1295/370
f 2389/1298/2196 3016/1299/2197 2410/1239/2154
f 2259/1300/370 2365/1293/370 2374/1301/370
f 2196/1237/370 2281/1238/370 2366/1303/370 2375/1302/370
f 2370/1304/370 2349/1137/370 2365/1293/370 2259/1300/370
f 2255/1305/370 2373/1090/370 2344/1086/370 2369/1236/370
f 2278/1306/370 2375/1302/370 2366/1303/370 2371/1307/370
f 2180/1242/2155 2712/845/1863 2713/846/1557 2191/1241/2068
f 2368/1296/370 2376/1309/370 2280/1308/370 2372/1295/370
f 2366/1303/370 2367/1297/370 2212/1294/370 2371/1307/370
f 2368/1296/370 2349/1137/370 2203/1310/370 2376/1309/370
f 2365/1293/370 2350/1088/370 2189/1089/370 2374/1301/370
f 2358/1040/1996 2384/1040/2198 2382/1039/2199 2356/1039/1997
f 2361/1247/2159 2380/1247/2195 2378/1246/2200 2352/1246/2158
f 2354/1102/2045 2381/1102/2201 2387/1139/2202 2355/1139/2073
f 2379/1025/2176 2377/1032/2175 2381/1102/2201 2383/1103/2203
f 2353/1025/1984 2379/1025/2176 2386/1024/2204 2360/1024/1985
f 2352/1246/2158 2378/1246/2200 2377/1032/2175 2351/1032/1992
f 3051/1311/2205 3024/1314/2206 2970/1313/2207 3027/1312/2208
f 2378/1246/2200 2380/1247/2195 2388/1138/2209 2387/1139/2202
f 2378/1246/2200 2387/1139/2202 2381/1102/2201 2377/1032/2175
f 2354/1102/2045 2357/1103/2044 2383/1103/2203 2381/1102/2201
f 2383/1103/2203 2382/1039/2199 2386/1024/2204 2379/1025/2176
f 2384/1040/2198 2386/1024/2204 2382/1039/2199
f 2380/1247/2195 2390/1292/2194 2388/1138/2209
f 2137/228/1589 2389/1298/2196 2410/1239/2154 1739/227/1590
f 2425/1315/2210 2427/1068/2026 2430/1069/2025 2426/1316/2211
f 2363/1138/2074 2388/1138/2209 2390/1292/2194 2364/1292/2193
f 2356/1039/1997 2382/1039/2199 2383/1103/2203 2357/1103/2044
f 2360/1024/1985 2386/1024/2204 2384/1040/2198 2358/1040/1996
f 2362/1317/2212 2449/1319/2213 2359/117/1501 3013/1318/2214
f 2355/1139/2073 2387/1139/2202 2388/1138/2209 2363/1138/2074
f 2196/1320/370 2375/1323/370 2371/1322/370 2369/1321/370
f 2457/1324/2215 2456/1327/2216 2480/1326/2217 2487/1325/2218
f 2396/1328/2219 2409/1329/2220 2412/1176/2102 2391/1063/2020
f 2426/1316/2211 2395/1330/1026 2393/1315/2221 2425/1315/2210
f 2433/1331/2222 2437/1334/1807 2436/1333/2223 2432/1332/2224
f 2392/1335/2225 2407/1336/2226 2409/1329/2220 2396/1328/2219
f 2393/1315/2221 2397/1068/822 2427/1068/2026 2425/1315/2210
f 2401/1337/2227 2402/1340/2228 2415/1339/370 2416/1338/370
f 2395/126/1512 2399/987/370 2415/1339/370 2411/1174/2100
f 2424/998/1963 2405/1341/2229 2396/1328/2219 2391/1063/2020
f 2430/1069/2025 2399/1070/825 2395/1330/1026 2426/1316/2211
f 2422/973/1943 2403/974/1946 2404/1064/2021 2423/1065/2024
f 2394/985/370 2397/986/370 2409/1329/2220 2407/1336/2226
f 2336/1082/2036 2334/1179/2104 2419/976/1944 2422/973/1943
f 2452/1342/2230 2468/1343/2231 2418/999/1962 2417/1151/2085
f 2412/1176/2102 2409/1329/2220 2397/986/370 2393/127/1515
f 2477/1157/2089 2475/1344/2232 2404/1064/2021 2403/974/1946
f 2408/1345/2233 2406/975/1945 2419/976/1944 2421/1188/2112
f 2400/1173/1609 2411/1174/2100 2415/1339/370 2402/1340/2228
f 2254/1346/2234 2704/1348/2235 2449/1319/2213 3012/1347/2236
f 2415/1339/370 2399/987/370 2398/988/370 2416/1338/370
f 2842/1349/2237 2820/1350/370 2803/409/1703 1796/410/1710
f 2481/1158/2088 2406/975/1945 2408/1345/2233 2469/1351/2238
f 1764/296/1641 1765/297/2239 2414/1125/2059 2428/1122/2058
f 1762/301/2240 1763/309/1651 2429/1145/2079 2440/1149/2083
f 2471/1352/2241 2478/1353/2242 2468/1343/2231 2452/1342/2230
f 1765/297/2239 1766/307/1649 2413/1130/2066 2414/1125/2059
f 2431/1354/2243 2392/1335/2225 2479/1355/2244 2456/1327/2216
f 2407/1336/2226 2392/1335/2225 2431/1354/2243 2441/1356/2245
f 2439/1357/2246 2438/1360/2247 1749/1359/2248 2434/1358/2249
f 1739/227/1590 2410/1239/2154 2385/1240/2067 2136/853/1653
f 1746/1361/1705 2812/1363/2250 2455/1362/1599 1797/402/1706
f 2432/1332/2224 2398/988/370 2394/985/370 2433/1331/2222
f 2282/1177/2101 2246/995/1959 2391/1063/2020 2412/1176/2102
f 2435/1364/2251 1779/1365/1808 2441/1356/2245 2431/1354/2243
f 2441/1356/2245 2433/1331/2222 2394/985/370 2407/1336/2226
f 2283/1366/2252 2256/994/2253 2246/995/1959
f 1766/307/1649 2136/311/1653 2385/1133/2067 2413/1130/2066
f 2815/1367/2254 2447/246/1606 2400/247/1609 2402/1368/2228
f 2432/1332/2224 2436/1333/2223 2438/1360/2247 2439/1357/2246
f 2879/300/2255 1762/301/2240 2440/1149/2083 2885/1230/2148
f 2416/1338/370 2439/1357/2246 2434/1358/2249 2401/1337/2227
f 1745/411/1595 2241/408/1595 2446/1370/1595 1695/1369/1595
f 3050/1371/2256 3020/1374/2257 2966/1373/2258 3015/1372/2259
f 2441/1356/2245 1779/1365/1808 2437/1334/1807 2433/1331/2222
f 2820/1350/370 2836/1376/370 2444/1375/2260 2803/409/1703
f 2187/1171/2099 2253/1187/2110 2330/984/1951 2298/1075/2030
f 2298/1075/2030 2330/984/1951 1706/981/1896 1770/1074/1887
f 2420/1066/2023 2472/1067/2022 2452/1342/2230 2417/1151/2085
f 2463/1377/1681 2459/1380/2261 2462/1379/2262 1781/1378/1682
f 2346/1178/2105 2335/1058/2015 2252/1059/2014 2186/1249/2160
f 2235/1007/1971 2225/1008/1970 2224/1041/1999 2234/1042/1998
f 2470/1381/370 2461/1382/2263 2477/1157/2089 2481/1158/2088
f 2464/1383/2264 2476/1385/2265 2453/1384/2266 2471/1352/2241
f 2480/1326/2217 2456/1327/2216 2479/1355/2244
f 2470/1381/370 2454/1387/2267 2450/1386/2268 2462/1379/2262
f 2507/1388/2269 2495/1391/2270 2513/1390/2271 2515/1389/2272
f 1742/1392/1607 2447/1393/2273 2812/1363/2250 1746/1361/1705
f 2284/1152/2086 2697/1072/2028 2420/1066/2023 2417/1151/2085
f 2506/1394/2274 2507/1388/2269 2515/1389/2272 2519/1395/2275
f 2475/1344/2232 2464/1383/2264 2472/1067/2022 2404/1064/2021
f 1702/1396/2276 2454/1387/2267 2469/1351/2238 1698/1397/2277
f 2456/1327/2216 2457/1324/2215 2435/1364/2251 2431/1354/2243
f 2478/1353/2242 2474/1398/2278 2479/1355/2244 2405/1341/2229 2468/1343/2231
f 2479/1355/2244 2392/1335/2225 2396/1328/2219 2405/1341/2229
f 2493/1399/2279 2516/1402/2280 2518/1401/2281 2503/1400/2282
f 2462/1379/2262 2450/1386/2268 1751/1403/1803 1781/1378/1682
f 2481/1158/2088 2469/1351/2238 2454/1387/2267 2470/1381/370
f 1697/1404/2283 2450/1386/2268 2454/1387/2267 1702/1396/2276
f 2472/1067/2022 2464/1383/2264 2471/1352/2241 2452/1342/2230
f 2246/995/1959 2282/1177/2101 2213/1189/2113 2283/1366/2252
f 2462/1379/2262 2459/1380/2261 2461/1382/2263 2470/1381/370
f 1700/1405/1804 1751/1403/1803 2450/1386/2268 1697/1404/2283
f 2460/1406/2284 2483/1408/2285 2482/1407/2286 2463/1377/1681
f 2460/1406/2284 2458/1409/2287 2483/1408/2285
f 2476/1385/2265 2464/1383/2264 2475/1344/2232 2488/1410/2288
f 2477/1157/2089 2489/1411/2289 2488/1410/2288 2475/1344/2232
f 2477/1157/2089 2461/1382/2263 2465/1412/2290 2489/1411/2289
f 2459/1380/2261 2463/1377/1681 2482/1407/2286 2465/1412/2290
f 2459/1380/2261 2465/1412/2290 2461/1382/2263
f 2451/1413/2291 2466/1415/2292 2486/1414/2293
f 2478/1353/2242 2471/1352/2241 2453/1384/2266 2485/1416/2294
f 2478/1353/2242 2485/1416/2294 2484/1417/2295 2474/1398/2278
f 2457/1324/2215 2487/1325/2218 2486/1414/2293 2466/1415/2292
f 2479/1355/2244 2474/1398/2278 2484/1417/2295 2480/1326/2217
f 2493/1399/2279 2496/1419/2296 2517/1418/2297 2516/1402/2280
f 2492/1420/2298 2491/1423/2299 2490/1422/2300 2494/1421/2301
f 2499/1424/2302 2498/1425/2303 2490/1422/2304 2491/1423/2304
f 2504/1426/2305 2499/1424/2302 2491/1423/2299 2492/1420/2298
f 2505/1427/2306 2497/1430/2307 2512/1429/2308 2511/1428/2309
f 2510/1431/2310 2500/1434/2311 2501/1433/2312 2498/1425/2303 2508/1432/2313
f 2502/1435/2314 2514/1436/2315 2512/1429/2308 2497/1430/2307
f 2494/1421/2301 2490/1422/2300 2498/1425/2303 2501/1433/2312
f 2496/1419/2296 2506/1394/2274 2519/1395/2275 2517/1418/2297
f 2502/1435/2314 2503/1400/2282 2518/1401/2281 2514/1436/2315
f 2504/1426/2305 2505/1427/2306 2511/1428/2309 2509/1437/2316 2499/1424/2302
f 2500/1434/2311 2510/1431/2310 2513/1390/2271 2495/1391/2270
f 2509/1437/2316 2511/1428/2309 2510/1431/2310 2508/1432/2313
f 2510/1431/2310 2511/1428/2309 2512/1429/2308 2513/1390/2271
f 2513/1390/2271 2512/1429/2308 2514/1436/2315 2515/1389/2272
f 2515/1389/2272 2514/1436/2315 2518/1401/2281 2519/1395/2275
f 2517/1418/2297 2519/1395/2275 2518/1401/2281 2516/1402/2280
f 2499/1424/2302 2509/1437/2316 2508/1432/2313 2498/1425/2303
f 2221/1047/2004 2231/1048/2003 2230/1036/1995 2220/1049/2007
f 2296/1029/1989 2301/1142/2076 2270/1017/1977 2303/1014/1976
f 2574/1438/2317 2562/1441/2318 2618/1440/2319 2617/1439/2320
f 1750/1175/1608 2566/1443/2321 2561/1442/2322 2188/1235/2151
f 2585/1444/2323 2608/1447/2323 2614/1446/2324 2616/1445/2324
f 2199/1244/2156 2563/1444/2325 2565/1448/2326 2300/1106/2048
f 2220/1049/2007 2323/1050/2006 2571/1450/2327 2570/1449/2328
f 2323/1050/2006 2300/1106/2048 2565/1448/2326 2571/1450/2327
f 2247/1234/2152 2188/1235/2151 2561/1442/2322 2567/1447/2329
f 2190/1046/2005 2221/1047/2004 2572/1451/2330 2568/1441/2331
f 2566/1443/2321 2578/1453/2332 2573/1452/2333 2561/1442/2322
f 2562/1441/2318 2558/1451/2334 2621/1454/2324 2618/1440/2319
f 2573/1452/2333 2578/1453/2332 2589/1456/2335 2584/1455/2336
f 2199/1244/2156 2247/1234/2152 2567/1447/2329 2563/1444/2325
f 2204/992/1954 2190/1046/2005 2568/1441/2331 2564/1438/2337
f 2260/991/1955 2204/992/1954 2564/1438/2337
f 2221/1047/2004 2220/1049/2007 2570/1449/2328 2572/1451/2330
f 2590/1457/2338 2584/1455/2336 2624/1455/2339 2623/1457/2340
f 2575/1445/177 2577/1458/177 2619/1458/177 2616/1445/177
f 2576/1439/2341 2564/1438/2337 2574/1438/2317 2617/1439/2320
f 2598/1459/177 2600/1460/177 2637/1460/177 2634/1459/177
f 2568/1441/2331 2572/1451/2330 2558/1451/2334 2562/1441/2318
f 2580/1440/177 2576/1439/2341 2617/1439/2320 2618/1440/177
f 2608/1447/2323 2597/1442/2342 2615/1452/2343 2614/1446/2324
f 2570/1449/2328 2571/1450/2327 2559/1450/2323 2613/1449/2323
f 2591/1461/2344 2595/1462/2338 2630/1462/2340 2627/1461/2345
f 2577/1458/370 2575/1445/370 2586/1464/2338 2588/1463/2338
f 2579/1446/370 2573/1452/2333 2584/1455/2336 2590/1457/2338
f 2582/1465/370 2577/1458/370 2588/1463/2338 2594/1466/2338
f 2583/1454/370 2581/1468/370 2593/1467/2338 2595/1462/2338
f 2584/1455/2336 2589/1456/2335 2601/1470/2346 2596/1469/2347
f 2581/1468/370 2582/1465/370 2594/1466/2338 2593/1467/2338
f 2575/1445/370 2579/1446/370 2590/1457/2338 2586/1464/2338
f 2580/1440/2348 2583/1454/370 2595/1462/2338 2591/1461/2344
f 2576/1439/2341 2580/1440/2348 2591/1461/2344 2587/1471/2349
f 2558/1451/2334 2613/1449/2323 2622/1468/2324 2621/1454/2324
f 2596/1469/2347 2601/1470/2346 2611/1473/2350 2934/1472/2351
f 2579/1446/177 2575/1445/177 2616/1445/177 2614/1446/177
f 2603/1474/177 2599/1475/2352 2635/1475/2353 2636/1474/177
f 2572/1451/2330 2570/1449/2328 2613/1449/2323 2558/1451/2334
f 2593/1467/2338 2594/1466/2338 2629/1466/2340 2631/1467/2340
f 2559/1450/2323 2560/1448/2354 2619/1458/2324 2620/1465/2324
f 2561/1442/2322 2573/1452/2333 2615/1452/2343 2597/1442/2342
f 2602/1476/177 2598/1459/177 2634/1459/177 2632/1476/177
f 2595/1462/2338 2593/1467/2338 2631/1467/2340 2630/1462/2340
f 2599/1475/2352 2610/1479/2355 2928/1478/2356 2569/1477/2357
f 2571/1450/2327 2565/1448/2326 2560/1448/2354 2559/1450/2323
f 2600/1460/2358 2598/1459/2358 2609/1481/2358 2931/1480/2358
f 2602/1476/2358 2596/1469/2347 2934/1472/2351 2933/1482/2358
f 2606/1483/2358 2600/1460/2358 2931/1480/2358 2932/1484/2358
f 2576/1439/2341 2587/1471/2349 2592/1486/2359 2604/1485/2360
f 2607/1487/2358 2605/1490/2358 2612/1489/2358 2930/1488/2358
f 2585/1444/2323 2616/1445/2324 2619/1458/2324 2560/1448/2354
f 2605/1490/2358 2606/1483/2358 2932/1484/2358 2612/1489/2358
f 2598/1459/2358 2602/1476/2358 2933/1482/2358 2609/1481/2358
f 2603/1474/2361 2607/1487/2358 2930/1488/2358 2929/1491/2362
f 2599/1475/2352 2603/1474/2361 2929/1491/2362 2610/1479/2355
f 2613/1449/2323 2559/1450/2323 2620/1465/2324 2622/1468/2324
f 2631/1467/2340 2629/1466/2340 2638/1483/2363 2640/1490/2363
f 2625/1464/2364 2623/1457/2340 2632/1476/2363 2634/1459/2363
f 2627/1461/2345 2630/1462/2340 2639/1487/2363 2636/1474/2365
f 2626/1471/2366 2627/1461/2345 2636/1474/2365 2635/1475/2353
f 2628/1463/2364 2625/1464/2364 2634/1459/2363 2637/1460/2363
f 2623/1457/2340 2624/1455/2339 2633/1469/2367 2632/1476/2363
f 2629/1466/2340 2628/1463/2364 2637/1460/2363 2638/1483/2363
f 2630/1462/2340 2631/1467/2340 2640/1490/2363 2639/1487/2363
f 2600/1460/177 2606/1483/177 2638/1483/177 2637/1460/177
f 2567/1447/2329 2561/1442/2322 2597/1442/2342 2608/1447/2323
f 2605/1490/177 2607/1487/177 2639/1487/177 2640/1490/177
f 2577/1458/177 2582/1465/177 2620/1465/177 2619/1458/177
f 2606/1483/177 2605/1490/177 2640/1490/177 2638/1483/177
f 2581/1468/177 2583/1454/177 2621/1454/177 2622/1468/177
f 2586/1464/2338 2590/1457/2338 2623/1457/2340 2625/1464/2364
f 2599/1475/2352 2587/1471/2349 2626/1471/2366 2635/1475/2353
f 2607/1487/177 2603/1474/177 2636/1474/177 2639/1487/177
f 2582/1465/177 2581/1468/177 2622/1468/177 2620/1465/177
f 2587/1471/2349 2591/1461/2344 2627/1461/2345 2626/1471/2366
f 2563/1444/2325 2567/1447/2329 2608/1447/2323 2585/1444/2323
f 2583/1454/177 2580/1440/177 2618/1440/177 2621/1454/177
f 2564/1438/2337 2568/1441/2331 2562/1441/2318 2574/1438/2317
f 2588/1463/2338 2586/1464/2338 2625/1464/2364 2628/1463/2364
f 2596/1469/2347 2602/1476/177 2632/1476/177 2633/1469/2367
f 2584/1455/2336 2596/1469/2347 2633/1469/2367 2624/1455/2339
f 2565/1448/2326 2563/1444/2325 2585/1444/2323 2560/1448/2354
f 2573/1452/2333 2579/1446/177 2614/1446/177 2615/1452/2343
f 2594/1466/2338 2588/1463/2338 2628/1463/2364 2629/1466/2340
f 2645/1492/2368 2652/1492/177 2649/1493/177 2643/1493/2368
f 2641/1494/2368 2650/1494/177 2653/1495/177 2642/1495/2368
f 2648/1496/2368 2656/1496/177 2655/1497/1171 2646/1497/2369
f 2643/1493/2368 2649/1493/177 2650/1494/177 2641/1494/2368
f 2647/1498/2368 2654/1498/177 2656/1496/177 2648/1496/2368
f 2644/1499/2370 2651/1499/2371 2652/1492/177 2645/1492/2368
f 2642/1495/2368 2653/1495/177 2654/1498/177 2647/1498/2368
f 2660/1500/2372 2657/1501/2373 2667/1501/371 2670/1500/371
f 2658/1502/2372 2661/1503/2373 2671/1503/371 2668/1502/371
f 2664/1504/2373 2663/1505/2374 2666/1505/1175 2665/1504/371
f 2657/1501/2373 2658/1502/2372 2668/1502/371 2667/1501/371
f 2662/1506/2373 2664/1504/2373 2665/1504/371 2672/1506/371
f 2659/1507/2375 2660/1500/2372 2670/1500/371 2669/1507/2376
f 2661/1503/2373 2662/1506/2373 2672/1506/371 2671/1503/371
f 2641/1494/2368 2642/1495/2368 2661/1503/2373 2658/1502/2372
f 2645/1492/2368 2643/1493/2368 2657/1501/2373 2660/1500/2372
f 2642/1495/2368 2647/1498/2368 2662/1506/2373 2661/1503/2373
f 2648/1496/2368 2646/1497/2369 2663/1505/2374 2664/1504/2373
f 2651/1499/2371 2644/1499/2370 2659/1507/2375 2669/1507/2376
f 2647/1498/2368 2648/1496/2368 2664/1504/2373 2662/1506/2373
f 2643/1493/2368 2641/1494/2368 2658/1502/2372 2657/1501/2373
f 2646/1497/2369 2655/1497/1171 2666/1505/1175 2663/1505/2374
f 2644/1499/2370 2645/1492/2368 2660/1500/2372 2659/1507/2375
f 2677/1508/2377 2688/1508/1182 2691/1509/1181 2675/1509/2378
f 2682/1510/2379 2681/1510/2380 2678/1511/2381 2685/1511/2382
f 2673/1512/2383 2690/1512/1189 2687/1513/177 2674/1513/2384
f 2686/1514/2385 2692/1514/371 2680/1515/1192 2683/1515/2386
f 2676/1516/2387 2689/1516/2388 2688/1508/1182 2677/1508/2377
f 2685/1511/2382 2678/1511/2381 2679/1517/2389 2684/1517/2390
f 2673/1512/2383 2674/1513/2384 2686/1514/2385 2683/1515/2386
f 2683/1515/2386 2680/1515/1192 2681/1510/2380 2682/1510/2379
f 2677/1508/2377 2675/1509/2378 2682/1510/2379 2685/1511/2382
f 2675/1509/2378 2673/1512/2383 2683/1515/2386 2682/1510/2379
f 2684/1517/2390 2679/1517/2389 2689/1516/2388 2676/1516/2387
f 2676/1516/2387 2677/1508/2377 2685/1511/2382 2684/1517/2390
f 2675/1509/2378 2691/1509/1181 2690/1512/1189 2673/1512/2383
f 2245/997/1961 2286/996/1958 2287/993/1957 2184/1062/2018
f 2233/1035/1994 2227/1044/2391 2226/1105/2392 2232/1104/2046
f 1708/982/1915 2333/983/1952 2699/1284/2185 2473/1287/2188
f 2333/983/1952 2266/1186/2111 2694/1285/2186 2699/1284/2185
f 2320/1182/2107 2695/1280/2182 2702/1281/2182 2551/1185/2108
f 2201/1212/2135 2530/1213/2134 2700/1263/2170 2693/1262/2170
f 2239/1159/2090 2696/1226/2145 2703/1227/2145 2545/1162/2091
f 2266/1282/2184 2527/1283/2183 2701/1202/2122 2694/1199/2122
f 2285/1060/2017 2698/1081/2035 2697/1072/2028 2284/1152/2086
f 2239/1116/370 2240/1117/370 2695/1113/370 2696/1112/370
f 2264/1056/2013 2345/1057/2016 2698/1081/2035 2693/1080/2034
f 2211/1243/2157 2199/1244/2156 2300/1106/2048 2219/1107/2049
f 2324/1193/2116 2328/1091/2393 2302/1015/2394 2304/1192/2115
f 2226/1105/2392 2328/1091/2393 2324/1193/2116 2232/1104/2046
f 2274/1518/2395 2248/1078/2396 2256/994/2253 2283/1366/2252 2202/1519/2395
f 2304/1192/2115 2302/1015/2394 2257/1016/2397 2275/1520/2398 2218/1277/2181
f 2195/1291/2192 2182/1286/2187 2263/979/1949 2292/1290/2191
f 2292/1290/2191 2263/979/1949 2207/980/1948 2215/1083/2037
f 2275/1520/2398 2257/1016/2397 2248/1078/2396 2274/1518/2395
f 1750/1175/1608 2188/1235/2151 2349/1232/2150 2368/1191/2114
f 2215/1083/2037 2207/980/1948 2193/1043/2399 2209/1034/1993
f 2209/1034/1993 2193/1043/2399 2227/1044/2391 2233/1035/1994
f 2813/1521/1709 2241/408/1709 2803/409/1703 2444/1375/2260
f 1773/1522/2400 2288/1180/2103 2289/886/1893 1772/887/1892
f 1773/1522/2400 1776/1523/2401 2421/1188/2112 2288/1180/2103
f 1776/1523/2401 1704/1524/2402 2408/1345/2233 2421/1188/2112
f 1704/1524/2402 1698/1397/2277 2469/1351/2238 2408/1345/2233
f 2267/1018/1980 2268/1019/1983 2321/1121/2057 2200/1248/2161
f 2200/1248/2161 2321/1121/2057 2236/885/1894 2289/886/1893
f 1769/346/1669 2737/1526/2403 2869/1525/1667 2864/345/1670
f 2335/1058/2015 2346/1178/2105 2334/1179/2104 2336/1082/2036
f 2418/999/1962 2468/1343/2231 2405/1341/2229 2424/998/1963
f 2217/1131/2069 2191/1132/2068 2713/174/1557 2710/131/1516
f 2883/1231/2149 2261/1150/2084 2706/118/1504 2884/132/1518
f 2222/1124/2060 2217/1131/2069 2710/131/1516 2709/125/1510
f 2223/1123/2061 2222/1124/2060 2709/125/1510 2708/123/1508
f 2243/1146/2080 2223/1123/2061 2708/123/1508 2707/121/1505
f 2261/1150/2084 2243/1146/2080 2707/121/1505 2706/118/1504
f 1693/1527/1594 2748/1528/2404 2704/1348/2235 2254/1346/2234
f 2747/1529/1695 2242/1530/2405 2748/1528/2404 1693/1527/1594
f 1732/266/174 2153/894/174 2746/1531/174 2717/265/174
f 2784/134/1520 2744/856/1869 2719/849/1865 2752/1532/2406
f 2752/1532/2406 2719/849/1865 2745/850/1866 2773/1533/1585
f 1701/753/174 2726/1535/1587 2743/1534/1559 2003/178/174
f 1771/334/1664 2738/1536/2407 2737/1526/2403 1769/346/1669
f 2790/1537/174 2789/361/174 2742/362/174 2771/1538/174
f 1775/349/1674 2740/1540/2408 2741/1539/2409 1777/348/1675
f 1774/352/1677 2739/210/1579 2740/1540/2408 1775/349/1674
f 2865/1541/2410 2868/209/1576 2739/210/1579 1774/352/1677
f 1777/348/1675 2741/1539/2409 2728/1542/2411 1705/146/1531
f 2777/1543/1221 2716/276/1620 2736/277/174 2767/1544/174
f 2830/1545/174 2829/274/174 2735/272/174 2766/1546/174
f 2766/1546/174 2735/272/174 2734/268/174 2765/1547/174
f 2765/1547/174 2734/268/174 2733/269/174 2764/1548/174
f 2796/264/174 2893/1550/174 2900/1549/174
f 1703/140/1524 2723/1552/2412 2722/1551/2413 1696/139/1525
f 2003/178/174 2743/1534/1559 2715/1553/1587 1730/177/1559
f 1694/842/1503 2714/1555/2414 2745/1554/1866 2133/841/1859
f 2878/157/1543 2886/1557/2415 2721/1556/2416 1711/154/1538
f 2984/351/1676 3007/1558/2417 2865/1541/2410 1774/352/1677
f 1717/162/1547 2729/1560/2418 2727/1559/2419 1715/160/1545
f 1699/142/1527 2724/1561/2420 2723/1552/2412 1703/140/1524
f 1721/166/1551 2731/1563/2421 2730/1562/2422 1719/164/1549
f 1705/146/1531 2728/1542/2411 2724/1561/2420 1699/142/1527
f 1715/160/1545 2727/1559/2419 2725/1564/2423 1713/158/1542
f 1707/149/1535 2732/1565/2424 2738/1536/2407 1771/334/1664
f 1719/164/1549 2730/1562/2422 2729/1560/2418 1717/162/1547
f 1709/150/1534 2720/1566/2425 2732/1565/2424 1707/149/1535
f 1696/139/1525 2722/1551/2413 2726/1567/2426 1701/145/1529
f 2994/181/174 1731/182/174 2718/1569/174 3001/1568/174
f 1730/182/1562 2715/1569/1560 2718/1569/1560 1731/182/1562
f 2134/171/1556 2744/856/1869 2731/1563/2421 1721/166/1551
f 199/1570/174 2765/1547/174 2764/1548/174 197/1571/174
f 201/1572/174 2766/1546/174 2765/1547/174 199/1570/174
f 1320/1573/174 2830/1545/174 2766/1546/174 201/1572/174
f 163/1574/1238 2777/1543/1221 2767/1544/174 203/1575/174
f 1281/1576/174 2790/1537/174 2771/1538/174 242/1577/174
f 148/1578/1239 2752/1532/2406 2773/1533/1585 624/1579/213
f 623/137/136 2784/134/1520 2752/1532/2406 148/1578/1239
f 2714/1580/2414 2325/1583/2427 1691/1582/2428 2776/1581/1584
f 1694/115/1503 2705/116/1502 2325/1583/2427 2714/1580/2414
f 1692/1154/1655 2775/1155/2087 2242/1530/2405 2747/1529/1695
f 1723/863/1872 2772/949/1928 2763/950/1931 1738/862/1873
f 2717/265/174 2746/1531/174 2774/893/174 2750/358/174
f 2726/1535/1587 2780/750/1586 2783/221/1586 2743/1534/1559
f 1723/313/1654 1692/314/1655 2747/387/1695 2772/386/1694
f 1729/260/1616 2795/356/1680 2891/263/1619 2890/259/1617
f 2738/1536/2407 2769/197/1570 2768/337/1666 2737/1526/2403
f 2740/1540/2408 2781/353/1678 2782/335/1665 2741/1539/2409
f 2739/210/1579 2770/211/1578 2781/353/1678 2740/1540/2408
f 2741/1539/2409 2782/335/1665 2758/203/1573 2728/1542/2411
f 2723/1552/2412 2754/207/1575 2779/185/1563 2722/1551/2413
f 2743/1534/1559 2783/221/1586 2749/222/1587 2715/1553/1587
f 2714/1555/2414 2776/217/1584 2773/218/1585 2745/1554/1866
f 2886/1557/2415 2887/213/1580 2753/214/1583 2721/1556/2416
f 2737/1526/2403 2768/337/1666 2871/338/1667 2869/1525/1667
f 2729/1560/2418 2759/194/1569 2757/199/1571 2727/1559/2419
f 2724/1561/2420 2755/204/1574 2754/207/1575 2723/1552/2412
f 2731/1563/2421 2761/135/1521 2760/193/1568 2730/1562/2422
f 2728/1542/2411 2758/203/1573 2755/204/1574 2724/1561/2420
f 2727/1559/2419 2757/199/1571 2756/200/1572 2725/1564/2423
f 2732/1565/2424 2762/190/1567 2769/197/1570 2738/1536/2407
f 2730/1562/2422 2760/193/1568 2759/194/1569 2729/1560/2418
f 2720/1566/2425 2778/189/1565 2762/190/1567 2732/1565/2424
f 2722/1551/2413 2779/185/1563 2780/186/1564 2726/1567/2426
f 3001/1568/174 2718/1569/174 2751/179/174 3002/183/174
f 2715/1569/1560 2749/179/1560 2751/179/1560 2718/1569/1560
f 2744/856/1869 2784/134/1520 2761/135/1521 2731/1563/2421
f 2776/1581/1584 1691/1582/2428 1269/1585/1242 115/1584/214
f 1708/982/1915 2473/1287/2188 2181/1127/2065 2197/1128/2064
f 2297/1110/2052 2861/1126/2062 2181/1127/2065 2262/1109/2053
f 2975/1586/1533 3004/1589/2429 2854/1588/2430 1709/1587/1534
f 2451/1413/2291 2458/1409/2287 2460/1406/2284 2466/1415/2292
f 2463/1377/1681 2457/1324/2215 2466/1415/2292 2460/1406/2284
f 1755/758/174 1741/253/1601 2785/1590/174 2889/763/174
f 1741/253/1601 1749/1592/2248 2438/1591/2247 2785/1590/174
f 2733/269/174 1756/270/174 2786/364/174 2789/361/174
f 2788/764/174 2888/765/174 2791/1593/174 2787/759/174
f 1780/1594/2431 1778/363/2432 2786/364/2433 2788/1595/2434
f 1780/1596/2435 2788/764/174 2787/759/174 2005/760/1809
f 197/1571/174 2764/1548/174 2790/1537/174 1281/1576/174
f 2791/1593/174 2436/1597/2223 2437/762/1807 2787/759/174
f 2764/1548/174 2733/269/174 2789/361/174 2790/1537/174
f 2364/1292/2193 2361/1247/2159 2249/1087/370 2350/1088/370 2365/1293/370
f 2785/1590/174 2438/1591/2247 2436/1597/2223 2791/1593/174
f 2888/765/174 2889/763/174 2785/1590/174 2791/1593/174
f 1779/761/1808 2435/1599/2251 2792/1598/2436 2005/760/1809
f 1778/363/2432 1780/1594/2431 2795/286/1632 2793/267/1631
f 2005/760/1809 2792/1598/2436 2443/1600/2437 1780/1596/2435
f 1780/1596/2435 2443/1600/2437 2892/1601/2438 2795/356/1680
f 2742/362/174 1778/363/174 2793/267/174 2796/264/174
f 2457/1602/2215 2463/365/1681 2794/355/1679 2798/1603/2439
f 242/1577/174 2771/1538/174 2797/359/174 1288/360/174
f 2798/1603/2439 2794/355/1679 2795/356/1680 2892/1601/2438
f 2792/1598/2436 2798/1603/2439 2892/1601/2438 2443/1600/2437
f 2435/1599/2251 2457/1602/2215 2798/1603/2439 2792/1598/2436
f 1744/235/1708 2800/232/1709 2804/397/1703 1794/398/1702
f 2835/1604/370 2834/396/370 2804/397/1703 2808/1605/2260
f 1741/1606/2440 2799/1609/2441 2434/1608/2249 1749/1607/2248
f 2810/1610/2273 2799/240/1600 2801/236/1596 2807/1611/2442
f 2807/1611/2442 2801/236/1596 2805/237/1599 2809/1612/1599
f 2806/1613/1595 2800/232/1595 2802/233/1595 2811/1614/1595
f 2813/1521/1595 2806/1613/1595 2811/1614/1595 2816/1615/1595
f 2442/1616/2442 2807/1611/2442 2809/1612/1599 2445/1617/2443
f 2815/1618/2273 2810/1610/2273 2807/1611/2442 2442/1616/2442
f 2836/1376/370 2835/1604/370 2808/1605/2260 2444/1375/2260
f 2800/232/1709 2806/1613/1709 2808/1605/2260 2804/397/1703
f 2799/1609/2441 2810/1620/2254 2401/1619/2227 2434/1608/2249
f 2432/1332/2224 2439/1357/2246 2416/1338/370 2398/988/370
f 2447/1393/2273 2815/1618/2273 2442/1616/2442 2812/1363/2250
f 2812/1363/2250 2442/1616/2442 2445/1617/2443 2455/1362/1599
f 2241/408/1595 2813/1521/1595 2816/1615/1595 2446/1370/1595
f 2806/1613/1709 2813/1521/1709 2444/1375/2260 2808/1605/2260
f 2810/1620/2254 2815/1367/2254 2402/1368/2228 2401/1619/2227
f 2611/1621/2350 2601/1624/2346 2819/1623/1605 1695/1622/1604
f 2578/1625/2332 2566/1628/2321 2448/1627/2444 2817/1626/2445
f 2601/1624/2346 2589/1630/2335 2818/1629/2446 2819/1623/1605
f 2589/1630/2335 2578/1625/2332 2817/1626/2445 2818/1629/2446
f 2566/1628/2321 1750/1632/1608 1742/1631/1607 2448/1627/2444
f 2817/1626/2445 2448/1627/2444 1742/1631/1607 2818/1629/2446
f 2445/1617/2443 2809/1612/1599 2832/1634/370 2833/1633/370
f 2809/1612/1599 2805/237/1599 2831/1635/370 2832/1634/370
f 1337/1636/174 2844/1637/174 2830/1545/174 1320/1573/174
f 2844/1637/174 2843/1638/174 2829/274/174 2830/1545/174
f 2455/1362/1599 2445/1617/2443 2833/1633/370 2828/1639/370
f 1797/402/1706 2455/1362/1599 2828/1639/370 2826/401/1707
f 2837/404/174 2821/755/174 2827/250/174 2814/1640/174
f 1747/756/1597 2821/755/174 2825/1642/2447 1795/1641/1598
f 2838/242/1602 2822/400/1704 2826/401/1707 2842/1349/2237
f 2805/237/1599 1795/238/1598 2825/1643/2447 2831/1635/370
f 1754/284/1628 1758/273/1627 2824/275/2448 2823/1644/2449
f 2843/1638/174 2840/282/174 2824/275/174 2829/274/174
f 2814/1640/174 2827/250/174 2823/251/174 2839/1645/174
f 1746/403/1705 2822/400/1704 2818/1647/2446 1742/1646/1607
f 2007/257/1611 2814/1640/174 2839/1645/174 1753/256/1612
f 2736/277/174 1759/278/174 2840/282/174 2843/1638/174
f 1745/245/1603 2838/242/1602 2842/1349/2237 1796/410/1710
f 1744/407/1806 2837/404/174 2814/1640/174 2007/257/1611
f 2767/1544/174 2736/277/174 2843/1638/174 2844/1637/174
f 203/1575/174 2767/1544/174 2844/1637/174 1337/1636/174
f 2833/1633/370 2832/1634/370 2835/1604/370 2836/1376/370
f 2832/1634/370 2831/1635/370 2834/396/370 2835/1604/370
f 2828/1639/370 2833/1633/370 2836/1376/370 2820/1350/370
f 2826/401/1707 2828/1639/370 2820/1350/370 2842/1349/2237
f 2821/755/174 2837/404/174 2841/405/1701 2825/1642/2447
f 2831/1635/370 2825/1643/2447 2841/399/1701 2834/396/370
f 2823/1644/2449 2824/275/2448 2840/282/1623 2839/281/1623
f 2822/400/1704 2838/242/1602 2819/243/1605 2818/1647/2446
f 2564/1438/2337 2576/1439/2341 2604/1485/2360 2260/991/1955
f 2587/1471/2349 2599/1475/2352 2569/1477/2357 2592/1486/2359
f 2569/1477/2357 2260/991/1955 2604/1485/2360 2592/1486/2359
f 2260/991/1955 2569/1477/2357 2845/1648/2450 1748/964/1936
f 2569/1477/2357 2928/1478/2356 2927/1649/2451 2845/1648/2450
f 2845/1648/2450 2846/1650/2452 2163/388/1696 1748/964/1936
f 2927/1649/2451 2847/1651/2453 2846/1650/2452 2845/1648/2450
f 2846/1652/2452 2848/1653/2454 2162/924/1659 2163/925/1696
f 2847/1654/2453 2849/1655/2455 2848/1653/2454 2846/1652/2452
f 2848/1656/2454 1348/1657/1267 206/325/299 2162/326/1659
f 2849/1658/2455 1349/1659/1268 1348/1657/1267 2848/1656/2454
f 2375/1323/370 2278/1660/370 2371/1322/370
f 2371/1322/370 2212/1661/370 2369/1321/370
f 2212/1661/370 2373/1663/370 2255/1662/370 2369/1321/370
f 2373/1663/370 2280/1666/370 2374/1665/370 2189/1664/370
f 2374/1665/370 2203/1669/370 2370/1668/370 2259/1667/370
f 2203/1669/370 2374/1665/370 2280/1666/370 2376/1670/370
f 2280/1666/370 2373/1663/370 2212/1661/370 2372/1671/370
f 2197/1672/2064 2850/1675/2063 2853/1674/2456 2856/1673/2457
f 3004/1589/2429 3003/1677/2458 2851/1676/2459 2854/1588/2430
f 1708/1678/1915 2197/1672/2064 2856/1673/2457 2144/1679/1916
f 2850/1675/2063 2857/908/1911 2860/909/1914 2853/1674/2456
f 3003/1677/2458 3005/152/1536 2858/153/1539 2851/1676/2459
f 2861/1126/2062 2272/1141/2075 2857/1680/1911 2850/1129/2063
f 1710/971/1912 2857/1680/1911 2272/1141/2075 2244/970/1942
f 2321/1121/2057 2268/1019/1983 2258/1020/1982 2329/1120/2056
f 2312/1194/2117 2236/885/1894 2229/1118/2055 2228/1119/2054
f 2862/884/1891 2236/885/1894 2312/1194/2117 2863/1681/1975
f 2867/1013/1974 2866/888/1895 2862/889/1891 2863/1012/1975
f 2869/1525/1667 2868/209/1576 2865/1541/2410 2864/345/1670
f 3006/344/1671 3007/1558/2417 2866/888/1895 2867/1013/1974
f 2871/338/1667 2870/212/1577 2868/209/1576 2869/1525/1667
f 1366/339/313 1367/342/316 2870/212/1577 2871/338/1667
f 2312/1194/2117 2250/1076/2029 1768/1073/1890 2863/1681/1975
f 1735/1682/1582 2873/1685/1581 2876/1684/2460 2859/1683/2461
f 2859/1683/2461 2876/1684/2460 2874/1687/2462 2852/1686/2463
f 2852/1686/2463 2874/1687/2462 2875/1689/2464 2855/1688/2465
f 2855/1688/2465 2875/1689/2464 2872/1691/2466 1734/1690/1566
f 2873/1685/1581 1380/1693/1281 1383/1692/1280 2876/1684/2460
f 2876/1684/2460 1383/1692/1280 1381/1694/1282 2874/1687/2462
f 2874/1687/2462 1381/1694/1282 1382/1695/1283 2875/1689/2464
f 2875/1689/2464 1382/1695/1283 1379/1696/1284 2872/1691/2466
f 2725/1564/2423 2756/200/1572 2887/213/1580 2886/1557/2415
f 1713/158/1542 2725/1564/2423 2886/1557/2415 2878/157/1543
f 2182/1286/2187 2883/1231/2149 2884/132/1518 2198/1181/2106
f 1761/390/2038 2879/300/2255 2885/1230/2148 2195/1291/2192
f 2195/1291/2192 2885/1230/2148 2883/1231/2149 2182/1286/2187
f 2167/931/1643 2881/926/1642 2882/927/1656 2166/930/1662
f 1710/911/1912 2877/906/1519 2880/907/1910 2145/910/1913
f 2166/332/1662 2882/317/1656 1386/318/294 208/331/305
f 2165/391/1697 2881/299/1642 2879/300/1645 1761/390/1698
f 2756/200/1572 172/201/195 2873/216/1581 2887/213/1580
f 2976/155/1537 3008/156/1540 2878/157/1543 1711/154/1538
f 2198/1181/2106 2884/132/1518 2877/133/1519 1710/971/1912
f 2873/216/1581 172/201/195 1380/1697/1281
f 169/1698/185 1734/1690/1566 2872/1691/2466 1379/1696/1284
f 1691/1582/2428 2775/1155/2087 1267/1156/887 1269/1585/1242
f 2242/1699/2405 2945/1701/2467 2943/1700/2468 2748/1700/2404
f 2359/1702/1501 2948/1702/2469 2947/1703/2470 2705/1703/1502
f 1691/1704/2428 2941/1704/2471 2946/1706/2472 2775/1705/2087
f 2788/1595/2434 2786/364/2433 1756/270/1629 1755/285/1629
f 2901/1707/174 2900/1710/2473 2893/1709/2474 2897/1708/2475
f 2797/359/174 2896/1712/174 2899/1711/174
f 2717/265/174 2897/1713/174 2893/1550/174 2796/264/174
f 2750/358/174 2895/1715/174 2898/1714/174
f 2899/1716/2476 2896/1717/2477 2900/1710/2473 2901/1707/174
f 2895/1718/2478 2899/1716/2476 2901/1707/174 2898/1719/2479
f 2898/1719/2479 2901/1707/174 2897/1708/2475 2894/1720/2480
f 2349/1137/370 2370/1304/370 2203/1310/370
f 2898/1714/174 2894/1721/174 2717/265/174 2750/358/174
f 2899/1711/174 2895/1715/174 2750/358/174 2797/359/174
f 2900/1549/174 2896/1712/174 2797/359/174 2796/264/174
f 2897/1713/174 2717/265/174 2894/1721/174
f 2910/1707/174 2909/1710/2473 2902/1709/2474 2906/1722/2475
f 2908/1723/2476 2905/1717/2477 2909/1710/2473 2910/1707/174
f 2904/1724/2478 2908/1723/2476 2910/1707/174 2907/1719/2479
f 2907/1719/2479 2910/1707/174 2906/1722/2475 2903/1720/2480
f 2904/1725/174 2907/1726/174 2797/359/174
f 2903/1727/174 2906/1728/174 2796/264/174
f 2742/362/174 2902/1730/174 2909/1729/174
f 2771/1538/174 2905/1732/174 2908/1731/174
f 2771/1538/174 2908/1731/174 2904/1725/174 2797/359/174
f 2797/359/174 2907/1726/174 2903/1727/174 2796/264/174
f 2796/264/174 2906/1728/174 2902/1730/174 2742/362/174
f 2771/1538/174 2742/362/174 2909/1729/174 2905/1732/174
f 2911/1733/2481 2913/494/1750 2912/1734/2482
f 2914/498/1754 2916/1735/2483 2915/495/1753
f 2917/1736/2484 2912/1737/2485 2918/497/1751
f 2919/1738/1755 2920/496/1752 2916/1739/2486
f 1419/1740/1305 1420/1741/1305 2911/1733/2481 2912/1734/2482
f 1424/499/1306 1425/1742/1306 2916/1735/2483 2914/498/1754
f 2915/495/1753 2916/1735/2483 2912/1734/2482 2913/494/1750
f 1429/1743/1307 1419/1744/1307 2912/1737/2485 2917/1736/2484
f 1425/1745/1308 1432/1746/1308 2919/1738/1755 2916/1739/2486
f 2916/1739/2486 2920/496/1752 2918/497/1751 2912/1737/2485
f 2914/498/1754 2915/495/1753 2920/496/1752 2919/1738/1755
f 2917/1736/2484 2918/497/1751 2913/494/1750 2911/1733/2481
f 1420/1741/1309 1429/1748/1309 2917/1747/2484 2911/1733/2481
f 2940/1749/370 2939/1752/370 2925/1751/370 2926/1750/370
f 2922/1753/370 2924/1755/370 2923/1754/370 2921/435/370
f 1727/426/1714 2924/1756/1713 2922/429/2487 1726/429/2487
f 2938/1757/2487 2940/1757/2487 2926/1758/2488 1800/1758/2489
f 1800/436/2489 2926/436/2488 2925/432/2490 1801/432/2491
f 1724/416/1719 2921/435/1718 2923/1754/2492 1725/417/2493
f 2609/1759/371 1444/1762/371 1448/1761/371 2612/1760/371
f 2849/1763/371 2610/1766/371 1445/1765/371 1349/1764/371
f 1695/1767/371 1441/1770/371 1446/1769/371 2611/1768/371
f 2609/1759/371 2611/1768/371 1446/1769/371 1444/1762/371
f 2610/1766/371 2612/1760/371 1448/1761/371 1445/1765/371
f 1728/1771/1613 1442/1773/371 2008/1772/1610
f 2802/1774/371 1450/1777/371 1451/1776/371 2811/1775/371
f 2811/1775/371 1451/1776/371 1452/1779/371 2816/1778/371
f 2008/1772/1610 1442/1773/371 1743/1780/1805
f 1743/1780/1805 1442/1773/371 1450/1777/371 2802/1774/371
f 2931/1781/177 2609/1759/177 2612/1760/177 2932/1782/177
f 2928/1783/371 2610/1766/371 2849/1763/371 2927/1784/371
f 2610/1766/371 2929/1786/371 2930/1785/371 2612/1760/371
f 2446/1787/371 1443/1788/371 1441/1770/371 1695/1767/371
f 1733/1789/1621 2716/1790/1620 1442/1773/371 1728/1771/1613
f 2816/1778/371 1452/1779/371 1443/1788/371 2446/1787/371
f 2716/1790/1620 2777/1792/1221 163/1791/1238 1442/1773/371
f 2849/1763/371 2847/1793/371 2927/1784/371
f 2934/1794/371 2611/1768/371 2609/1759/371 2933/1795/371
f 1726/429/2487 2922/429/2487 2940/1757/2487 2938/1757/2487
f 2922/1753/370 2921/435/370 2939/1752/370 2940/1749/370
f 1801/432/2491 2925/432/2490 2939/431/1717 2935/431/1716
f 1724/416/1316 1804/414/1316 2936/434/376 2935/431/376
f 1805/1796/371 1726/1797/371 2938/425/371 2937/422/371
f 1804/414/51 1805/415/51 2937/421/51 2936/418/51
f 2941/1798/2471 2942/1801/2494 2945/1800/2467 2946/1799/2472
f 2943/1802/2468 2945/1800/2467 2942/1801/2494 2947/1803/2470
f 2943/1802/2468 2947/1803/2470 2948/1805/2469 2944/1804/2495
f 2704/430/2235 2944/430/2495 2948/430/2469 2359/430/1501
f 2325/1806/2427 2942/1806/2494 2941/1704/2471 1691/1704/2428
f 2748/1700/2404 2943/1700/2468 2944/1808/2495 2704/1807/2235
f 2705/1703/1502 2947/1703/2470 2942/1806/2494 2325/1806/2427
f 2775/1705/2087 2946/1706/2472 2945/1701/2467 2242/1699/2405
f 2952/941/1926 2951/778/1814 2954/776/590 2953/780/599
f 2956/779/1815 2955/770/1810 2950/771/370 2949/1809/370
f 2953/780/599 2954/776/590 2955/770/1810 2956/779/1815
f 2949/943/717 2950/777/597 2951/778/1814 2952/941/1926
f 2960/791/1823 2959/944/1927 2962/798/1829 2961/790/1824
f 2964/794/1827 2963/796/1828 2958/942/370 2957/946/370
f 2961/790/1824 2962/798/1829 2963/796/1828 2964/794/1827
f 2957/795/618 2958/945/719 2959/944/1927 2960/791/1823
f 2949/1809/370 2084/783/370 2082/781/1816 2956/779/1815
f 3049/1810/2496 3024/1813/2497 2969/1812/2498 3034/1811/2499
f 3048/1814/2500 3023/1817/2501 2968/1816/2502 3033/1815/2503
f 3047/1818/2504 3033/1821/2505 2968/1820/2506 3029/1819/2507
f 3046/1822/2508 3023/1825/2509 2969/1824/2510 3028/1823/2511
f 3045/1826/2512 3019/1829/2513 2965/1828/2514 3030/1827/2515
f 3044/1830/2516 3025/1833/2517 2967/1832/2518 3026/1831/2519
f 3043/1834/2520 3035/1837/2521 3011/1836/2522 3036/1835/2523
f 3042/1838/2524 3021/1841/2525 3009/1840/2526 3037/1839/2527
f 3041/1842/2528 3038/1845/2529 3009/1844/2530 3021/1843/2531
f 3040/1846/2532 3039/1849/2533 3010/1848/2534 3022/1847/2535
f 2145/910/1913 2880/907/1910 3008/156/1540 2976/155/1537
f 2864/345/1670 2865/1541/2410 3007/1558/2417 3006/344/1671
f 2853/1674/2456 2860/909/1914 3005/152/1536 3003/1677/2458
f 2856/1673/2457 2853/1674/2456 3003/1677/2458 3004/1589/2429
f 2144/1679/1916 2856/1673/2457 3004/1589/2429 2975/1586/1533
f 2746/1531/174 3001/1568/174 3002/183/174 2774/893/174
f 2153/894/174 2994/181/174 3001/1568/174 2746/1531/174
f 2156/879/1884 2866/888/1895 3007/1558/2417 2984/351/1676
f 1694/842/1503 2989/839/1858 3018/1851/2536 2467/1850/1500
f 213/958/727 1506/959/728 2998/960/1934 1722/957/1933
f 2160/867/1874 2986/859/1860 2992/843/1861 2151/866/1875
f 2151/866/1875 2992/843/1861 2997/172/1555 2161/869/1877
f 2132/1276/1871 2989/839/1858 2986/840/1860 2160/1852/1874
f 2141/871/174 2991/752/174 2996/175/174 2159/870/174
f 2142/873/1882 2158/874/1881 2985/347/1672 2973/147/1530
f 2156/879/1884 2984/351/1676 2995/350/1673 2157/878/1885
f 2155/883/1888 2983/333/1663 2982/343/1668 2154/882/1889
f 2158/874/1881 2157/878/1885 2995/350/1673 2985/347/1672
f 2154/882/1889 2982/343/1668 3006/344/1671 2867/1013/1974
f 2155/883/1888 2143/890/1897 2974/148/1532 2983/333/1663
f 1791/952/1929 2987/287/1633 2998/288/1633 2135/951/1930
f 2137/1853/1589 2129/1854/1588 2987/231/1592 2988/169/1554
f 2774/893/174 3002/183/174 1520/184/174 645/892/174
f 2152/894/1898 2993/181/1561 2994/181/1561 2153/894/1899
f 2159/870/174 2996/175/174 2993/176/174 2152/895/174
f 2150/897/1901 2161/869/1877 2997/172/1555 2981/167/1550
f 2254/1855/2234 3014/1856/2537 1693/229/1594
f 2149/899/1903 2150/897/1901 2981/167/1550 2980/165/1548
f 2148/901/1905 2149/899/1903 2980/165/1548 2979/163/1546
f 2147/903/1907 2148/901/1905 2979/163/1546 2978/161/1544
f 2146/905/1909 2147/903/1907 2978/161/1544 2977/159/1541
f 2880/907/1910 2146/905/1909 2977/159/1541 3008/156/1540
f 2860/909/1914 2145/910/1913 2976/155/1537 3005/152/1536
f 2143/890/1897 2144/912/1916 2975/151/1533 2974/148/1532
f 2140/915/1918 2142/873/1882 2973/147/1530 2972/143/1526
f 2141/917/1922 2138/918/1921 2990/138/1522 2991/144/1528
f 2139/921/1924 2140/915/1918 2972/143/1526 2971/141/1523
f 2138/918/1921 2139/921/1924 2971/141/1523 2990/138/1522
f 3025/1857/2538 3011/1858/2539 3039/1849/2533 3040/1846/2532
f 2967/1859/2540 3025/1857/2538 3040/1846/2532 3020/1860/2541
f 3020/1860/2541 3040/1846/2532 3022/1847/2535 2966/1861/2542
f 3022/1847/2535 3010/1848/2534 3038/1845/2529 3041/1842/2528
f 2966/1861/2542 3022/1847/2535 3041/1842/2528 3019/1862/2543
f 3019/1862/2543 3041/1842/2528 3021/1843/2531 2965/1863/2544
f 3030/1827/2515 2965/1828/2514 3021/1841/2525 3042/1838/2524
f 2254/1864/2545 3030/1827/2515 3042/1838/2524 3014/1865/2546
f 3014/1865/2546 3042/1838/2524 3037/1839/2527 2999/1866/2547
f 3027/1312/2208 2970/1313/2207 3035/1837/2521 3043/1834/2520
f 2711/1867/2548 3027/1312/2208 3043/1834/2520 3032/1868/2549
f 3032/1868/2549 3043/1834/2520 3036/1835/2523 3000/1869/2550
f 3036/1835/2523 3011/1836/2522 3025/1833/2517 3044/1830/2516
f 3000/1869/2550 3036/1835/2523 3044/1830/2516 3018/1870/2551
f 3018/1870/2551 3044/1830/2516 3026/1831/2519 2467/1871/2552
f 3015/1372/2259 2966/1373/2258 3019/1829/2513 3045/1826/2512
f 2362/1872/2553 3015/1372/2259 3045/1826/2512 3012/1873/2554
f 3012/1873/2554 3045/1826/2512 3030/1827/2515 2254/1864/2545
f 3029/1819/2507 2968/1820/2506 3023/1825/2509 3046/1822/2508
f 2389/1874/2555 3029/1819/2507 3046/1822/2508 3016/1875/2556
f 3016/1875/2556 3046/1822/2508 3028/1823/2511 2205/1876/2557
f 3037/1839/2527 3009/1840/2526 3033/1821/2505 3047/1818/2504
f 2999/1866/2547 3037/1839/2527 3047/1818/2504 3031/1877/2558
f 3031/1877/2558 3047/1818/2504 3029/1819/2507 2389/1874/2555
f 3034/1811/2499 2969/1812/2498 3023/1817/2501 3048/1814/2500
f 3010/1848/2534 3034/1811/2499 3048/1814/2500 3038/1845/2529
f 3038/1845/2529 3048/1814/2500 3033/1815/2503 3009/1844/2530
f 3035/1878/2559 2970/1879/2560 3024/1813/2497 3049/1810/2496
f 3011/1858/2539 3035/1878/2559 3049/1810/2496 3039/1849/2533
f 3039/1849/2533 3049/1810/2496 3034/1811/2499 3010/1848/2534
f 3026/1831/2519 2967/1832/2518 3020/1374/2257 3050/1371/2256
f 2467/1871/2552 3026/1831/2519 3050/1371/2256 3013/1880/2561
f 3013/1880/2561 3050/1371/2256 3015/1372/2259 2362/1872/2553
f 3028/1823/2511 2969/1824/2510 3024/1314/2206 3051/1311/2205
f 2205/1876/2557 3028/1823/2511 3051/1311/2205 3017/1881/2562
f 3017/1881/2562 3051/1311/2205 3027/1312/2208 2711/1867/2548
f 2989/839/1858 3000/1882/2563 3018/1851/2536
f 3032/1274/2180 3000/1882/2563 2989/839/1858
f 3017/1289/2190 2711/857/1870 2712/845/1863
f 3016/1299/2197 2205/1288/2189 2180/1242/2155 2410/1239/2154
f 3031/170/1553 2389/1883/2196 2137/1853/1589 2988/169/1554
f 3014/1856/2537 2999/168/1552 2988/169/1554 1693/229/1594
f 2449/1319/2213 2362/1317/2212 3012/1347/2236
f 2359/117/1501 2467/114/1500 3013/1318/2214
