# Blender 4.3.2
# www.blender.org
o Torus
v 1.946945 0.797298 -0.914066
v 1.946945 0.792594 -0.803906
v 1.946945 0.614937 -0.841428
v 1.946945 0.614937 -0.985040
v 1.811181 0.773359 -0.914066
v 1.812790 0.768939 -0.803906
v 1.873552 0.601995 -0.841428
v 1.873552 0.601995 -0.985040
v 1.691791 0.704430 -0.914066
v 1.694815 0.700826 -0.803906
v 1.809011 0.564733 -0.841428
v 1.809011 0.564733 -0.985040
v 1.603177 0.598824 -0.914066
v 1.607251 0.596471 -0.803906
v 1.761107 0.507643 -0.841428
v 1.761107 0.507643 -0.985040
v 1.556027 0.469279 -0.914066
v 1.560659 0.468462 -0.803906
v 1.735618 0.437612 -0.841428
v 1.735618 0.437612 -0.985040
v 1.556027 0.331419 -0.914066
v 1.560659 0.332236 -0.803906
v 1.735618 0.363086 -0.841428
v 1.735618 0.363086 -0.985040
v 1.603177 0.201874 -0.914066
v 1.607251 0.204226 -0.803906
v 1.761107 0.293055 -0.841428
v 1.946945 0.554548 -0.998867
v 1.894206 0.545248 -0.998867
v 1.761107 0.293055 -0.985040
v 1.847829 0.518472 -0.998867
v 1.691791 0.096268 -0.914066
v 1.694815 0.099872 -0.803906
v 1.809011 0.235965 -0.841428
v 1.813406 0.477448 -0.998867
v 1.795089 0.427125 -0.998867
v 1.809011 0.235965 -0.985040
v 1.795089 0.373573 -0.998867
v 1.811181 0.027339 -0.914066
v 1.812789 0.031759 -0.803906
v 1.873552 0.198703 -0.841428
v 1.813406 0.323250 -0.998867
v 1.847829 0.282226 -0.998867
v 1.873552 0.198703 -0.985040
v 1.894206 0.255450 -0.998867
v 1.946945 0.185761 -0.841428
v 1.946945 0.246150 -0.998867
v 1.999684 0.255450 -0.998867
v 1.946945 0.185761 -0.985040
v 2.046062 0.282226 -0.998867
v 2.082710 0.027339 -0.914066
v 2.081101 0.031759 -0.803906
v 2.020339 0.198703 -0.841428
v 2.080485 0.323250 -0.998867
v 2.098801 0.373573 -0.998867
v 2.020339 0.198703 -0.985040
v 2.098801 0.427125 -0.998867
v 2.202099 0.096268 -0.914066
v 2.199075 0.099872 -0.803906
v 2.084880 0.235965 -0.841428
v 2.080485 0.477448 -0.998867
v 2.046062 0.518472 -0.998867
v 2.084880 0.235965 -0.985040
v 1.999684 0.545248 -0.998867
v 2.290714 0.201874 -0.914066
v 2.286640 0.204226 -0.803906
v 2.132784 0.293055 -0.841428
v 2.132784 0.293055 -0.985040
v 2.337864 0.331419 -0.914066
v 2.333231 0.332236 -0.803906
v 2.158273 0.363086 -0.841428
v 2.158273 0.363086 -0.985040
v 2.337864 0.469279 -0.914066
v 2.333231 0.468462 -0.803906
v 2.158273 0.437612 -0.841428
v 2.158273 0.437612 -0.985040
v 2.290714 0.598824 -0.914066
v 2.286640 0.596471 -0.803906
v 2.132784 0.507643 -0.841428
v 2.132784 0.507643 -0.985040
v 2.202100 0.704429 -0.914066
v 2.199076 0.700826 -0.803906
v 2.084880 0.564733 -0.841428
v 2.084880 0.564733 -0.985040
v 2.082710 0.773359 -0.914066
v 2.081101 0.768939 -0.803906
v 2.020339 0.601995 -0.841428
v 2.020339 0.601995 -0.985040
v 1.995217 0.532975 -1.019597
v 2.037667 0.508467 -1.019597
v 2.069175 0.470918 -1.019597
v 2.085939 0.424857 -1.019597
v 2.085939 0.375840 -1.019597
v 2.069175 0.329780 -1.019597
v 2.037667 0.292231 -1.019597
v 1.995217 0.267723 -1.019597
v 1.946945 0.259211 -1.019597
v 1.898673 0.267723 -1.019597
v 1.856223 0.292231 -1.019597
v 1.824716 0.329780 -1.019597
v 1.807951 0.375840 -1.019597
v 1.807951 0.424857 -1.019597
v 1.824716 0.470918 -1.019597
v 1.856224 0.508467 -1.019597
v 1.899573 0.532975 -1.019603
v 1.946945 0.541487 -1.019597
v 1.947845 0.400349 -0.992169
v 2.019768 0.461457 0.000000
v 1.994483 0.482673 0.000000
v 1.946945 0.400349 -0.817379
v 2.036271 0.432872 0.000000
v 1.963467 0.493962 0.000000
v 1.930460 0.493962 0.000000
v 1.899444 0.482673 0.000000
v 1.874160 0.461457 0.000000
v 1.857656 0.432872 0.000000
v 1.851925 0.400367 0.000000
v 2.042003 0.400367 0.000000
v 2.036271 0.367861 0.000000
v 2.036271 0.367861 -0.833612
v 2.019768 0.339277 -0.833612
v 1.994483 0.318060 -0.833612
v 1.963467 0.306771 -0.833612
v 1.930460 0.306771 -0.833612
v 1.899444 0.318060 -0.833612
v 1.874160 0.339277 -0.833612
v 1.857656 0.367861 0.000000
v 1.857656 0.367861 -0.833612
v 1.851925 0.400367 -0.833612
v 1.857656 0.432872 -0.833612
v 1.874160 0.461457 -0.833612
v 1.899444 0.482673 -0.833612
v 1.930460 0.493962 -0.833612
v 1.963467 0.493962 -0.833612
v 1.994483 0.482673 -0.833612
v 2.019768 0.461457 -0.833612
v 2.036271 0.432872 -0.833612
v 2.042003 0.400367 -0.833612
v 1.874160 0.339277 0.000000
v 1.899444 0.318060 0.000000
v 1.930460 0.306771 0.000000
v 1.963467 0.306771 0.000000
v 1.994483 0.318060 0.000000
v 2.019768 0.339277 0.000000
v 1.946945 0.790205 -1.000026
v 1.946945 0.753244 -1.017121
v 1.826248 0.731962 -1.017121
v 1.813607 0.766694 -1.000027
v 1.720109 0.670683 -1.017121
v 1.696351 0.698996 -1.000026
v 1.609320 0.595277 -1.000027
v 1.641329 0.576796 -1.017121
v 1.563012 0.468047 -1.000027
v 1.599411 0.461628 -1.017121
v 1.599411 0.339069 -1.017121
v 1.563012 0.332651 -1.000027
v 1.609320 0.205421 -1.000027
v 1.641329 0.223901 -1.017121
v 1.720109 0.130016 -1.017121
v 1.696350 0.101702 -1.000027
v 1.826248 0.068736 -1.017121
v 1.813607 0.034004 -1.000027
v 2.067642 0.068736 -1.017121
v 2.080284 0.034004 -1.000027
v 2.173782 0.130016 -1.017121
v 2.197540 0.101702 -1.000027
v 2.252562 0.223902 -1.017121
v 2.284571 0.205421 -1.000027
v 2.330879 0.332651 -1.000027
v 2.294479 0.339069 -1.017121
v 2.330879 0.468047 -1.000027
v 2.294479 0.461629 -1.017121
v 2.252562 0.576796 -1.017121
v 2.284571 0.595277 -1.000027
v 2.173782 0.670683 -1.017121
v 2.197540 0.698996 -1.000026
v 2.080284 0.766694 -1.000027
v 2.067643 0.731962 -1.017121
v 1.946945 0.003400 -0.914066
v 1.946945 0.008103 -0.803906
v 1.946945 0.010492 -1.000026
v 1.946945 0.047453 -1.017121
v -1.916282 0.797297 -0.914066
v -1.916282 0.792593 -0.803906
v -1.916282 0.614936 -0.841428
v -1.916282 0.614936 -0.985040
v -2.052047 0.773359 -0.914066
v -2.050438 0.768938 -0.803906
v -1.989675 0.601995 -0.841428
v -1.989675 0.601995 -0.985040
v -2.171436 0.704429 -0.914066
v -2.168412 0.700825 -0.803906
v -2.054216 0.564732 -0.841428
v -2.054216 0.564732 -0.985040
v -2.260050 0.598823 -0.914066
v -2.255976 0.596471 -0.803906
v -2.102120 0.507642 -0.841428
v -2.102120 0.507642 -0.985040
v -2.307201 0.469278 -0.914066
v -2.302568 0.468461 -0.803906
v -2.127609 0.437611 -0.841428
v -2.127609 0.437611 -0.985040
v -2.307201 0.331419 -0.914066
v -2.302568 0.332236 -0.803906
v -2.127609 0.363085 -0.841428
v -2.127609 0.363085 -0.985040
v -2.260050 0.201873 -0.914066
v -2.255976 0.204226 -0.803906
v -2.102120 0.293054 -0.841428
v -1.916282 0.554547 -0.998867
v -1.969021 0.545247 -0.998867
v -2.102120 0.293054 -0.985040
v -2.015399 0.518471 -0.998867
v -2.171436 0.096267 -0.914066
v -2.168412 0.099871 -0.803906
v -2.054216 0.235965 -0.841428
v -2.049822 0.477447 -0.998867
v -2.068138 0.427124 -0.998867
v -2.054216 0.235965 -0.985040
v -2.068138 0.373572 -0.998867
v -2.052047 0.027338 -0.914066
v -2.050438 0.031758 -0.803906
v -1.989675 0.198702 -0.841428
v -2.049822 0.323249 -0.998867
v -2.015399 0.282225 -0.998867
v -1.989675 0.198702 -0.985040
v -1.969021 0.255449 -0.998867
v -1.916282 0.185760 -0.841428
v -1.916282 0.246150 -0.998867
v -1.863543 0.255449 -0.998867
v -1.916282 0.185760 -0.985040
v -1.817165 0.282225 -0.998867
v -1.780517 0.027338 -0.914066
v -1.782126 0.031758 -0.803906
v -1.842889 0.198702 -0.841428
v -1.782742 0.323249 -0.998867
v -1.764426 0.373572 -0.998867
v -1.842889 0.198702 -0.985040
v -1.764426 0.427124 -0.998867
v -1.661128 0.096267 -0.914066
v -1.664152 0.099871 -0.803906
v -1.778348 0.235965 -0.841428
v -1.782742 0.477447 -0.998867
v -1.817165 0.518471 -0.998867
v -1.778348 0.235965 -0.985040
v -1.863543 0.545247 -0.998867
v -1.572514 0.201874 -0.914066
v -1.576588 0.204226 -0.803906
v -1.730443 0.293054 -0.841428
v -1.730443 0.293054 -0.985040
v -1.525363 0.331419 -0.914066
v -1.529996 0.332236 -0.803906
v -1.704954 0.363085 -0.841428
v -1.704954 0.363085 -0.985040
v -1.525363 0.469278 -0.914066
v -1.529996 0.468461 -0.803906
v -1.704954 0.437611 -0.841428
v -1.704954 0.437611 -0.985040
v -1.572514 0.598823 -0.914066
v -1.576588 0.596471 -0.803906
v -1.730443 0.507642 -0.841428
v -1.730443 0.507642 -0.985040
v -1.661128 0.704429 -0.914066
v -1.664152 0.700825 -0.803906
v -1.778348 0.564732 -0.841428
v -1.778348 0.564732 -0.985040
v -1.780517 0.773359 -0.914066
v -1.782126 0.768938 -0.803906
v -1.842889 0.601995 -0.841428
v -1.842889 0.601995 -0.985040
v -1.868010 0.532974 -1.019597
v -1.825560 0.508466 -1.019597
v -1.794053 0.470917 -1.019597
v -1.777288 0.424856 -1.019597
v -1.777288 0.375840 -1.019597
v -1.794053 0.329779 -1.019597
v -1.825560 0.292230 -1.019597
v -1.868010 0.267722 -1.019597
v -1.916282 0.259210 -1.019597
v -1.964554 0.267722 -1.019597
v -2.007004 0.292230 -1.019597
v -2.038511 0.329779 -1.019597
v -2.055276 0.375840 -1.019597
v -2.055276 0.424856 -1.019597
v -2.038511 0.470917 -1.019597
v -2.007004 0.508466 -1.019597
v -1.963654 0.532974 -1.019603
v -1.916282 0.541486 -1.019597
v -1.915382 0.400348 -0.992169
v -1.843460 0.461457 0.000000
v -1.868745 0.482673 0.000000
v -1.916282 0.400348 -0.817379
v -1.826957 0.432872 0.000000
v -1.899761 0.493962 0.000000
v -1.932768 0.493962 0.000000
v -1.963784 0.482673 0.000000
v -1.989069 0.461457 0.000000
v -2.005572 0.432872 0.000000
v -2.011303 0.400367 0.000000
v -1.821225 0.400367 0.000000
v -1.826957 0.367861 0.000000
v -1.826957 0.367861 -0.833612
v -1.843460 0.339277 -0.833612
v -1.868745 0.318060 -0.833612
v -1.899761 0.306771 -0.833612
v -1.932768 0.306771 -0.833612
v -1.963784 0.318060 -0.833612
v -1.989069 0.339277 -0.833612
v -2.005572 0.367861 0.000000
v -2.005572 0.367861 -0.833612
v -2.011303 0.400367 -0.833612
v -2.005572 0.432872 -0.833612
v -1.989069 0.461457 -0.833612
v -1.963784 0.482673 -0.833612
v -1.932768 0.493962 -0.833612
v -1.899761 0.493962 -0.833612
v -1.868745 0.482673 -0.833612
v -1.843460 0.461457 -0.833612
v -1.826957 0.432872 -0.833612
v -1.821225 0.400367 -0.833612
v -1.989069 0.339277 0.000000
v -1.963784 0.318060 0.000000
v -1.932768 0.306771 0.000000
v -1.899761 0.306771 0.000000
v -1.868745 0.318060 0.000000
v -1.843460 0.339277 0.000000
v -1.916282 0.790205 -1.000026
v -1.916282 0.753243 -1.017121
v -2.036979 0.731961 -1.017121
v -2.049621 0.766693 -1.000027
v -2.143119 0.670682 -1.017121
v -2.166877 0.698995 -1.000026
v -2.253907 0.595276 -1.000027
v -2.221898 0.576796 -1.017121
v -2.300215 0.468046 -1.000027
v -2.263816 0.461628 -1.017121
v -2.263816 0.339069 -1.017121
v -2.300215 0.332650 -1.000027
v -2.253907 0.205420 -1.000027
v -2.221898 0.223900 -1.017121
v -2.143119 0.130015 -1.017121
v -2.166877 0.101701 -1.000027
v -2.036979 0.068735 -1.017121
v -2.049621 0.034003 -1.000027
v -1.795585 0.068735 -1.017121
v -1.782943 0.034003 -1.000027
v -1.689445 0.130015 -1.017121
v -1.665687 0.101701 -1.000027
v -1.610666 0.223901 -1.017121
v -1.578656 0.205420 -1.000027
v -1.532349 0.332650 -1.000027
v -1.568748 0.339069 -1.017121
v -1.532349 0.468046 -1.000027
v -1.568748 0.461628 -1.017121
v -1.610666 0.576796 -1.017121
v -1.578656 0.595276 -1.000027
v -1.689445 0.670682 -1.017121
v -1.665687 0.698995 -1.000026
v -1.782943 0.766693 -1.000027
v -1.795585 0.731961 -1.017121
v -1.916282 0.003399 -0.914066
v -1.916282 0.008103 -0.803906
v -1.916282 0.010492 -1.000026
v -1.916282 0.047453 -1.017121
v -1.916264 0.797316 -0.697982
v -1.916264 0.792612 -0.587822
v -1.916264 0.614954 -0.625344
v -1.916264 0.614954 -0.768956
v -2.052029 0.773377 -0.697982
v -2.050420 0.768956 -0.587822
v -1.989657 0.602013 -0.625344
v -1.989657 0.602013 -0.768956
v -2.171418 0.704447 -0.697982
v -2.168394 0.700844 -0.587822
v -2.054198 0.564750 -0.625344
v -2.054198 0.564750 -0.768956
v -2.260032 0.598841 -0.697982
v -2.255958 0.596489 -0.587822
v -2.102102 0.507660 -0.625344
v -2.102103 0.507660 -0.768956
v -2.307183 0.469296 -0.697982
v -2.302550 0.468479 -0.587822
v -2.127592 0.437629 -0.625344
v -2.127592 0.437629 -0.768956
v -2.307183 0.331437 -0.697982
v -2.302550 0.332254 -0.587822
v -2.127592 0.363104 -0.625344
v -2.127592 0.363104 -0.768956
v -2.260032 0.201892 -0.697982
v -2.255958 0.204244 -0.587822
v -2.102103 0.293073 -0.625344
v -2.102103 0.293073 -0.768956
v -2.171418 0.096286 -0.697982
v -2.168394 0.099889 -0.587822
v -2.054198 0.235983 -0.625344
v -2.054198 0.235983 -0.768956
v -2.052029 0.027356 -0.697982
v -2.050420 0.031777 -0.587822
v -1.989657 0.198720 -0.625344
v -1.989657 0.198720 -0.768956
v -1.916264 0.185779 -0.625344
v -1.916264 0.185779 -0.768956
v -1.780499 0.027356 -0.697982
v -1.782108 0.031777 -0.587822
v -1.842871 0.198720 -0.625344
v -1.842871 0.198720 -0.768956
v -1.661110 0.096286 -0.697982
v -1.664134 0.099889 -0.587822
v -1.778330 0.235983 -0.625344
v -1.778330 0.235983 -0.768956
v -1.572496 0.201892 -0.697982
v -1.576570 0.204244 -0.587822
v -1.730426 0.293073 -0.625344
v -1.730426 0.293073 -0.768956
v -1.525345 0.331437 -0.697982
v -1.529978 0.332254 -0.587822
v -1.704936 0.363104 -0.625344
v -1.704936 0.363104 -0.768956
v -1.525345 0.469296 -0.697982
v -1.529978 0.468479 -0.587822
v -1.704936 0.437629 -0.625344
v -1.704937 0.437629 -0.768956
v -1.572496 0.598841 -0.697982
v -1.576570 0.596489 -0.587822
v -1.730426 0.507660 -0.625344
v -1.730426 0.507660 -0.768956
v -1.661110 0.704447 -0.697982
v -1.664134 0.700844 -0.587822
v -1.778330 0.564750 -0.625344
v -1.778330 0.564750 -0.768956
v -1.780499 0.773377 -0.697982
v -1.782108 0.768956 -0.587822
v -1.842871 0.602013 -0.625344
v -1.842871 0.602013 -0.768956
v -1.916264 0.400367 -0.601296
v -1.916264 0.790223 -0.783943
v -1.916264 0.753262 -0.801038
v -2.036961 0.731979 -0.801038
v -2.049603 0.766711 -0.783943
v -2.143101 0.670700 -0.801038
v -2.166859 0.699014 -0.783943
v -2.253890 0.595295 -0.783943
v -2.221880 0.576814 -0.801038
v -2.300198 0.468064 -0.783943
v -2.263798 0.461646 -0.801038
v -2.263798 0.339087 -0.801038
v -2.300198 0.332669 -0.783943
v -2.253890 0.205439 -0.783943
v -2.221880 0.223919 -0.801038
v -2.143101 0.130033 -0.801038
v -2.166859 0.101719 -0.783943
v -2.036961 0.068754 -0.801038
v -2.049603 0.034021 -0.783943
v -1.795567 0.068753 -0.801038
v -1.782925 0.034021 -0.783943
v -1.689427 0.130033 -0.801038
v -1.665669 0.101719 -0.783943
v -1.610648 0.223919 -0.801038
v -1.578639 0.205439 -0.783943
v -1.532331 0.332669 -0.783943
v -1.568730 0.339087 -0.801038
v -1.532331 0.468064 -0.783943
v -1.568730 0.461646 -0.801038
v -1.610648 0.576814 -0.801038
v -1.578639 0.595295 -0.783943
v -1.689427 0.670700 -0.801038
v -1.665669 0.699014 -0.783943
v -1.782925 0.766711 -0.783943
v -1.795567 0.731979 -0.801038
v -1.916264 0.003417 -0.697982
v -1.916264 0.008121 -0.587822
v -1.916264 0.010510 -0.783943
v -1.916264 0.047471 -0.801038
v -2.760406 0.797298 -0.914066
v -2.760406 0.792594 -0.803906
v -2.760406 0.614937 -0.841428
v -2.760406 0.614937 -0.985040
v -2.896170 0.773359 -0.914066
v -2.894562 0.768939 -0.803906
v -2.833799 0.601995 -0.841428
v -2.833799 0.601995 -0.985040
v -3.015560 0.704429 -0.914066
v -3.012536 0.700826 -0.803906
v -2.898340 0.564733 -0.841428
v -2.898340 0.564733 -0.985040
v -3.104174 0.598823 -0.914066
v -3.100100 0.596471 -0.803906
v -2.946244 0.507643 -0.841428
v -2.946244 0.507643 -0.985040
v -3.151325 0.469279 -0.914066
v -3.146692 0.468461 -0.803906
v -2.971733 0.437612 -0.841428
v -2.971733 0.437612 -0.985040
v -3.151325 0.331419 -0.914066
v -3.146692 0.332236 -0.803906
v -2.971733 0.363086 -0.841428
v -2.971733 0.363086 -0.985040
v -3.104174 0.201874 -0.914066
v -3.100100 0.204226 -0.803906
v -2.946244 0.293055 -0.841428
v -2.760406 0.554548 -0.998867
v -2.813145 0.545248 -0.998867
v -2.946244 0.293055 -0.985040
v -2.859523 0.518472 -0.998867
v -3.015560 0.096268 -0.914066
v -3.012536 0.099872 -0.803906
v -2.898340 0.235965 -0.841428
v -2.893945 0.477448 -0.998867
v -2.912261 0.427125 -0.998867
v -2.898340 0.235965 -0.985040
v -2.912261 0.373572 -0.998867
v -2.896171 0.027338 -0.914066
v -2.894562 0.031759 -0.803906
v -2.833799 0.198702 -0.841428
v -2.893945 0.323250 -0.998867
v -2.859523 0.282226 -0.998867
v -2.833799 0.198702 -0.985040
v -2.813145 0.255450 -0.998867
v -2.760406 0.185761 -0.841428
v -2.760406 0.246150 -0.998867
v -2.707667 0.255450 -0.998867
v -2.760406 0.185761 -0.985040
v -2.661289 0.282226 -0.998867
v -2.624641 0.027338 -0.914066
v -2.626250 0.031759 -0.803906
v -2.687012 0.198702 -0.841428
v -2.626866 0.323250 -0.998867
v -2.608550 0.373572 -0.998867
v -2.687012 0.198702 -0.985040
v -2.608550 0.427125 -0.998867
v -2.505252 0.096268 -0.914066
v -2.508276 0.099872 -0.803906
v -2.622472 0.235965 -0.841428
v -2.626866 0.477448 -0.998867
v -2.661289 0.518472 -0.998867
v -2.622472 0.235965 -0.985040
v -2.707667 0.545248 -0.998867
v -2.416638 0.201874 -0.914066
v -2.420712 0.204226 -0.803906
v -2.574567 0.293055 -0.841428
v -2.574567 0.293055 -0.985040
v -2.369487 0.331419 -0.914066
v -2.374120 0.332236 -0.803906
v -2.549078 0.363086 -0.841428
v -2.549078 0.363086 -0.985040
v -2.369487 0.469279 -0.914066
v -2.374120 0.468462 -0.803906
v -2.549078 0.437612 -0.841428
v -2.549078 0.437612 -0.985040
v -2.416638 0.598824 -0.914066
v -2.420712 0.596471 -0.803906
v -2.574567 0.507643 -0.841428
v -2.574567 0.507643 -0.985040
v -2.505252 0.704429 -0.914066
v -2.508276 0.700826 -0.803906
v -2.622471 0.564733 -0.841428
v -2.622471 0.564733 -0.985040
v -2.624641 0.773359 -0.914066
v -2.626250 0.768939 -0.803906
v -2.687012 0.601995 -0.841428
v -2.687012 0.601995 -0.985040
v -2.712134 0.532975 -1.019597
v -2.669684 0.508467 -1.019597
v -2.638176 0.470918 -1.019597
v -2.621412 0.424857 -1.019597
v -2.621412 0.375840 -1.019597
v -2.638176 0.329780 -1.019597
v -2.669684 0.292231 -1.019597
v -2.712134 0.267723 -1.019597
v -2.760406 0.259211 -1.019597
v -2.808678 0.267723 -1.019597
v -2.851128 0.292231 -1.019597
v -2.882635 0.329780 -1.019597
v -2.899400 0.375840 -1.019597
v -2.899400 0.424857 -1.019597
v -2.882635 0.470918 -1.019597
v -2.851128 0.508467 -1.019597
v -2.807778 0.532975 -1.019603
v -2.760406 0.541487 -1.019597
v -2.759506 0.400349 -0.992169
v -2.687583 0.461457 0.000000
v -2.712868 0.482673 0.000000
v -2.760406 0.400349 -0.817379
v -2.671080 0.432872 0.000000
v -2.743884 0.493962 0.000000
v -2.776891 0.493962 0.000000
v -2.807907 0.482673 0.000000
v -2.833192 0.461457 0.000000
v -2.849695 0.432872 0.000000
v -2.855427 0.400367 0.000000
v -2.665349 0.400367 0.000000
v -2.671080 0.367861 0.000000
v -2.671080 0.367861 -0.833612
v -2.687583 0.339277 -0.833612
v -2.712868 0.318060 -0.833612
v -2.743884 0.306771 -0.833612
v -2.776891 0.306771 -0.833612
v -2.807907 0.318060 -0.833612
v -2.833192 0.339277 -0.833612
v -2.849695 0.367861 0.000000
v -2.849695 0.367861 -0.833612
v -2.855427 0.400367 -0.833612
v -2.849695 0.432872 -0.833612
v -2.833192 0.461457 -0.833612
v -2.807907 0.482673 -0.833612
v -2.776891 0.493962 -0.833612
v -2.743884 0.493962 -0.833612
v -2.712868 0.482673 -0.833612
v -2.687583 0.461457 -0.833612
v -2.671080 0.432872 -0.833612
v -2.665349 0.400367 -0.833612
v -2.833192 0.339277 0.000000
v -2.807907 0.318060 0.000000
v -2.776891 0.306771 0.000000
v -2.743884 0.306771 0.000000
v -2.712868 0.318060 0.000000
v -2.687583 0.339277 0.000000
v -2.760406 0.790205 -1.000026
v -2.760406 0.753244 -1.017121
v -2.881103 0.731962 -1.017121
v -2.893744 0.766694 -1.000027
v -2.987242 0.670682 -1.017121
v -3.011001 0.698996 -1.000026
v -3.098031 0.595277 -1.000027
v -3.066022 0.576796 -1.017121
v -3.144339 0.468047 -1.000027
v -3.107940 0.461628 -1.017121
v -3.107940 0.339069 -1.017121
v -3.144339 0.332651 -1.000027
v -3.098031 0.205421 -1.000027
v -3.066022 0.223901 -1.017121
v -2.987242 0.130016 -1.017121
v -3.011001 0.101702 -1.000027
v -2.881103 0.068736 -1.017121
v -2.893744 0.034004 -1.000027
v -2.639709 0.068736 -1.017121
v -2.627067 0.034004 -1.000027
v -2.533569 0.130015 -1.017121
v -2.509811 0.101702 -1.000027
v -2.454789 0.223901 -1.017121
v -2.422780 0.205421 -1.000027
v -2.376472 0.332651 -1.000027
v -2.412872 0.339069 -1.017121
v -2.376472 0.468047 -1.000027
v -2.412872 0.461628 -1.017121
v -2.454789 0.576796 -1.017121
v -2.422780 0.595277 -1.000027
v -2.533569 0.670682 -1.017121
v -2.509811 0.698996 -1.000026
v -2.627067 0.766694 -1.000027
v -2.639709 0.731962 -1.017121
v -2.760406 0.003400 -0.914066
v -2.760406 0.008103 -0.803906
v -2.760406 0.010492 -1.000026
v -2.760406 0.047453 -1.017121
v -2.760388 0.797317 -0.697982
v -2.760388 0.792613 -0.587822
v -2.760388 0.614955 -0.625344
v -2.760388 0.614955 -0.768956
v -2.896153 0.773378 -0.697982
v -2.894544 0.768957 -0.587822
v -2.833782 0.602014 -0.625344
v -2.833782 0.602014 -0.768956
v -3.015543 0.704448 -0.697982
v -3.012519 0.700845 -0.587822
v -2.898323 0.564752 -0.625344
v -2.898323 0.564752 -0.768956
v -3.104156 0.598842 -0.697982
v -3.100083 0.596490 -0.587822
v -2.946227 0.507661 -0.625344
v -2.946227 0.507661 -0.768956
v -3.151307 0.469297 -0.697982
v -3.146674 0.468480 -0.587822
v -2.971716 0.437630 -0.625344
v -2.971716 0.437630 -0.768956
v -3.151307 0.331438 -0.697982
v -3.146674 0.332255 -0.587822
v -2.971716 0.363105 -0.625344
v -2.971716 0.363105 -0.768956
v -3.104156 0.201893 -0.697982
v -3.100083 0.204245 -0.587822
v -2.946227 0.293074 -0.625344
v -2.946227 0.293074 -0.768956
v -3.015543 0.096287 -0.697982
v -3.012519 0.099891 -0.587822
v -2.898323 0.235984 -0.625344
v -2.898323 0.235984 -0.768956
v -2.896153 0.027357 -0.697982
v -2.894544 0.031778 -0.587822
v -2.833782 0.198721 -0.625344
v -2.833782 0.198721 -0.768956
v -2.760388 0.185780 -0.625344
v -2.760388 0.185780 -0.768956
v -2.624624 0.027357 -0.697982
v -2.626233 0.031778 -0.587822
v -2.686995 0.198721 -0.625344
v -2.686995 0.198721 -0.768956
v -2.505234 0.096287 -0.697982
v -2.508258 0.099890 -0.587822
v -2.622454 0.235984 -0.625344
v -2.622454 0.235984 -0.768956
v -2.416620 0.201893 -0.697982
v -2.420694 0.204245 -0.587822
v -2.574550 0.293074 -0.625344
v -2.574550 0.293074 -0.768956
v -2.369470 0.331438 -0.697982
v -2.374103 0.332255 -0.587822
v -2.549061 0.363105 -0.625344
v -2.549061 0.363105 -0.768956
v -2.369470 0.469297 -0.697982
v -2.374103 0.468480 -0.587822
v -2.549061 0.437630 -0.625344
v -2.549061 0.437630 -0.768956
v -2.416620 0.598842 -0.697982
v -2.420694 0.596490 -0.587822
v -2.574550 0.507661 -0.625344
v -2.574550 0.507661 -0.768956
v -2.505234 0.704448 -0.697982
v -2.508258 0.700845 -0.587822
v -2.622454 0.564752 -0.625344
v -2.622454 0.564752 -0.768956
v -2.624624 0.773378 -0.697982
v -2.626233 0.768957 -0.587822
v -2.686995 0.602014 -0.625344
v -2.686995 0.602014 -0.768956
v -2.760388 0.400368 -0.601296
v -2.760388 0.790224 -0.783943
v -2.760388 0.753263 -0.801038
v -2.881086 0.731981 -0.801038
v -2.893727 0.766713 -0.783943
v -2.987225 0.670701 -0.801038
v -3.010983 0.699015 -0.783943
v -3.098014 0.595296 -0.783943
v -3.066005 0.576815 -0.801038
v -3.144322 0.468065 -0.783943
v -3.107922 0.461647 -0.801038
v -3.107922 0.339088 -0.801038
v -3.144322 0.332670 -0.783943
v -3.098014 0.205440 -0.783943
v -3.066005 0.223920 -0.801038
v -2.987225 0.130034 -0.801038
v -3.010983 0.101721 -0.783943
v -2.881086 0.068755 -0.801038
v -2.893727 0.034023 -0.783943
v -2.639691 0.068755 -0.801038
v -2.627050 0.034023 -0.783943
v -2.533552 0.130034 -0.801038
v -2.509794 0.101721 -0.783943
v -2.454772 0.223920 -0.801038
v -2.422763 0.205440 -0.783943
v -2.376455 0.332670 -0.783943
v -2.412855 0.339088 -0.801038
v -2.376455 0.468065 -0.783943
v -2.412855 0.461647 -0.801038
v -2.454772 0.576815 -0.801038
v -2.422763 0.595296 -0.783943
v -2.533552 0.670701 -0.801038
v -2.509794 0.699015 -0.783943
v -2.627050 0.766713 -0.783943
v -2.639691 0.731981 -0.801038
v -2.760388 0.003418 -0.697982
v -2.760388 0.008122 -0.587822
v -2.760388 0.010511 -0.783943
v -2.760388 0.047472 -0.801038
v 1.946945 0.797298 0.914066
v 1.946945 0.792594 0.803906
v 1.946945 0.614937 0.841428
v 1.946945 0.614937 0.985040
v 1.811181 0.773359 0.914066
v 1.812790 0.768939 0.803906
v 1.873552 0.601995 0.841428
v 1.873552 0.601995 0.985040
v 1.691791 0.704430 0.914066
v 1.694815 0.700826 0.803906
v 1.809011 0.564733 0.841428
v 1.809011 0.564733 0.985040
v 1.603177 0.598824 0.914066
v 1.607251 0.596471 0.803906
v 1.761107 0.507643 0.841428
v 1.761107 0.507643 0.985040
v 1.556027 0.469279 0.914066
v 1.560659 0.468462 0.803906
v 1.735618 0.437612 0.841428
v 1.735618 0.437612 0.985040
v 1.556027 0.331419 0.914066
v 1.560659 0.332236 0.803906
v 1.735618 0.363086 0.841428
v 1.735618 0.363086 0.985040
v 1.603177 0.201874 0.914066
v 1.607251 0.204226 0.803906
v 1.761107 0.293055 0.841428
v 1.946945 0.554548 0.998867
v 1.894206 0.545248 0.998867
v 1.761107 0.293055 0.985040
v 1.847829 0.518472 0.998867
v 1.691791 0.096268 0.914066
v 1.694815 0.099872 0.803906
v 1.809011 0.235965 0.841428
v 1.813406 0.477448 0.998867
v 1.795089 0.427125 0.998867
v 1.809011 0.235965 0.985040
v 1.795089 0.373573 0.998867
v 1.811181 0.027339 0.914066
v 1.812789 0.031759 0.803906
v 1.873552 0.198703 0.841428
v 1.813406 0.323250 0.998867
v 1.847829 0.282226 0.998867
v 1.873552 0.198703 0.985040
v 1.894206 0.255450 0.998867
v 1.946945 0.185761 0.841428
v 1.946945 0.246150 0.998867
v 1.999684 0.255450 0.998867
v 1.946945 0.185761 0.985040
v 2.046062 0.282226 0.998867
v 2.082710 0.027339 0.914066
v 2.081101 0.031759 0.803906
v 2.020339 0.198703 0.841428
v 2.080485 0.323250 0.998867
v 2.098801 0.373573 0.998867
v 2.020339 0.198703 0.985040
v 2.098801 0.427125 0.998867
v 2.202099 0.096268 0.914066
v 2.199075 0.099872 0.803906
v 2.084880 0.235965 0.841428
v 2.080485 0.477448 0.998867
v 2.046062 0.518472 0.998867
v 2.084880 0.235965 0.985040
v 1.999684 0.545248 0.998867
v 2.290714 0.201874 0.914066
v 2.286640 0.204226 0.803906
v 2.132784 0.293055 0.841428
v 2.132784 0.293055 0.985040
v 2.337864 0.331419 0.914066
v 2.333231 0.332236 0.803906
v 2.158273 0.363086 0.841428
v 2.158273 0.363086 0.985040
v 2.337864 0.469279 0.914066
v 2.333231 0.468462 0.803906
v 2.158273 0.437612 0.841428
v 2.158273 0.437612 0.985040
v 2.290714 0.598824 0.914066
v 2.286640 0.596471 0.803906
v 2.132784 0.507643 0.841428
v 2.132784 0.507643 0.985040
v 2.202100 0.704429 0.914066
v 2.199076 0.700826 0.803906
v 2.084880 0.564733 0.841428
v 2.084880 0.564733 0.985040
v 2.082710 0.773359 0.914066
v 2.081101 0.768939 0.803906
v 2.020339 0.601995 0.841428
v 2.020339 0.601995 0.985040
v 1.995217 0.532975 1.019597
v 2.037667 0.508467 1.019597
v 2.069175 0.470918 1.019597
v 2.085939 0.424857 1.019597
v 2.085939 0.375840 1.019597
v 2.069175 0.329780 1.019597
v 2.037667 0.292231 1.019597
v 1.995217 0.267723 1.019597
v 1.946945 0.259211 1.019597
v 1.898673 0.267723 1.019597
v 1.856223 0.292231 1.019597
v 1.824716 0.329780 1.019597
v 1.807951 0.375840 1.019597
v 1.807951 0.424857 1.019597
v 1.824716 0.470918 1.019597
v 1.856224 0.508467 1.019597
v 1.899573 0.532975 1.019603
v 1.946945 0.541487 1.019597
v 1.947845 0.400349 0.992169
v 1.946945 0.400349 0.817379
v 2.036271 0.367861 0.833612
v 2.019768 0.339277 0.833612
v 1.994483 0.318060 0.833612
v 1.963467 0.306771 0.833612
v 1.930460 0.306771 0.833612
v 1.899444 0.318060 0.833612
v 1.874160 0.339277 0.833612
v 1.857656 0.367861 0.833612
v 1.851925 0.400367 0.833612
v 1.857656 0.432872 0.833612
v 1.874160 0.461457 0.833612
v 1.899444 0.482673 0.833612
v 1.930460 0.493962 0.833612
v 1.963467 0.493962 0.833612
v 1.994483 0.482673 0.833612
v 2.019768 0.461457 0.833612
v 2.036271 0.432872 0.833612
v 2.042003 0.400367 0.833612
v 1.946945 0.790205 1.000026
v 1.946945 0.753244 1.017121
v 1.826248 0.731962 1.017121
v 1.813607 0.766694 1.000027
v 1.720109 0.670683 1.017121
v 1.696351 0.698996 1.000026
v 1.609320 0.595277 1.000027
v 1.641329 0.576796 1.017121
v 1.563012 0.468047 1.000027
v 1.599411 0.461628 1.017121
v 1.599411 0.339069 1.017121
v 1.563012 0.332651 1.000027
v 1.609320 0.205421 1.000027
v 1.641329 0.223901 1.017121
v 1.720109 0.130016 1.017121
v 1.696350 0.101702 1.000027
v 1.826248 0.068736 1.017121
v 1.813607 0.034004 1.000027
v 2.067642 0.068736 1.017121
v 2.080284 0.034004 1.000027
v 2.173782 0.130016 1.017121
v 2.197540 0.101702 1.000027
v 2.252562 0.223902 1.017121
v 2.284571 0.205421 1.000027
v 2.330879 0.332651 1.000027
v 2.294479 0.339069 1.017121
v 2.330879 0.468047 1.000027
v 2.294479 0.461629 1.017121
v 2.252562 0.576796 1.017121
v 2.284571 0.595277 1.000027
v 2.173782 0.670683 1.017121
v 2.197540 0.698996 1.000026
v 2.080284 0.766694 1.000027
v 2.067643 0.731962 1.017121
v 1.946945 0.003400 0.914066
v 1.946945 0.008103 0.803906
v 1.946945 0.010492 1.000026
v 1.946945 0.047453 1.017121
v -1.916282 0.797297 0.914066
v -1.916282 0.792593 0.803906
v -1.916282 0.614936 0.841428
v -1.916282 0.614936 0.985040
v -2.052047 0.773359 0.914066
v -2.050438 0.768938 0.803906
v -1.989675 0.601995 0.841428
v -1.989675 0.601995 0.985040
v -2.171436 0.704429 0.914066
v -2.168412 0.700825 0.803906
v -2.054216 0.564732 0.841428
v -2.054216 0.564732 0.985040
v -2.260050 0.598823 0.914066
v -2.255976 0.596471 0.803906
v -2.102120 0.507642 0.841428
v -2.102120 0.507642 0.985040
v -2.307201 0.469278 0.914066
v -2.302568 0.468461 0.803906
v -2.127609 0.437611 0.841428
v -2.127609 0.437611 0.985040
v -2.307201 0.331419 0.914066
v -2.302568 0.332236 0.803906
v -2.127609 0.363085 0.841428
v -2.127609 0.363085 0.985040
v -2.260050 0.201873 0.914066
v -2.255976 0.204226 0.803906
v -2.102120 0.293054 0.841428
v -1.916282 0.554547 0.998867
v -1.969021 0.545247 0.998867
v -2.102120 0.293054 0.985040
v -2.015399 0.518471 0.998867
v -2.171436 0.096267 0.914066
v -2.168412 0.099871 0.803906
v -2.054216 0.235965 0.841428
v -2.049822 0.477447 0.998867
v -2.068138 0.427124 0.998867
v -2.054216 0.235965 0.985040
v -2.068138 0.373572 0.998867
v -2.052047 0.027338 0.914066
v -2.050438 0.031758 0.803906
v -1.989675 0.198702 0.841428
v -2.049822 0.323249 0.998867
v -2.015399 0.282225 0.998867
v -1.989675 0.198702 0.985040
v -1.969021 0.255449 0.998867
v -1.916282 0.185760 0.841428
v -1.916282 0.246150 0.998867
v -1.863543 0.255449 0.998867
v -1.916282 0.185760 0.985040
v -1.817165 0.282225 0.998867
v -1.780517 0.027338 0.914066
v -1.782126 0.031758 0.803906
v -1.842889 0.198702 0.841428
v -1.782742 0.323249 0.998867
v -1.764426 0.373572 0.998867
v -1.842889 0.198702 0.985040
v -1.764426 0.427124 0.998867
v -1.661128 0.096267 0.914066
v -1.664152 0.099871 0.803906
v -1.778348 0.235965 0.841428
v -1.782742 0.477447 0.998867
v -1.817165 0.518471 0.998867
v -1.778348 0.235965 0.985040
v -1.863543 0.545247 0.998867
v -1.572514 0.201874 0.914066
v -1.576588 0.204226 0.803906
v -1.730443 0.293054 0.841428
v -1.730443 0.293054 0.985040
v -1.525363 0.331419 0.914066
v -1.529996 0.332236 0.803906
v -1.704954 0.363085 0.841428
v -1.704954 0.363085 0.985040
v -1.525363 0.469278 0.914066
v -1.529996 0.468461 0.803906
v -1.704954 0.437611 0.841428
v -1.704954 0.437611 0.985040
v -1.572514 0.598823 0.914066
v -1.576588 0.596471 0.803906
v -1.730443 0.507642 0.841428
v -1.730443 0.507642 0.985040
v -1.661128 0.704429 0.914066
v -1.664152 0.700825 0.803906
v -1.778348 0.564732 0.841428
v -1.778348 0.564732 0.985040
v -1.780517 0.773359 0.914066
v -1.782126 0.768938 0.803906
v -1.842889 0.601995 0.841428
v -1.842889 0.601995 0.985040
v -1.868010 0.532974 1.019597
v -1.825560 0.508466 1.019597
v -1.794053 0.470917 1.019597
v -1.777288 0.424856 1.019597
v -1.777288 0.375840 1.019597
v -1.794053 0.329779 1.019597
v -1.825560 0.292230 1.019597
v -1.868010 0.267722 1.019597
v -1.916282 0.259210 1.019597
v -1.964554 0.267722 1.019597
v -2.007004 0.292230 1.019597
v -2.038511 0.329779 1.019597
v -2.055276 0.375840 1.019597
v -2.055276 0.424856 1.019597
v -2.038511 0.470917 1.019597
v -2.007004 0.508466 1.019597
v -1.963654 0.532974 1.019603
v -1.916282 0.541486 1.019597
v -1.915382 0.400348 0.992169
v -1.916282 0.400348 0.817379
v -1.826957 0.367861 0.833612
v -1.843460 0.339277 0.833612
v -1.868745 0.318060 0.833612
v -1.899761 0.306771 0.833612
v -1.932768 0.306771 0.833612
v -1.963784 0.318060 0.833612
v -1.989069 0.339277 0.833612
v -2.005572 0.367861 0.833612
v -2.011303 0.400367 0.833612
v -2.005572 0.432872 0.833612
v -1.989069 0.461457 0.833612
v -1.963784 0.482673 0.833612
v -1.932768 0.493962 0.833612
v -1.899761 0.493962 0.833612
v -1.868745 0.482673 0.833612
v -1.843460 0.461457 0.833612
v -1.826957 0.432872 0.833612
v -1.821225 0.400367 0.833612
v -1.916282 0.790205 1.000026
v -1.916282 0.753243 1.017121
v -2.036979 0.731961 1.017121
v -2.049621 0.766693 1.000027
v -2.143119 0.670682 1.017121
v -2.166877 0.698995 1.000026
v -2.253907 0.595276 1.000027
v -2.221898 0.576796 1.017121
v -2.300215 0.468046 1.000027
v -2.263816 0.461628 1.017121
v -2.263816 0.339069 1.017121
v -2.300215 0.332650 1.000027
v -2.253907 0.205420 1.000027
v -2.221898 0.223900 1.017121
v -2.143119 0.130015 1.017121
v -2.166877 0.101701 1.000027
v -2.036979 0.068735 1.017121
v -2.049621 0.034003 1.000027
v -1.795585 0.068735 1.017121
v -1.782943 0.034003 1.000027
v -1.689445 0.130015 1.017121
v -1.665687 0.101701 1.000027
v -1.610666 0.223901 1.017121
v -1.578656 0.205420 1.000027
v -1.532349 0.332650 1.000027
v -1.568748 0.339069 1.017121
v -1.532349 0.468046 1.000027
v -1.568748 0.461628 1.017121
v -1.610666 0.576796 1.017121
v -1.578656 0.595276 1.000027
v -1.689445 0.670682 1.017121
v -1.665687 0.698995 1.000026
v -1.782943 0.766693 1.000027
v -1.795585 0.731961 1.017121
v -1.916282 0.003399 0.914066
v -1.916282 0.008103 0.803906
v -1.916282 0.010492 1.000026
v -1.916282 0.047453 1.017121
v -1.916264 0.797316 0.697982
v -1.916264 0.792612 0.587822
v -1.916264 0.614954 0.625344
v -1.916264 0.614954 0.768956
v -2.052029 0.773377 0.697982
v -2.050420 0.768956 0.587822
v -1.989657 0.602013 0.625344
v -1.989657 0.602013 0.768956
v -2.171418 0.704447 0.697982
v -2.168394 0.700844 0.587822
v -2.054198 0.564750 0.625344
v -2.054198 0.564750 0.768956
v -2.260032 0.598841 0.697982
v -2.255958 0.596489 0.587822
v -2.102102 0.507660 0.625344
v -2.102103 0.507660 0.768956
v -2.307183 0.469296 0.697982
v -2.302550 0.468479 0.587822
v -2.127592 0.437629 0.625344
v -2.127592 0.437629 0.768956
v -2.307183 0.331437 0.697982
v -2.302550 0.332254 0.587822
v -2.127592 0.363104 0.625344
v -2.127592 0.363104 0.768956
v -2.260032 0.201892 0.697982
v -2.255958 0.204244 0.587822
v -2.102103 0.293073 0.625344
v -2.102103 0.293073 0.768956
v -2.171418 0.096286 0.697982
v -2.168394 0.099889 0.587822
v -2.054198 0.235983 0.625344
v -2.054198 0.235983 0.768956
v -2.052029 0.027356 0.697982
v -2.050420 0.031777 0.587822
v -1.989657 0.198720 0.625344
v -1.989657 0.198720 0.768956
v -1.916264 0.185779 0.625344
v -1.916264 0.185779 0.768956
v -1.780499 0.027356 0.697982
v -1.782108 0.031777 0.587822
v -1.842871 0.198720 0.625344
v -1.842871 0.198720 0.768956
v -1.661110 0.096286 0.697982
v -1.664134 0.099889 0.587822
v -1.778330 0.235983 0.625344
v -1.778330 0.235983 0.768956
v -1.572496 0.201892 0.697982
v -1.576570 0.204244 0.587822
v -1.730426 0.293073 0.625344
v -1.730426 0.293073 0.768956
v -1.525345 0.331437 0.697982
v -1.529978 0.332254 0.587822
v -1.704936 0.363104 0.625344
v -1.704936 0.363104 0.768956
v -1.525345 0.469296 0.697982
v -1.529978 0.468479 0.587822
v -1.704936 0.437629 0.625344
v -1.704937 0.437629 0.768956
v -1.572496 0.598841 0.697982
v -1.576570 0.596489 0.587822
v -1.730426 0.507660 0.625344
v -1.730426 0.507660 0.768956
v -1.661110 0.704447 0.697982
v -1.664134 0.700844 0.587822
v -1.778330 0.564750 0.625344
v -1.778330 0.564750 0.768956
v -1.780499 0.773377 0.697982
v -1.782108 0.768956 0.587822
v -1.842871 0.602013 0.625344
v -1.842871 0.602013 0.768956
v -1.916264 0.400367 0.601296
v -1.916264 0.790223 0.783943
v -1.916264 0.753262 0.801038
v -2.036961 0.731979 0.801038
v -2.049603 0.766711 0.783943
v -2.143101 0.670700 0.801038
v -2.166859 0.699014 0.783943
v -2.253890 0.595295 0.783943
v -2.221880 0.576814 0.801038
v -2.300198 0.468064 0.783943
v -2.263798 0.461646 0.801038
v -2.263798 0.339087 0.801038
v -2.300198 0.332669 0.783943
v -2.253890 0.205439 0.783943
v -2.221880 0.223919 0.801038
v -2.143101 0.130033 0.801038
v -2.166859 0.101719 0.783943
v -2.036961 0.068754 0.801038
v -2.049603 0.034021 0.783943
v -1.795567 0.068753 0.801038
v -1.782925 0.034021 0.783943
v -1.689427 0.130033 0.801038
v -1.665669 0.101719 0.783943
v -1.610648 0.223919 0.801038
v -1.578639 0.205439 0.783943
v -1.532331 0.332669 0.783943
v -1.568730 0.339087 0.801038
v -1.532331 0.468064 0.783943
v -1.568730 0.461646 0.801038
v -1.610648 0.576814 0.801038
v -1.578639 0.595295 0.783943
v -1.689427 0.670700 0.801038
v -1.665669 0.699014 0.783943
v -1.782925 0.766711 0.783943
v -1.795567 0.731979 0.801038
v -1.916264 0.003417 0.697982
v -1.916264 0.008121 0.587822
v -1.916264 0.010510 0.783943
v -1.916264 0.047471 0.801038
v -2.760406 0.797298 0.914066
v -2.760406 0.792594 0.803906
v -2.760406 0.614937 0.841428
v -2.760406 0.614937 0.985040
v -2.896170 0.773359 0.914066
v -2.894562 0.768939 0.803906
v -2.833799 0.601995 0.841428
v -2.833799 0.601995 0.985040
v -3.015560 0.704429 0.914066
v -3.012536 0.700826 0.803906
v -2.898340 0.564733 0.841428
v -2.898340 0.564733 0.985040
v -3.104174 0.598823 0.914066
v -3.100100 0.596471 0.803906
v -2.946244 0.507643 0.841428
v -2.946244 0.507643 0.985040
v -3.151325 0.469279 0.914066
v -3.146692 0.468461 0.803906
v -2.971733 0.437612 0.841428
v -2.971733 0.437612 0.985040
v -3.151325 0.331419 0.914066
v -3.146692 0.332236 0.803906
v -2.971733 0.363086 0.841428
v -2.971733 0.363086 0.985040
v -3.104174 0.201874 0.914066
v -3.100100 0.204226 0.803906
v -2.946244 0.293055 0.841428
v -2.760406 0.554548 0.998867
v -2.813145 0.545248 0.998867
v -2.946244 0.293055 0.985040
v -2.859523 0.518472 0.998867
v -3.015560 0.096268 0.914066
v -3.012536 0.099872 0.803906
v -2.898340 0.235965 0.841428
v -2.893945 0.477448 0.998867
v -2.912261 0.427125 0.998867
v -2.898340 0.235965 0.985040
v -2.912261 0.373572 0.998867
v -2.896171 0.027338 0.914066
v -2.894562 0.031759 0.803906
v -2.833799 0.198702 0.841428
v -2.893945 0.323250 0.998867
v -2.859523 0.282226 0.998867
v -2.833799 0.198702 0.985040
v -2.813145 0.255450 0.998867
v -2.760406 0.185761 0.841428
v -2.760406 0.246150 0.998867
v -2.707667 0.255450 0.998867
v -2.760406 0.185761 0.985040
v -2.661289 0.282226 0.998867
v -2.624641 0.027338 0.914066
v -2.626250 0.031759 0.803906
v -2.687012 0.198702 0.841428
v -2.626866 0.323250 0.998867
v -2.608550 0.373572 0.998867
v -2.687012 0.198702 0.985040
v -2.608550 0.427125 0.998867
v -2.505252 0.096268 0.914066
v -2.508276 0.099872 0.803906
v -2.622472 0.235965 0.841428
v -2.626866 0.477448 0.998867
v -2.661289 0.518472 0.998867
v -2.622472 0.235965 0.985040
v -2.707667 0.545248 0.998867
v -2.416638 0.201874 0.914066
v -2.420712 0.204226 0.803906
v -2.574567 0.293055 0.841428
v -2.574567 0.293055 0.985040
v -2.369487 0.331419 0.914066
v -2.374120 0.332236 0.803906
v -2.549078 0.363086 0.841428
v -2.549078 0.363086 0.985040
v -2.369487 0.469279 0.914066
v -2.374120 0.468462 0.803906
v -2.549078 0.437612 0.841428
v -2.549078 0.437612 0.985040
v -2.416638 0.598824 0.914066
v -2.420712 0.596471 0.803906
v -2.574567 0.507643 0.841428
v -2.574567 0.507643 0.985040
v -2.505252 0.704429 0.914066
v -2.508276 0.700826 0.803906
v -2.622471 0.564733 0.841428
v -2.622471 0.564733 0.985040
v -2.624641 0.773359 0.914066
v -2.626250 0.768939 0.803906
v -2.687012 0.601995 0.841428
v -2.687012 0.601995 0.985040
v -2.712134 0.532975 1.019597
v -2.669684 0.508467 1.019597
v -2.638176 0.470918 1.019597
v -2.621412 0.424857 1.019597
v -2.621412 0.375840 1.019597
v -2.638176 0.329780 1.019597
v -2.669684 0.292231 1.019597
v -2.712134 0.267723 1.019597
v -2.760406 0.259211 1.019597
v -2.808678 0.267723 1.019597
v -2.851128 0.292231 1.019597
v -2.882635 0.329780 1.019597
v -2.899400 0.375840 1.019597
v -2.899400 0.424857 1.019597
v -2.882635 0.470918 1.019597
v -2.851128 0.508467 1.019597
v -2.807778 0.532975 1.019603
v -2.760406 0.541487 1.019597
v -2.759506 0.400349 0.992169
v -2.760406 0.400349 0.817379
v -2.671080 0.367861 0.833612
v -2.687583 0.339277 0.833612
v -2.712868 0.318060 0.833612
v -2.743884 0.306771 0.833612
v -2.776891 0.306771 0.833612
v -2.807907 0.318060 0.833612
v -2.833192 0.339277 0.833612
v -2.849695 0.367861 0.833612
v -2.855427 0.400367 0.833612
v -2.849695 0.432872 0.833612
v -2.833192 0.461457 0.833612
v -2.807907 0.482673 0.833612
v -2.776891 0.493962 0.833612
v -2.743884 0.493962 0.833612
v -2.712868 0.482673 0.833612
v -2.687583 0.461457 0.833612
v -2.671080 0.432872 0.833612
v -2.665349 0.400367 0.833612
v -2.760406 0.790205 1.000026
v -2.760406 0.753244 1.017121
v -2.881103 0.731962 1.017121
v -2.893744 0.766694 1.000027
v -2.987242 0.670682 1.017121
v -3.011001 0.698996 1.000026
v -3.098031 0.595277 1.000027
v -3.066022 0.576796 1.017121
v -3.144339 0.468047 1.000027
v -3.107940 0.461628 1.017121
v -3.107940 0.339069 1.017121
v -3.144339 0.332651 1.000027
v -3.098031 0.205421 1.000027
v -3.066022 0.223901 1.017121
v -2.987242 0.130016 1.017121
v -3.011001 0.101702 1.000027
v -2.881103 0.068736 1.017121
v -2.893744 0.034004 1.000027
v -2.639709 0.068736 1.017121
v -2.627067 0.034004 1.000027
v -2.533569 0.130015 1.017121
v -2.509811 0.101702 1.000027
v -2.454789 0.223901 1.017121
v -2.422780 0.205421 1.000027
v -2.376472 0.332651 1.000027
v -2.412872 0.339069 1.017121
v -2.376472 0.468047 1.000027
v -2.412872 0.461628 1.017121
v -2.454789 0.576796 1.017121
v -2.422780 0.595277 1.000027
v -2.533569 0.670682 1.017121
v -2.509811 0.698996 1.000026
v -2.627067 0.766694 1.000027
v -2.639709 0.731962 1.017121
v -2.760406 0.003400 0.914066
v -2.760406 0.008103 0.803906
v -2.760406 0.010492 1.000026
v -2.760406 0.047453 1.017121
v -2.760388 0.797317 0.697982
v -2.760388 0.792613 0.587822
v -2.760388 0.614955 0.625344
v -2.760388 0.614955 0.768956
v -2.896153 0.773378 0.697982
v -2.894544 0.768957 0.587822
v -2.833782 0.602014 0.625344
v -2.833782 0.602014 0.768956
v -3.015543 0.704448 0.697982
v -3.012519 0.700845 0.587822
v -2.898323 0.564752 0.625344
v -2.898323 0.564752 0.768956
v -3.104156 0.598842 0.697982
v -3.100083 0.596490 0.587822
v -2.946227 0.507661 0.625344
v -2.946227 0.507661 0.768956
v -3.151307 0.469297 0.697982
v -3.146674 0.468480 0.587822
v -2.971716 0.437630 0.625344
v -2.971716 0.437630 0.768956
v -3.151307 0.331438 0.697982
v -3.146674 0.332255 0.587822
v -2.971716 0.363105 0.625344
v -2.971716 0.363105 0.768956
v -3.104156 0.201893 0.697982
v -3.100083 0.204245 0.587822
v -2.946227 0.293074 0.625344
v -2.946227 0.293074 0.768956
v -3.015543 0.096287 0.697982
v -3.012519 0.099891 0.587822
v -2.898323 0.235984 0.625344
v -2.898323 0.235984 0.768956
v -2.896153 0.027357 0.697982
v -2.894544 0.031778 0.587822
v -2.833782 0.198721 0.625344
v -2.833782 0.198721 0.768956
v -2.760388 0.185780 0.625344
v -2.760388 0.185780 0.768956
v -2.624624 0.027357 0.697982
v -2.626233 0.031778 0.587822
v -2.686995 0.198721 0.625344
v -2.686995 0.198721 0.768956
v -2.505234 0.096287 0.697982
v -2.508258 0.099890 0.587822
v -2.622454 0.235984 0.625344
v -2.622454 0.235984 0.768956
v -2.416620 0.201893 0.697982
v -2.420694 0.204245 0.587822
v -2.574550 0.293074 0.625344
v -2.574550 0.293074 0.768956
v -2.369470 0.331438 0.697982
v -2.374103 0.332255 0.587822
v -2.549061 0.363105 0.625344
v -2.549061 0.363105 0.768956
v -2.369470 0.469297 0.697982
v -2.374103 0.468480 0.587822
v -2.549061 0.437630 0.625344
v -2.549061 0.437630 0.768956
v -2.416620 0.598842 0.697982
v -2.420694 0.596490 0.587822
v -2.574550 0.507661 0.625344
v -2.574550 0.507661 0.768956
v -2.505234 0.704448 0.697982
v -2.508258 0.700845 0.587822
v -2.622454 0.564752 0.625344
v -2.622454 0.564752 0.768956
v -2.624624 0.773378 0.697982
v -2.626233 0.768957 0.587822
v -2.686995 0.602014 0.625344
v -2.686995 0.602014 0.768956
v -2.760388 0.400368 0.601296
v -2.760388 0.790224 0.783943
v -2.760388 0.753263 0.801038
v -2.881086 0.731981 0.801038
v -2.893727 0.766713 0.783943
v -2.987225 0.670701 0.801038
v -3.010983 0.699015 0.783943
v -3.098014 0.595296 0.783943
v -3.066005 0.576815 0.801038
v -3.144322 0.468065 0.783943
v -3.107922 0.461647 0.801038
v -3.107922 0.339088 0.801038
v -3.144322 0.332670 0.783943
v -3.098014 0.205440 0.783943
v -3.066005 0.223920 0.801038
v -2.987225 0.130034 0.801038
v -3.010983 0.101721 0.783943
v -2.881086 0.068755 0.801038
v -2.893727 0.034023 0.783943
v -2.639691 0.068755 0.801038
v -2.627050 0.034023 0.783943
v -2.533552 0.130034 0.801038
v -2.509794 0.101721 0.783943
v -2.454772 0.223920 0.801038
v -2.422763 0.205440 0.783943
v -2.376455 0.332670 0.783943
v -2.412855 0.339088 0.801038
v -2.376455 0.468065 0.783943
v -2.412855 0.461647 0.801038
v -2.454772 0.576815 0.801038
v -2.422763 0.595296 0.783943
v -2.533552 0.670701 0.801038
v -2.509794 0.699015 0.783943
v -2.627050 0.766713 0.783943
v -2.639691 0.731981 0.801038
v -2.760388 0.003418 0.697982
v -2.760388 0.008122 0.587822
v -2.760388 0.010511 0.783943
v -2.760388 0.047472 0.801038
vn -0.0000 0.4988 0.8667
vn -0.0000 0.9999 -0.0121
vn -0.3420 0.9396 -0.0121
vn -0.1706 0.4687 0.8667
vn -0.0000 -0.1137 0.9935
vn 0.0389 -0.1069 0.9935
vn 0.1707 0.4687 0.8667
vn 0.3420 0.9396 -0.0121
vn 0.1270 0.0224 -0.9917
vn 0.1270 -0.0224 -0.9917
vn -0.2198 0.0388 -0.9748
vn -0.2198 -0.0388 -0.9748
vn 0.2894 -0.7951 -0.5330
vn -0.0000 -0.8461 -0.5330
vn -0.3163 0.8690 -0.3804
vn -0.5945 0.7085 -0.3804
vn -0.6427 0.7660 -0.0121
vn 0.3163 0.8691 -0.3804
vn -0.0000 0.9248 -0.3804
vn 0.8332 -0.1469 -0.5330
vn 0.8332 0.1469 -0.5330
vn -0.8009 0.4624 -0.3804
vn -0.8660 0.5000 -0.0121
vn -0.0510 0.0090 -0.9987
vn -0.1270 0.0224 -0.9917
vn -0.1269 -0.0224 -0.9917
vn -0.0510 -0.0090 -0.9987
vn -0.2885 0.7925 -0.5373
vn -0.2884 0.7926 -0.5373
vn -0.0005 0.8453 -0.5342
vn -0.0001 0.8453 -0.5342
vn 0.2894 0.7951 -0.5331
vn 0.1117 -0.0645 -0.9917
vn 0.0829 -0.0987 -0.9917
vn -0.1435 0.1710 -0.9748
vn -0.1933 0.1116 -0.9748
vn 0.0731 -0.0871 0.9935
vn -0.3206 0.3821 0.8667
vn -0.4320 0.2494 0.8667
vn 0.0985 -0.0569 0.9935
vn -0.9108 0.1606 -0.3804
vn -0.9847 0.1736 -0.0121
vn 0.1120 0.0197 0.9935
vn -0.0000 -0.0000 1.0000
vn 0.1120 -0.0197 0.9935
vn 0.7327 -0.4230 -0.5330
vn 0.0510 0.0090 -0.9987
vn 0.1117 0.0645 -0.9917
vn 0.0449 0.0259 -0.9987
vn 0.1435 0.1710 -0.9748
vn 0.0763 0.2097 -0.9748
vn -0.0441 -0.1212 -0.9917
vn -0.0829 -0.0987 -0.9917
vn 0.5439 -0.6481 -0.5330
vn 0.1548 0.0893 -0.9839
vn 0.0001 -0.0000 -1.0000
vn 0.0615 0.1684 -0.9838
vn 0.1221 0.1456 -0.9818
vn 0.1435 -0.1710 -0.9748
vn 0.1933 -0.1116 -0.9748
vn -0.1117 0.0645 -0.9917
vn -0.0829 0.0988 -0.9917
vn -0.4912 0.0866 0.8667
vn -0.0449 0.0259 -0.9987
vn 0.0333 -0.0397 -0.9987
vn 0.0449 -0.0259 -0.9987
vn -0.9108 -0.1606 -0.3804
vn -0.9847 -0.1736 -0.0121
vn -0.0000 0.0264 -0.9997
vn -0.0000 -0.2232 -0.9748
vn 0.0763 -0.2097 -0.9748
vn -0.0421 0.1059 -0.9935
vn 0.1867 0.0329 -0.9819
vn 0.1759 -0.0310 -0.9839
vn -0.0011 0.0298 0.9996
vn -0.0000 0.0659 0.9978
vn -0.0620 0.1690 -0.9837
vn -0.0000 0.1908 -0.9816
vn 0.0829 0.0988 -0.9917
vn 0.0333 0.0397 -0.9987
vn -0.2894 -0.7951 -0.5330
vn -0.0763 -0.2097 -0.9748
vn -0.0377 -0.0496 -0.9981
vn -0.4912 -0.0866 0.8667
vn -0.0333 0.0397 -0.9987
vn -0.5439 -0.6481 -0.5330
vn -0.7327 -0.4230 -0.5330
vn 0.0441 -0.1212 -0.9917
vn -0.0000 -0.1289 -0.9917
vn -0.0000 0.2232 -0.9748
vn -0.0763 0.2097 -0.9748
vn -0.8009 -0.4624 -0.3804
vn -0.8660 -0.5000 -0.0121
vn 0.6427 0.7660 -0.0121
vn 0.5945 0.7085 -0.3804
vn 0.1151 -0.1373 -0.9838
vn 0.1643 -0.0949 -0.9818
vn 0.0510 -0.0090 -0.9987
vn -0.8332 -0.1469 -0.5330
vn -0.0003 -0.1799 -0.9837
vn 0.0653 -0.1793 -0.9816
vn -0.4320 -0.2494 0.8667
vn 0.1848 -0.2913 -0.9386
vn 0.2198 -0.0388 -0.9748
vn 0.2198 0.0388 -0.9748
vn 0.0985 0.0569 0.9935
vn -0.5945 -0.7085 -0.3804
vn -0.6427 -0.7660 -0.0121
vn -0.1779 -0.0314 -0.9835
vn -0.1158 -0.1382 -0.9836
vn -0.1661 -0.0959 -0.9814
vn -0.8332 0.1469 -0.5330
vn -0.7327 0.4230 -0.5330
vn -0.5406 0.6480 -0.5365
vn -0.3206 -0.3821 0.8667
vn -0.7660 0.6428 -0.0000
vn -0.9397 0.3420 -0.0000
vn 0.0731 0.0871 0.9935
vn -0.1563 0.0903 -0.9836
vn -0.1231 0.1467 -0.9815
vn -0.2345 -0.0184 -0.9719
vn -0.1736 -0.9848 -0.0000
vn 0.1736 -0.9848 -0.0000
vn -0.3655 -0.7681 0.5257
vn -0.0041 0.0340 0.9994
vn 0.5000 -0.8660 -0.0000
vn 0.1933 0.1116 -0.9748
vn -0.1117 -0.0645 -0.9917
vn -0.9397 -0.3420 -0.0000
vn -0.7660 -0.6428 -0.0000
vn -0.3225 -0.8860 -0.3333
vn -0.3495 -0.9367 -0.0197
vn -0.0985 0.0569 0.9935
vn -0.0731 0.0871 0.9935
vn -0.5000 -0.8660 -0.0000
vn 0.7660 -0.6428 -0.0000
vn 0.9397 -0.3420 -0.0000
vn -0.1120 0.0197 0.9935
vn 0.2925 -0.8036 0.5184
vn 0.3495 -0.9367 -0.0197
vn 0.6427 -0.7660 -0.0121
vn 0.3206 -0.3821 0.8667
vn -0.1120 -0.0197 0.9935
vn 0.1736 0.9848 -0.0000
vn -0.1736 0.9848 -0.0000
vn -0.0333 -0.0397 -0.9987
vn -0.0177 -0.0487 -0.9987
vn -0.1933 -0.1116 -0.9748
vn -0.1435 -0.1710 -0.9748
vn 0.8660 -0.5000 -0.0121
vn 0.4320 -0.2494 0.8667
vn 0.7660 0.6428 -0.0000
vn 0.5000 0.8660 -0.0000
vn 0.3206 0.3821 0.8667
vn 0.0763 -0.8765 -0.4754
vn 0.5945 -0.7085 -0.3804
vn -0.0985 -0.0569 0.9935
vn -1.0000 -0.0000 -0.0000
vn 0.9847 -0.1736 -0.0121
vn 0.4912 -0.0866 0.8667
vn -0.0389 -0.1069 0.9935
vn -0.0731 -0.0871 0.9935
vn 0.8009 -0.4624 -0.3804
vn -0.0449 -0.0259 -0.9987
vn 0.9397 0.3420 -0.0000
vn 0.9108 -0.1606 -0.3804
vn 1.0000 -0.0000 -0.0000
vn 0.9847 0.1736 -0.0121
vn 0.9108 0.1606 -0.3804
vn 0.8009 0.4624 -0.3804
vn 0.8660 0.5000 -0.0121
vn 0.4912 0.0866 0.8667
vn -0.5000 0.8660 -0.0000
vn 0.4320 0.2494 0.8667
vn -0.0000 -0.0518 -0.9987
vn 0.0177 -0.0487 -0.9987
vn -0.0654 -0.1796 -0.9816
vn 0.5439 0.6481 -0.5331
vn 0.7327 0.4230 -0.5330
vn -0.1890 0.0333 -0.9814
vn -0.3692 -0.5766 0.7288
vn 0.0089 -0.9998 -0.0197
vn -0.2879 -0.8159 -0.5014
vn 0.2327 -0.1742 -0.9568
vn -0.0000 0.4987 0.8667
vn 0.1706 0.4687 0.8667
vn 0.1270 -0.0224 -0.9916
vn -0.3163 0.8691 -0.3803
vn -0.5945 0.7085 -0.3803
vn 0.3163 0.8691 -0.3803
vn -0.0000 0.9248 -0.3803
vn -0.8009 0.4624 -0.3803
vn -0.0511 0.0090 -0.9987
vn -0.1270 0.0224 -0.9916
vn -0.1270 -0.0224 -0.9916
vn -0.0511 -0.0090 -0.9987
vn 0.1117 -0.0645 -0.9916
vn 0.0829 -0.0988 -0.9917
vn -0.4319 0.2494 0.8667
vn -0.9108 0.1606 -0.3803
vn 0.7327 -0.4230 -0.5331
vn 0.0511 0.0090 -0.9987
vn 0.1117 0.0644 -0.9917
vn -0.0441 -0.1212 -0.9916
vn -0.0829 -0.0988 -0.9917
vn -0.0000 -0.0000 -1.0000
vn -0.9108 -0.1606 -0.3803
vn -0.0614 0.1692 -0.9837
vn 0.0829 0.0988 -0.9916
vn 0.0441 -0.1212 -0.9916
vn -0.8009 -0.4624 -0.3803
vn 0.5945 0.7085 -0.3803
vn 0.1150 -0.1374 -0.9838
vn 0.0511 -0.0090 -0.9987
vn -0.4319 -0.2494 0.8667
vn -0.5945 -0.7085 -0.3803
vn -0.2346 -0.0184 -0.9719
vn -0.3656 -0.7681 0.5257
vn -0.1117 -0.0645 -0.9916
vn 0.2925 -0.8036 0.5183
vn -0.0177 -0.0488 -0.9987
vn 0.4319 -0.2494 0.8667
vn 0.3207 0.3820 0.8667
vn 0.5945 -0.7085 -0.3803
vn 0.8009 -0.4624 -0.3803
vn 0.9108 -0.1606 -0.3803
vn 0.9108 0.1606 -0.3803
vn 0.8009 0.4624 -0.3803
vn 0.4319 0.2494 0.8667
vn -0.0000 -0.0519 -0.9987
vn 0.0177 -0.0488 -0.9987
vn 0.5438 0.6481 -0.5331
vn -0.3693 -0.5766 0.7288
vn 0.2328 -0.1742 -0.9568
vn -0.2225 0.0392 -0.9741
vn -0.2225 -0.0392 -0.9741
vn 0.2225 0.0392 -0.9741
vn 0.1957 0.1130 -0.9741
vn -0.1957 0.1130 -0.9741
vn 0.1452 -0.1731 -0.9741
vn 0.1957 -0.1130 -0.9741
vn 0.1452 0.1731 -0.9741
vn -0.1452 0.1731 -0.9741
vn 0.2225 -0.0392 -0.9741
vn -0.0773 0.2123 -0.9741
vn 0.0773 0.2123 -0.9741
vn -0.1452 -0.1731 -0.9741
vn -0.0773 -0.2123 -0.9741
vn -0.1957 -0.1130 -0.9741
vn -0.0000 -0.2260 -0.9741
vn 0.0773 -0.2123 -0.9741
vn -0.0000 0.2260 -0.9741
vn 0.1705 0.4687 0.8667
vn 0.8332 -0.1469 -0.5331
vn 0.8332 0.1469 -0.5331
vn -0.1270 -0.0224 -0.9917
vn -0.0829 0.0988 -0.9916
vn 0.0002 -0.1799 -0.9837
vn 0.5439 0.6481 -0.5330
vn -0.0000 0.4989 -0.8667
vn -0.1706 0.4688 -0.8667
vn -0.3420 0.9396 0.0121
vn -0.0000 0.9999 0.0121
vn -0.0000 -0.1137 -0.9935
vn 0.0389 -0.1069 -0.9935
vn 0.1707 0.4688 -0.8667
vn 0.3420 0.9396 0.0121
vn 0.1269 0.0224 0.9917
vn -0.2198 -0.0388 0.9748
vn -0.2198 0.0388 0.9748
vn 0.1269 -0.0224 0.9917
vn 0.2894 -0.7951 0.5330
vn -0.0000 -0.8461 0.5330
vn -0.6427 0.7660 0.0121
vn -0.5944 0.7084 0.3804
vn -0.3163 0.8690 0.3804
vn 0.3163 0.8690 0.3804
vn -0.0000 0.9248 0.3804
vn 0.8332 -0.1469 0.5330
vn 0.8332 0.1469 0.5330
vn -0.8660 0.5000 0.0121
vn -0.8009 0.4624 0.3804
vn -0.0510 0.0090 0.9987
vn -0.0510 -0.0090 0.9987
vn -0.1269 -0.0224 0.9917
vn -0.1269 0.0224 0.9917
vn -0.2885 0.7925 0.5373
vn -0.0001 0.8453 0.5342
vn -0.0005 0.8453 0.5342
vn 0.2894 0.7951 0.5331
vn 0.1116 -0.0645 0.9917
vn -0.1933 0.1116 0.9748
vn -0.1435 0.1710 0.9748
vn 0.0828 -0.0987 0.9917
vn 0.0731 -0.0871 -0.9935
vn 0.0985 -0.0569 -0.9935
vn -0.4320 0.2494 -0.8667
vn -0.3207 0.3821 -0.8667
vn -0.9847 0.1736 0.0121
vn -0.9108 0.1606 0.3804
vn 0.1120 0.0197 -0.9935
vn 0.1120 -0.0197 -0.9935
vn 0.7327 -0.4230 0.5330
vn 0.0510 0.0090 0.9987
vn 0.0448 0.0259 0.9987
vn 0.1116 0.0644 0.9917
vn 0.1435 0.1710 0.9748
vn -0.0828 -0.0987 0.9917
vn -0.0441 -0.1211 0.9917
vn 0.0763 0.2097 0.9748
vn 0.5439 -0.6481 0.5331
vn 0.1548 0.0893 0.9839
vn 0.1221 0.1456 0.9818
vn 0.0615 0.1684 0.9838
vn 0.0001 -0.0000 1.0000
vn 0.1435 -0.1710 0.9748
vn -0.0829 0.0987 0.9917
vn -0.1116 0.0645 0.9917
vn 0.1933 -0.1116 0.9748
vn -0.4913 0.0866 -0.8667
vn -0.0448 0.0259 0.9987
vn 0.0333 -0.0397 0.9987
vn 0.0448 -0.0259 0.9987
vn -0.9847 -0.1736 0.0121
vn -0.9108 -0.1606 0.3804
vn -0.0000 0.0264 0.9997
vn -0.0421 0.1059 0.9935
vn 0.0763 -0.2097 0.9748
vn -0.0000 -0.2232 0.9748
vn 0.1759 -0.0310 0.9839
vn 0.1867 0.0329 0.9819
vn -0.0011 0.0298 -0.9996
vn -0.0000 0.0659 -0.9978
vn -0.0000 0.1908 0.9816
vn -0.0620 0.1690 0.9837
vn 0.0333 0.0397 0.9987
vn 0.0829 0.0987 0.9917
vn -0.2894 -0.7951 0.5330
vn -0.0763 -0.2097 0.9748
vn -0.0377 -0.0495 0.9981
vn -0.4913 -0.0866 -0.8667
vn -0.0333 0.0397 0.9987
vn -0.5439 -0.6481 0.5330
vn -0.7327 -0.4230 0.5330
vn 0.0441 -0.1211 0.9917
vn -0.0763 0.2097 0.9748
vn -0.0000 0.2232 0.9748
vn -0.0000 -0.1289 0.9917
vn -0.8660 -0.5000 0.0121
vn -0.8009 -0.4624 0.3804
vn 0.6427 0.7660 0.0121
vn 0.5945 0.7084 0.3804
vn 0.1154 -0.1371 0.9838
vn 0.1643 -0.0949 0.9818
vn 0.0510 -0.0090 0.9987
vn -0.8332 -0.1469 0.5330
vn -0.0005 -0.1799 0.9837
vn 0.0653 -0.1793 0.9816
vn -0.4320 -0.2495 -0.8667
vn 0.1848 -0.2913 0.9386
vn 0.2198 -0.0388 0.9748
vn 0.2198 0.0388 0.9748
vn 0.0985 0.0569 -0.9935
vn -0.6427 -0.7660 0.0121
vn -0.5945 -0.7084 0.3804
vn -0.1779 -0.0314 0.9835
vn -0.1661 -0.0959 0.9814
vn -0.1158 -0.1382 0.9836
vn -0.8332 0.1469 0.5330
vn -0.7327 0.4230 0.5330
vn -0.5408 0.6479 0.5365
vn -0.5406 0.6480 0.5365
vn -0.3206 -0.3822 -0.8667
vn 0.0731 0.0871 -0.9935
vn -0.1231 0.1467 0.9815
vn -0.1563 0.0903 0.9836
vn -0.2345 -0.0184 0.9719
vn -0.0041 0.0340 -0.9994
vn -0.3655 -0.7681 -0.5258
vn -0.1116 -0.0645 0.9917
vn 0.1933 0.1116 0.9748
vn -0.3495 -0.9367 0.0197
vn -0.3225 -0.8859 0.3334
vn -0.0985 0.0569 -0.9935
vn -0.0731 0.0871 -0.9935
vn -0.1120 0.0198 -0.9935
vn 0.2925 -0.8036 -0.5184
vn 0.3207 -0.3821 -0.8667
vn 0.6427 -0.7660 0.0121
vn 0.3495 -0.9367 0.0197
vn -0.1120 -0.0197 -0.9935
vn -0.0333 -0.0397 0.9987
vn -0.0177 -0.0487 0.9987
vn -0.1435 -0.1710 0.9748
vn -0.1933 -0.1116 0.9748
vn 0.4320 -0.2494 -0.8667
vn 0.8660 -0.5000 0.0121
vn 0.3207 0.3821 -0.8667
vn 0.5944 -0.7084 0.3804
vn 0.0764 -0.8764 0.4754
vn -0.0985 -0.0569 -0.9935
vn 0.4913 -0.0866 -0.8667
vn 0.9847 -0.1736 0.0121
vn -0.0389 -0.1068 -0.9935
vn -0.0731 -0.0871 -0.9935
vn 0.8009 -0.4624 0.3804
vn -0.0448 -0.0259 0.9987
vn 0.9108 -0.1606 0.3804
vn 0.9847 0.1736 0.0121
vn 0.8660 0.5000 0.0121
vn 0.8009 0.4624 0.3804
vn 0.9108 0.1606 0.3804
vn 0.4913 0.0866 -0.8667
vn 0.4320 0.2494 -0.8667
vn -0.0000 -0.0518 0.9987
vn 0.0177 -0.0487 0.9987
vn -0.0654 -0.1796 0.9816
vn 0.5439 0.6481 0.5330
vn 0.7327 0.4230 0.5330
vn -0.1890 0.0333 0.9814
vn -0.3692 -0.5766 -0.7288
vn 0.0089 -0.9998 0.0197
vn -0.2878 -0.8159 0.5014
vn 0.2327 -0.1742 0.9568
vn -0.0000 0.4988 -0.8667
vn -0.1706 0.4687 -0.8667
vn 0.1706 0.4687 -0.8667
vn 0.1270 -0.0224 0.9917
vn -0.5945 0.7085 0.3804
vn -0.3163 0.8691 0.3804
vn 0.3163 0.8691 0.3804
vn -0.1270 -0.0224 0.9917
vn -0.1270 0.0224 0.9917
vn -0.2884 0.7926 0.5373
vn 0.1117 -0.0645 0.9917
vn 0.0829 -0.0987 0.9917
vn -0.3206 0.3821 -0.8667
vn 0.0449 0.0259 0.9987
vn -0.0829 -0.0987 0.9917
vn -0.0441 -0.1212 0.9917
vn -0.4912 0.0866 -0.8667
vn -0.0449 0.0259 0.9987
vn 0.0449 -0.0259 0.9987
vn -0.0614 0.1692 0.9837
vn 0.0829 0.0988 0.9917
vn -0.0377 -0.0496 0.9981
vn -0.4912 -0.0866 -0.8667
vn 0.0441 -0.1212 0.9917
vn 0.5945 0.7085 0.3804
vn 0.1150 -0.1374 0.9838
vn -0.0003 -0.1799 0.9837
vn -0.4319 -0.2494 -0.8667
vn -0.5945 -0.7085 0.3804
vn -0.5405 0.6481 0.5365
vn -0.3206 -0.3821 -0.8667
vn -0.3656 -0.7681 -0.5257
vn -0.1117 -0.0645 0.9917
vn -0.3225 -0.8860 0.3333
vn -0.1120 0.0197 -0.9935
vn 0.3206 -0.3821 -0.8667
vn 0.4320 -0.2493 -0.8667
vn 0.3207 0.3820 -0.8667
vn 0.5945 -0.7085 0.3804
vn 0.0763 -0.8765 0.4754
vn 0.4912 -0.0866 -0.8667
vn -0.0449 -0.0259 0.9987
vn 0.4912 0.0866 -0.8667
vn 0.5438 0.6481 0.5331
vn 0.7327 0.4230 0.5331
vn -0.2879 -0.8159 0.5014
vn -0.2225 -0.0392 0.9741
vn -0.2225 0.0392 0.9741
vn 0.1957 0.1130 0.9741
vn 0.2225 0.0392 0.9741
vn -0.1957 0.1130 0.9741
vn 0.1957 -0.1130 0.9741
vn 0.1452 -0.1731 0.9741
vn 0.1452 0.1731 0.9741
vn -0.1452 0.1731 0.9741
vn 0.2225 -0.0392 0.9741
vn -0.4320 -0.2494 -0.8667
vn -0.0773 0.2123 0.9741
vn 0.0985 0.0568 -0.9935
vn 0.0773 0.2123 0.9741
vn -0.0773 -0.2123 0.9741
vn -0.1452 -0.1731 0.9741
vn -0.1957 -0.1130 0.9741
vn 0.0773 -0.2123 0.9741
vn -0.0000 -0.2260 0.9741
vn -0.0000 0.2260 0.9741
vn 0.1705 0.4687 -0.8667
vn 0.8332 -0.1469 0.5331
vn 0.8332 0.1469 0.5331
vn -0.0006 0.8453 0.5342
vn 0.7327 -0.4230 0.5331
vn 0.5438 -0.6481 0.5331
vn -0.0829 0.0988 0.9917
vn 0.1151 -0.1373 0.9838
vn 0.0002 -0.1799 0.9837
vn -0.5407 0.6479 0.5365
vn 0.5438 0.6481 0.5330
vn 0.3206 0.3821 -0.8667
vt 0.442709 0.859064
vt 0.442709 0.749995
vt 0.498048 0.749995
vt 0.498048 0.859064
vt 0.442709 0.961120
vt 0.498048 0.961120
vt 0.387371 0.859064
vt 0.387371 0.749995
vt 0.838308 0.021179
vt 0.908964 0.062066
vt 0.867531 0.111489
vt 0.816345 0.081610
vt 0.614801 0.216882
vt 0.590011 0.212593
vt 0.610170 0.156848
vt 0.632221 0.169492
vt 0.498048 0.674695
vt 0.553387 0.674695
vt 0.553387 0.749995
vt 0.387371 0.674695
vt 0.442709 0.674695
vt 0.664729 0.353483
vt 0.708341 0.378947
vt 0.699841 0.402330
vt 0.648340 0.372945
vt 0.608725 0.674695
vt 0.608725 0.749995
vt 0.166016 0.640157
vt 0.166016 0.552899
vt 0.221355 0.552899
vt 0.221355 0.640158
vt 0.900935 0.268152
vt 0.926062 0.271583
vt 0.905852 0.327255
vt 0.884012 0.314806
vt 0.867928 0.372854
vt 0.851496 0.353400
vt 0.961466 0.124517
vt 0.989353 0.201171
vt 0.925864 0.212414
vt 0.905898 0.156645
vt 0.553387 0.961120
vt 0.553387 0.859064
vt 0.608725 0.859064
vt 0.608725 0.961120
vt 0.608725 0.674695
vt 0.664064 0.674695
vt 0.664064 0.749995
vt 0.475750 0.491271
vt 0.459337 0.398189
vt 0.442925 0.491271
vt 0.610342 0.327449
vt 0.632143 0.314928
vt 0.719403 0.640158
vt 0.719403 0.552899
vt 0.774741 0.552899
vt 0.774741 0.640158
vt 0.816428 0.402237
vt 0.909212 0.422013
vt 0.838534 0.462823
vt 0.590223 0.271800
vt 0.614675 0.267462
vt 0.758059 0.096650
vt 0.757605 0.242889
vt 0.664442 0.130589
vt 0.708303 0.105420
vt 0.554581 0.359576
vt 0.526810 0.282935
vt 0.664064 0.859064
vt 0.110677 0.640158
vt 0.110677 0.552899
vt 0.166016 0.640158
vt 0.553387 0.640158
vt 0.553387 0.552899
vt 0.608725 0.552899
vt 0.608725 0.640158
vt 0.664064 0.961120
vt 0.719403 0.674695
vt 0.719403 0.749995
vt 0.554385 0.124681
vt 0.526745 0.201484
vt 0.807722 0.105552
vt 0.851583 0.130563
vt 0.548155 0.365863
vt 0.553855 0.398189
vt 0.774741 0.640157
vt 0.830080 0.552899
vt 0.830080 0.640158
vt 0.648394 0.111579
vt 0.607037 0.062346
vt 0.719403 0.859064
vt 0.055339 0.640157
vt 0.055339 0.552899
vt 0.699586 0.081883
vt 0.757905 0.071463
vt 0.989353 0.282671
vt 0.961687 0.359425
vt 0.719403 0.961120
vt 0.774741 0.674695
vt 0.774741 0.749995
vt 0.332032 0.749995
vt 0.332032 0.674695
vt 0.387371 0.674695
vt 0.901415 0.216780
vt 0.883889 0.169391
vt 0.664064 0.552899
vt 0.664064 0.640158
vt 0.774741 0.859064
vt 0.000000 0.640158
vt 0.000000 0.552899
vt 0.055339 0.640158
vt 0.677765 0.462839
vt 0.607013 0.422198
vt 0.774741 0.961120
vt 0.774741 0.674695
vt 0.830080 0.674695
vt 0.830080 0.749995
vt 0.807903 0.378883
vt 0.758125 0.387441
vt 0.830080 0.859064
vt 0.224349 0.000090
vt 0.243044 0.000089
vt 0.243034 0.472232
vt 0.224338 0.472225
vt 0.830080 0.961120
vt 0.412079 0.480044
vt 0.386933 0.458944
vt 0.885419 0.552899
vt 0.885419 0.640158
vt 0.000000 0.000041
vt 0.018697 0.000000
vt 0.018694 0.472243
vt 0.000000 0.472250
vt 0.885419 0.859064
vt 0.885419 0.961120
vt 0.037393 0.000019
vt 0.037388 0.472228
vt 0.758133 0.412861
vt 0.758170 0.477162
vt 0.280433 0.000080
vt 0.299127 0.000069
vt 0.299122 0.472277
vt 0.280426 0.472257
vt 0.885419 0.674695
vt 0.885419 0.749995
vt 0.506596 0.316335
vt 0.531742 0.337435
vt 0.317821 0.000054
vt 0.317818 0.472297
vt 0.056089 0.000040
vt 0.074785 0.000055
vt 0.074777 0.472210
vt 0.056082 0.472216
vt 0.475750 0.305108
vt 0.000000 0.859064
vt 0.000000 0.749995
vt 0.055339 0.749995
vt 0.055339 0.859064
vt 0.442925 0.305108
vt 0.168264 0.000085
vt 0.186959 0.000087
vt 0.186946 0.472215
vt 0.168251 0.472212
vt 0.332032 0.640157
vt 0.332032 0.552899
vt 0.387371 0.552899
vt 0.387371 0.640158
vt 0.677492 0.021356
vt 0.757830 0.007214
vt 0.000000 0.961120
vt 0.055339 0.961120
vt 0.110677 0.749995
vt 0.110677 0.859064
vt 0.130873 0.000077
vt 0.149569 0.000081
vt 0.149556 0.472209
vt 0.130861 0.472208
vt 0.332032 0.859064
vt 0.000000 0.674695
vt 0.055339 0.674695
vt 0.412079 0.316335
vt 0.261738 0.000087
vt 0.261729 0.472242
vt 0.110677 0.961120
vt 0.166016 0.749995
vt 0.166016 0.859064
vt 0.370520 0.365863
vt 0.386933 0.337435
vt 0.110677 0.674695
vt 0.276693 0.640158
vt 0.276693 0.552899
vt 0.332032 0.640158
vt 0.112177 0.000072
vt 0.112166 0.472207
vt 0.166016 0.961120
vt 0.110677 0.674695
vt 0.166016 0.674695
vt 0.093481 0.000065
vt 0.093471 0.472207
vt 0.221355 0.749995
vt 0.221355 0.674695
vt 0.276693 0.674695
vt 0.276693 0.749995
vt 0.221355 0.859064
vt 0.221355 0.961120
vt 0.221355 0.674695
vt 0.205654 0.000089
vt 0.205642 0.472220
vt 0.276693 0.859064
vt 0.276693 0.961120
vt 0.336515 0.000047
vt 0.336515 0.472256
vt 0.332032 0.961120
vt 0.387371 0.961120
vt 0.364820 0.398189
vt 0.442709 0.640158
vt 0.442709 0.552899
vt 0.498048 0.552899
vt 0.498048 0.640158
vt 0.370520 0.430516
vt 0.548155 0.430516
vt 0.531742 0.458944
vt 0.506596 0.480044
vt 0.498048 0.640157
vt 0.553387 0.640157
vt 0.940461 0.859064
vt 0.885122 0.859064
vt 0.885122 0.749995
vt 0.940461 0.749995
vt 0.940461 0.961120
vt 0.885122 0.961120
vt 0.995800 0.859064
vt 0.995800 0.749995
vt 0.995800 0.674695
vt 0.940461 0.674695
vt 0.940461 0.640158
vt 0.885122 0.640158
vt 0.885122 0.552899
vt 0.940461 0.552899
vt 0.995800 0.961120
vt 0.995800 0.552899
vt 0.995800 0.640158
vt 0.885122 0.674695
s 1
f 2/1/1 1/2/2 5/3/3 6/4/4
f 3/5/5 2/1/1 6/4/4 7/6/6
f 86/7/7 85/8/8 1/2/2 2/1/1
f 24/9/9 20/10/10 36/11/11 38/12/12
f 96/13/13 48/14/13 47/15/14 97/16/14
f 5/3/3 148/17/15 150/18/16 9/19/17
f 177/20/18 145/21/19 1/2/2 85/8/8
f 93/22/20 92/23/21 57/24/21 55/25/20
f 9/19/17 150/18/16 151/26/22 13/27/23
f 170/28/24 72/29/25 76/30/26 172/31/27
f 105/32/28 29/33/29 28/34/30 106/35/31
f 106/35/31 28/34/30 64/36/32 89/37/32
f 16/38/33 12/39/34 31/40/35 35/41/36
f 11/42/37 10/43/38 14/44/39 15/45/40
f 13/27/23 151/46/22 153/47/41 17/48/42
f 23/49/43 110/50/44 19/51/45
f 93/22/20 55/25/20 54/52/46 94/53/46
f 10/43/38 9/19/17 13/27/23 14/44/39
f 155/54/47 24/55/9 30/56/48 158/57/49
f 62/58/50 64/36/51 88/59/52 84/60/53
f 94/53/46 54/52/46 50/61/54 95/62/54
f 100/63/55 107/64/56 98/65/57 99/66/58
f 50/61/59 54/52/60 68/67/61 63/68/62
f 14/44/39 13/27/23 17/48/42 18/69/63
f 167/70/64 68/71/61 72/29/25 170/72/24
f 149/73/65 12/74/34 16/75/33 152/76/66
f 15/45/40 14/44/39 18/69/63 19/77/45
f 17/48/42 153/47/41 156/78/67 21/79/68
f 49/80/69 47/15/70 48/14/71 56/81/72
f 107/64/56 100/63/55 101/82/73 102/83/74
f 53/84/75 110/50/44 46/85/76
f 98/65/57 107/64/56 96/13/77 97/16/78
f 20/10/10 16/38/33 35/41/36 36/11/11
f 158/86/49 30/56/48 37/87/79 159/88/80
f 97/16/14 47/15/14 45/89/81 98/65/81
f 45/89/82 47/15/70 49/80/69 44/90/83
f 18/69/63 17/48/42 21/79/68 22/91/84
f 165/92/85 63/93/62 68/71/61 167/70/64
f 99/66/86 43/94/86 42/95/87 100/63/87
f 8/96/88 4/97/89 28/34/90 29/33/91
f 19/77/45 18/69/63 22/91/84 23/98/43
f 21/79/68 156/78/67 157/99/92 25/100/93
f 81/101/94 176/102/95 177/103/18 85/8/8
f 104/104/96 107/64/56 102/83/74 103/105/97
f 152/76/66 16/75/33 20/106/10 154/107/98
f 48/14/71 50/61/59 63/68/62 56/81/72
f 100/63/87 42/95/87 38/12/99 101/82/99
f 106/35/100 107/64/56 104/104/96 105/32/101
f 22/91/84 21/79/68 25/100/93 26/108/102
f 163/109/103 56/110/72 63/93/62 165/111/85
f 55/25/104 57/24/105 76/112/26 72/113/25
f 23/98/43 22/91/84 26/108/102 27/114/106
f 25/100/93 157/115/92 160/116/107 32/117/108
f 92/23/109 107/64/56 90/118/110 91/119/111
f 102/83/112 36/11/112 35/41/113 103/105/113
f 12/39/34 8/96/88 29/33/91 31/40/35
f 154/107/98 20/106/10 24/55/9 155/54/47
f 103/105/113 35/41/113 31/40/114 104/104/114
f 26/108/102 25/100/93 32/117/108 33/120/115
f 131/121/116 130/122/117 116/123/117 115/124/116
f 104/104/114 31/40/114 29/33/29 105/32/28
f 27/114/106 26/108/102 33/120/115 34/125/118
f 107/64/56 94/53/119 95/62/120 96/13/77
f 95/62/54 50/61/54 48/14/13 96/13/13
f 15/126/40 110/50/44 11/127/37
f 159/88/80 37/87/79 44/128/83 161/129/121
f 124/130/122 123/131/123 142/132/123 141/133/122
f 101/82/99 38/12/99 36/11/112 102/83/112
f 34/125/118 33/120/115 40/134/124 41/135/125
f 123/131/123 122/136/126 143/137/126 142/132/123
f 57/24/105 61/138/127 80/139/128 76/112/26
f 128/140/129 126/141/130 139/142/130 127/143/129
f 32/117/108 160/116/107 162/144/131 39/145/132
f 67/146/133 110/50/44 60/147/134
f 126/141/130 125/148/135 140/149/135 139/142/130
f 121/150/136 120/151/137 119/152/137 144/153/136
f 71/154/138 110/50/44 67/146/133
f 33/120/115 32/117/108 39/145/132 40/134/124
f 52/155/139 51/156/140 58/157/141 59/158/142
f 122/136/126 121/150/136 144/153/136 143/137/126
f 60/147/134 110/50/44 53/84/75
f 98/65/81 45/89/81 43/94/86 99/66/86
f 75/159/143 110/50/44 71/154/138
f 134/160/144 133/161/145 113/162/145 112/163/144
f 175/164/146 84/165/53 88/166/52 178/167/147
f 37/168/79 30/169/48 42/95/148 43/94/149
f 53/170/75 52/155/139 59/158/142 60/171/134
f 59/158/142 58/157/141 65/172/150 66/173/151
f 136/174/152 135/175/153 109/176/153 108/177/152
f 82/178/154 81/101/94 85/8/8 86/7/7
f 51/156/140 164/179/155 166/180/156 58/157/141
f 79/181/157 110/50/44 75/159/143
f 130/122/117 129/182/158 117/183/158 116/123/117
f 60/171/134 59/158/142 66/173/151 67/184/133
f 66/173/151 65/172/150 69/185/159 70/186/160
f 87/187/161 110/50/44 83/188/162
f 58/157/141 166/180/156 168/189/163 65/172/150
f 173/190/164 80/191/128 84/165/53 175/192/146
f 137/193/165 136/174/152 108/177/152 111/194/165
f 67/184/133 66/173/151 70/186/160 71/195/138
f 83/188/162 110/50/44 79/181/157
f 44/90/83 37/168/79 43/94/149 45/89/82
f 65/172/150 168/196/163 169/197/166 69/185/159
f 120/151/137 138/198/167 118/199/167 119/152/137
f 73/200/168 171/201/169 174/202/170 77/203/171
f 71/195/138 70/186/160 74/204/172 75/205/143
f 70/186/160 69/185/159 73/200/168 74/204/172
f 77/203/171 174/202/170 176/102/95 81/101/94
f 172/31/27 76/30/26 80/191/128 173/190/164
f 69/185/159 169/197/166 171/206/169 73/200/168
f 133/161/145 132/207/173 114/208/173 113/162/145
f 75/205/143 74/204/172 78/209/174 79/210/157
f 74/204/172 73/200/168 77/203/171 78/209/174
f 125/148/135 124/211/122 141/212/122 140/149/135
f 79/210/157 78/209/174 82/178/154 83/213/162
f 135/175/153 134/160/144 112/163/144 109/176/153
f 132/207/173 131/121/116 115/124/116 114/208/173
f 83/213/162 82/178/154 86/7/7 87/214/161
f 110/50/44 87/187/161 3/215/5
f 129/182/158 128/140/129 127/143/129 117/183/158
f 78/209/174 77/203/171 81/101/94 82/178/154
f 138/198/167 137/193/165 111/194/165 118/199/167
f 146/216/175 4/217/89 8/218/88 147/219/176
f 7/220/6 110/50/44 3/215/5
f 90/118/110 107/64/56 106/35/100 89/37/177
f 41/221/125 110/50/44 34/222/118
f 61/138/127 62/58/50 84/60/53 80/139/128
f 54/52/60 55/25/104 72/113/25 68/67/61
f 34/222/118 110/50/44 27/223/106
f 46/85/76 110/50/44 41/221/125
f 27/223/106 110/50/44 23/49/43
f 30/169/48 24/9/9 38/12/12 42/95/148
f 89/37/32 64/36/32 62/58/178 90/118/178
f 7/6/6 6/4/4 10/43/38 11/42/37
f 90/118/178 62/58/178 61/138/179 91/119/179
f 147/224/176 8/218/88 12/74/34 149/225/65
f 4/97/89 88/59/52 64/36/51 28/34/90
f 86/7/7 2/1/1 3/5/5 87/214/161
f 91/119/179 61/138/179 57/24/21 92/23/21
f 11/127/37 110/50/44 7/220/6
f 6/4/4 5/3/3 9/19/17 10/43/38
f 88/166/52 4/217/89 146/216/175 178/167/147
f 19/51/45 110/50/44 15/126/40
f 107/64/56 92/23/109 93/22/180 94/53/119
f 146/216/175 147/219/176 148/17/15 145/21/19
f 154/107/98 155/54/47 156/78/67 153/47/41
f 147/224/176 149/225/65 150/18/16 148/17/15
f 152/76/66 154/107/98 153/47/41 151/46/22
f 149/73/65 152/76/66 151/26/22 150/18/16
f 178/167/147 146/216/175 145/21/19 177/20/18
f 158/86/49 159/88/80 160/116/107 157/115/92
f 159/88/80 161/129/121 162/144/131 160/116/107
f 155/54/47 158/57/49 157/99/92 156/78/67
f 172/31/27 173/190/164 174/202/170 171/201/169
f 173/190/164 175/192/146 176/102/95 174/202/170
f 170/28/24 172/31/27 171/206/169 169/197/166
f 163/109/103 165/111/85 166/180/156 164/179/155
f 165/92/85 167/70/64 168/189/163 166/180/156
f 175/164/146 178/167/147 177/103/18 176/102/95
f 167/70/64 170/72/24 169/197/166 168/196/163
f 1/2/2 145/21/19 148/17/15 5/3/3
f 180/226/181 40/227/124 39/228/132 179/229/182
f 46/230/76 41/231/125 40/227/124 180/226/181
f 52/232/139 180/226/181 179/229/182 51/233/140
f 164/234/155 51/233/140 179/229/182 181/235/183
f 182/236/184 161/237/121 44/238/83 49/239/69
f 52/232/139 53/240/75 46/230/76 180/226/181
f 56/241/72 163/242/103 182/236/184 49/239/69
f 182/236/184 181/235/183 162/243/131 161/237/121
f 163/242/103 164/234/155 181/235/183 182/236/184
f 179/229/182 39/228/132 162/243/131 181/235/183
f 184/1/185 183/2/2 187/3/3 188/4/4
f 185/5/5 184/1/185 188/4/4 189/6/6
f 268/7/186 267/8/8 183/2/2 184/1/185
f 206/9/9 202/10/187 218/11/11 220/12/12
f 278/13/13 230/14/13 229/15/14 279/16/14
f 187/3/3 330/17/188 332/18/189 191/19/17
f 359/20/190 327/21/191 183/2/2 267/8/8
f 275/22/20 274/23/21 239/24/21 237/25/20
f 191/19/17 332/18/189 333/26/192 195/27/23
f 352/28/193 254/29/194 258/30/195 354/31/196
f 287/32/28 211/33/29 210/34/30 288/35/31
f 288/35/31 210/34/30 246/36/32 271/37/32
f 198/38/197 194/39/198 213/40/35 217/41/36
f 193/42/37 192/43/38 196/44/199 197/45/40
f 195/27/23 333/46/192 335/47/200 199/48/42
f 205/49/43 292/50/44 201/51/45
f 275/22/20 237/25/20 236/52/201 276/53/201
f 192/43/38 191/19/17 195/27/23 196/44/199
f 337/54/202 206/55/9 212/56/203 340/57/49
f 244/58/50 246/36/51 270/59/204 266/60/205
f 276/53/201 236/52/201 232/61/54 277/62/54
f 282/63/55 289/64/206 280/65/57 281/66/58
f 232/61/59 236/52/60 250/67/61 245/68/62
f 196/44/199 195/27/23 199/48/42 200/69/63
f 349/70/64 250/71/61 254/29/194 352/72/193
f 331/73/65 194/74/198 198/75/197 334/76/66
f 197/45/40 196/44/199 200/69/63 201/77/45
f 199/48/42 335/47/200 338/78/207 203/79/68
f 231/80/69 229/15/70 230/14/71 238/81/72
f 289/64/206 282/63/55 283/82/73 284/83/74
f 235/84/75 292/50/44 228/85/76
f 280/65/57 289/64/206 278/13/208 279/16/78
f 202/10/187 198/38/197 217/41/36 218/11/11
f 340/86/49 212/56/203 219/87/209 341/88/80
f 279/16/14 229/15/14 227/89/81 280/65/81
f 227/89/82 229/15/70 231/80/69 226/90/83
f 200/69/63 199/48/42 203/79/68 204/91/84
f 347/92/85 245/93/62 250/71/61 349/70/64
f 281/66/86 225/94/86 224/95/87 282/63/87
f 190/96/210 186/97/89 210/34/90 211/33/91
f 201/77/45 200/69/63 204/91/84 205/98/43
f 203/79/68 338/78/207 339/99/211 207/100/93
f 263/101/94 358/102/212 359/103/190 267/8/8
f 286/104/213 289/64/206 284/83/74 285/105/97
f 334/76/66 198/75/197 202/106/187 336/107/214
f 230/14/71 232/61/59 245/68/62 238/81/72
f 282/63/87 224/95/87 220/12/99 283/82/99
f 288/35/100 289/64/206 286/104/213 287/32/101
f 204/91/84 203/79/68 207/100/93 208/108/215
f 345/109/103 238/110/72 245/93/62 347/111/85
f 237/25/104 239/24/105 258/112/195 254/113/194
f 205/98/43 204/91/84 208/108/215 209/114/106
f 207/100/93 339/115/211 342/116/216 214/117/108
f 274/23/109 289/64/206 272/118/110 273/119/111
f 284/83/112 218/11/112 217/41/113 285/105/113
f 194/39/198 190/96/210 211/33/91 213/40/35
f 336/107/214 202/106/187 206/55/9 337/54/202
f 285/105/113 217/41/113 213/40/114 286/104/114
f 208/108/215 207/100/93 214/117/108 215/120/115
f 313/121/116 312/122/117 298/123/117 297/124/116
f 286/104/114 213/40/114 211/33/29 287/32/28
f 209/114/106 208/108/215 215/120/115 216/125/118
f 289/64/206 276/53/119 277/62/120 278/13/208
f 277/62/54 232/61/54 230/14/13 278/13/13
f 197/126/40 292/50/44 193/127/37
f 341/88/80 219/87/209 226/128/83 343/129/217
f 306/130/122 305/131/123 324/132/123 323/133/122
f 283/82/99 220/12/99 218/11/112 284/83/112
f 216/125/118 215/120/115 222/134/218 223/135/125
f 305/131/123 304/136/126 325/137/126 324/132/123
f 239/24/105 243/138/127 262/139/219 258/112/195
f 310/140/129 308/141/130 321/142/130 309/143/129
f 214/117/108 342/116/216 344/144/131 221/145/132
f 249/146/133 292/50/44 242/147/134
f 308/141/130 307/148/135 322/149/135 321/142/130
f 303/150/136 302/151/137 301/152/137 326/153/136
f 253/154/138 292/50/44 249/146/133
f 215/120/115 214/117/108 221/145/132 222/134/218
f 234/155/220 233/156/140 240/157/141 241/158/142
f 304/136/126 303/150/136 326/153/136 325/137/126
f 242/147/134 292/50/44 235/84/75
f 280/65/81 227/89/81 225/94/86 281/66/86
f 257/159/143 292/50/44 253/154/138
f 316/160/144 315/161/145 295/162/145 294/163/144
f 357/164/146 266/165/205 270/166/204 360/167/221
f 219/168/209 212/169/203 224/95/148 225/94/149
f 235/170/75 234/155/220 241/158/142 242/171/134
f 241/158/142 240/157/141 247/172/150 248/173/222
f 318/174/152 317/175/153 291/176/153 290/177/152
f 264/178/223 263/101/94 267/8/8 268/7/186
f 233/156/140 346/179/155 348/180/224 240/157/141
f 261/181/157 292/50/44 257/159/143
f 312/122/117 311/182/158 299/183/158 298/123/117
f 242/171/134 241/158/142 248/173/222 249/184/133
f 248/173/222 247/172/150 251/185/159 252/186/160
f 269/187/161 292/50/44 265/188/162
f 240/157/141 348/180/224 350/189/225 247/172/150
f 355/190/164 262/191/219 266/165/205 357/192/146
f 319/193/165 318/174/152 290/177/152 293/194/165
f 249/184/133 248/173/222 252/186/160 253/195/138
f 265/188/162 292/50/44 261/181/157
f 226/90/83 219/168/209 225/94/149 227/89/82
f 247/172/150 350/196/225 351/197/226 251/185/159
f 302/151/137 320/198/167 300/199/167 301/152/137
f 255/200/168 353/201/227 356/202/228 259/203/171
f 253/195/138 252/186/160 256/204/172 257/205/143
f 252/186/160 251/185/159 255/200/168 256/204/172
f 259/203/171 356/202/228 358/102/212 263/101/94
f 354/31/196 258/30/195 262/191/219 355/190/164
f 251/185/159 351/197/226 353/206/227 255/200/168
f 315/161/145 314/207/173 296/208/173 295/162/145
f 257/205/143 256/204/172 260/209/229 261/210/157
f 256/204/172 255/200/168 259/203/171 260/209/229
f 307/148/135 306/211/122 323/212/122 322/149/135
f 261/210/157 260/209/229 264/178/223 265/213/162
f 317/175/153 316/160/144 294/163/144 291/176/153
f 314/207/173 313/121/116 297/124/116 296/208/173
f 265/213/162 264/178/223 268/7/186 269/214/161
f 292/50/44 269/187/161 185/215/5
f 311/182/158 310/140/129 309/143/129 299/183/158
f 260/209/229 259/203/171 263/101/94 264/178/223
f 320/198/167 319/193/165 293/194/165 300/199/167
f 328/216/230 186/217/89 190/218/210 329/219/231
f 189/220/6 292/50/44 185/215/5
f 272/118/110 289/64/206 288/35/100 271/37/177
f 223/221/125 292/50/44 216/222/118
f 243/138/127 244/58/50 266/60/205 262/139/219
f 236/52/60 237/25/104 254/113/194 250/67/61
f 216/222/118 292/50/44 209/223/106
f 228/85/76 292/50/44 223/221/125
f 209/223/106 292/50/44 205/49/43
f 212/169/203 206/9/9 220/12/12 224/95/148
f 271/37/32 246/36/32 244/58/232 272/118/232
f 189/6/6 188/4/4 192/43/38 193/42/37
f 272/118/232 244/58/232 243/138/179 273/119/179
f 329/224/231 190/218/210 194/74/198 331/225/65
f 186/97/89 270/59/204 246/36/51 210/34/90
f 268/7/186 184/1/185 185/5/5 269/214/161
f 273/119/179 243/138/179 239/24/21 274/23/21
f 193/127/37 292/50/44 189/220/6
f 188/4/4 187/3/3 191/19/17 192/43/38
f 270/166/204 186/217/89 328/216/230 360/167/221
f 201/51/45 292/50/44 197/126/40
f 289/64/206 274/23/109 275/22/180 276/53/119
f 328/216/230 329/219/231 330/17/188 327/21/191
f 336/107/214 337/54/202 338/78/207 335/47/200
f 329/224/231 331/225/65 332/18/189 330/17/188
f 334/76/66 336/107/214 335/47/200 333/46/192
f 331/73/65 334/76/66 333/26/192 332/18/189
f 360/167/221 328/216/230 327/21/191 359/20/190
f 340/86/49 341/88/80 342/116/216 339/115/211
f 341/88/80 343/129/217 344/144/131 342/116/216
f 337/54/202 340/57/49 339/99/211 338/78/207
f 354/31/196 355/190/164 356/202/228 353/201/227
f 355/190/164 357/192/146 358/102/212 356/202/228
f 352/28/193 354/31/196 353/206/227 351/197/226
f 345/109/103 347/111/85 348/180/224 346/179/155
f 347/92/85 349/70/64 350/189/225 348/180/224
f 357/164/146 360/167/221 359/103/190 358/102/212
f 349/70/64 352/72/193 351/197/226 350/196/225
f 183/2/2 327/21/191 330/17/188 187/3/3
f 362/226/233 222/227/218 221/228/132 361/229/182
f 228/230/76 223/231/125 222/227/218 362/226/233
f 234/232/220 362/226/233 361/229/182 233/233/140
f 346/234/155 233/233/140 361/229/182 363/235/183
f 364/236/234 343/237/217 226/238/83 231/239/69
f 234/232/220 235/240/75 228/230/76 362/226/233
f 238/241/72 345/242/103 364/236/234 231/239/69
f 364/236/234 363/235/183 344/243/131 343/237/217
f 345/242/103 346/234/155 363/235/183 364/236/234
f 361/229/182 221/228/132 344/243/131 363/235/183
f 366/1/185 365/2/2 369/3/3 370/4/4
f 367/5/5 366/1/185 370/4/4 371/6/6
f 432/7/186 431/8/8 365/2/2 366/1/185
f 369/3/3 439/17/188 441/18/189 373/19/17
f 468/20/190 436/21/191 365/2/2 431/8/8
f 373/19/17 441/18/189 442/26/192 377/27/23
f 461/28/193 418/29/235 422/30/236 463/31/196
f 375/42/37 374/43/38 378/44/199 379/45/40
f 377/27/23 442/46/192 444/47/200 381/48/42
f 387/49/43 435/50/44 383/51/45
f 374/43/38 373/19/17 377/27/23 378/44/199
f 446/54/202 388/55/237 392/56/238 449/57/49
f 378/44/199 377/27/23 381/48/42 382/69/63
f 458/70/64 414/71/239 418/29/235 461/72/193
f 440/73/65 376/74/240 380/75/241 443/76/66
f 379/45/40 378/44/199 382/69/63 383/77/45
f 381/48/42 444/47/200 447/78/207 385/79/68
f 405/84/75 435/50/44 401/85/76
f 449/86/49 392/56/238 396/87/242 450/88/80
f 382/69/63 381/48/42 385/79/68 386/91/84
f 456/92/85 410/93/243 414/71/239 458/70/64
f 383/77/45 382/69/63 386/91/84 387/98/43
f 385/79/68 447/78/207 448/99/211 389/100/93
f 427/101/94 467/102/212 468/103/190 431/8/8
f 443/76/66 380/75/241 384/106/244 445/107/214
f 386/91/84 385/79/68 389/100/93 390/108/215
f 454/109/103 406/110/245 410/93/243 456/111/85
f 387/98/43 386/91/84 390/108/215 391/114/106
f 389/100/93 448/115/211 451/116/216 393/117/108
f 445/107/214 384/106/244 388/55/237 446/54/202
f 390/108/215 389/100/93 393/117/108 394/120/115
f 391/114/106 390/108/215 394/120/115 395/125/118
f 379/126/40 435/50/44 375/127/37
f 450/88/80 396/87/242 400/128/246 452/129/217
f 395/125/118 394/120/115 398/134/218 399/135/125
f 393/117/108 451/116/216 453/144/131 397/145/132
f 413/146/133 435/50/44 409/147/134
f 417/154/138 435/50/44 413/146/133
f 394/120/115 393/117/108 397/145/132 398/134/218
f 404/155/220 403/156/140 407/157/141 408/158/142
f 409/147/134 435/50/44 405/84/75
f 421/159/143 435/50/44 417/154/138
f 466/164/146 430/165/247 434/166/248 469/167/221
f 405/170/75 404/155/220 408/158/142 409/171/134
f 408/158/142 407/157/141 411/172/150 412/173/222
f 428/178/223 427/101/94 431/8/8 432/7/186
f 403/156/140 455/179/155 457/180/224 407/157/141
f 425/181/157 435/50/44 421/159/143
f 409/171/134 408/158/142 412/173/222 413/184/133
f 412/173/222 411/172/150 415/185/159 416/186/160
f 433/187/161 435/50/44 429/188/162
f 407/157/141 457/180/224 459/189/225 411/172/150
f 464/190/164 426/191/249 430/165/247 466/192/146
f 413/184/133 412/173/222 416/186/160 417/195/138
f 429/188/162 435/50/44 425/181/157
f 411/172/150 459/196/225 460/197/226 415/185/159
f 419/200/168 462/201/227 465/202/228 423/203/171
f 417/195/138 416/186/160 420/204/172 421/205/143
f 416/186/160 415/185/159 419/200/168 420/204/172
f 423/203/171 465/202/228 467/102/212 427/101/94
f 463/31/196 422/30/236 426/191/249 464/190/164
f 415/185/159 460/197/226 462/206/227 419/200/168
f 421/205/143 420/204/172 424/209/229 425/210/157
f 420/204/172 419/200/168 423/203/171 424/209/229
f 425/210/157 424/209/229 428/178/223 429/213/162
f 429/213/162 428/178/223 432/7/186 433/214/161
f 435/50/44 433/187/161 367/215/5
f 424/209/229 423/203/171 427/101/94 428/178/223
f 437/216/230 368/217/250 372/218/251 438/219/231
f 371/220/6 435/50/44 367/215/5
f 399/221/125 435/50/44 395/222/118
f 395/222/118 435/50/44 391/223/106
f 401/85/76 435/50/44 399/221/125
f 391/223/106 435/50/44 387/49/43
f 371/6/6 370/4/4 374/43/38 375/42/37
f 438/224/231 372/218/251 376/74/240 440/225/65
f 432/7/186 366/1/185 367/5/5 433/214/161
f 375/127/37 435/50/44 371/220/6
f 370/4/4 369/3/3 373/19/17 374/43/38
f 434/166/248 368/217/250 437/216/230 469/167/221
f 383/51/45 435/50/44 379/126/40
f 437/216/230 438/219/231 439/17/188 436/21/191
f 445/107/214 446/54/202 447/78/207 444/47/200
f 438/224/231 440/225/65 441/18/189 439/17/188
f 443/76/66 445/107/214 444/47/200 442/46/192
f 440/73/65 443/76/66 442/26/192 441/18/189
f 469/167/221 437/216/230 436/21/191 468/20/190
f 449/86/49 450/88/80 451/116/216 448/115/211
f 450/88/80 452/129/217 453/144/131 451/116/216
f 446/54/202 449/57/49 448/99/211 447/78/207
f 463/31/196 464/190/164 465/202/228 462/201/227
f 464/190/164 466/192/146 467/102/212 465/202/228
f 461/28/193 463/31/196 462/206/227 460/197/226
f 454/109/103 456/111/85 457/180/224 455/179/155
f 456/92/85 458/70/64 459/189/225 457/180/224
f 466/164/146 469/167/221 468/103/190 467/102/212
f 458/70/64 461/72/193 460/197/226 459/196/225
f 365/2/2 436/21/191 439/17/188 369/3/3
f 471/226/233 398/227/218 397/228/132 470/229/182
f 401/230/76 399/231/125 398/227/218 471/226/233
f 404/232/220 471/226/233 470/229/182 403/233/140
f 455/234/155 403/233/140 470/229/182 472/235/183
f 473/236/234 452/237/217 400/238/246 402/239/252
f 404/232/220 405/240/75 401/230/76 471/226/233
f 406/241/245 454/242/103 473/236/234 402/239/252
f 473/236/234 472/235/183 453/243/131 452/237/217
f 454/242/103 455/234/155 472/235/183 473/236/234
f 470/229/182 397/228/132 453/243/131 472/235/183
f 475/1/185 474/2/2 478/3/3 479/4/4
f 476/5/5 475/1/185 479/4/4 480/6/6
f 559/7/253 558/8/8 474/2/2 475/1/185
f 497/9/9 493/10/187 509/11/11 511/12/12
f 569/13/13 521/14/13 520/15/14 570/16/14
f 478/3/3 621/17/188 623/18/189 482/19/17
f 650/20/190 618/21/191 474/2/2 558/8/8
f 566/22/254 565/23/255 530/24/255 528/25/254
f 482/19/17 623/18/189 624/26/192 486/27/23
f 643/28/193 545/29/25 549/30/256 645/31/196
f 578/32/28 502/33/29 501/34/30 579/35/31
f 579/35/31 501/34/30 537/36/32 562/37/32
f 489/38/197 485/39/198 504/40/35 508/41/36
f 484/42/37 483/43/38 487/44/199 488/45/40
f 486/27/23 624/46/192 626/47/200 490/48/42
f 496/49/43 583/50/44 492/51/45
f 566/22/254 528/25/254 527/52/201 567/53/201
f 483/43/38 482/19/17 486/27/23 487/44/199
f 628/54/202 497/55/9 503/56/48 631/57/49
f 535/58/50 537/36/51 561/59/204 557/60/205
f 567/53/201 527/52/201 523/61/54 568/62/54
f 573/63/55 580/64/206 571/65/57 572/66/58
f 523/61/59 527/52/60 541/67/61 536/68/257
f 487/44/199 486/27/23 490/48/42 491/69/63
f 640/70/64 541/71/61 545/29/25 643/72/193
f 622/73/65 485/74/198 489/75/197 625/76/66
f 488/45/40 487/44/199 491/69/63 492/77/45
f 490/48/42 626/47/200 629/78/207 494/79/68
f 522/80/69 520/15/70 521/14/71 529/81/72
f 580/64/206 573/63/55 574/82/73 575/83/74
f 526/84/75 583/50/44 519/85/76
f 571/65/57 580/64/206 569/13/208 570/16/78
f 493/10/187 489/38/197 508/41/36 509/11/11
f 631/86/49 503/56/48 510/87/209 632/88/80
f 570/16/14 520/15/14 518/89/81 571/65/81
f 518/89/82 520/15/70 522/80/69 517/90/83
f 491/69/63 490/48/42 494/79/68 495/91/84
f 638/92/85 536/93/257 541/71/61 640/70/64
f 572/66/86 516/94/86 515/95/87 573/63/87
f 481/96/210 477/97/89 501/34/90 502/33/91
f 492/77/45 491/69/63 495/91/84 496/98/43
f 494/79/68 629/78/207 630/99/211 498/100/93
f 554/101/94 649/102/212 650/103/190 558/8/8
f 577/104/96 580/64/206 575/83/74 576/105/97
f 625/76/66 489/75/197 493/106/187 627/107/214
f 521/14/71 523/61/59 536/68/257 529/81/72
f 573/63/87 515/95/87 511/12/99 574/82/99
f 579/35/258 580/64/206 577/104/96 578/32/101
f 495/91/84 494/79/68 498/100/93 499/108/215
f 636/109/103 529/110/72 536/93/257 638/111/85
f 528/25/104 530/24/105 549/112/256 545/113/25
f 496/98/43 495/91/84 499/108/215 500/114/106
f 498/100/93 630/115/211 633/116/216 505/117/108
f 565/23/109 580/64/206 563/118/110 564/119/111
f 575/83/112 509/11/112 508/41/113 576/105/113
f 485/39/198 481/96/210 502/33/91 504/40/35
f 627/107/214 493/106/187 497/55/9 628/54/202
f 576/105/113 508/41/113 504/40/114 577/104/114
f 499/108/215 498/100/93 505/117/108 506/120/115
f 604/121/116 603/122/117 589/123/117 588/124/116
f 577/104/114 504/40/114 502/33/29 578/32/28
f 500/114/106 499/108/215 506/120/115 507/125/118
f 580/64/206 567/53/119 568/62/120 569/13/208
f 568/62/54 523/61/54 521/14/13 569/13/13
f 488/126/40 583/50/44 484/127/37
f 632/88/80 510/87/209 517/128/83 634/129/217
f 597/130/122 596/131/123 615/132/123 614/133/122
f 574/82/99 511/12/99 509/11/112 575/83/112
f 507/125/118 506/120/115 513/134/218 514/135/125
f 596/131/123 595/136/126 616/137/126 615/132/123
f 530/24/105 534/138/127 553/139/128 549/112/256
f 601/140/129 599/141/130 612/142/130 600/143/129
f 505/117/108 633/116/216 635/144/131 512/145/132
f 540/146/133 583/50/44 533/147/134
f 599/141/130 598/148/135 613/149/135 612/142/130
f 594/150/136 593/151/137 592/152/137 617/153/136
f 544/154/138 583/50/44 540/146/133
f 506/120/115 505/117/108 512/145/132 513/134/218
f 525/155/220 524/156/140 531/157/141 532/158/142
f 595/136/126 594/150/136 617/153/136 616/137/126
f 533/147/134 583/50/44 526/84/75
f 571/65/81 518/89/81 516/94/86 572/66/86
f 548/159/143 583/50/44 544/154/138
f 607/160/144 606/161/145 586/162/145 585/163/144
f 648/164/146 557/165/205 561/166/204 651/167/221
f 510/168/209 503/169/48 515/95/148 516/94/149
f 526/170/75 525/155/220 532/158/142 533/171/134
f 532/158/142 531/157/141 538/172/150 539/173/222
f 609/174/152 608/175/153 582/176/153 581/177/152
f 555/178/223 554/101/94 558/8/8 559/7/253
f 524/156/140 637/179/155 639/180/224 531/157/141
f 552/181/157 583/50/44 548/159/143
f 603/122/117 602/182/158 590/183/158 589/123/117
f 533/171/134 532/158/142 539/173/222 540/184/133
f 539/173/222 538/172/150 542/185/159 543/186/160
f 560/187/161 583/50/44 556/188/162
f 531/157/141 639/180/224 641/189/225 538/172/150
f 646/190/164 553/191/128 557/165/205 648/192/146
f 610/193/165 609/174/152 581/177/152 584/194/165
f 540/184/133 539/173/222 543/186/160 544/195/138
f 556/188/162 583/50/44 552/181/157
f 517/90/83 510/168/209 516/94/149 518/89/82
f 538/172/150 641/196/225 642/197/226 542/185/159
f 593/151/137 611/198/167 591/199/167 592/152/137
f 546/200/168 644/201/227 647/202/228 550/203/171
f 544/195/138 543/186/160 547/204/172 548/205/143
f 543/186/160 542/185/159 546/200/168 547/204/172
f 550/203/171 647/202/228 649/102/212 554/101/94
f 645/31/196 549/30/256 553/191/128 646/190/164
f 542/185/159 642/197/226 644/206/227 546/200/168
f 606/161/145 605/207/173 587/208/173 586/162/145
f 548/205/143 547/204/172 551/209/229 552/210/157
f 547/204/172 546/200/168 550/203/171 551/209/229
f 598/148/135 597/211/122 614/212/122 613/149/135
f 552/210/157 551/209/229 555/178/223 556/213/162
f 608/175/153 607/160/144 585/163/144 582/176/153
f 605/207/173 604/121/116 588/124/116 587/208/173
f 556/213/162 555/178/223 559/7/253 560/214/161
f 583/50/44 560/187/161 476/215/5
f 602/182/158 601/140/129 600/143/129 590/183/158
f 551/209/229 550/203/171 554/101/94 555/178/223
f 611/198/167 610/193/165 584/194/165 591/199/167
f 619/216/230 477/217/89 481/218/210 620/219/231
f 480/220/6 583/50/44 476/215/5
f 563/118/110 580/64/206 579/35/258 562/37/177
f 514/221/125 583/50/44 507/222/118
f 534/138/127 535/58/50 557/60/205 553/139/128
f 527/52/60 528/25/104 545/113/25 541/67/61
f 507/222/118 583/50/44 500/223/106
f 519/85/76 583/50/44 514/221/125
f 500/223/106 583/50/44 496/49/43
f 503/169/48 497/9/9 511/12/12 515/95/148
f 562/37/32 537/36/32 535/58/259 563/118/259
f 480/6/6 479/4/4 483/43/38 484/42/37
f 563/118/259 535/58/259 534/138/179 564/119/179
f 620/224/231 481/218/210 485/74/198 622/225/65
f 477/97/89 561/59/204 537/36/51 501/34/90
f 559/7/253 475/1/185 476/5/5 560/214/161
f 564/119/179 534/138/179 530/24/255 565/23/255
f 484/127/37 583/50/44 480/220/6
f 479/4/4 478/3/3 482/19/17 483/43/38
f 561/166/204 477/217/89 619/216/230 651/167/221
f 492/51/45 583/50/44 488/126/40
f 580/64/206 565/23/109 566/22/180 567/53/119
f 619/216/230 620/219/231 621/17/188 618/21/191
f 627/107/214 628/54/202 629/78/207 626/47/200
f 620/224/231 622/225/65 623/18/189 621/17/188
f 625/76/66 627/107/214 626/47/200 624/46/192
f 622/73/65 625/76/66 624/26/192 623/18/189
f 651/167/221 619/216/230 618/21/191 650/20/190
f 631/86/49 632/88/80 633/116/216 630/115/211
f 632/88/80 634/129/217 635/144/131 633/116/216
f 628/54/202 631/57/49 630/99/211 629/78/207
f 645/31/196 646/190/164 647/202/228 644/201/227
f 646/190/164 648/192/146 649/102/212 647/202/228
f 643/28/193 645/31/196 644/206/227 642/197/226
f 636/109/103 638/111/85 639/180/224 637/179/155
f 638/92/85 640/70/64 641/189/225 639/180/224
f 648/164/146 651/167/221 650/103/190 649/102/212
f 640/70/64 643/72/193 642/197/226 641/196/225
f 474/2/2 618/21/191 621/17/188 478/3/3
f 653/226/233 513/227/218 512/228/132 652/229/182
f 519/230/76 514/231/125 513/227/218 653/226/233
f 525/232/220 653/226/233 652/229/182 524/233/140
f 637/234/155 524/233/140 652/229/182 654/235/183
f 655/236/234 634/237/217 517/238/83 522/239/69
f 525/232/220 526/240/75 519/230/76 653/226/233
f 529/241/72 636/242/103 655/236/234 522/239/69
f 655/236/234 654/235/183 635/243/131 634/237/217
f 636/242/103 637/234/155 654/235/183 655/236/234
f 652/229/182 512/228/132 635/243/131 654/235/183
f 657/1/185 656/2/2 660/3/3 661/4/4
f 658/5/5 657/1/185 661/4/4 662/6/6
f 723/7/186 722/8/8 656/2/2 657/1/185
f 660/3/3 730/17/188 732/18/189 664/19/17
f 759/20/190 727/21/191 656/2/2 722/8/8
f 664/19/17 732/18/189 733/26/192 668/27/23
f 752/28/193 709/29/235 713/30/236 754/31/196
f 666/42/37 665/43/38 669/44/199 670/45/40
f 668/27/23 733/46/192 735/47/200 672/48/42
f 678/49/43 726/50/44 674/51/45
f 665/43/38 664/19/17 668/27/23 669/44/199
f 737/54/202 679/55/237 683/56/238 740/57/49
f 669/44/199 668/27/23 672/48/42 673/69/63
f 749/70/64 705/71/239 709/29/235 752/72/193
f 731/73/65 667/74/240 671/75/241 734/76/66
f 670/45/40 669/44/199 673/69/63 674/77/45
f 672/48/42 735/47/200 738/78/207 676/79/68
f 696/84/75 726/50/44 692/85/76
f 740/86/49 683/56/238 687/87/242 741/88/80
f 673/69/63 672/48/42 676/79/68 677/91/84
f 747/92/85 701/93/243 705/71/239 749/70/64
f 674/77/45 673/69/63 677/91/84 678/98/43
f 676/79/68 738/78/207 739/99/211 680/100/93
f 718/101/94 758/102/212 759/103/190 722/8/8
f 734/76/66 671/75/241 675/106/244 736/107/214
f 677/91/84 676/79/68 680/100/93 681/108/215
f 745/109/103 697/110/245 701/93/243 747/111/85
f 678/98/43 677/91/84 681/108/215 682/114/106
f 680/100/93 739/115/211 742/116/216 684/117/108
f 736/107/214 675/106/244 679/55/237 737/54/202
f 681/108/215 680/100/93 684/117/108 685/120/115
f 682/114/106 681/108/215 685/120/115 686/125/118
f 670/126/40 726/50/44 666/127/37
f 741/88/80 687/87/242 691/128/246 743/129/217
f 686/125/118 685/120/115 689/134/218 690/135/125
f 684/117/108 742/116/216 744/144/131 688/145/132
f 704/146/133 726/50/44 700/147/134
f 708/154/138 726/50/44 704/146/133
f 685/120/115 684/117/108 688/145/132 689/134/218
f 695/155/220 694/156/140 698/157/141 699/158/142
f 700/147/134 726/50/44 696/84/75
f 712/159/143 726/50/44 708/154/138
f 757/164/146 721/165/247 725/166/248 760/167/221
f 696/170/75 695/155/220 699/158/142 700/171/134
f 699/158/142 698/157/141 702/172/150 703/173/222
f 719/178/154 718/101/94 722/8/8 723/7/186
f 694/156/140 746/179/155 748/180/224 698/157/141
f 716/181/157 726/50/44 712/159/143
f 700/171/134 699/158/142 703/173/222 704/184/133
f 703/173/222 702/172/150 706/185/159 707/186/160
f 724/187/161 726/50/44 720/188/162
f 698/157/141 748/180/224 750/189/225 702/172/150
f 755/190/164 717/191/249 721/165/247 757/192/146
f 704/184/133 703/173/222 707/186/160 708/195/138
f 720/188/162 726/50/44 716/181/157
f 702/172/150 750/196/225 751/197/226 706/185/159
f 710/200/168 753/201/227 756/202/228 714/203/171
f 708/195/138 707/186/160 711/204/172 712/205/143
f 707/186/160 706/185/159 710/200/168 711/204/172
f 714/203/171 756/202/228 758/102/212 718/101/94
f 754/31/196 713/30/236 717/191/249 755/190/164
f 706/185/159 751/197/226 753/206/227 710/200/168
f 712/205/143 711/204/172 715/209/229 716/210/157
f 711/204/172 710/200/168 714/203/171 715/209/229
f 716/210/157 715/209/229 719/178/154 720/213/162
f 720/213/162 719/178/154 723/7/186 724/214/161
f 726/50/44 724/187/161 658/215/5
f 715/209/229 714/203/171 718/101/94 719/178/154
f 728/216/230 659/217/250 663/218/251 729/219/231
f 662/220/6 726/50/44 658/215/5
f 690/221/125 726/50/44 686/222/118
f 686/222/118 726/50/44 682/223/106
f 692/85/76 726/50/44 690/221/125
f 682/223/106 726/50/44 678/49/43
f 662/6/6 661/4/4 665/43/38 666/42/37
f 729/224/231 663/218/251 667/74/240 731/225/65
f 723/7/186 657/1/185 658/5/5 724/214/161
f 666/127/37 726/50/44 662/220/6
f 661/4/4 660/3/3 664/19/17 665/43/38
f 725/166/248 659/217/250 728/216/230 760/167/221
f 674/51/45 726/50/44 670/126/40
f 728/216/230 729/219/231 730/17/188 727/21/191
f 736/107/214 737/54/202 738/78/207 735/47/200
f 729/224/231 731/225/65 732/18/189 730/17/188
f 734/76/66 736/107/214 735/47/200 733/46/192
f 731/73/65 734/76/66 733/26/192 732/18/189
f 760/167/221 728/216/230 727/21/191 759/20/190
f 740/86/49 741/88/80 742/116/216 739/115/211
f 741/88/80 743/129/217 744/144/131 742/116/216
f 737/54/202 740/57/49 739/99/211 738/78/207
f 754/31/196 755/190/164 756/202/228 753/201/227
f 755/190/164 757/192/146 758/102/212 756/202/228
f 752/28/193 754/31/196 753/206/227 751/197/226
f 745/109/103 747/111/85 748/180/224 746/179/155
f 747/92/85 749/70/64 750/189/225 748/180/224
f 757/164/146 760/167/221 759/103/190 758/102/212
f 749/70/64 752/72/193 751/197/226 750/196/225
f 656/2/2 727/21/191 730/17/188 660/3/3
f 762/226/233 689/227/218 688/228/132 761/229/182
f 692/230/76 690/231/125 689/227/218 762/226/233
f 695/232/220 762/226/233 761/229/182 694/233/140
f 746/234/155 694/233/140 761/229/182 763/235/183
f 764/236/234 743/237/217 691/238/246 693/239/252
f 695/232/220 696/240/75 692/230/76 762/226/233
f 697/241/245 745/242/103 764/236/234 693/239/252
f 764/236/234 763/235/183 744/243/131 743/237/217
f 745/242/103 746/234/155 763/235/183 764/236/234
f 761/229/182 688/228/132 744/243/131 763/235/183
f 766/1/260 770/4/261 769/3/262 765/2/263
f 767/5/264 771/6/265 770/4/261 766/1/260
f 850/7/266 766/1/260 765/2/263 849/8/267
f 788/9/268 802/12/269 800/11/270 784/10/271
f 860/13/272 861/16/273 811/15/273 812/14/272
f 769/3/262 773/19/274 896/18/275 894/17/276
f 923/20/277 849/8/267 765/2/263 891/21/278
f 857/22/279 819/25/279 821/24/280 856/23/280
f 773/19/274 777/27/281 897/26/282 896/18/275
f 916/28/283 918/31/284 840/30/285 836/29/286
f 869/32/287 870/35/288 792/34/289 793/33/287
f 870/35/288 853/37/290 828/36/290 792/34/289
f 780/38/291 799/41/292 795/40/293 776/39/294
f 775/42/295 779/45/296 778/44/297 774/43/298
f 777/27/281 781/48/299 899/47/300 897/46/282
f 787/49/301 783/51/302 872/50/206
f 857/22/279 858/53/303 818/52/303 819/25/279
f 774/43/298 778/44/297 777/27/281 773/19/274
f 901/54/304 904/57/305 794/56/306 788/55/268
f 826/58/307 848/60/308 852/59/309 828/36/310
f 858/53/303 859/62/311 814/61/311 818/52/303
f 864/63/312 863/66/313 862/65/314 871/64/315
f 814/61/316 827/68/317 832/67/318 818/52/319
f 778/44/297 782/69/320 781/48/299 777/27/281
f 913/70/321 916/72/283 836/29/286 832/71/318
f 895/73/322 898/76/323 780/75/291 776/74/294
f 779/45/296 783/77/302 782/69/320 778/44/297
f 781/48/299 785/79/324 902/78/325 899/47/300
f 813/80/326 820/81/327 812/14/328 811/15/329
f 871/64/315 866/83/330 865/82/331 864/63/312
f 817/84/332 810/85/333 872/50/206
f 862/65/314 861/16/334 860/13/335 871/64/315
f 784/10/271 800/11/270 799/41/292 780/38/291
f 904/86/305 905/88/336 801/87/337 794/56/306
f 861/16/273 862/65/338 809/89/338 811/15/273
f 809/89/339 808/90/340 813/80/326 811/15/329
f 782/69/320 786/91/341 785/79/324 781/48/299
f 911/92/342 913/70/321 832/71/318 827/93/317
f 863/66/343 864/63/344 806/95/344 807/94/343
f 772/96/345 793/33/346 792/34/347 768/97/348
f 783/77/302 787/98/301 786/91/341 782/69/320
f 785/79/324 789/100/349 903/99/350 902/78/325
f 845/101/351 849/8/267 923/103/277 922/102/352
f 868/104/353 867/105/354 866/83/330 871/64/315
f 898/76/323 900/107/355 784/106/271 780/75/291
f 812/14/328 820/81/327 827/68/317 814/61/316
f 864/63/344 865/82/356 802/12/356 806/95/344
f 870/35/357 869/32/358 868/104/353 871/64/315
f 786/91/341 790/108/359 789/100/349 785/79/324
f 909/109/360 911/111/342 827/93/317 820/110/327
f 819/25/361 836/113/286 840/112/285 821/24/362
f 787/98/301 791/114/363 790/108/359 786/91/341
f 789/100/349 796/117/364 906/116/365 903/115/350
f 856/23/366 855/119/367 854/118/368 871/64/315
f 866/83/369 867/105/370 799/41/370 800/11/369
f 776/39/294 795/40/293 793/33/346 772/96/345
f 900/107/355 901/54/304 788/55/268 784/106/271
f 867/105/370 868/104/371 795/40/372 799/41/370
f 790/108/359 797/120/373 796/117/364 789/100/349
f 883/121/116 115/124/116 116/123/117 882/122/117
f 868/104/371 869/32/287 793/33/287 795/40/372
f 791/114/363 798/125/374 797/120/373 790/108/359
f 871/64/315 860/13/335 859/62/375 858/53/376
f 859/62/311 860/13/272 812/14/272 814/61/311
f 779/126/296 775/127/295 872/50/206
f 905/88/336 907/129/377 808/128/340 801/87/337
f 877/130/122 141/133/122 142/132/123 876/131/123
f 865/82/356 866/83/369 800/11/369 802/12/356
f 798/125/374 805/135/378 804/134/379 797/120/373
f 876/131/123 142/132/123 143/137/126 875/136/126
f 821/24/362 840/112/285 844/139/380 825/138/381
f 880/140/129 127/143/129 139/142/130 879/141/130
f 796/117/364 803/145/382 908/144/383 906/116/365
f 831/146/384 824/147/385 872/50/206
f 879/141/130 139/142/130 140/149/135 878/148/135
f 874/150/136 144/153/136 119/152/137 873/151/137
f 835/154/386 831/146/384 872/50/206
f 797/120/373 804/134/379 803/145/382 796/117/364
f 816/155/387 823/158/388 822/157/389 815/156/390
f 875/136/126 143/137/126 144/153/136 874/150/136
f 824/147/385 817/84/332 872/50/206
f 862/65/338 863/66/343 807/94/343 809/89/338
f 839/159/391 835/154/386 872/50/206
f 886/160/144 112/163/144 113/162/145 885/161/145
f 921/164/392 924/167/393 852/166/309 848/165/308
f 801/168/337 807/94/394 806/95/395 794/169/306
f 817/170/332 824/171/385 823/158/388 816/155/387
f 823/158/388 830/173/396 829/172/397 822/157/389
f 888/174/152 108/177/152 109/176/153 887/175/153
f 846/178/398 850/7/266 849/8/267 845/101/351
f 815/156/390 822/157/389 912/180/399 910/179/400
f 843/181/401 839/159/391 872/50/206
f 882/122/117 116/123/117 117/183/158 881/182/158
f 824/171/385 831/184/384 830/173/396 823/158/388
f 830/173/396 834/186/402 833/185/403 829/172/397
f 851/187/404 847/188/405 872/50/206
f 822/157/389 829/172/397 914/189/406 912/180/399
f 919/190/407 921/192/392 848/165/308 844/191/380
f 889/193/165 111/194/165 108/177/152 888/174/152
f 831/184/384 835/195/386 834/186/402 830/173/396
f 847/188/405 843/181/401 872/50/206
f 808/90/340 809/89/339 807/94/394 801/168/337
f 829/172/397 833/185/403 915/197/408 914/196/406
f 873/151/137 119/152/137 118/199/167 890/198/167
f 837/200/409 841/203/410 920/202/411 917/201/412
f 835/195/386 839/205/391 838/204/413 834/186/402
f 834/186/402 838/204/413 837/200/409 833/185/403
f 841/203/410 845/101/351 922/102/352 920/202/411
f 918/31/284 919/190/407 844/191/380 840/30/285
f 833/185/403 837/200/409 917/206/412 915/197/408
f 885/161/145 113/162/145 114/208/173 884/207/173
f 839/205/391 843/210/401 842/209/414 838/204/413
f 838/204/413 842/209/414 841/203/410 837/200/409
f 878/148/135 140/149/135 141/212/122 877/211/122
f 843/210/401 847/213/405 846/178/398 842/209/414
f 887/175/153 109/176/153 112/163/144 886/160/144
f 884/207/173 114/208/173 115/124/116 883/121/116
f 847/213/405 851/214/404 850/7/266 846/178/398
f 872/50/206 767/215/264 851/187/404
f 881/182/158 117/183/158 127/143/129 880/140/129
f 842/209/414 846/178/398 845/101/351 841/203/410
f 890/198/167 118/199/167 111/194/165 889/193/165
f 892/216/415 893/219/416 772/218/345 768/217/348
f 771/220/265 767/215/264 872/50/206
f 854/118/368 853/37/417 870/35/357 871/64/315
f 805/221/378 798/222/374 872/50/206
f 825/138/381 844/139/380 848/60/308 826/58/307
f 818/52/319 832/67/318 836/113/286 819/25/361
f 798/222/374 791/223/363 872/50/206
f 810/85/333 805/221/378 872/50/206
f 791/223/363 787/49/301 872/50/206
f 794/169/306 806/95/395 802/12/269 788/9/268
f 853/37/290 854/118/418 826/58/418 828/36/290
f 771/6/265 775/42/295 774/43/298 770/4/261
f 854/118/418 855/119/419 825/138/419 826/58/418
f 893/224/416 895/225/322 776/74/294 772/218/345
f 768/97/348 792/34/347 828/36/310 852/59/309
f 850/7/266 851/214/404 767/5/264 766/1/260
f 855/119/419 856/23/280 821/24/280 825/138/419
f 775/127/295 771/220/265 872/50/206
f 770/4/261 774/43/298 773/19/274 769/3/262
f 852/166/309 924/167/393 892/216/415 768/217/348
f 783/51/302 779/126/296 872/50/206
f 871/64/315 858/53/376 857/22/420 856/23/366
f 892/216/415 891/21/278 894/17/276 893/219/416
f 900/107/355 899/47/300 902/78/325 901/54/304
f 893/224/416 894/17/276 896/18/275 895/225/322
f 898/76/323 897/46/282 899/47/300 900/107/355
f 895/73/322 896/18/275 897/26/282 898/76/323
f 924/167/393 923/20/277 891/21/278 892/216/415
f 904/86/305 903/115/350 906/116/365 905/88/336
f 905/88/336 906/116/365 908/144/383 907/129/377
f 901/54/304 902/78/325 903/99/350 904/57/305
f 918/31/284 917/201/412 920/202/411 919/190/407
f 919/190/407 920/202/411 922/102/352 921/192/392
f 916/28/283 915/197/408 917/206/412 918/31/284
f 909/109/360 910/179/400 912/180/399 911/111/342
f 911/92/342 912/180/399 914/189/406 913/70/321
f 921/164/392 922/102/352 923/103/277 924/167/393
f 913/70/321 914/196/406 915/197/408 916/72/283
f 765/2/263 769/3/262 894/17/276 891/21/278
f 926/226/421 925/229/422 803/228/382 804/227/379
f 810/230/333 926/226/421 804/227/379 805/231/378
f 816/232/387 815/233/390 925/229/422 926/226/421
f 910/234/400 927/235/423 925/229/422 815/233/390
f 928/236/424 813/239/326 808/238/340 907/237/377
f 816/232/387 926/226/421 810/230/333 817/240/332
f 820/241/327 813/239/326 928/236/424 909/242/360
f 928/236/424 907/237/377 908/243/383 927/235/423
f 909/242/360 928/236/424 927/235/423 910/234/400
f 925/229/422 927/235/423 908/243/383 803/228/382
f 930/1/425 934/4/426 933/3/262 929/2/263
f 931/5/264 935/6/265 934/4/426 930/1/425
f 1014/7/427 930/1/425 929/2/263 1013/8/267
f 952/9/268 966/12/269 964/11/270 948/10/428
f 1024/13/272 1025/16/273 975/15/273 976/14/272
f 933/3/262 937/19/274 1060/18/429 1058/17/430
f 1087/20/431 1013/8/267 929/2/263 1055/21/278
f 1021/22/279 983/25/279 985/24/280 1020/23/280
f 937/19/274 941/27/281 1061/26/282 1060/18/429
f 1080/28/283 1082/31/284 1004/30/432 1000/29/433
f 1033/32/287 1034/35/288 956/34/289 957/33/434
f 1034/35/288 1017/37/290 992/36/290 956/34/289
f 944/38/435 963/41/292 959/40/293 940/39/436
f 939/42/295 943/45/296 942/44/297 938/43/437
f 941/27/281 945/48/299 1063/47/300 1061/46/282
f 951/49/301 947/51/302 1036/50/206
f 1021/22/279 1022/53/303 982/52/303 983/25/279
f 938/43/437 942/44/297 941/27/281 937/19/274
f 1065/54/304 1068/57/438 958/56/306 952/55/268
f 990/58/307 1012/60/439 1016/59/440 992/36/310
f 1022/53/303 1023/62/311 978/61/311 982/52/303
f 1028/63/312 1027/66/313 1026/65/314 1035/64/44
f 978/61/316 991/68/317 996/67/318 982/52/319
f 942/44/297 946/69/441 945/48/299 941/27/281
f 1077/70/442 1080/72/283 1000/29/433 996/71/318
f 1059/73/322 1062/76/443 944/75/435 940/74/436
f 943/45/296 947/77/302 946/69/441 942/44/297
f 945/48/299 949/79/324 1066/78/325 1063/47/300
f 977/80/326 984/81/327 976/14/328 975/15/329
f 1035/64/44 1030/83/330 1029/82/331 1028/63/312
f 981/84/332 974/85/333 1036/50/206
f 1026/65/314 1025/16/334 1024/13/444 1035/64/44
f 948/10/428 964/11/270 963/41/292 944/38/435
f 1068/86/438 1069/88/336 965/87/445 958/56/306
f 1025/16/273 1026/65/338 973/89/338 975/15/273
f 973/89/339 972/90/446 977/80/326 975/15/329
f 946/69/441 950/91/447 949/79/324 945/48/299
f 1075/92/342 1077/70/442 996/71/318 991/93/317
f 1027/66/343 1028/63/344 970/95/344 971/94/343
f 936/96/448 957/33/346 956/34/347 932/97/348
f 947/77/302 951/98/301 950/91/447 946/69/441
f 949/79/324 953/100/349 1067/99/350 1066/78/325
f 1009/101/351 1013/8/267 1087/103/431 1086/102/449
f 1032/104/450 1031/105/354 1030/83/330 1035/64/44
f 1062/76/443 1064/107/355 948/106/428 944/75/435
f 976/14/328 984/81/327 991/68/317 978/61/316
f 1028/63/344 1029/82/356 966/12/356 970/95/344
f 1034/35/451 1033/32/358 1032/104/450 1035/64/44
f 950/91/447 954/108/452 953/100/349 949/79/324
f 1073/109/360 1075/111/342 991/93/317 984/110/327
f 983/25/361 1000/113/433 1004/112/432 985/24/362
f 951/98/301 955/114/363 954/108/452 950/91/447
f 953/100/349 960/117/364 1070/116/453 1067/115/350
f 1020/23/366 1019/119/367 1018/118/368 1035/64/44
f 1030/83/369 1031/105/370 963/41/370 964/11/369
f 940/39/436 959/40/293 957/33/346 936/96/448
f 1064/107/355 1065/54/304 952/55/268 948/106/428
f 1031/105/370 1032/104/372 959/40/454 963/41/370
f 954/108/452 961/120/455 960/117/364 953/100/349
f 1047/121/116 297/124/116 298/123/117 1046/122/117
f 1032/104/372 1033/32/287 957/33/434 959/40/454
f 955/114/363 962/125/374 961/120/455 954/108/452
f 1035/64/44 1024/13/444 1023/62/375 1022/53/376
f 1023/62/311 1024/13/272 976/14/272 978/61/311
f 943/126/296 939/127/295 1036/50/206
f 1069/88/336 1071/129/377 972/128/446 965/87/445
f 1041/130/122 323/133/122 324/132/123 1040/131/123
f 1029/82/356 1030/83/369 964/11/369 966/12/356
f 962/125/374 969/135/378 968/134/456 961/120/455
f 1040/131/123 324/132/123 325/137/126 1039/136/126
f 985/24/362 1004/112/432 1008/139/457 989/138/381
f 1044/140/129 309/143/129 321/142/130 1043/141/130
f 960/117/364 967/145/382 1072/144/458 1070/116/453
f 995/146/384 988/147/385 1036/50/206
f 1043/141/130 321/142/130 322/149/135 1042/148/135
f 1038/150/136 326/153/136 301/152/137 1037/151/137
f 999/154/459 995/146/384 1036/50/206
f 961/120/455 968/134/456 967/145/382 960/117/364
f 980/155/387 987/158/460 986/157/389 979/156/390
f 1039/136/126 325/137/126 326/153/136 1038/150/136
f 988/147/385 981/84/332 1036/50/206
f 1026/65/338 1027/66/343 971/94/343 973/89/338
f 1003/159/391 999/154/459 1036/50/206
f 1050/160/144 294/163/144 295/162/145 1049/161/145
f 1085/164/392 1088/167/393 1016/166/440 1012/165/439
f 965/168/445 971/94/394 970/95/395 958/169/306
f 981/170/332 988/171/385 987/158/460 980/155/387
f 987/158/460 994/173/461 993/172/397 986/157/389
f 1052/174/152 290/177/152 291/176/153 1051/175/153
f 1010/178/462 1014/7/427 1013/8/267 1009/101/351
f 979/156/390 986/157/389 1076/180/463 1074/179/464
f 1007/181/401 1003/159/391 1036/50/206
f 1046/122/117 298/123/117 299/183/158 1045/182/158
f 988/171/385 995/184/384 994/173/461 987/158/460
f 994/173/461 998/186/465 997/185/403 993/172/397
f 1015/187/404 1011/188/405 1036/50/206
f 986/157/389 993/172/397 1078/189/406 1076/180/463
f 1083/190/466 1085/192/392 1012/165/439 1008/191/457
f 1053/193/165 293/194/165 290/177/152 1052/174/152
f 995/184/384 999/195/459 998/186/465 994/173/461
f 1011/188/405 1007/181/401 1036/50/206
f 972/90/446 973/89/339 971/94/394 965/168/445
f 993/172/397 997/185/403 1079/197/408 1078/196/406
f 1037/151/137 301/152/137 300/199/167 1054/198/167
f 1001/200/409 1005/203/410 1084/202/411 1081/201/412
f 999/195/459 1003/205/391 1002/204/467 998/186/465
f 998/186/465 1002/204/467 1001/200/409 997/185/403
f 1005/203/410 1009/101/351 1086/102/449 1084/202/411
f 1082/31/284 1083/190/466 1008/191/457 1004/30/432
f 997/185/403 1001/200/409 1081/206/412 1079/197/408
f 1049/161/145 295/162/145 296/208/173 1048/207/173
f 1003/205/391 1007/210/401 1006/209/414 1002/204/467
f 1002/204/467 1006/209/414 1005/203/410 1001/200/409
f 1042/148/135 322/149/135 323/212/122 1041/211/122
f 1007/210/401 1011/213/405 1010/178/462 1006/209/414
f 1051/175/153 291/176/153 294/163/144 1050/160/144
f 1048/207/173 296/208/173 297/124/116 1047/121/116
f 1011/213/405 1015/214/404 1014/7/427 1010/178/462
f 1036/50/206 931/215/264 1015/187/404
f 1045/182/158 299/183/158 309/143/129 1044/140/129
f 1006/209/414 1010/178/462 1009/101/351 1005/203/410
f 1054/198/167 300/199/167 293/194/165 1053/193/165
f 1056/216/415 1057/219/416 936/218/448 932/217/348
f 935/220/265 931/215/264 1036/50/206
f 1018/118/368 1017/37/417 1034/35/451 1035/64/44
f 969/221/378 962/222/374 1036/50/206
f 989/138/381 1008/139/457 1012/60/439 990/58/307
f 982/52/319 996/67/318 1000/113/433 983/25/361
f 962/222/374 955/223/363 1036/50/206
f 974/85/333 969/221/378 1036/50/206
f 955/223/363 951/49/301 1036/50/206
f 958/169/306 970/95/395 966/12/269 952/9/268
f 1017/37/290 1018/118/468 990/58/468 992/36/290
f 935/6/265 939/42/295 938/43/437 934/4/426
f 1018/118/468 1019/119/469 989/138/469 990/58/468
f 1057/224/416 1059/225/322 940/74/436 936/218/448
f 932/97/348 956/34/347 992/36/310 1016/59/440
f 1014/7/427 1015/214/404 931/5/264 930/1/425
f 1019/119/469 1020/23/280 985/24/280 989/138/469
f 939/127/295 935/220/265 1036/50/206
f 934/4/426 938/43/437 937/19/274 933/3/262
f 1016/166/440 1088/167/393 1056/216/415 932/217/348
f 947/51/302 943/126/296 1036/50/206
f 1035/64/44 1022/53/376 1021/22/420 1020/23/366
f 1056/216/415 1055/21/278 1058/17/430 1057/219/416
f 1064/107/355 1063/47/300 1066/78/325 1065/54/304
f 1057/224/416 1058/17/430 1060/18/429 1059/225/322
f 1062/76/443 1061/46/282 1063/47/300 1064/107/355
f 1059/73/322 1060/18/429 1061/26/282 1062/76/443
f 1088/167/393 1087/20/431 1055/21/278 1056/216/415
f 1068/86/438 1067/115/350 1070/116/453 1069/88/336
f 1069/88/336 1070/116/453 1072/144/458 1071/129/377
f 1065/54/304 1066/78/325 1067/99/350 1068/57/438
f 1082/31/284 1081/201/412 1084/202/411 1083/190/466
f 1083/190/466 1084/202/411 1086/102/449 1085/192/392
f 1080/28/283 1079/197/408 1081/206/412 1082/31/284
f 1073/109/360 1074/179/464 1076/180/463 1075/111/342
f 1075/92/342 1076/180/463 1078/189/406 1077/70/442
f 1085/164/392 1086/102/449 1087/103/431 1088/167/393
f 1077/70/442 1078/196/406 1079/197/408 1080/72/283
f 929/2/263 933/3/262 1058/17/430 1055/21/278
f 1090/226/421 1089/229/422 967/228/382 968/227/456
f 974/230/333 1090/226/421 968/227/456 969/231/378
f 980/232/387 979/233/390 1089/229/422 1090/226/421
f 1074/234/464 1091/235/470 1089/229/422 979/233/390
f 1092/236/424 977/239/326 972/238/446 1071/237/377
f 980/232/387 1090/226/421 974/230/333 981/240/332
f 984/241/327 977/239/326 1092/236/424 1073/242/360
f 1092/236/424 1071/237/377 1072/243/458 1091/235/470
f 1073/242/360 1092/236/424 1091/235/470 1074/234/464
f 1089/229/422 1091/235/470 1072/243/458 967/228/382
f 1094/1/425 1098/4/426 1097/3/262 1093/2/263
f 1095/5/264 1099/6/265 1098/4/426 1094/1/425
f 1160/7/427 1094/1/425 1093/2/263 1159/8/267
f 1097/3/262 1101/19/274 1169/18/429 1167/17/430
f 1196/20/431 1159/8/267 1093/2/263 1164/21/278
f 1101/19/274 1105/27/281 1170/26/282 1169/18/429
f 1189/28/283 1191/31/284 1150/30/471 1146/29/472
f 1103/42/295 1107/45/296 1106/44/297 1102/43/437
f 1105/27/281 1109/48/299 1172/47/300 1170/46/282
f 1115/49/301 1111/51/302 1163/50/206
f 1102/43/437 1106/44/297 1105/27/281 1101/19/274
f 1174/54/304 1177/57/438 1120/56/473 1116/55/474
f 1106/44/297 1110/69/441 1109/48/299 1105/27/281
f 1186/70/442 1189/72/283 1146/29/472 1142/71/475
f 1168/73/322 1171/76/443 1108/75/476 1104/74/477
f 1107/45/296 1111/77/302 1110/69/441 1106/44/297
f 1109/48/299 1113/79/324 1175/78/325 1172/47/300
f 1133/84/332 1129/85/333 1163/50/206
f 1177/86/438 1178/88/336 1124/87/478 1120/56/473
f 1110/69/441 1114/91/447 1113/79/324 1109/48/299
f 1184/92/342 1186/70/442 1142/71/475 1138/93/479
f 1111/77/302 1115/98/301 1114/91/447 1110/69/441
f 1113/79/324 1117/100/349 1176/99/350 1175/78/325
f 1155/101/351 1159/8/267 1196/103/431 1195/102/449
f 1171/76/443 1173/107/355 1112/106/480 1108/75/476
f 1114/91/447 1118/108/481 1117/100/349 1113/79/324
f 1182/109/360 1184/111/342 1138/93/479 1134/110/482
f 1115/98/301 1119/114/483 1118/108/481 1114/91/447
f 1117/100/349 1121/117/364 1179/116/453 1176/115/350
f 1173/107/355 1174/54/304 1116/55/474 1112/106/480
f 1118/108/481 1122/120/455 1121/117/364 1117/100/349
f 1119/114/483 1123/125/374 1122/120/455 1118/108/481
f 1107/126/296 1103/127/295 1163/50/206
f 1178/88/336 1180/129/377 1128/128/484 1124/87/478
f 1123/125/374 1127/135/378 1126/134/456 1122/120/455
f 1121/117/364 1125/145/382 1181/144/458 1179/116/453
f 1141/146/384 1137/147/385 1163/50/206
f 1145/154/386 1141/146/384 1163/50/206
f 1122/120/455 1126/134/456 1125/145/382 1121/117/364
f 1132/155/387 1136/158/388 1135/157/389 1131/156/390
f 1137/147/385 1133/84/332 1163/50/206
f 1149/159/391 1145/154/386 1163/50/206
f 1194/164/392 1197/167/393 1162/166/485 1158/165/486
f 1133/170/332 1137/171/385 1136/158/388 1132/155/387
f 1136/158/388 1140/173/396 1139/172/397 1135/157/389
f 1156/178/462 1160/7/427 1159/8/267 1155/101/351
f 1131/156/390 1135/157/389 1185/180/463 1183/179/464
f 1153/181/401 1149/159/391 1163/50/206
f 1137/171/385 1141/184/384 1140/173/396 1136/158/388
f 1140/173/396 1144/186/465 1143/185/403 1139/172/397
f 1161/187/404 1157/188/405 1163/50/206
f 1135/157/389 1139/172/397 1187/189/406 1185/180/463
f 1192/190/466 1194/192/392 1158/165/486 1154/191/487
f 1141/184/384 1145/195/386 1144/186/465 1140/173/396
f 1157/188/405 1153/181/401 1163/50/206
f 1139/172/397 1143/185/403 1188/197/408 1187/196/406
f 1147/200/409 1151/203/410 1193/202/411 1190/201/412
f 1145/195/386 1149/205/391 1148/204/467 1144/186/465
f 1144/186/465 1148/204/467 1147/200/409 1143/185/403
f 1151/203/410 1155/101/351 1195/102/449 1193/202/411
f 1191/31/284 1192/190/466 1154/191/487 1150/30/471
f 1143/185/403 1147/200/409 1190/206/412 1188/197/408
f 1149/205/391 1153/210/401 1152/209/414 1148/204/467
f 1148/204/467 1152/209/414 1151/203/410 1147/200/409
f 1153/210/401 1157/213/405 1156/178/462 1152/209/414
f 1157/213/405 1161/214/404 1160/7/427 1156/178/462
f 1163/50/206 1095/215/264 1161/187/404
f 1152/209/414 1156/178/462 1155/101/351 1151/203/410
f 1165/216/415 1166/219/416 1100/218/488 1096/217/489
f 1099/220/265 1095/215/264 1163/50/206
f 1127/221/378 1123/222/374 1163/50/206
f 1123/222/374 1119/223/483 1163/50/206
f 1129/85/333 1127/221/378 1163/50/206
f 1119/223/483 1115/49/301 1163/50/206
f 1099/6/265 1103/42/295 1102/43/437 1098/4/426
f 1166/224/416 1168/225/322 1104/74/477 1100/218/488
f 1160/7/427 1161/214/404 1095/5/264 1094/1/425
f 1103/127/295 1099/220/265 1163/50/206
f 1098/4/426 1102/43/437 1101/19/274 1097/3/262
f 1162/166/485 1197/167/393 1165/216/415 1096/217/489
f 1111/51/302 1107/126/296 1163/50/206
f 1165/216/415 1164/21/278 1167/17/430 1166/219/416
f 1173/107/355 1172/47/300 1175/78/325 1174/54/304
f 1166/224/416 1167/17/430 1169/18/429 1168/225/322
f 1171/76/443 1170/46/282 1172/47/300 1173/107/355
f 1168/73/322 1169/18/429 1170/26/282 1171/76/443
f 1197/167/393 1196/20/431 1164/21/278 1165/216/415
f 1177/86/438 1176/115/350 1179/116/453 1178/88/336
f 1178/88/336 1179/116/453 1181/144/458 1180/129/377
f 1174/54/304 1175/78/325 1176/99/350 1177/57/438
f 1191/31/284 1190/201/412 1193/202/411 1192/190/466
f 1192/190/466 1193/202/411 1195/102/449 1194/192/392
f 1189/28/283 1188/197/408 1190/206/412 1191/31/284
f 1182/109/360 1183/179/464 1185/180/463 1184/111/342
f 1184/92/342 1185/180/463 1187/189/406 1186/70/442
f 1194/164/392 1195/102/449 1196/103/431 1197/167/393
f 1186/70/442 1187/196/406 1188/197/408 1189/72/283
f 1093/2/263 1097/3/262 1167/17/430 1164/21/278
f 1199/226/421 1198/229/422 1125/228/382 1126/227/456
f 1129/230/333 1199/226/421 1126/227/456 1127/231/378
f 1132/232/387 1131/233/390 1198/229/422 1199/226/421
f 1183/234/464 1200/235/470 1198/229/422 1131/233/390
f 1201/236/424 1130/239/490 1128/238/484 1180/237/377
f 1132/232/387 1199/226/421 1129/230/333 1133/240/332
f 1134/241/482 1130/239/490 1201/236/424 1182/242/360
f 1201/236/424 1180/237/377 1181/243/458 1200/235/470
f 1182/242/360 1201/236/424 1200/235/470 1183/234/464
f 1198/229/422 1200/235/470 1181/243/458 1125/228/382
f 1203/1/425 1207/4/426 1206/3/262 1202/2/263
f 1204/5/264 1208/6/265 1207/4/426 1203/1/425
f 1287/7/491 1203/1/425 1202/2/263 1286/8/267
f 1225/9/268 1239/12/269 1237/11/270 1221/10/428
f 1297/13/272 1298/16/273 1248/15/273 1249/14/272
f 1206/3/262 1210/19/274 1333/18/429 1331/17/430
f 1360/20/431 1286/8/267 1202/2/263 1328/21/278
f 1294/22/492 1256/25/492 1258/24/493 1293/23/493
f 1210/19/274 1214/27/281 1334/26/282 1333/18/429
f 1353/28/283 1355/31/284 1277/30/285 1273/29/286
f 1306/32/287 1307/35/494 1229/34/289 1230/33/434
f 1307/35/494 1290/37/290 1265/36/290 1229/34/289
f 1217/38/435 1236/41/292 1232/40/293 1213/39/436
f 1212/42/295 1216/45/296 1215/44/297 1211/43/437
f 1214/27/281 1218/48/299 1336/47/300 1334/46/282
f 1224/49/301 1220/51/302 1309/50/206
f 1294/22/492 1295/53/495 1255/52/495 1256/25/492
f 1211/43/437 1215/44/297 1214/27/281 1210/19/274
f 1338/54/304 1341/57/438 1231/56/306 1225/55/268
f 1263/58/307 1285/60/439 1289/59/440 1265/36/310
f 1295/53/495 1296/62/496 1251/61/496 1255/52/495
f 1301/63/312 1300/66/313 1299/65/314 1308/64/44
f 1251/61/316 1264/68/497 1269/67/318 1255/52/319
f 1215/44/297 1219/69/441 1218/48/299 1214/27/281
f 1350/70/442 1353/72/283 1273/29/286 1269/71/318
f 1332/73/322 1335/76/443 1217/75/435 1213/74/436
f 1216/45/296 1220/77/302 1219/69/441 1215/44/297
f 1218/48/299 1222/79/324 1339/78/325 1336/47/300
f 1250/80/326 1257/81/327 1249/14/328 1248/15/329
f 1308/64/44 1303/83/330 1302/82/331 1301/63/312
f 1254/84/332 1247/85/333 1309/50/206
f 1299/65/314 1298/16/334 1297/13/444 1308/64/44
f 1221/10/428 1237/11/270 1236/41/292 1217/38/435
f 1341/86/438 1342/88/336 1238/87/445 1231/56/306
f 1298/16/273 1299/65/338 1246/89/338 1248/15/273
f 1246/89/339 1245/90/446 1250/80/326 1248/15/329
f 1219/69/441 1223/91/447 1222/79/324 1218/48/299
f 1348/92/342 1350/70/442 1269/71/318 1264/93/497
f 1300/66/343 1301/63/344 1243/95/344 1244/94/343
f 1209/96/448 1230/33/346 1229/34/347 1205/97/348
f 1220/77/302 1224/98/301 1223/91/447 1219/69/441
f 1222/79/324 1226/100/349 1340/99/350 1339/78/325
f 1282/101/351 1286/8/267 1360/103/431 1359/102/449
f 1305/104/498 1304/105/354 1303/83/330 1308/64/44
f 1335/76/443 1337/107/355 1221/106/428 1217/75/435
f 1249/14/328 1257/81/327 1264/68/497 1251/61/316
f 1301/63/344 1302/82/356 1239/12/356 1243/95/344
f 1307/35/499 1306/32/358 1305/104/498 1308/64/44
f 1223/91/447 1227/108/481 1226/100/349 1222/79/324
f 1346/109/360 1348/111/342 1264/93/497 1257/110/327
f 1256/25/361 1273/113/286 1277/112/285 1258/24/362
f 1224/98/301 1228/114/363 1227/108/481 1223/91/447
f 1226/100/349 1233/117/364 1343/116/453 1340/115/350
f 1293/23/366 1292/119/367 1291/118/368 1308/64/44
f 1303/83/369 1304/105/370 1236/41/370 1237/11/369
f 1213/39/436 1232/40/293 1230/33/346 1209/96/448
f 1337/107/355 1338/54/304 1225/55/268 1221/106/428
f 1304/105/370 1305/104/500 1232/40/454 1236/41/370
f 1227/108/481 1234/120/455 1233/117/364 1226/100/349
f 1320/121/116 588/124/116 589/123/117 1319/122/117
f 1305/104/500 1306/32/287 1230/33/434 1232/40/454
f 1228/114/363 1235/125/374 1234/120/455 1227/108/481
f 1308/64/44 1297/13/444 1296/62/375 1295/53/376
f 1296/62/496 1297/13/272 1249/14/272 1251/61/496
f 1216/126/296 1212/127/295 1309/50/206
f 1342/88/336 1344/129/377 1245/128/446 1238/87/445
f 1314/130/122 614/133/122 615/132/123 1313/131/123
f 1302/82/356 1303/83/369 1237/11/369 1239/12/356
f 1235/125/374 1242/135/378 1241/134/456 1234/120/455
f 1313/131/123 615/132/123 616/137/126 1312/136/126
f 1258/24/362 1277/112/285 1281/139/380 1262/138/381
f 1317/140/129 600/143/129 612/142/130 1316/141/130
f 1233/117/364 1240/145/382 1345/144/458 1343/116/453
f 1268/146/384 1261/147/385 1309/50/206
f 1316/141/130 612/142/130 613/149/135 1315/148/135
f 1311/150/136 617/153/136 592/152/137 1310/151/137
f 1272/154/386 1268/146/384 1309/50/206
f 1234/120/455 1241/134/456 1240/145/382 1233/117/364
f 1253/155/387 1260/158/460 1259/157/389 1252/156/390
f 1312/136/126 616/137/126 617/153/136 1311/150/136
f 1261/147/385 1254/84/332 1309/50/206
f 1299/65/338 1300/66/343 1244/94/343 1246/89/338
f 1276/159/391 1272/154/386 1309/50/206
f 1323/160/144 585/163/144 586/162/145 1322/161/145
f 1358/164/392 1361/167/393 1289/166/440 1285/165/439
f 1238/168/445 1244/94/394 1243/95/395 1231/169/306
f 1254/170/332 1261/171/385 1260/158/460 1253/155/387
f 1260/158/460 1267/173/396 1266/172/397 1259/157/389
f 1325/174/152 581/177/152 582/176/153 1324/175/153
f 1283/178/462 1287/7/491 1286/8/267 1282/101/351
f 1252/156/390 1259/157/389 1349/180/463 1347/179/400
f 1280/181/401 1276/159/391 1309/50/206
f 1319/122/117 589/123/117 590/183/158 1318/182/158
f 1261/171/385 1268/184/384 1267/173/396 1260/158/460
f 1267/173/396 1271/186/465 1270/185/403 1266/172/397
f 1288/187/404 1284/188/405 1309/50/206
f 1259/157/389 1266/172/397 1351/189/406 1349/180/463
f 1356/190/466 1358/192/392 1285/165/439 1281/191/380
f 1326/193/165 584/194/165 581/177/152 1325/174/152
f 1268/184/384 1272/195/386 1271/186/465 1267/173/396
f 1284/188/405 1280/181/401 1309/50/206
f 1245/90/446 1246/89/339 1244/94/394 1238/168/445
f 1266/172/397 1270/185/403 1352/197/408 1351/196/406
f 1310/151/137 592/152/137 591/199/167 1327/198/167
f 1274/200/409 1278/203/410 1357/202/411 1354/201/412
f 1272/195/386 1276/205/391 1275/204/467 1271/186/465
f 1271/186/465 1275/204/467 1274/200/409 1270/185/403
f 1278/203/410 1282/101/351 1359/102/449 1357/202/411
f 1355/31/284 1356/190/466 1281/191/380 1277/30/285
f 1270/185/403 1274/200/409 1354/206/412 1352/197/408
f 1322/161/145 586/162/145 587/208/173 1321/207/173
f 1276/205/391 1280/210/401 1279/209/414 1275/204/467
f 1275/204/467 1279/209/414 1278/203/410 1274/200/409
f 1315/148/135 613/149/135 614/212/122 1314/211/122
f 1280/210/401 1284/213/405 1283/178/462 1279/209/414
f 1324/175/153 582/176/153 585/163/144 1323/160/144
f 1321/207/173 587/208/173 588/124/116 1320/121/116
f 1284/213/405 1288/214/404 1287/7/491 1283/178/462
f 1309/50/206 1204/215/264 1288/187/404
f 1318/182/158 590/183/158 600/143/129 1317/140/129
f 1279/209/414 1283/178/462 1282/101/351 1278/203/410
f 1327/198/167 591/199/167 584/194/165 1326/193/165
f 1329/216/415 1330/219/416 1209/218/448 1205/217/348
f 1208/220/265 1204/215/264 1309/50/206
f 1291/118/368 1290/37/417 1307/35/499 1308/64/44
f 1242/221/378 1235/222/374 1309/50/206
f 1262/138/381 1281/139/380 1285/60/439 1263/58/307
f 1255/52/319 1269/67/318 1273/113/286 1256/25/361
f 1235/222/374 1228/223/363 1309/50/206
f 1247/85/333 1242/221/378 1309/50/206
f 1228/223/363 1224/49/301 1309/50/206
f 1231/169/306 1243/95/395 1239/12/269 1225/9/268
f 1290/37/290 1291/118/501 1263/58/418 1265/36/290
f 1208/6/265 1212/42/295 1211/43/437 1207/4/426
f 1291/118/501 1292/119/419 1262/138/419 1263/58/418
f 1330/224/416 1332/225/322 1213/74/436 1209/218/448
f 1205/97/348 1229/34/347 1265/36/310 1289/59/440
f 1287/7/491 1288/214/404 1204/5/264 1203/1/425
f 1292/119/419 1293/23/493 1258/24/493 1262/138/419
f 1212/127/295 1208/220/265 1309/50/206
f 1207/4/426 1211/43/437 1210/19/274 1206/3/262
f 1289/166/440 1361/167/393 1329/216/415 1205/217/348
f 1220/51/302 1216/126/296 1309/50/206
f 1308/64/44 1295/53/376 1294/22/420 1293/23/366
f 1329/216/415 1328/21/278 1331/17/430 1330/219/416
f 1337/107/355 1336/47/300 1339/78/325 1338/54/304
f 1330/224/416 1331/17/430 1333/18/429 1332/225/322
f 1335/76/443 1334/46/282 1336/47/300 1337/107/355
f 1332/73/322 1333/18/429 1334/26/282 1335/76/443
f 1361/167/393 1360/20/431 1328/21/278 1329/216/415
f 1341/86/438 1340/115/350 1343/116/453 1342/88/336
f 1342/88/336 1343/116/453 1345/144/458 1344/129/377
f 1338/54/304 1339/78/325 1340/99/350 1341/57/438
f 1355/31/284 1354/201/412 1357/202/411 1356/190/466
f 1356/190/466 1357/202/411 1359/102/449 1358/192/392
f 1353/28/283 1352/197/408 1354/206/412 1355/31/284
f 1346/109/360 1347/179/400 1349/180/463 1348/111/342
f 1348/92/342 1349/180/463 1351/189/406 1350/70/442
f 1358/164/392 1359/102/449 1360/103/431 1361/167/393
f 1350/70/442 1351/196/406 1352/197/408 1353/72/283
f 1202/2/263 1206/3/262 1331/17/430 1328/21/278
f 1363/226/421 1362/229/422 1240/228/382 1241/227/456
f 1247/230/333 1363/226/421 1241/227/456 1242/231/378
f 1253/232/387 1252/233/390 1362/229/422 1363/226/421
f 1347/234/400 1364/235/470 1362/229/422 1252/233/390
f 1365/236/424 1250/239/326 1245/238/446 1344/237/377
f 1253/232/387 1363/226/421 1247/230/333 1254/240/332
f 1257/241/327 1250/239/326 1365/236/424 1346/242/360
f 1365/236/424 1344/237/377 1345/243/458 1364/235/470
f 1346/242/360 1365/236/424 1364/235/470 1347/234/400
f 1362/229/422 1364/235/470 1345/243/458 1240/228/382
f 1367/1/425 1371/4/426 1370/3/262 1366/2/263
f 1368/5/264 1372/6/265 1371/4/426 1367/1/425
f 1433/7/427 1367/1/425 1366/2/263 1432/8/267
f 1370/3/262 1374/19/274 1442/18/429 1440/17/430
f 1469/20/431 1432/8/267 1366/2/263 1437/21/278
f 1374/19/274 1378/27/281 1443/26/282 1442/18/429
f 1462/28/283 1464/31/284 1423/30/471 1419/29/472
f 1376/42/295 1380/45/296 1379/44/297 1375/43/437
f 1378/27/281 1382/48/299 1445/47/300 1443/46/282
f 1388/49/301 1384/51/302 1436/50/206
f 1375/43/437 1379/44/297 1378/27/281 1374/19/274
f 1447/54/304 1450/57/438 1393/56/473 1389/55/474
f 1379/44/297 1383/69/441 1382/48/299 1378/27/281
f 1459/70/442 1462/72/283 1419/29/472 1415/71/475
f 1441/73/322 1444/76/443 1381/75/476 1377/74/477
f 1380/45/296 1384/77/302 1383/69/441 1379/44/297
f 1382/48/299 1386/79/324 1448/78/325 1445/47/300
f 1406/84/332 1402/85/333 1436/50/206
f 1450/86/438 1451/88/336 1397/87/478 1393/56/473
f 1383/69/441 1387/91/447 1386/79/324 1382/48/299
f 1457/92/342 1459/70/442 1415/71/475 1411/93/479
f 1384/77/302 1388/98/301 1387/91/447 1383/69/441
f 1386/79/324 1390/100/349 1449/99/350 1448/78/325
f 1428/101/351 1432/8/267 1469/103/431 1468/102/449
f 1444/76/443 1446/107/355 1385/106/480 1381/75/476
f 1387/91/447 1391/108/481 1390/100/349 1386/79/324
f 1455/109/360 1457/111/342 1411/93/479 1407/110/482
f 1388/98/301 1392/114/363 1391/108/481 1387/91/447
f 1390/100/349 1394/117/364 1452/116/453 1449/115/350
f 1446/107/355 1447/54/304 1389/55/474 1385/106/480
f 1391/108/481 1395/120/455 1394/117/364 1390/100/349
f 1392/114/363 1396/125/374 1395/120/455 1391/108/481
f 1380/126/296 1376/127/295 1436/50/206
f 1451/88/336 1453/129/377 1401/128/484 1397/87/478
f 1396/125/374 1400/135/378 1399/134/456 1395/120/455
f 1394/117/364 1398/145/382 1454/144/458 1452/116/453
f 1414/146/384 1410/147/385 1436/50/206
f 1418/154/386 1414/146/384 1436/50/206
f 1395/120/455 1399/134/456 1398/145/382 1394/117/364
f 1405/155/387 1409/158/460 1408/157/389 1404/156/390
f 1410/147/385 1406/84/332 1436/50/206
f 1422/159/391 1418/154/386 1436/50/206
f 1467/164/392 1470/167/393 1435/166/485 1431/165/486
f 1406/170/332 1410/171/385 1409/158/460 1405/155/387
f 1409/158/460 1413/173/396 1412/172/397 1408/157/389
f 1429/178/502 1433/7/427 1432/8/267 1428/101/351
f 1404/156/390 1408/157/389 1458/180/463 1456/179/400
f 1426/181/401 1422/159/391 1436/50/206
f 1410/171/385 1414/184/384 1413/173/396 1409/158/460
f 1413/173/396 1417/186/465 1416/185/403 1412/172/397
f 1434/187/404 1430/188/405 1436/50/206
f 1408/157/389 1412/172/397 1460/189/406 1458/180/463
f 1465/190/466 1467/192/392 1431/165/486 1427/191/487
f 1414/184/384 1418/195/386 1417/186/465 1413/173/396
f 1430/188/405 1426/181/401 1436/50/206
f 1412/172/397 1416/185/403 1461/197/408 1460/196/406
f 1420/200/409 1424/203/410 1466/202/411 1463/201/412
f 1418/195/386 1422/205/391 1421/204/467 1417/186/465
f 1417/186/465 1421/204/467 1420/200/409 1416/185/403
f 1424/203/410 1428/101/351 1468/102/449 1466/202/411
f 1464/31/284 1465/190/466 1427/191/487 1423/30/471
f 1416/185/403 1420/200/409 1463/206/412 1461/197/408
f 1422/205/391 1426/210/401 1425/209/414 1421/204/467
f 1421/204/467 1425/209/414 1424/203/410 1420/200/409
f 1426/210/401 1430/213/405 1429/178/502 1425/209/414
f 1430/213/405 1434/214/404 1433/7/427 1429/178/502
f 1436/50/206 1368/215/264 1434/187/404
f 1425/209/414 1429/178/502 1428/101/351 1424/203/410
f 1438/216/415 1439/219/416 1373/218/488 1369/217/489
f 1372/220/265 1368/215/264 1436/50/206
f 1400/221/378 1396/222/374 1436/50/206
f 1396/222/374 1392/223/363 1436/50/206
f 1402/85/333 1400/221/378 1436/50/206
f 1392/223/363 1388/49/301 1436/50/206
f 1372/6/265 1376/42/295 1375/43/437 1371/4/426
f 1439/224/416 1441/225/322 1377/74/477 1373/218/488
f 1433/7/427 1434/214/404 1368/5/264 1367/1/425
f 1376/127/295 1372/220/265 1436/50/206
f 1371/4/426 1375/43/437 1374/19/274 1370/3/262
f 1435/166/485 1470/167/393 1438/216/415 1369/217/489
f 1384/51/302 1380/126/296 1436/50/206
f 1438/216/415 1437/21/278 1440/17/430 1439/219/416
f 1446/107/355 1445/47/300 1448/78/325 1447/54/304
f 1439/224/416 1440/17/430 1442/18/429 1441/225/322
f 1444/76/443 1443/46/282 1445/47/300 1446/107/355
f 1441/73/322 1442/18/429 1443/26/282 1444/76/443
f 1470/167/393 1469/20/431 1437/21/278 1438/216/415
f 1450/86/438 1449/115/350 1452/116/453 1451/88/336
f 1451/88/336 1452/116/453 1454/144/458 1453/129/377
f 1447/54/304 1448/78/325 1449/99/350 1450/57/438
f 1464/31/284 1463/201/412 1466/202/411 1465/190/466
f 1465/190/466 1466/202/411 1468/102/449 1467/192/392
f 1462/28/283 1461/197/408 1463/206/412 1464/31/284
f 1455/109/360 1456/179/400 1458/180/463 1457/111/342
f 1457/92/342 1458/180/463 1460/189/406 1459/70/442
f 1467/164/392 1468/102/449 1469/103/431 1470/167/393
f 1459/70/442 1460/196/406 1461/197/408 1462/72/283
f 1366/2/263 1370/3/262 1440/17/430 1437/21/278
f 1472/226/421 1471/229/422 1398/228/382 1399/227/456
f 1402/230/333 1472/226/421 1399/227/456 1400/231/378
f 1405/232/387 1404/233/390 1471/229/422 1472/226/421
f 1456/234/400 1473/235/470 1471/229/422 1404/233/390
f 1474/236/424 1403/239/490 1401/238/484 1453/237/377
f 1405/232/387 1472/226/421 1402/230/333 1406/240/332
f 1407/241/482 1403/239/490 1474/236/424 1455/242/360
f 1474/236/424 1453/237/377 1454/243/458 1473/235/470
f 1455/242/360 1474/236/424 1473/235/470 1456/234/400
f 1471/229/422 1473/235/470 1454/243/458 1398/228/382
o Truck
v 2.904829 1.081769 -0.051612
v 2.914484 1.117045 0.000000
v 2.881749 0.557834 -0.044171
v 2.884699 0.557834 0.000000
v 2.835446 0.557834 -0.644382
v 2.859632 1.054125 -0.565464
v 0.676272 0.213011 -0.893246
v -0.395553 2.857110 -0.934933
v -0.395553 2.701691 -1.016818
v 0.561170 2.395467 -0.990324
v 0.560778 2.541819 -0.934933
v -0.819020 2.702048 -1.016818
v -0.819020 2.857110 -0.934933
v 0.271211 2.552014 -0.990324
v 0.271211 2.696880 -0.934933
v 0.631609 2.316479 -0.989977
v 0.660177 2.463486 -0.934586
v 1.420795 1.976851 -0.995571
v 1.476679 2.179318 -0.934933
v 1.489868 1.885523 -0.995218
v 1.536008 2.074478 -0.876805
v 1.686653 1.460287 -0.988572
v 1.698028 1.583073 -0.875226
v 1.919148 1.400498 -0.766924
v 1.932551 1.541962 -0.666713
v 2.137929 1.349239 -0.749894
v 2.138827 1.487204 -0.661478
v 2.363955 1.283897 -0.736072
v 2.370204 1.421028 -0.638615
v 2.529176 1.223833 -0.720705
v 2.540597 1.359922 -0.612473
v 2.620386 1.182397 -0.705815
v 2.696298 1.291889 -0.599502
v 2.716367 0.213011 -0.898906
v 2.876876 1.255753 0.000000
v 2.869072 0.462335 -0.042720
v -3.150230 0.802305 -0.498421
v -0.860911 0.802305 -0.498421
v -3.150230 0.724612 -0.498421
v -0.860911 0.724612 -0.498421
v -0.819095 0.213011 -0.753998
v -0.819020 2.702048 -0.827413
v -0.819020 2.811759 -0.726645
v -0.819095 2.827760 0.000000
v -0.906223 2.811759 -0.726645
v -0.906223 2.702048 -0.827413
v -0.906223 0.213011 -0.753998
v -0.906223 2.827760 0.000000
v -0.906223 2.718049 0.000000
v -0.906223 0.213011 0.000000
v -0.395553 2.953310 0.000000
v 0.560778 2.604708 0.000000
v -0.819095 2.953310 0.000000
v 0.271211 2.759769 0.000000
v 0.660177 2.526376 0.000000
v 1.476679 2.242207 0.000000
v 1.543601 2.201571 -0.040687
v 1.705792 1.622396 -0.040687
v 1.919460 1.590089 0.000000
v 2.138825 1.547189 0.000000
v 2.372337 1.480513 0.000000
v 2.544614 1.419005 0.000000
v 2.696371 1.350261 0.000000
v 2.661615 0.462335 -0.963436
v 2.661615 0.213011 -0.963436
v 2.869072 0.209858 -0.042720
v 2.686603 0.547020 -0.970655
v 2.804944 1.206733 -0.556961
v -0.819020 0.608259 -0.873294
v 0.677030 0.608259 -0.895111
v -0.819020 0.213011 -0.893246
v -0.819020 0.223168 -0.954773
v 0.662485 0.223168 -0.954773
v 0.663267 0.591990 -0.954773
v -0.819020 0.591990 -0.954773
v 1.455386 0.571227 -1.007526
v -0.819020 0.647861 -0.996288
v 0.691879 0.647861 -1.003766
v -0.819020 2.218398 -1.027762
v -0.819020 0.633582 -0.759097
v -0.819020 0.223168 -0.755595
v -0.819020 0.617313 -0.755595
v -0.819020 0.678873 -0.827522
v -0.906223 0.680118 0.000000
v -0.906223 0.678873 -0.826211
v -0.906223 0.635452 0.000000
v -0.906223 0.632664 -0.754257
v -0.906223 0.618974 0.000000
v -0.906223 0.616308 -0.754246
v -0.906223 0.225087 0.000000
v -0.906223 0.224943 -0.754011
v 2.388589 0.213011 0.000000
v 1.520826 0.569029 0.000000
v 1.591545 0.683690 0.000000
v 1.921947 0.830447 0.000000
v 2.102310 0.807636 0.000000
v 2.225983 0.747771 0.000000
v 2.295834 0.681959 0.000000
v 2.366283 0.558183 0.000000
v 2.389501 0.213011 0.000000
v 2.394346 0.351930 0.000000
v 1.486624 0.713235 -1.000047
v 1.580582 0.813460 -0.999190
v 1.919671 0.916427 -0.998637
v 2.108594 0.896867 -0.998637
v 2.243399 0.839568 -0.999098
v 2.335588 0.771440 -0.998637
v 2.416468 0.553764 -1.007835
v 2.789188 1.106284 -0.668326
v 1.198508 2.052753 -0.995218
v 1.230315 2.271059 -0.934933
v 1.230320 2.333950 0.000000
v 1.350960 2.022752 -0.995458
v 1.402884 2.211321 -0.934933
v 1.402853 2.274222 0.000000
v 0.800765 2.180786 -0.990324
v 0.741501 2.206758 -0.990324
v 0.828837 2.334013 -0.934933
v 0.778258 2.349400 -0.934933
v 0.778282 2.412273 0.000000
v 0.828835 2.396903 0.000000
v 0.697593 2.232060 -0.989819
v 0.736650 2.370705 -0.936016
v 0.744598 2.440189 0.000000
v -0.906223 0.963838 -0.826374
v -0.819020 0.966827 -1.006767
v -0.819020 0.966827 -0.827522
v -0.819020 2.150274 -1.027762
v -0.906223 0.968668 0.000000
v 1.395102 2.250018 -0.920635
v 1.577679 2.083244 -0.920635
v 1.454051 2.302287 0.000000
v 1.642444 2.133098 0.000000
v 1.372482 2.237040 -0.921028
v 1.555059 2.070266 -0.921028
v 1.431431 2.289309 0.000000
v 1.619823 2.120120 0.000000
v 1.638532 2.118803 0.000000
v 1.572527 2.066377 -0.950347
v 1.372449 2.254658 -0.950347
v 1.432265 2.309654 0.000000
v 1.506165 2.180486 -0.936670
v 1.568022 2.231547 0.000000
v 1.483545 2.167508 -0.937062
v 1.494695 2.172883 -0.966381
v 2.819074 0.462335 -0.644382
v 2.872936 0.462335 0.000000
v 2.683936 0.631781 -0.888009
v 2.683936 0.233068 -0.880664
v 2.683936 0.230561 0.000000
v 2.683936 0.629270 0.000000
v -0.819020 0.312680 -1.010270
v -0.819020 0.535717 -1.010270
v 0.622324 0.312680 -1.010270
v 0.623107 0.535717 -1.010270
v -3.225776 0.724612 -0.252282
v -3.225776 0.753677 -0.252282
v -3.225776 0.724612 -0.498421
v -3.225776 0.753677 -0.498421
v -0.881479 0.802305 -0.252282
v -0.881479 0.724612 -0.252282
v -3.150230 0.802305 -0.252282
v -3.150230 0.724612 -0.252282
v -1.435679 0.787199 0.000000
v -1.332744 0.787199 0.000000
v -1.435679 0.787199 -0.437911
v -1.332744 0.787199 -0.437911
v -1.435752 0.778764 0.000000
v -1.435752 0.778764 -0.437744
v -1.332817 0.778764 0.000000
v -1.332817 0.778764 -0.437744
v -2.081890 0.767753 0.000000
v -1.978955 0.767753 0.000000
v -2.081890 0.767753 -0.437911
v -1.978955 0.767753 -0.437911
v -2.081963 0.759318 0.000000
v -2.081963 0.759318 -0.437744
v -1.979028 0.759318 0.000000
v -1.979028 0.759318 -0.437744
v -2.720698 0.921135 -0.093260
v -2.533062 0.897862 -0.069847
v -2.392666 0.880449 -0.081679
v -2.293972 0.868207 -0.054071
v -2.264915 0.864603 0.000000
v -2.090041 0.842913 0.000000
v -2.799533 0.930913 -0.123940
v -2.657327 0.913275 -0.197709
v -2.526523 0.897051 -0.197709
v -2.395719 0.880827 -0.197709
v -2.264915 0.864603 -0.197709
v -2.131137 0.848011 -0.186673
v -2.811364 0.932381 -0.172361
v -2.728982 0.922163 -0.307108
v -2.596073 0.905678 -0.359529
v -2.417035 0.883471 -0.378732
v -2.303048 0.869333 -0.346468
v -2.204534 0.857114 -0.280289
v -2.723112 0.900590 -0.081394
v -2.535477 0.877317 -0.057982
v -2.395081 0.859904 -0.069813
v -2.296387 0.833933 -0.042206
v -2.267330 0.833933 0.000000
v -2.092456 0.822369 0.000000
v -2.801947 0.910369 -0.112074
v -2.659741 0.892730 -0.185844
v -2.528938 0.876506 -0.185844
v -2.398134 0.833933 -0.185844
v -2.267330 0.833933 -0.185844
v -2.133552 0.827466 -0.174808
v -2.813779 0.911836 -0.160495
v -2.731397 0.901618 -0.295242
v -2.598488 0.885133 -0.347663
v -2.419450 0.862926 -0.366867
v -2.305462 0.848788 -0.334602
v -2.206949 0.836569 -0.268423
v -1.587184 0.522910 -0.597953
v -0.981559 0.522910 -0.597953
v -1.587184 0.454098 -0.585820
v -0.981559 0.454098 -0.585820
v -1.587184 0.393586 -0.550883
v -0.981559 0.393586 -0.550883
v -1.587184 0.348672 -0.497357
v -0.981559 0.348672 -0.497357
v -1.587184 0.324774 -0.431697
v -0.981559 0.324774 -0.431697
v -1.587184 0.324774 -0.361823
v -0.981559 0.324774 -0.361823
v -1.587184 0.348672 -0.296164
v -0.981559 0.348672 -0.296164
v -1.587184 0.393586 -0.242637
v -0.981559 0.393586 -0.242637
v -1.587184 0.454098 -0.207701
v -0.981559 0.454098 -0.207701
v -1.587184 0.522910 -0.195567
v -0.981559 0.522910 -0.195567
v -1.587184 0.591722 -0.207701
v -0.981559 0.591722 -0.207701
v -1.587184 0.652234 -0.242637
v -0.981559 0.652234 -0.242637
v -1.587184 0.697148 -0.296164
v -0.981559 0.697148 -0.296164
v -1.587184 0.721046 -0.361823
v -0.981559 0.721046 -0.361823
v -1.587184 0.721046 -0.431697
v -0.981559 0.721046 -0.431697
v -1.587184 0.697148 -0.497357
v -0.981559 0.697148 -0.497357
v -1.587184 0.652234 -0.550883
v -0.981559 0.652234 -0.550883
v -1.587184 0.591722 -0.585820
v -0.981559 0.591722 -0.585820
v -1.653338 0.522910 -0.567329
v -0.915405 0.522910 -0.567329
v -1.653338 0.464572 -0.557043
v -0.915405 0.464572 -0.557043
v -1.653338 0.413270 -0.527424
v -0.915405 0.413270 -0.527424
v -1.653338 0.375193 -0.482045
v -0.915405 0.375193 -0.482045
v -1.653338 0.354932 -0.426379
v -0.915405 0.354932 -0.426379
v -1.653338 0.354932 -0.367141
v -0.915405 0.354932 -0.367141
v -1.653338 0.375193 -0.311476
v -0.915405 0.375193 -0.311476
v -1.653338 0.413270 -0.266097
v -0.915405 0.413270 -0.266097
v -1.653338 0.464572 -0.236478
v -0.915405 0.464572 -0.236478
v -1.653338 0.522910 -0.226191
v -0.915405 0.522910 -0.226191
v -1.653338 0.581248 -0.236478
v -0.915405 0.581248 -0.236478
v -1.653338 0.632550 -0.266097
v -0.915405 0.632550 -0.266097
v -1.653338 0.670627 -0.311476
v -0.915405 0.670627 -0.311476
v -1.653338 0.690888 -0.367141
v -0.915405 0.690888 -0.367141
v -1.653338 0.690888 -0.426379
v -0.915405 0.690888 -0.426379
v -1.653338 0.670627 -0.482045
v -0.915405 0.670627 -0.482045
v -1.653338 0.632550 -0.527424
v -0.915405 0.632550 -0.527424
v -1.653338 0.581248 -0.557043
v -0.915405 0.581248 -0.557043
v -1.501349 0.522910 -0.610149
v -1.501349 0.449927 -0.597280
v -1.501349 0.385747 -0.560225
v -1.501349 0.338110 -0.503454
v -1.501349 0.312763 -0.433815
v -1.501349 0.312763 -0.359706
v -1.501349 0.338110 -0.290066
v -1.501349 0.385747 -0.233295
v -1.501349 0.449927 -0.196241
v -1.501349 0.522910 -0.183372
v -1.501349 0.595893 -0.196241
v -1.501349 0.660073 -0.233295
v -1.501349 0.707710 -0.290066
v -1.501349 0.733057 -0.359706
v -1.501349 0.733057 -0.433815
v -1.501349 0.707710 -0.503454
v -1.501349 0.660073 -0.560225
v -1.501349 0.595893 -0.597280
v -1.565528 0.522910 -0.610149
v -1.565528 0.449927 -0.597280
v -1.565528 0.385747 -0.560225
v -1.565528 0.338110 -0.503454
v -1.565528 0.312763 -0.433815
v -1.565528 0.312763 -0.359706
v -1.565528 0.338110 -0.290066
v -1.565528 0.385747 -0.233295
v -1.565528 0.449927 -0.196241
v -1.565528 0.522910 -0.183372
v -1.565528 0.595893 -0.196241
v -1.565528 0.660073 -0.233295
v -1.565528 0.707710 -0.290066
v -1.565528 0.733057 -0.359706
v -1.565528 0.733057 -0.433815
v -1.565528 0.707710 -0.503454
v -1.565528 0.660073 -0.560225
v -1.565528 0.595893 -0.597280
v -1.508345 0.465838 -0.553563
v -1.508345 0.522910 -0.563626
v -1.508345 0.415650 -0.524587
v -1.508345 0.378400 -0.480193
v -1.508345 0.358579 -0.425736
v -1.508345 0.358579 -0.367784
v -1.508345 0.378400 -0.313327
v -1.508345 0.415650 -0.268933
v -1.508345 0.465838 -0.239957
v -1.508345 0.522910 -0.229894
v -1.508345 0.579982 -0.239957
v -1.508345 0.630170 -0.268933
v -1.508345 0.667420 -0.313327
v -1.508345 0.687241 -0.367784
v -1.508345 0.687241 -0.425736
v -1.508345 0.667420 -0.480193
v -1.508345 0.630170 -0.524587
v -1.508345 0.579982 -0.553563
v -1.558532 0.465838 -0.553563
v -1.558532 0.522910 -0.563626
v -1.558532 0.415650 -0.524587
v -1.558532 0.378400 -0.480193
v -1.558532 0.358579 -0.425736
v -1.558532 0.358579 -0.367784
v -1.558532 0.378400 -0.313327
v -1.558532 0.415650 -0.268933
v -1.558532 0.465838 -0.239957
v -1.558532 0.522910 -0.229894
v -1.558532 0.579982 -0.239957
v -1.558532 0.630170 -0.268933
v -1.558532 0.667420 -0.313327
v -1.558532 0.687241 -0.367784
v -1.558532 0.687241 -0.425736
v -1.558532 0.667420 -0.480193
v -1.558532 0.630170 -0.524587
v -1.558532 0.579982 -0.553563
v -2.533987 0.812160 0.000000
v -2.332133 0.812160 0.000000
v -2.533987 0.812160 -0.437911
v -2.332133 0.812160 -0.437911
v -2.534060 0.803725 0.000000
v -2.534060 0.803725 -0.437744
v -2.332206 0.803725 0.000000
v -2.332206 0.803725 -0.437744
v -3.202311 0.091444 -0.595539
v -3.173372 0.657467 -0.595539
v -3.202311 0.091444 -1.013365
v -3.173372 0.657467 -1.013365
v -3.192343 0.088555 -0.595539
v -3.192343 0.088555 -1.013365
v -3.164541 0.640352 -0.595539
v -3.164541 0.640352 -1.013365
v -0.819020 2.702048 -0.922116
v -0.819020 2.834434 -0.830789
v -0.819095 2.890535 0.000000
v -0.819020 2.218398 -0.927642
v -0.819020 0.966827 -0.917144
v -0.819020 2.150274 -0.927642
v -0.819020 0.223168 -0.873294
v -0.819057 0.213011 -0.873294
v -0.994939 0.522910 -0.610149
v -0.994939 0.449927 -0.597280
v -0.994939 0.385747 -0.560225
v -0.994939 0.338110 -0.503454
v -0.994939 0.312763 -0.433815
v -0.994939 0.312763 -0.359706
v -0.994939 0.338110 -0.290066
v -0.994939 0.385747 -0.233295
v -0.994939 0.449927 -0.196241
v -0.994939 0.522910 -0.183372
v -0.994939 0.595893 -0.196241
v -0.994939 0.660073 -0.233295
v -0.994939 0.707710 -0.290066
v -0.994939 0.733057 -0.359706
v -0.994939 0.733057 -0.433815
v -0.994939 0.707710 -0.503454
v -0.994939 0.660073 -0.560225
v -0.994939 0.595893 -0.597280
v -1.059118 0.522910 -0.610149
v -1.059118 0.449927 -0.597280
v -1.059118 0.385747 -0.560225
v -1.059118 0.338110 -0.503454
v -1.059118 0.312763 -0.433815
v -1.059118 0.312763 -0.359706
v -1.059118 0.338110 -0.290066
v -1.059118 0.385747 -0.233295
v -1.059118 0.449927 -0.196241
v -1.059118 0.522910 -0.183372
v -1.059118 0.595893 -0.196241
v -1.059118 0.660073 -0.233295
v -1.059118 0.707710 -0.290066
v -1.059118 0.733057 -0.359706
v -1.059118 0.733057 -0.433815
v -1.059118 0.707710 -0.503454
v -1.059118 0.660073 -0.560225
v -1.059118 0.595893 -0.597280
v -1.001935 0.465838 -0.553563
v -1.001935 0.522910 -0.563626
v -1.001935 0.415650 -0.524587
v -1.001935 0.378400 -0.480193
v -1.001935 0.358579 -0.425736
v -1.001935 0.358579 -0.367784
v -1.001935 0.378400 -0.313327
v -1.001935 0.415650 -0.268933
v -1.001935 0.465838 -0.239957
v -1.001935 0.522910 -0.229894
v -1.001935 0.579982 -0.239957
v -1.001935 0.630170 -0.268933
v -1.001935 0.667420 -0.313327
v -1.001935 0.687241 -0.367784
v -1.001935 0.687241 -0.425736
v -1.001935 0.667420 -0.480193
v -1.001935 0.630170 -0.524587
v -1.001935 0.579982 -0.553563
v -1.052122 0.465838 -0.553563
v -1.052122 0.522910 -0.563626
v -1.052122 0.415650 -0.524587
v -1.052122 0.378400 -0.480193
v -1.052122 0.358579 -0.425736
v -1.052122 0.358579 -0.367784
v -1.052122 0.378400 -0.313327
v -1.052122 0.415650 -0.268933
v -1.052122 0.465838 -0.239957
v -1.052122 0.522910 -0.229894
v -1.052122 0.579982 -0.239957
v -1.052122 0.630170 -0.268933
v -1.052122 0.667420 -0.313327
v -1.052122 0.687241 -0.367784
v -1.052122 0.687241 -0.425736
v -1.052122 0.667420 -0.480193
v -1.052122 0.630170 -0.524587
v -1.052122 0.579982 -0.553563
v -2.990854 0.820945 -0.595539
v -2.990854 0.820945 -1.013365
v -2.985664 0.802922 -0.595539
v -2.985664 0.802922 -1.013365
v -2.337434 0.820895 -0.595539
v -2.337434 0.820895 -1.013365
v -2.337434 0.802873 -0.595539
v -2.337434 0.802873 -1.013365
v -1.472558 0.091444 -0.595539
v -1.501497 0.657467 -0.595539
v -1.472558 0.091444 -1.013365
v -1.501497 0.657467 -1.013365
v -1.482526 0.088555 -0.595539
v -1.482526 0.088555 -1.013365
v -1.510327 0.640352 -0.595539
v -1.510327 0.640352 -1.013365
v -1.684015 0.820945 -0.595539
v -1.684015 0.820945 -1.013365
v -1.689204 0.802922 -0.595539
v -1.689204 0.802922 -1.013365
v 1.531273 1.890379 -1.229531
v 1.513479 1.863602 -1.235017
v 1.536189 1.863602 -1.051043
v 1.554535 1.890379 -1.056043
v 1.581832 1.890379 -1.229531
v 1.596741 1.872502 -1.247408
v 1.613849 1.890379 -1.054173
v 1.635412 1.872502 -1.035607
v 1.513479 1.419464 -1.235017
v 1.531273 1.392687 -1.229531
v 1.554535 1.392687 -1.056043
v 1.536189 1.419464 -1.051043
v 1.596741 1.410564 -1.247408
v 1.581832 1.392687 -1.229531
v 1.635412 1.410564 -1.035607
v 1.613849 1.392687 -1.054173
v 1.510839 1.872502 -1.247408
v 1.538829 1.872502 -1.038652
v 1.538829 1.410564 -1.038652
v 1.510839 1.410564 -1.247408
v 1.603326 1.553106 -1.086553
v 1.603326 1.476774 -1.086553
v 1.554435 1.553106 -1.088663
v 1.554435 1.476774 -1.088663
v 1.554435 1.553106 -0.971088
v 1.603326 1.553106 -0.968978
v 1.603326 1.476774 -0.968978
v 1.554435 1.476774 -0.971088
v 2.880438 0.195457 -0.218199
v 2.880438 0.195457 0.000000
v 2.880438 0.341974 -0.216357
v 2.880438 0.341670 0.000000
v 2.716367 0.462335 -0.898906
v 2.587969 0.462335 -0.994523
v 2.725052 1.138679 -0.693453
v 2.834563 1.081688 -0.640401
v 2.853678 1.151673 -0.521279
v 2.751962 1.252918 -0.575957
v 2.813075 1.290280 0.000000
v 2.907286 1.193622 0.000000
v 2.872936 0.213011 0.000000
v 2.819074 0.213011 -0.644382
v 2.615193 0.555871 -1.003497
v 2.735916 0.551410 -0.894369
v -0.395553 2.804704 -1.004118
v 0.271211 2.649751 -0.990871
v 0.560974 2.493947 -0.990871
v -0.819020 2.804883 -1.004118
v 0.645893 2.415287 -0.990525
v 1.466982 2.114962 -0.990871
v 1.521830 2.010772 -0.949565
v 1.696484 1.568911 -0.879158
v 1.932346 1.507799 -0.713212
v 2.138571 1.456724 -0.719631
v 2.367438 1.391147 -0.696129
v 2.535694 1.330520 -0.670000
v 2.688492 1.263336 -0.651895
v 2.795733 1.183626 -0.610583
v -0.819020 2.782207 -0.805272
v -0.906223 2.782207 -0.805272
v -0.906223 2.772904 0.000000
v 1.225479 2.213488 -0.990871
v 1.391897 2.159362 -0.990871
v 0.814801 2.282703 -0.990871
v 0.759879 2.303383 -0.990871
v 0.717187 2.327173 -0.991261
v -0.819020 2.793545 -0.904695
v 2.838844 1.132518 -0.573842
v 2.740468 1.230618 -0.638083
v 1.537620 0.569860 -0.934593
v 1.540397 0.574407 -1.007526
v 1.598924 0.685898 -0.934561
v 1.604359 0.697973 -1.002820
v 1.922393 0.833239 -0.934517
v 1.924832 0.848501 -0.999698
v 2.102505 0.810395 -0.934531
v 2.103567 0.825484 -0.999727
v 2.226478 0.750404 -0.934995
v 2.229182 0.764797 -1.000208
v 2.296848 0.684241 -0.934538
v 2.302392 0.696720 -0.999775
v 2.370657 0.485900 -0.960415
v 2.372019 0.462335 -0.999801
v 2.372019 0.213011 -0.999801
v 2.376169 0.213011 -0.959204
v 2.376690 0.230361 -0.952502
v 2.587969 0.213011 -0.994523
v 2.718183 0.874183 -0.947328
v 1.515457 1.683247 -0.998498
v 1.621284 1.138242 -0.998658
v 1.497401 1.495640 -0.996249
v 0.750648 1.511621 -0.996249
v 1.440424 1.348296 -0.996249
v 0.787886 1.967819 -0.996249
v 1.310760 1.946616 -0.998202
v 0.782989 0.640334 -1.003766
v 0.736201 0.771133 -1.010628
v 1.218601 0.640334 -1.003766
v 2.673388 0.900299 -0.969613
v 1.267901 1.363577 -0.996249
v 1.353275 1.151175 -1.015930
v 1.182592 1.953963 -0.996249
v 1.606025 0.978508 -0.999107
v 0.719544 0.770049 -1.010628
v 1.546502 1.751762 -0.993754
v 1.620478 1.283939 -0.997468
v 0.888035 0.640334 -1.003766
v 0.780511 1.994019 -1.001098
v 0.749885 1.630338 -0.996249
v 0.768460 0.829442 -1.010628
v 0.737133 0.751768 -1.010628
v 1.312153 0.640334 -1.015439
v 2.737137 0.886950 -0.925320
v 1.468383 1.614930 -0.996249
v 1.492698 1.144331 -1.012860
v 1.318043 1.283990 -1.006163
v 1.359535 1.010923 -1.010373
v 1.287826 0.709976 -1.006714
v 0.807665 0.738209 -1.010628
v 0.720477 0.750683 -1.010628
v 0.717118 0.822003 -1.010628
v 1.475668 1.283990 -1.006796
v 1.500236 1.008465 -1.009154
v 1.369760 0.705342 -1.006663
v 2.581374 0.950249 -1.000107
v 0.860101 0.820467 -1.010628
v 0.858639 0.744511 -1.010628
v 1.086101 0.640334 -1.003766
v 1.146228 0.640334 -1.003766
v 2.407686 1.029478 -1.000858
v 2.317423 1.070061 -0.996603
v 1.152610 1.379449 -1.002914
v 1.202543 1.372575 -1.002914
v 1.192139 1.159157 -1.015930
v 1.242272 1.157025 -1.015930
v 1.124714 1.956115 -1.002914
v 1.058391 1.950078 -1.001729
v 1.138483 0.705903 -1.006714
v 1.191707 0.707301 -1.006714
v 1.196949 1.013649 -1.010373
v 1.247628 1.012942 -1.010373
v 1.175501 1.283990 -1.007423
v 1.225478 1.283990 -1.007423
v 1.055227 2.003300 -1.001782
v 1.203573 1.507143 -1.002914
v 1.153706 1.507628 -1.002914
v 1.140067 1.625361 -1.002914
v 1.189840 1.624902 -1.002914
v 0.597772 0.223168 -0.954773
v 2.838966 0.646802 -0.528744
v 2.123961 1.141655 -0.996603
v 1.577471 1.419183 -0.997511
v 0.691879 1.474387 -1.006714
v 0.691879 1.179987 -1.015930
v 0.835512 0.640334 -1.003766
v 0.849844 1.173708 -1.015930
v 0.751391 0.820467 -1.010628
v 1.184556 1.984651 -0.997765
v 1.365282 0.883919 -1.006714
v 0.765592 1.945339 -0.996249
v 1.349545 1.928770 -0.997205
v 2.842586 0.784035 -0.643532
v 0.727679 0.774602 -1.010628
v 0.775734 1.176859 -1.015930
v 0.936640 1.170018 -1.015931
v 0.961517 1.962482 -0.996249
v 0.740116 0.761675 -1.010628
v 1.368697 0.606441 -1.010964
v 1.919293 1.173265 -0.996603
v 1.487052 1.634749 -0.998888
v 1.538172 1.143661 -1.007959
v 0.749122 1.830892 -0.996249
v 1.328770 0.745863 -1.006714
v 1.412603 1.812741 -0.996249
v 0.828530 1.975995 -1.001098
v 0.937856 1.975951 -1.000605
v 0.822778 1.283990 -1.006181
v 0.923674 1.283990 -1.006163
v 1.469100 1.360100 -0.996249
v 1.568035 1.500613 -0.997820
v 1.488768 1.438556 -0.996249
v 0.790292 0.829560 -1.010628
v 0.843032 0.829442 -1.010628
v 0.775942 0.738593 -1.010628
v 0.766458 1.468987 -0.996249
v 0.716561 0.760142 -1.010628
v 0.691879 0.721167 -1.006714
v 0.728998 0.747215 -1.010628
v 0.709037 0.811089 -1.010628
v 0.691879 0.847907 -1.006714
v 0.731246 0.828765 -1.010628
v 0.691879 1.628270 -1.006714
v 0.739658 1.629147 -1.001481
v 0.691879 1.283990 -1.008392
v 0.762713 1.283990 -1.007295
v 0.689205 2.016150 -1.002441
v 0.746550 2.013143 -1.001277
v 1.526268 1.283979 -1.004767
v 1.507014 0.884972 -1.006714
v 1.545707 1.006836 -1.006219
v 1.415946 0.749227 -1.006663
v 1.406682 0.707022 -1.005258
v 0.827378 1.966319 -0.996249
v 1.040079 1.394941 -0.996249
v 1.516727 1.522626 -0.998991
v 1.321381 1.971675 -0.999039
v 1.522770 1.316895 -1.001765
v 0.953168 0.640334 -1.003766
v 0.890770 1.421563 -0.996249
v 1.038106 1.165705 -1.015931
v 1.039445 1.283990 -1.006163
v 0.978353 0.904807 -1.006714
v 0.955564 0.715947 -1.006714
v 0.868170 0.760284 -1.010628
v 0.868621 0.805013 -1.010628
v 1.224106 0.743015 -1.006714
v 1.171669 0.741594 -1.006714
v 1.252590 0.882690 -1.006714
v 1.201387 0.882128 -1.006714
v 1.118240 1.988040 -1.001641
v 1.206224 1.388158 -1.002914
v 1.156227 1.393850 -1.002914
v 1.073703 1.933308 -1.002914
v 1.125716 1.932903 -1.002914
v 1.206762 1.455442 -1.002914
v 1.156798 1.457939 -1.002914
v 1.100501 1.825505 -1.002914
v 1.150374 1.824721 -1.002914
v 1.022320 1.990018 -1.001851
v 1.090423 0.705171 -1.006714
v 1.032887 0.640334 -1.003766
v 1.140995 1.014434 -1.010373
v 2.874102 1.056697 -0.493108
v 1.119930 1.383948 -0.999582
v 1.129217 1.283990 -1.006793
v 1.136637 1.161516 -1.015930
v 1.038574 1.960058 -0.999582
v 1.371987 1.944236 -0.998540
v 1.513403 1.467099 -0.998888
v 1.447529 0.742757 -1.004639
v 1.439693 1.835822 -0.997765
v 0.691879 2.002064 -1.006667
v 0.745323 1.945852 -1.001481
v 0.691879 1.945594 -1.006667
v 0.691879 1.819531 -1.006714
v 0.691879 0.822313 -1.006714
v 0.691879 0.751545 -1.006714
v 1.119337 0.740169 -1.006714
v 0.969281 0.748627 -1.006714
v 0.980675 0.843515 -1.006714
v 1.145041 0.881514 -1.006714
v 0.729152 0.818552 -1.010628
v 0.736484 1.824904 -1.001481
v 0.749063 1.998745 -1.003845
v 1.504816 1.384549 -0.998963
v 1.553385 0.881808 -1.004986
v 0.752816 0.739137 -1.010628
v 0.740530 0.782455 -1.010628
v 0.789469 0.823257 -1.010628
v 0.768069 0.823155 -1.010628
v 0.843422 0.823155 -1.010628
v 0.808472 0.743514 -1.010628
v 0.774875 0.744091 -1.010628
v 0.862855 0.761611 -1.010628
v 0.855047 0.749439 -1.010628
v 0.864005 0.803506 -1.010628
v 2.858655 0.939791 -0.593771
v 0.856764 0.815812 -1.010628
v 0.754728 0.815812 -1.010628
v 2.855487 0.860043 -0.614965
v 0.756091 0.747477 -1.010628
v 0.748637 0.761611 -1.010628
v 0.743322 0.760284 -1.010628
v 0.710065 0.756427 -1.010628
v 0.716253 0.745924 -1.010628
v 0.726132 0.739137 -1.010628
v 0.723222 0.773266 -1.010628
v 0.739472 0.756377 -1.010628
v 0.717710 0.754960 -1.010628
v 0.724441 0.747964 -1.010628
v 0.732237 0.773853 -1.010628
v 0.738967 0.766857 -1.010628
v 0.717205 0.765440 -1.010628
v 0.733455 0.748551 -1.010628
v 0.789469 0.823257 -0.995008
v 0.768069 0.823155 -0.995008
v 0.843422 0.823155 -0.995008
v 0.754728 0.815812 -0.995008
v 0.808472 0.743514 -0.995008
v 0.862855 0.761611 -0.995008
v 0.855047 0.749439 -0.995008
v 0.864005 0.803506 -0.995008
v 2.625055 0.755050 -0.993566
v 0.856764 0.815812 -0.995008
v 0.774875 0.744091 -0.995008
v 0.756091 0.747477 -0.995008
v 2.745377 0.787919 -0.900091
v 0.748637 0.761611 -0.995008
v 0.619438 1.183292 -1.009816
v 0.072782 1.186370 -1.007808
v 0.611797 0.812743 -1.010545
v 0.071126 0.824752 -1.010545
v 0.611797 0.740845 -1.010545
v 0.516171 1.183426 -1.009692
v 0.528207 0.816984 -1.010545
v 0.071126 0.736093 -1.010545
v 0.528207 0.736093 -1.010545
v 0.627290 0.647861 -1.010545
v 0.071126 0.647861 -1.010545
v 0.524295 0.647861 -1.010545
v 0.517074 1.928670 -1.005402
v 0.517397 1.801852 -1.005360
v 0.517384 1.273831 -1.005987
v 0.517104 1.994931 -1.005402
v 0.071126 0.889369 -1.010545
v 0.515822 2.024298 -1.004014
v 0.526251 0.885519 -1.010545
v 2.700330 0.743724 -0.963617
v 0.622596 0.705294 -1.010545
v 0.622596 0.885519 -1.010545
v 2.462801 0.757307 -0.997104
v 2.370829 0.853071 -0.997104
v 0.526251 0.705323 -1.010545
v 0.071126 0.705330 -1.010545
v 0.621797 1.616159 -1.005551
v 0.622403 1.478728 -1.005634
v 0.621026 1.995934 -1.005603
v 0.619886 1.698256 -1.005343
v 0.619876 2.023366 -1.003888
v 0.621133 1.931051 -1.005603
v 0.621749 1.804429 -1.005551
v 0.621797 1.275260 -1.006325
v 0.611797 0.812743 -1.002110
v 0.611797 0.740845 -1.002110
v 0.528207 0.816984 -1.002110
v 2.254322 0.915705 -0.997104
v 2.114029 0.978276 -0.997104
v 0.528207 0.736093 -1.002110
v -0.329317 1.185981 -1.008246
v -0.322030 0.736093 -1.010545
v -0.322030 0.824752 -1.010545
v -0.322030 0.647861 -1.010545
v -0.819020 1.214797 -1.011166
v -0.819020 0.791634 -1.000872
v -0.819020 0.850032 -1.002837
v -0.819020 0.733236 -0.998908
v -0.322030 0.705330 -1.010545
v 1.919491 1.037338 -0.997491
v -0.322030 0.889403 -1.010545
v 0.501491 0.591990 -0.954773
v -0.809797 1.218541 -0.860722
v 0.465017 0.312680 -1.010270
v 0.465714 0.535717 -1.010270
v 0.610957 0.213011 -0.893246
v 0.611681 0.608259 -0.895111
v 0.693064 0.589580 -0.944852
v 2.849288 0.845041 -0.593771
v -0.336461 2.028252 -1.004552
v -0.641353 1.595484 -1.003748
v 0.517384 1.614121 -1.005360
v -0.008698 1.584091 -1.003754
v -0.087409 2.028252 -1.004552
v 0.560114 0.535717 -1.010270
v -0.329195 1.267769 -1.004552
v -0.819020 1.280516 -1.012332
v -0.642564 1.710217 -1.003735
v -0.334287 1.918572 -1.004552
v -0.666585 1.790946 -1.004552
v -0.085789 1.918570 -1.004552
v -0.336902 1.990674 -1.004552
v -0.819020 1.928523 -1.023828
v 0.074361 1.694844 -1.004552
v -0.321735 1.822061 -1.003669
v -0.665993 1.504116 -1.004552
v 2.844234 0.921855 -0.650723
v 0.517875 1.479508 -1.005428
v 0.074323 2.028252 -1.004552
v -0.086511 1.990674 -1.004552
v 0.074361 1.605473 -1.004552
v 0.515838 1.697605 -1.005192
v 1.483895 1.776819 -0.998595
v 0.074361 1.384050 -1.004552
v 0.074636 1.790917 -1.004552
v -0.007446 1.699198 -1.003751
v 0.075552 1.918567 -1.004552
v 0.074361 1.482817 -1.004552
v 0.074361 1.267769 -1.004552
v -0.322632 1.473243 -1.003669
v 0.076164 1.990674 -1.004552
v -0.594460 1.817725 -1.003787
v -0.635115 1.796450 -1.003753
v -0.055854 1.477557 -1.003787
v -0.023383 1.494348 -1.003781
v -0.633907 1.498913 -1.003780
v -0.594466 1.478364 -1.003787
v -0.015134 1.796541 -1.003779
v -0.054803 1.816962 -1.003787
v -0.619823 2.395039 -1.015841
v -0.620669 2.279038 -1.015855
v -0.642610 2.274014 -1.018813
v 0.015441 2.284861 -1.011335
v -0.641849 2.398631 -1.018797
v -0.321758 2.515741 -1.015128
v -0.013683 2.348738 -1.011704
v -0.322655 2.166924 -1.015138
v -0.614688 2.480261 -1.015759
v -0.614498 2.203311 -1.015755
v -0.594464 2.511406 -1.018313
v -0.635117 2.490131 -1.018736
v -0.055892 2.171238 -1.012256
v -0.016424 2.191649 -1.011804
v -0.633908 2.192594 -1.018749
v -0.594470 2.172045 -1.018313
v -0.076016 2.420071 -1.012446
v -0.158547 2.456418 -1.013369
v -0.614582 2.480261 -1.025129
v -0.614393 2.203311 -1.025125
v -0.575511 2.500848 -1.024680
v -0.575518 2.182549 -1.024680
v -0.322738 2.181325 -1.021954
v -0.321915 2.501340 -1.021945
v -0.074620 2.181802 -1.019047
v -0.172067 2.444571 -1.020184
v -0.012560 2.289524 -1.018466
v -0.038470 2.347208 -1.018717
v -0.035707 2.202425 -1.018617
v -0.095563 2.411757 -1.019319
v 1.182586 1.953956 -0.992039
v 0.765586 1.945333 -0.992039
v 0.787880 1.967813 -0.992039
v 1.349540 1.928764 -0.992996
v 0.961511 1.962476 -0.992039
v 0.750642 1.511615 -0.992039
v 0.749117 1.830886 -0.992039
v 1.412597 1.812734 -0.992039
v 1.469094 1.360094 -0.992039
v 1.440418 1.348290 -0.992039
v 0.749879 1.630332 -0.992039
v 1.488762 1.438550 -0.992039
v 0.766452 1.468981 -0.992039
v 1.267895 1.363571 -0.992039
v 0.827372 1.966313 -0.992039
v 1.040073 1.394934 -0.992039
v 1.468377 1.614924 -0.992039
v 0.890764 1.421557 -0.992039
v 1.206218 1.388151 -0.998705
v 1.202537 1.372569 -0.998705
v 1.156222 1.393843 -0.998705
v 1.073697 1.933302 -0.998705
v 1.058385 1.950071 -0.997519
v 1.125710 1.932897 -0.998705
v 1.203568 1.507137 -0.998705
v 1.140061 1.625355 -0.998705
v 1.189834 1.624896 -0.998705
v 1.206756 1.455436 -0.998705
v 1.156793 1.457933 -0.998705
v 1.153700 1.507622 -0.998705
v 1.100495 1.825499 -0.998705
v 1.150368 1.824715 -0.998705
v 1.119924 1.383942 -0.995372
v 1.152604 1.379443 -0.998705
v 1.038568 1.960052 -0.995372
v 1.310755 1.946610 -0.993992
v 1.497395 1.495633 -0.992039
v 1.124708 1.956109 -0.998705
v 1.166131 0.573937 -0.951068
v 1.032887 0.573937 -0.951068
v 0.939864 0.573937 -0.951068
v 0.782989 0.573937 -1.000817
v 1.231264 0.573937 -0.951068
v 0.888035 0.573937 -1.000817
v 1.312153 0.573937 -1.007526
v 0.939864 0.573937 -1.000817
v 0.706491 0.573937 -1.000817
v 0.835512 0.573937 -1.000817
v 1.231264 0.573937 -1.000817
v 1.390326 0.288089 -1.007526
v 1.099509 0.573937 -1.000817
v 1.032887 0.573937 -1.000817
v 1.166131 0.573937 -1.000817
v 0.782989 0.460685 -1.030223
v 1.312153 0.573937 -0.950986
v 0.888035 0.460685 -1.030223
v 1.312153 0.460685 -1.007526
v 0.939864 0.460685 -1.030223
v 0.706491 0.472255 -1.000817
v 0.835512 0.460685 -1.030223
v 1.231264 0.460685 -1.030223
v 1.099509 0.460685 -1.030223
v 1.032887 0.460685 -1.030223
v 1.166131 0.460685 -1.030223
v 0.782989 0.396601 -1.030223
v 0.888035 0.573937 -0.951068
v 0.888035 0.396601 -1.030223
v 1.312153 0.396601 -1.007526
v 0.939864 0.396601 -1.030223
v 0.706491 0.396601 -1.000817
v 0.835512 0.396601 -1.030223
v 1.231264 0.396601 -1.030223
v 1.354410 0.396601 -1.007526
v 1.099509 0.396601 -1.030223
v 1.032887 0.396601 -1.030223
v 1.166131 0.396601 -1.030223
v 0.782989 0.288089 -1.030223
v 0.782989 0.573937 -0.951068
v 0.888035 0.288089 -1.030223
v 1.312153 0.288089 -1.007526
v 0.939864 0.288089 -1.030223
v 0.706491 0.327416 -1.000817
v 0.835512 0.288089 -1.030223
v 1.231264 0.288089 -1.030223
v 1.354410 0.460685 -1.007526
v 1.099509 0.288089 -1.030223
v 1.032887 0.288089 -1.030223
v 1.166131 0.288089 -1.030223
v 0.835512 0.573937 -0.951068
v 0.888035 0.213011 -1.036625
v 1.312153 0.213011 -1.007526
v 0.706491 0.213011 -1.000817
v 1.099509 0.213011 -1.036625
v 1.099509 0.573937 -0.951068
v 0.835512 0.460685 -0.980474
v 0.782989 0.460685 -0.980474
v 0.888035 0.460685 -0.980474
v 1.312153 0.460685 -0.980392
v 1.231264 0.460685 -0.980474
v 0.939864 0.460685 -0.980474
v 1.032887 0.460685 -0.980474
v 1.166131 0.460685 -0.980474
v 1.099509 0.460685 -0.980474
v 0.835512 0.396601 -0.951067
v 0.782989 0.396601 -0.951067
v 0.888035 0.396601 -0.951067
v 1.312153 0.396601 -0.950986
v 1.231264 0.396601 -0.951067
v 0.939864 0.396601 -0.951067
v 1.032887 0.396601 -0.951067
v 1.166131 0.396601 -0.951067
v 1.099509 0.396601 -0.951067
v 0.835512 0.288089 -0.980474
v 0.782989 0.288089 -0.980474
v 0.888035 0.288089 -0.980474
v 1.312153 0.288089 -0.980392
v 1.231264 0.288089 -0.980474
v 0.939864 0.288089 -0.980474
v 1.032887 0.288089 -0.980474
v 1.166131 0.288089 -0.980474
v 1.099509 0.288089 -0.980474
v 0.808472 0.782386 -1.005964
v 0.774875 0.782386 -1.005964
v 0.836617 0.782386 -1.005964
v 0.862855 0.782386 -1.005964
v 0.855047 0.782386 -1.005964
v 0.745648 0.782386 -1.005964
v 0.756091 0.782386 -1.005964
v 0.748637 0.782386 -1.005964
v 0.836617 0.782386 -0.990344
v 0.808472 0.782386 -0.990344
v 0.862855 0.782386 -0.990344
v 0.855047 0.782386 -0.990344
v 0.774875 0.782386 -0.990344
v 0.756091 0.782386 -0.990344
v 0.745648 0.782386 -0.990344
v 0.748637 0.782386 -0.990344
v 0.836617 0.732730 -1.005964
v 0.808472 0.732730 -1.005964
v 0.862855 0.732730 -1.005964
v 0.855047 0.732730 -1.005964
v 0.774875 0.732730 -1.005964
v 0.756091 0.732730 -1.005964
v 0.745648 0.732730 -1.005964
v 0.748637 0.732730 -1.005964
v 0.748637 0.732730 -0.990344
v 0.745648 0.732730 -0.990344
v 0.836617 0.732730 -0.990344
v 0.808472 0.732730 -0.990344
v 0.862855 0.732730 -0.990344
v 0.855047 0.732730 -0.990344
v 0.774875 0.732730 -0.990344
v 0.756091 0.732730 -0.990344
v 0.554588 0.815741 -1.006754
v 0.520992 0.815741 -1.006754
v 0.574663 0.807930 -1.006754
v 0.608971 0.798288 -1.006754
v 0.593796 0.801750 -1.006754
v 0.593796 0.744945 -0.991936
v 0.608971 0.748408 -0.991936
v 0.554588 0.730955 -0.991936
v 0.574663 0.738766 -0.991936
v 0.574663 0.738766 -1.006754
v 0.554588 0.730955 -1.006754
v 0.608971 0.748408 -1.006754
v 0.593796 0.744945 -1.006754
v 0.520992 0.730955 -1.006754
v 0.520992 0.815741 -0.991936
v 0.593796 0.801750 -0.991936
v 0.608971 0.798288 -0.991936
v 0.554588 0.815741 -0.991936
v 0.574663 0.807930 -0.991936
v 0.520992 0.730955 -0.991936
v 0.749568 1.713743 -0.996249
v 1.445185 1.697194 -0.996249
v 1.173427 1.708002 -1.002914
v 1.123613 1.708596 -1.002914
v 0.691879 1.707811 -1.006714
v 0.738338 1.710557 -1.001481
v 1.464291 1.715156 -0.998786
v 0.749562 1.713737 -0.992039
v 1.445180 1.697188 -0.992039
v 1.173421 1.707996 -0.998705
v 1.123607 1.708590 -0.998705
v 2.840109 0.769393 -0.596030
v 2.868022 1.013883 -0.569046
v 1.919114 1.289180 -0.919639
v 2.131223 1.251876 -0.919639
v 2.340545 1.183947 -0.919639
v 2.439491 1.143986 -0.924026
v 2.621518 1.070913 -0.927849
v 2.772831 0.962514 -0.847856
v 2.747734 1.015473 -0.896421
v 2.705582 1.033889 -0.909831
v 2.871720 1.097136 -0.490513
v -0.819031 2.814186 -0.616389
v -0.906223 0.213011 -0.639591
v -0.906223 2.704476 -0.701868
v -0.906223 2.814186 -0.616389
v 2.810743 1.227141 -0.474892
v 1.543601 2.122707 -0.734840
v 1.705956 1.591189 -0.712760
v -0.395553 2.910415 -0.723071
v 0.271211 2.745131 -0.723071
v 0.560778 2.590069 -0.723071
v 1.919648 1.555614 -0.537481
v -0.819031 2.910415 -0.723071
v 2.139041 1.512714 -0.537481
v 0.660177 2.511737 -0.722724
v 2.372520 1.446038 -0.515449
v 2.544700 1.384530 -0.489320
v 2.696371 1.315786 -0.466800
v 1.476679 2.188860 -0.793073
v -0.906223 0.677503 -0.700848
v -0.906223 0.633087 -0.639811
v -0.906223 0.616712 -0.639802
v -0.906223 0.224965 -0.639603
v 1.230316 2.285311 -0.723052
v 1.402879 2.220865 -0.793073
v 0.828836 2.382264 -0.723071
v 0.778262 2.397648 -0.723071
v 0.736652 2.418954 -0.723990
v -0.906223 0.964571 -0.700986
v -0.819031 2.842947 -0.704731
v 2.755151 1.272535 -0.468906
v 2.865786 1.161488 -0.446254
v -0.906223 2.780796 -0.683086
v 2.841505 0.557834 -0.573230
v 2.833797 0.646802 -0.580761
v -0.819063 2.820240 -0.341404
v -0.906223 2.711263 -0.350934
v -0.906223 2.820240 -0.341404
v 2.852561 1.245233 -0.197137
v 1.705874 1.606792 -0.356380
v 0.271211 2.772925 -0.396536
v 0.560778 2.617864 -0.396536
v 1.919554 1.572852 -0.268740
v 2.138933 1.529952 -0.268740
v 0.660177 2.539531 -0.396190
v 2.372429 1.463275 -0.270531
v 2.544657 1.401767 -0.270531
v 2.696371 1.333024 -0.270531
v 1.476679 2.215533 -0.396536
v 2.834080 0.209858 -0.451440
v -0.906223 0.678810 -0.350424
v -0.906223 0.634269 -0.319906
v -0.906223 0.617843 -0.319901
v -0.906223 0.225026 -0.319801
v 1.230318 2.307276 -0.396536
v 1.402866 2.247543 -0.396536
v 0.828836 2.394728 -0.396536
v -0.906223 0.966620 -0.350493
v 2.834080 0.462335 -0.451440
v 2.903254 1.190500 -0.052561
v -0.906223 2.776850 -0.341543
v 2.875816 0.705547 0.000000
v 2.873299 0.643743 -0.044311
v 2.908088 1.084429 0.000000
v 2.910614 1.113887 -0.052561
v -0.906223 0.213011 -0.319796
v 1.543601 2.162139 -0.367420
v -0.395553 2.952338 -0.396536
v -0.819063 2.952338 -0.396536
v 0.778272 2.410105 -0.396536
v 0.736657 2.446746 -0.396996
v -0.819063 2.866740 -0.352365
v 2.786139 1.281952 -0.239298
v -0.819020 0.715324 -0.900619
v -0.906223 0.856282 -0.826313
v -0.906223 0.860457 0.000000
v -0.819020 0.832358 -0.908882
v -0.819020 0.859528 -0.827522
v -0.906223 0.856916 -0.700934
v -0.906223 0.858686 -0.350467
v -0.819020 0.782559 -0.904750
v -0.819020 1.214797 -0.919344
v -0.906223 1.938548 0.000000
v -0.906223 1.927844 -0.826921
v -0.819020 1.928523 -0.925675
v -0.819020 1.928523 -0.827522
v -0.906223 1.929468 -0.701450
v -0.906223 1.934008 -0.350725
v -0.819020 1.280516 -0.919927
v -0.330252 0.608259 -0.895111
v -0.335004 0.223168 -0.954773
v -0.334748 0.591990 -0.954773
v -0.330499 0.213011 -0.893246
v 0.559366 0.312680 -1.010270
v -0.348125 0.312680 -1.010270
v -0.347869 0.535717 -1.010270
v 0.078189 0.223168 -0.954773
v 0.078663 0.591990 -0.954773
v 0.053868 0.312680 -1.010270
v 0.054341 0.535717 -1.010270
v 0.086998 0.608259 -0.895111
v 0.086539 0.213011 -0.893246
v 0.598521 0.591990 -0.954773
v 0.500794 0.223168 -0.954773
v -0.819020 0.319440 -0.873294
v 0.513751 0.608259 -0.895111
v 0.513077 0.213011 -0.893246
v 0.692892 0.459129 -0.944427
v 0.676651 0.410308 -0.894179
v 0.676462 0.311332 -0.893713
v 0.559553 0.368440 -1.010270
v -0.819020 0.407579 -0.954773
v 0.662876 0.407579 -0.954773
v -0.819020 0.420240 -0.755595
v -0.906223 0.422030 0.000000
v -0.906223 0.420625 -0.754128
v -0.819020 0.424199 -1.010270
v 0.622715 0.424199 -1.010270
v -0.819020 0.415713 -0.873294
v 0.559740 0.424199 -1.010270
v -0.906223 0.420839 -0.639702
v -0.906223 0.421434 -0.319851
v -0.347997 0.424199 -1.010270
v 0.054105 0.424199 -1.010270
v 0.465365 0.424199 -1.010270
v -0.348061 0.368439 -1.010270
v 0.053986 0.368439 -1.010270
v 0.465191 0.368440 -1.010270
v -0.819020 0.315373 -0.954773
v 0.662681 0.315373 -0.954773
v -0.819020 0.321704 -0.755595
v -0.906223 0.323558 0.000000
v -0.906223 0.322784 -0.754070
v -0.819020 0.368439 -1.010270
v 0.622520 0.368440 -1.010270
v -0.906223 0.322902 -0.639652
v -0.906223 0.323230 -0.319826
v 1.455386 0.288089 -1.007526
v 1.529058 0.288089 -1.007526
v 1.537943 0.213011 -1.007526
v 1.528127 0.288089 -0.923722
v 1.537866 0.213011 -0.923899
v 1.528127 0.288089 0.000000
v 1.537012 0.213011 0.000000
v 1.603137 1.618001 -0.992290
v 1.651298 1.789269 -0.911312
v 1.658973 1.875526 -0.040687
v 1.636753 1.739047 -0.951486
v 1.604628 1.915195 -0.901598
v 1.613326 2.018145 -0.040687
v 1.588269 1.861818 -0.951817
v 1.641164 1.528188 -0.991307
v 1.682534 1.669792 -0.906392
v 1.694947 1.745827 -0.040687
v 1.671670 1.630229 -0.948792
v 1.557491 1.567484 -0.998401
v 1.079976 2.073706 -0.995441
v 1.147032 2.057678 -0.995723
v 1.154000 2.287603 -0.934933
v 1.086837 2.299377 -0.934933
v 1.153950 2.350505 0.000000
v 1.086856 2.362264 0.000000
v 1.087028 2.238014 -0.990871
v 1.154264 2.226401 -0.990871
v 1.086849 2.313628 -0.723052
v 1.153969 2.301863 -0.723052
v 1.086854 2.335591 -0.396536
v 1.153955 2.323829 -0.396536
v 1.553974 2.201571 -0.022808
v 1.716166 1.622396 -0.022808
v 1.669346 1.875526 -0.022808
v 1.623699 2.018145 -0.022808
v 1.705320 1.745827 -0.022808
v 1.558016 2.201571 0.000000
v 1.720207 1.622396 0.000000
v 1.673387 1.875526 0.000000
v 1.627741 2.018145 0.000000
v 1.709361 1.745827 0.000000
v 1.752926 1.427868 -0.857404
v 1.733083 1.560302 -0.819741
v 1.732035 0.780988 0.000000
v 1.705853 0.872230 -0.998703
v 1.758338 1.533442 -0.824079
v 1.738477 0.800249 -0.999693
v 1.733031 0.783966 -0.934477
v 1.730436 1.180607 -1.007956
v 1.731254 1.296529 -0.963018
v 1.721194 1.019822 -1.002398
v 1.737507 1.585936 -0.686881
v 1.737423 1.601781 -0.343441
v -0.819020 0.784495 -0.868042
v -0.819020 0.722107 -0.868042
v -0.795463 2.211185 -0.875316
v -0.795463 2.143060 -0.875316
v -0.809797 1.284260 -0.860722
v -0.906223 2.417441 -0.598583
v -0.906223 2.564454 -0.600944
v -0.906223 2.566815 -0.453931
v -0.906223 2.419802 -0.451570
v -0.906223 2.490459 -0.630211
v -0.906223 2.596082 -0.527927
v -0.906223 2.493798 -0.422303
v -0.906223 2.388175 -0.524588
v -0.943144 2.492128 -0.526257
v -0.906223 1.222186 -0.598583
v -0.906223 1.369199 -0.600944
v -0.906223 1.371560 -0.453931
v -0.906223 1.224547 -0.451570
v -0.906223 1.295204 -0.630211
v -0.906223 1.400827 -0.527927
v -0.906223 1.298543 -0.422303
v -0.906223 1.192919 -0.524588
v -0.943144 1.296873 -0.526257
v -2.623415 0.834366 0.000000
v -2.687017 0.797998 0.000000
v -2.687043 0.797377 -0.645055
v -2.623405 0.834565 -0.595915
v -2.659249 0.797358 -0.672830
v -2.188262 0.797998 0.000000
v -2.247368 0.834366 0.000000
v -2.188288 0.797377 -0.645055
v -2.216083 0.797358 -0.672830
v -2.247357 0.834564 -0.595915
v -2.685097 0.835258 0.000000
v -2.685071 0.835879 -0.645986
v -2.657276 0.835898 -0.673763
v -2.186342 0.835258 0.000000
v -2.186316 0.835879 -0.645986
v -2.214110 0.835898 -0.673763
v -3.115445 0.798691 -0.468990
v -3.115445 0.731456 -0.468990
v -0.898093 0.798691 -0.468990
v -0.898093 0.731456 -0.468990
v -3.188594 0.754587 -0.468990
v -3.188594 0.731456 -0.468990
v 0.676272 0.213011 0.000000
v -0.819020 0.213011 0.000000
v 0.610957 0.213011 0.000000
v 0.888035 0.213011 0.000000
v 1.312153 0.213011 0.000000
v 0.706491 0.213011 0.000000
v 1.456438 0.213011 -1.011307
v 1.099509 0.213011 0.000000
v 1.391379 0.213011 -1.011307
v -0.330499 0.213011 0.000000
v 0.086539 0.213011 0.000000
v 0.513077 0.213011 0.000000
v 1.229374 0.213011 -1.036625
v 1.164241 0.213011 -1.036625
v 0.938868 0.213011 -1.036625
v 1.031890 0.213011 -1.036625
v 0.835804 0.213011 -1.036625
v 0.783281 0.213011 -1.036625
v -3.188003 0.787629 -0.498421
v -3.188003 0.787629 -0.252282
v -3.188003 0.724612 -0.252282
v -3.188003 0.724612 -0.498421
v -3.152020 0.786277 -0.468990
v -3.152020 0.731456 -0.468990
v 2.893150 1.081769 -0.051612
v 2.862423 1.056697 -0.492665
v 2.822119 0.646802 -0.580761
v 2.828431 0.769393 -0.596030
v 2.827287 0.646802 -0.528744
v 2.861621 0.643743 -0.044311
v 2.856344 1.013883 -0.569046
v 2.846977 0.939791 -0.593771
v -3.079362 0.759125 -1.013365
v -3.117054 0.723395 -1.013365
v -3.117054 0.723395 -0.595539
v -3.079362 0.759125 -0.595539
v -3.086483 0.776662 -0.595539
v -3.124562 0.741112 -0.595539
v -3.124562 0.741112 -1.013365
v -3.086483 0.776662 -1.013365
v -1.561184 0.726879 -1.013365
v -1.599320 0.762195 -1.013365
v -1.599320 0.762195 -0.595539
v -1.561184 0.726879 -0.595539
v -1.553754 0.744616 -0.595539
v -1.592275 0.779754 -0.595539
v -1.592275 0.779754 -1.013365
v -1.553754 0.744616 -1.013365
v 2.799957 0.802717 -0.675804
v 2.811548 0.852363 -0.651111
v 2.806804 0.899325 -0.673490
v 2.734552 0.804870 -0.859253
v 2.733015 0.876437 -0.885152
v 2.754805 0.935240 -0.835251
v 0.271211 2.673355 -0.962855
v 0.560875 2.517923 -0.962855
v 0.653047 2.439427 -0.962509
v 1.471838 2.147193 -0.962855
v 1.528931 2.042678 -0.913124
v 1.697257 1.576004 -0.877189
v 1.932449 1.524909 -0.689924
v 2.138699 1.471989 -0.690506
v 2.368824 1.406113 -0.667324
v 2.538150 1.345246 -0.641188
v 2.692401 1.277636 -0.625655
v 2.389044 0.213011 0.000000
v 1.227901 2.242321 -0.962855
v 1.397400 2.185385 -0.962855
v 0.821830 2.308401 -0.962855
v 0.726935 2.348975 -0.963593
v 2.846273 1.142111 -0.547516
v 2.767806 0.462335 -0.771432
v 2.787601 0.554550 -0.770279
v 2.852105 1.068331 -0.605925
v -0.395553 2.830951 -0.969468
v -0.819020 2.831040 -0.969468
v 2.800346 1.195199 -0.583727
v -0.819020 2.797007 -0.765893
v -0.906223 2.797007 -0.765893
v -0.906223 2.800378 0.000000
v 0.769084 2.326430 -0.962855
v -0.819020 2.814024 -0.867680
v 2.746225 1.241787 -0.606968
v 2.767806 0.213011 -0.771432
v 2.795978 0.766569 -0.768486
v 2.813928 0.958018 -0.735993
v -0.906223 2.797519 -0.649682
v -0.906223 2.798581 -0.341473
v 1.644037 1.764200 -0.931366
v 1.596462 1.888551 -0.926665
v 1.677111 1.650044 -0.927557
v 1.154132 2.257053 -0.962855
v 1.086932 2.268747 -0.962855
v 1.745689 1.546895 -0.821906
v 2.768625 0.789135 -0.756978
v 2.791066 0.864359 -0.762328
v 2.787707 0.925068 -0.738115
v 2.853407 0.814107 -0.616722
v 2.851831 0.897539 -0.628055
v 2.823652 0.767370 -0.693483
v 2.832392 0.856239 -0.632633
v 2.736419 0.824615 -0.921782
v 2.754630 0.938555 -0.892925
v 2.830433 0.946350 -0.690234
v 2.809913 0.824123 -0.653035
v 2.812096 0.878171 -0.655796
v 2.788452 0.792509 -0.705969
v 2.800187 0.857589 -0.697950
v 2.729339 0.830713 -0.888305
v 2.739709 0.913577 -0.869713
v 2.800753 0.911170 -0.695436
v 2.820880 0.911375 -0.659465
v 2.766705 0.951958 -0.845984
v 2.740071 0.881874 -0.912190
v 2.740274 0.797197 -0.878215
v 2.821177 0.793128 -0.654444
v 2.768255 0.767853 -0.843798
v 2.794547 0.963290 -0.789015
v 2.748712 0.788088 -0.819132
v 2.757950 0.871363 -0.833174
v 2.772851 0.933954 -0.790446
v 2.796624 0.941839 -0.735967
v 2.779578 0.777939 -0.761750
v 2.779113 0.825859 -0.768272
v 2.788479 0.900926 -0.753627
v 2.802537 0.889740 -0.698497
v 2.796808 0.823302 -0.703045
v 2.803144 0.780032 -0.698677
v 2.783227 0.947009 -0.789790
v 2.812286 0.929653 -0.692733
v 2.829551 0.819182 -0.634119
v 2.735861 0.827556 -0.906690
v 2.755908 0.779097 -0.830558
v 2.753910 0.827636 -0.836605
v 2.766431 0.909992 -0.818831
v 2.828338 0.886980 -0.638915
v 2.751098 0.927779 -0.886340
v 2.904829 1.081769 0.051612
v 2.881749 0.557834 0.044171
v 2.835446 0.557834 0.644382
v 2.859632 1.054125 0.565464
v 0.676272 0.213011 0.893246
v -0.395553 2.857110 0.934933
v -0.395553 2.701691 1.016818
v 0.561170 2.395467 0.990324
v 0.560778 2.541819 0.934933
v -0.819020 2.702048 1.016818
v -0.819020 2.857110 0.934933
v 0.271211 2.552014 0.990324
v 0.271211 2.696880 0.934933
v 0.631609 2.316479 0.989977
v 0.660177 2.463486 0.934586
v 1.420795 1.976851 0.995571
v 1.476679 2.179318 0.934933
v 1.489868 1.885523 0.995218
v 1.536008 2.074478 0.876805
v 1.686653 1.460287 0.988572
v 1.698028 1.583073 0.875226
v 1.919148 1.400498 0.766924
v 1.932551 1.541962 0.666713
v 2.137929 1.349239 0.749894
v 2.138827 1.487204 0.661478
v 2.363955 1.283897 0.736072
v 2.370204 1.421028 0.638615
v 2.529176 1.223833 0.720705
v 2.540597 1.359922 0.612473
v 2.620386 1.182397 0.705815
v 2.696298 1.291889 0.599502
v 2.716367 0.213011 0.898906
v 2.869072 0.462335 0.042720
v -3.150230 0.802305 0.498421
v -0.860911 0.802305 0.498421
v -3.150230 0.724612 0.498421
v -0.860911 0.724612 0.498421
v -0.819095 0.213011 0.753998
v -0.819020 2.702048 0.827413
v -0.819020 2.811759 0.726645
v -0.906223 2.811759 0.726645
v -0.906223 2.702048 0.827413
v -0.906223 0.213011 0.753998
v 1.543601 2.201571 0.040687
v 1.705792 1.622396 0.040687
v 2.661615 0.462335 0.963436
v 2.661615 0.213011 0.963436
v 2.869072 0.209858 0.042720
v 2.686603 0.547020 0.970655
v 2.804944 1.206733 0.556961
v -0.819020 0.608259 0.873294
v 0.677030 0.608259 0.895111
v -0.819020 0.213011 0.893246
v -0.819020 0.223168 0.954773
v 0.662485 0.223168 0.954773
v 0.663267 0.591990 0.954773
v -0.819020 0.591990 0.954773
v 1.455386 0.571227 1.007526
v -0.819020 0.647861 0.996288
v 0.691879 0.647861 1.003766
v -0.819020 2.218398 1.027762
v -0.819020 0.633582 0.759097
v -0.819020 0.223168 0.755595
v -0.819020 0.617313 0.755595
v -0.819020 0.678873 0.827522
v -0.906223 0.678873 0.826211
v -0.906223 0.632664 0.754257
v -0.906223 0.616308 0.754246
v -0.906223 0.224943 0.754011
v 1.486624 0.713235 1.000047
v 1.580582 0.813460 0.999190
v 1.919671 0.916427 0.998637
v 2.108594 0.896867 0.998637
v 2.243399 0.839568 0.999098
v 2.335588 0.771440 0.998637
v 2.416468 0.553764 1.007835
v 2.789188 1.106284 0.668326
v 1.198508 2.052753 0.995218
v 1.230315 2.271059 0.934933
v 1.350960 2.022752 0.995458
v 1.402884 2.211321 0.934933
v 0.800765 2.180786 0.990324
v 0.741501 2.206758 0.990324
v 0.828837 2.334013 0.934933
v 0.778258 2.349400 0.934933
v 0.697593 2.232060 0.989819
v 0.736650 2.370705 0.936016
v -0.906223 0.963838 0.826374
v -0.819020 0.966827 1.006767
v -0.819020 0.966827 0.827522
v -0.819020 2.150274 1.027762
v 1.395102 2.250018 0.920635
v 1.577679 2.083244 0.920635
v 1.372482 2.237040 0.921028
v 1.555059 2.070266 0.921028
v 1.572527 2.066377 0.950347
v 1.372449 2.254658 0.950347
v 1.506165 2.180486 0.936670
v 1.483545 2.167508 0.937062
v 1.494695 2.172883 0.966381
v 2.819074 0.462335 0.644382
v 2.683936 0.631781 0.888009
v 2.683936 0.233068 0.880664
v -0.819020 0.312680 1.010270
v -0.819020 0.535717 1.010270
v 0.622324 0.312680 1.010270
v 0.623107 0.535717 1.010270
v -3.225776 0.724612 0.252282
v -3.225776 0.753677 0.252282
v -3.225776 0.724612 0.498421
v -3.225776 0.753677 0.498421
v -0.881479 0.802305 0.252282
v -0.881479 0.724612 0.252282
v -3.150230 0.802305 0.252282
v -3.150230 0.724612 0.252282
v -1.435679 0.787199 0.437911
v -1.332744 0.787199 0.437911
v -1.435752 0.778764 0.437744
v -1.332817 0.778764 0.437744
v -2.081890 0.767753 0.437911
v -1.978955 0.767753 0.437911
v -2.081963 0.759318 0.437744
v -1.979028 0.759318 0.437744
v -2.720698 0.921135 0.093260
v -2.533062 0.897862 0.069847
v -2.392666 0.880449 0.081679
v -2.293972 0.868207 0.054071
v -2.799533 0.930913 0.123940
v -2.657327 0.913275 0.197709
v -2.526523 0.897051 0.197709
v -2.395719 0.880827 0.197709
v -2.264915 0.864603 0.197709
v -2.131137 0.848011 0.186673
v -2.811364 0.932381 0.172361
v -2.728982 0.922163 0.307108
v -2.596073 0.905678 0.359529
v -2.417035 0.883471 0.378732
v -2.303048 0.869333 0.346468
v -2.204534 0.857114 0.280289
v -2.723112 0.900590 0.081394
v -2.535477 0.877317 0.057982
v -2.395081 0.859904 0.069813
v -2.296387 0.833933 0.042206
v -2.801947 0.910369 0.112074
v -2.659741 0.892730 0.185844
v -2.528938 0.876506 0.185844
v -2.398134 0.833933 0.185844
v -2.267330 0.833933 0.185844
v -2.133552 0.827466 0.174808
v -2.813779 0.911836 0.160495
v -2.731397 0.901618 0.295242
v -2.598488 0.885133 0.347663
v -2.419450 0.862926 0.366867
v -2.305462 0.848788 0.334602
v -2.206949 0.836569 0.268423
v -1.587184 0.522910 0.597953
v -0.981559 0.522910 0.597953
v -1.587184 0.454098 0.585820
v -0.981559 0.454098 0.585820
v -1.587184 0.393586 0.550883
v -0.981559 0.393586 0.550883
v -1.587184 0.348672 0.497357
v -0.981559 0.348672 0.497357
v -1.587184 0.324774 0.431697
v -0.981559 0.324774 0.431697
v -1.587184 0.324774 0.361823
v -0.981559 0.324774 0.361823
v -1.587184 0.348672 0.296164
v -0.981559 0.348672 0.296164
v -1.587184 0.393586 0.242637
v -0.981559 0.393586 0.242637
v -1.587184 0.454098 0.207701
v -0.981559 0.454098 0.207701
v -1.587184 0.522910 0.195567
v -0.981559 0.522910 0.195567
v -1.587184 0.591722 0.207701
v -0.981559 0.591722 0.207701
v -1.587184 0.652234 0.242637
v -0.981559 0.652234 0.242637
v -1.587184 0.697148 0.296164
v -0.981559 0.697148 0.296164
v -1.587184 0.721046 0.361823
v -0.981559 0.721046 0.361823
v -1.587184 0.721046 0.431697
v -0.981559 0.721046 0.431697
v -1.587184 0.697148 0.497357
v -0.981559 0.697148 0.497357
v -1.587184 0.652234 0.550883
v -0.981559 0.652234 0.550883
v -1.587184 0.591722 0.585820
v -0.981559 0.591722 0.585820
v -1.653338 0.522910 0.567329
v -0.915405 0.522910 0.567329
v -1.653338 0.464572 0.557043
v -0.915405 0.464572 0.557043
v -1.653338 0.413270 0.527424
v -0.915405 0.413270 0.527424
v -1.653338 0.375193 0.482045
v -0.915405 0.375193 0.482045
v -1.653338 0.354932 0.426379
v -0.915405 0.354932 0.426379
v -1.653338 0.354932 0.367141
v -0.915405 0.354932 0.367141
v -1.653338 0.375193 0.311476
v -0.915405 0.375193 0.311476
v -1.653338 0.413270 0.266097
v -0.915405 0.413270 0.266097
v -1.653338 0.464572 0.236478
v -0.915405 0.464572 0.236478
v -1.653338 0.522910 0.226191
v -0.915405 0.522910 0.226191
v -1.653338 0.581248 0.236478
v -0.915405 0.581248 0.236478
v -1.653338 0.632550 0.266097
v -0.915405 0.632550 0.266097
v -1.653338 0.670627 0.311476
v -0.915405 0.670627 0.311476
v -1.653338 0.690888 0.367141
v -0.915405 0.690888 0.367141
v -1.653338 0.690888 0.426379
v -0.915405 0.690888 0.426379
v -1.653338 0.670627 0.482045
v -0.915405 0.670627 0.482045
v -1.653338 0.632550 0.527424
v -0.915405 0.632550 0.527424
v -1.653338 0.581248 0.557043
v -0.915405 0.581248 0.557043
v -1.501349 0.522910 0.610149
v -1.501349 0.449927 0.597280
v -1.501349 0.385747 0.560225
v -1.501349 0.338110 0.503454
v -1.501349 0.312763 0.433815
v -1.501349 0.312763 0.359706
v -1.501349 0.338110 0.290066
v -1.501349 0.385747 0.233295
v -1.501349 0.449927 0.196241
v -1.501349 0.522910 0.183372
v -1.501349 0.595893 0.196241
v -1.501349 0.660073 0.233295
v -1.501349 0.707710 0.290066
v -1.501349 0.733057 0.359706
v -1.501349 0.733057 0.433815
v -1.501349 0.707710 0.503454
v -1.501349 0.660073 0.560225
v -1.501349 0.595893 0.597280
v -1.565528 0.522910 0.610149
v -1.565528 0.449927 0.597280
v -1.565528 0.385747 0.560225
v -1.565528 0.338110 0.503454
v -1.565528 0.312763 0.433815
v -1.565528 0.312763 0.359706
v -1.565528 0.338110 0.290066
v -1.565528 0.385747 0.233295
v -1.565528 0.449927 0.196241
v -1.565528 0.522910 0.183372
v -1.565528 0.595893 0.196241
v -1.565528 0.660073 0.233295
v -1.565528 0.707710 0.290066
v -1.565528 0.733057 0.359706
v -1.565528 0.733057 0.433815
v -1.565528 0.707710 0.503454
v -1.565528 0.660073 0.560225
v -1.565528 0.595893 0.597280
v -1.508345 0.465838 0.553563
v -1.508345 0.522910 0.563626
v -1.508345 0.415650 0.524587
v -1.508345 0.378400 0.480193
v -1.508345 0.358579 0.425736
v -1.508345 0.358579 0.367784
v -1.508345 0.378400 0.313327
v -1.508345 0.415650 0.268933
v -1.508345 0.465838 0.239957
v -1.508345 0.522910 0.229894
v -1.508345 0.579982 0.239957
v -1.508345 0.630170 0.268933
v -1.508345 0.667420 0.313327
v -1.508345 0.687241 0.367784
v -1.508345 0.687241 0.425736
v -1.508345 0.667420 0.480193
v -1.508345 0.630170 0.524587
v -1.508345 0.579982 0.553563
v -1.558532 0.465838 0.553563
v -1.558532 0.522910 0.563626
v -1.558532 0.415650 0.524587
v -1.558532 0.378400 0.480193
v -1.558532 0.358579 0.425736
v -1.558532 0.358579 0.367784
v -1.558532 0.378400 0.313327
v -1.558532 0.415650 0.268933
v -1.558532 0.465838 0.239957
v -1.558532 0.522910 0.229894
v -1.558532 0.579982 0.239957
v -1.558532 0.630170 0.268933
v -1.558532 0.667420 0.313327
v -1.558532 0.687241 0.367784
v -1.558532 0.687241 0.425736
v -1.558532 0.667420 0.480193
v -1.558532 0.630170 0.524587
v -1.558532 0.579982 0.553563
v -2.533987 0.812160 0.437911
v -2.332133 0.812160 0.437911
v -2.534060 0.803725 0.437744
v -2.332206 0.803725 0.437744
v -3.202311 0.091444 0.595539
v -3.173372 0.657467 0.595539
v -3.202311 0.091444 1.013365
v -3.173372 0.657467 1.013365
v -3.192343 0.088555 0.595539
v -3.192343 0.088555 1.013365
v -3.164541 0.640352 0.595539
v -3.164541 0.640352 1.013365
v -0.819020 2.702048 0.922116
v -0.819020 2.834434 0.830789
v -0.819020 2.218398 0.927642
v -0.819020 0.966827 0.917144
v -0.819020 2.150274 0.927642
v -0.819020 0.223168 0.873294
v -0.819057 0.213011 0.873294
v -0.994939 0.522910 0.610149
v -0.994939 0.449927 0.597280
v -0.994939 0.385747 0.560225
v -0.994939 0.338110 0.503454
v -0.994939 0.312763 0.433815
v -0.994939 0.312763 0.359706
v -0.994939 0.338110 0.290066
v -0.994939 0.385747 0.233295
v -0.994939 0.449927 0.196241
v -0.994939 0.522910 0.183372
v -0.994939 0.595893 0.196241
v -0.994939 0.660073 0.233295
v -0.994939 0.707710 0.290066
v -0.994939 0.733057 0.359706
v -0.994939 0.733057 0.433815
v -0.994939 0.707710 0.503454
v -0.994939 0.660073 0.560225
v -0.994939 0.595893 0.597280
v -1.059118 0.522910 0.610149
v -1.059118 0.449927 0.597280
v -1.059118 0.385747 0.560225
v -1.059118 0.338110 0.503454
v -1.059118 0.312763 0.433815
v -1.059118 0.312763 0.359706
v -1.059118 0.338110 0.290066
v -1.059118 0.385747 0.233295
v -1.059118 0.449927 0.196241
v -1.059118 0.522910 0.183372
v -1.059118 0.595893 0.196241
v -1.059118 0.660073 0.233295
v -1.059118 0.707710 0.290066
v -1.059118 0.733057 0.359706
v -1.059118 0.733057 0.433815
v -1.059118 0.707710 0.503454
v -1.059118 0.660073 0.560225
v -1.059118 0.595893 0.597280
v -1.001935 0.465838 0.553563
v -1.001935 0.522910 0.563626
v -1.001935 0.415650 0.524587
v -1.001935 0.378400 0.480193
v -1.001935 0.358579 0.425736
v -1.001935 0.358579 0.367784
v -1.001935 0.378400 0.313327
v -1.001935 0.415650 0.268933
v -1.001935 0.465838 0.239957
v -1.001935 0.522910 0.229894
v -1.001935 0.579982 0.239957
v -1.001935 0.630170 0.268933
v -1.001935 0.667420 0.313327
v -1.001935 0.687241 0.367784
v -1.001935 0.687241 0.425736
v -1.001935 0.667420 0.480193
v -1.001935 0.630170 0.524587
v -1.001935 0.579982 0.553563
v -1.052122 0.465838 0.553563
v -1.052122 0.522910 0.563626
v -1.052122 0.415650 0.524587
v -1.052122 0.378400 0.480193
v -1.052122 0.358579 0.425736
v -1.052122 0.358579 0.367784
v -1.052122 0.378400 0.313327
v -1.052122 0.415650 0.268933
v -1.052122 0.465838 0.239957
v -1.052122 0.522910 0.229894
v -1.052122 0.579982 0.239957
v -1.052122 0.630170 0.268933
v -1.052122 0.667420 0.313327
v -1.052122 0.687241 0.367784
v -1.052122 0.687241 0.425736
v -1.052122 0.667420 0.480193
v -1.052122 0.630170 0.524587
v -1.052122 0.579982 0.553563
v -2.990854 0.820945 0.595539
v -2.990854 0.820945 1.013365
v -2.985664 0.802922 0.595539
v -2.985664 0.802922 1.013365
v -2.337434 0.820895 0.595539
v -2.337434 0.820895 1.013365
v -2.337434 0.802873 0.595539
v -2.337434 0.802873 1.013365
v -1.472558 0.091444 0.595539
v -1.501497 0.657467 0.595539
v -1.472558 0.091444 1.013365
v -1.501497 0.657467 1.013365
v -1.482526 0.088555 0.595539
v -1.482526 0.088555 1.013365
v -1.510327 0.640352 0.595539
v -1.510327 0.640352 1.013365
v -1.684015 0.820945 0.595539
v -1.684015 0.820945 1.013365
v -1.689204 0.802922 0.595539
v -1.689204 0.802922 1.013365
v 1.531273 1.890379 1.229531
v 1.513479 1.863602 1.235017
v 1.536189 1.863602 1.051043
v 1.554535 1.890379 1.056043
v 1.581832 1.890379 1.229531
v 1.596741 1.872502 1.247408
v 1.613849 1.890379 1.054173
v 1.635412 1.872502 1.035607
v 1.513479 1.419464 1.235017
v 1.531273 1.392687 1.229531
v 1.554535 1.392687 1.056043
v 1.536189 1.419464 1.051043
v 1.596741 1.410564 1.247408
v 1.581832 1.392687 1.229531
v 1.635412 1.410564 1.035607
v 1.613849 1.392687 1.054173
v 1.510839 1.872502 1.247408
v 1.538829 1.872502 1.038652
v 1.538829 1.410564 1.038652
v 1.510839 1.410564 1.247408
v 1.603326 1.553106 1.086553
v 1.603326 1.476774 1.086553
v 1.554435 1.553106 1.088663
v 1.554435 1.476774 1.088663
v 1.554435 1.553106 0.971088
v 1.603326 1.553106 0.968978
v 1.603326 1.476774 0.968978
v 1.554435 1.476774 0.971088
v 2.880438 0.195457 0.218199
v 2.880438 0.341974 0.216357
v 2.716367 0.462335 0.898906
v 2.587969 0.462335 0.994523
v 2.725052 1.138679 0.693453
v 2.834563 1.081688 0.640401
v 2.853678 1.151673 0.521279
v 2.751962 1.252918 0.575957
v 2.819074 0.213011 0.644382
v 2.615193 0.555871 1.003497
v 2.735916 0.551410 0.894369
v -0.395553 2.804704 1.004118
v 0.271211 2.649751 0.990871
v 0.560974 2.493947 0.990871
v -0.819020 2.804883 1.004118
v 0.645893 2.415287 0.990525
v 1.466982 2.114962 0.990871
v 1.521830 2.010772 0.949565
v 1.696484 1.568911 0.879158
v 1.932346 1.507799 0.713212
v 2.138571 1.456724 0.719631
v 2.367438 1.391147 0.696129
v 2.535694 1.330520 0.670000
v 2.688492 1.263336 0.651895
v 2.795733 1.183626 0.610583
v -0.819020 2.782207 0.805272
v -0.906223 2.782207 0.805272
v 1.225479 2.213488 0.990871
v 1.391897 2.159362 0.990871
v 0.814801 2.282703 0.990871
v 0.759879 2.303383 0.990871
v 0.717187 2.327173 0.991261
v -0.819020 2.793545 0.904695
v 2.838844 1.132518 0.573842
v 2.740468 1.230618 0.638083
v 1.537620 0.569860 0.934593
v 1.540397 0.574407 1.007526
v 1.598924 0.685898 0.934561
v 1.604359 0.697973 1.002820
v 1.922393 0.833239 0.934517
v 1.924832 0.848501 0.999698
v 2.102505 0.810395 0.934531
v 2.103567 0.825484 0.999727
v 2.226478 0.750404 0.934995
v 2.229182 0.764797 1.000208
v 2.296848 0.684241 0.934538
v 2.302392 0.696720 0.999775
v 2.370657 0.485900 0.960415
v 2.372019 0.462335 0.999801
v 2.372019 0.213011 0.999801
v 2.376169 0.213011 0.959204
v 2.376690 0.230361 0.952502
v 2.587969 0.213011 0.994523
v 2.718183 0.874183 0.947328
v 1.515457 1.683247 0.998498
v 1.621284 1.138242 0.998658
v 1.497401 1.495640 0.996249
v 0.750648 1.511621 0.996249
v 1.440424 1.348296 0.996249
v 0.787886 1.967819 0.996249
v 1.310760 1.946616 0.998202
v 0.782989 0.640334 1.003766
v 0.736201 0.771133 1.010628
v 1.218601 0.640334 1.003766
v 2.673388 0.900299 0.969613
v 1.267901 1.363577 0.996249
v 1.353275 1.151175 1.015930
v 1.182592 1.953963 0.996249
v 1.606025 0.978508 0.999107
v 0.719544 0.770049 1.010628
v 1.546502 1.751762 0.993754
v 1.620478 1.283939 0.997468
v 0.888035 0.640334 1.003766
v 0.780511 1.994019 1.001098
v 0.749885 1.630338 0.996249
v 0.768460 0.829442 1.010628
v 0.737133 0.751768 1.010628
v 1.312153 0.640334 1.015439
v 2.737137 0.886950 0.925320
v 1.468383 1.614930 0.996249
v 1.492698 1.144331 1.012860
v 1.318043 1.283990 1.006163
v 1.359535 1.010923 1.010373
v 1.287826 0.709976 1.006714
v 0.807665 0.738209 1.010628
v 0.720477 0.750683 1.010628
v 0.717118 0.822003 1.010628
v 1.475668 1.283990 1.006796
v 1.500236 1.008465 1.009154
v 1.369760 0.705342 1.006663
v 2.581374 0.950249 1.000107
v 0.860101 0.820467 1.010628
v 0.858639 0.744511 1.010628
v 1.086101 0.640334 1.003766
v 1.146228 0.640334 1.003766
v 2.407686 1.029478 1.000858
v 2.317423 1.070061 0.996603
v 1.152610 1.379449 1.002914
v 1.202543 1.372575 1.002914
v 1.192139 1.159157 1.015930
v 1.242272 1.157025 1.015930
v 1.124714 1.956115 1.002914
v 1.058391 1.950078 1.001729
v 1.138483 0.705903 1.006714
v 1.191707 0.707301 1.006714
v 1.196949 1.013649 1.010373
v 1.247628 1.012942 1.010373
v 1.175501 1.283990 1.007423
v 1.225478 1.283990 1.007423
v 1.055227 2.003300 1.001782
v 1.203573 1.507143 1.002914
v 1.153706 1.507628 1.002914
v 1.140067 1.625361 1.002914
v 1.189840 1.624902 1.002914
v 0.597772 0.223168 0.954773
v 2.838966 0.646802 0.528744
v 2.123961 1.141655 0.996603
v 1.577471 1.419183 0.997511
v 0.691879 1.474387 1.006714
v 0.691879 1.179987 1.015930
v 0.835512 0.640334 1.003766
v 0.849844 1.173708 1.015930
v 0.751391 0.820467 1.010628
v 1.184556 1.984651 0.997765
v 1.365282 0.883919 1.006714
v 0.765592 1.945339 0.996249
v 1.349545 1.928770 0.997205
v 2.842586 0.784035 0.643532
v 0.727679 0.774602 1.010628
v 0.775734 1.176859 1.015930
v 0.936640 1.170018 1.015931
v 0.961517 1.962482 0.996249
v 0.740116 0.761675 1.010628
v 1.368697 0.606441 1.010964
v 1.919293 1.173265 0.996603
v 1.487052 1.634749 0.998888
v 1.538172 1.143661 1.007959
v 0.749122 1.830892 0.996249
v 1.328770 0.745863 1.006714
v 1.412603 1.812741 0.996249
v 0.828530 1.975995 1.001098
v 0.937856 1.975951 1.000605
v 0.822778 1.283990 1.006181
v 0.923674 1.283990 1.006163
v 1.469100 1.360100 0.996249
v 1.568035 1.500613 0.997820
v 1.488768 1.438556 0.996249
v 0.790292 0.829560 1.010628
v 0.843032 0.829442 1.010628
v 0.775942 0.738593 1.010628
v 0.766458 1.468987 0.996249
v 0.716561 0.760142 1.010628
v 0.691879 0.721167 1.006714
v 0.728998 0.747215 1.010628
v 0.709037 0.811089 1.010628
v 0.691879 0.847907 1.006714
v 0.731246 0.828765 1.010628
v 0.691879 1.628270 1.006714
v 0.739658 1.629147 1.001481
v 0.691879 1.283990 1.008392
v 0.762713 1.283990 1.007295
v 0.689205 2.016150 1.002441
v 0.746550 2.013143 1.001277
v 1.526268 1.283979 1.004767
v 1.507014 0.884972 1.006714
v 1.545707 1.006836 1.006219
v 1.415946 0.749227 1.006663
v 1.406682 0.707022 1.005258
v 0.827378 1.966319 0.996249
v 1.040079 1.394941 0.996249
v 1.516727 1.522626 0.998991
v 1.321381 1.971675 0.999039
v 1.522770 1.316895 1.001765
v 0.953168 0.640334 1.003766
v 0.890770 1.421563 0.996249
v 1.038106 1.165705 1.015931
v 1.039445 1.283990 1.006163
v 0.978353 0.904807 1.006714
v 0.955564 0.715947 1.006714
v 0.868170 0.760284 1.010628
v 0.868621 0.805013 1.010628
v 1.224106 0.743015 1.006714
v 1.171669 0.741594 1.006714
v 1.252590 0.882690 1.006714
v 1.201387 0.882128 1.006714
v 1.118240 1.988040 1.001641
v 1.206224 1.388158 1.002914
v 1.156227 1.393850 1.002914
v 1.073703 1.933308 1.002914
v 1.125716 1.932903 1.002914
v 1.206762 1.455442 1.002914
v 1.156798 1.457939 1.002914
v 1.100501 1.825505 1.002914
v 1.150374 1.824721 1.002914
v 1.022320 1.990018 1.001851
v 1.090423 0.705171 1.006714
v 1.032887 0.640334 1.003766
v 1.140995 1.014434 1.010373
v 2.874102 1.056697 0.493108
v 1.119930 1.383948 0.999582
v 1.129217 1.283990 1.006793
v 1.136637 1.161516 1.015930
v 1.038574 1.960058 0.999582
v 1.371987 1.944236 0.998540
v 1.513403 1.467099 0.998888
v 1.447529 0.742757 1.004639
v 1.439693 1.835822 0.997765
v 0.691879 2.002064 1.006667
v 0.745323 1.945852 1.001481
v 0.691879 1.945594 1.006667
v 0.691879 1.819531 1.006714
v 0.691879 0.822313 1.006714
v 0.691879 0.751545 1.006714
v 1.119337 0.740169 1.006714
v 0.969281 0.748627 1.006714
v 0.980675 0.843515 1.006714
v 1.145041 0.881514 1.006714
v 0.729152 0.818552 1.010628
v 0.736484 1.824904 1.001481
v 0.749063 1.998745 1.003845
v 1.504816 1.384549 0.998963
v 1.553385 0.881808 1.004986
v 0.752816 0.739137 1.010628
v 0.740530 0.782455 1.010628
v 0.789469 0.823257 1.010628
v 0.768069 0.823155 1.010628
v 0.843422 0.823155 1.010628
v 0.808472 0.743514 1.010628
v 0.774875 0.744091 1.010628
v 0.862855 0.761611 1.010628
v 0.855047 0.749439 1.010628
v 0.864005 0.803506 1.010628
v 2.858655 0.939791 0.593771
v 0.856764 0.815812 1.010628
v 0.754728 0.815812 1.010628
v 2.855487 0.860043 0.614965
v 0.756091 0.747477 1.010628
v 0.748637 0.761611 1.010628
v 0.743322 0.760284 1.010628
v 0.710065 0.756427 1.010628
v 0.716253 0.745924 1.010628
v 0.726132 0.739137 1.010628
v 0.723222 0.773266 1.010628
v 0.739472 0.756377 1.010628
v 0.717710 0.754960 1.010628
v 0.724441 0.747964 1.010628
v 0.732237 0.773853 1.010628
v 0.738967 0.766857 1.010628
v 0.717205 0.765440 1.010628
v 0.733455 0.748551 1.010628
v 0.789469 0.823257 0.995008
v 0.768069 0.823155 0.995008
v 0.843422 0.823155 0.995008
v 0.754728 0.815812 0.995008
v 0.808472 0.743514 0.995008
v 0.862855 0.761611 0.995008
v 0.855047 0.749439 0.995008
v 0.864005 0.803506 0.995008
v 2.625055 0.755050 0.993566
v 0.856764 0.815812 0.995008
v 0.774875 0.744091 0.995008
v 0.756091 0.747477 0.995008
v 2.745377 0.787919 0.900091
v 0.748637 0.761611 0.995008
v 0.619438 1.183292 1.009816
v 0.072782 1.186370 1.007808
v 0.611797 0.812743 1.010545
v 0.071126 0.824752 1.010545
v 0.611797 0.740845 1.010545
v 0.516171 1.183426 1.009692
v 0.528207 0.816984 1.010545
v 0.071126 0.736093 1.010545
v 0.528207 0.736093 1.010545
v 0.627290 0.647861 1.010545
v 0.071126 0.647861 1.010545
v 0.524295 0.647861 1.010545
v 0.517074 1.928670 1.005402
v 0.517397 1.801852 1.005360
v 0.517384 1.273831 1.005987
v 0.517104 1.994931 1.005402
v 0.071126 0.889369 1.010545
v 0.515822 2.024298 1.004014
v 0.526251 0.885519 1.010545
v 2.700330 0.743724 0.963617
v 0.622596 0.705294 1.010545
v 0.622596 0.885519 1.010545
v 2.462801 0.757307 0.997104
v 2.370829 0.853071 0.997104
v 0.526251 0.705323 1.010545
v 0.071126 0.705330 1.010545
v 0.621797 1.616159 1.005551
v 0.622403 1.478728 1.005634
v 0.621026 1.995934 1.005603
v 0.619886 1.698256 1.005343
v 0.619876 2.023366 1.003888
v 0.621133 1.931051 1.005603
v 0.621749 1.804429 1.005551
v 0.621797 1.275260 1.006325
v 0.611797 0.812743 1.002110
v 0.611797 0.740845 1.002110
v 0.528207 0.816984 1.002110
v 2.254322 0.915705 0.997104
v 2.114029 0.978276 0.997104
v 0.528207 0.736093 1.002110
v -0.329317 1.185981 1.008246
v -0.322030 0.736093 1.010545
v -0.322030 0.824752 1.010545
v -0.322030 0.647861 1.010545
v -0.819020 1.214797 1.011166
v -0.819020 0.791634 1.000872
v -0.819020 0.850032 1.002837
v -0.819020 0.733236 0.998908
v -0.322030 0.705330 1.010545
v 1.919491 1.037338 0.997491
v -0.322030 0.889403 1.010545
v 0.501491 0.591990 0.954773
v -0.809797 1.218541 0.860722
v 0.465017 0.312680 1.010270
v 0.465714 0.535717 1.010270
v 0.610957 0.213011 0.893246
v 0.611681 0.608259 0.895111
v 0.693064 0.589580 0.944852
v 2.849288 0.845041 0.593771
v -0.336461 2.028252 1.004552
v -0.641353 1.595484 1.003748
v 0.517384 1.614121 1.005360
v -0.008698 1.584091 1.003754
v -0.087409 2.028252 1.004552
v 0.560114 0.535717 1.010270
v -0.329195 1.267769 1.004552
v -0.819020 1.280516 1.012332
v -0.642564 1.710217 1.003735
v -0.334287 1.918572 1.004552
v -0.666585 1.790946 1.004552
v -0.085789 1.918570 1.004552
v -0.336902 1.990674 1.004552
v -0.819020 1.928523 1.023828
v 0.074361 1.694844 1.004552
v -0.321735 1.822061 1.003669
v -0.665993 1.504116 1.004552
v 2.844234 0.921855 0.650723
v 0.517875 1.479508 1.005428
v 0.074323 2.028252 1.004552
v -0.086511 1.990674 1.004552
v 0.074361 1.605473 1.004552
v 0.515838 1.697605 1.005192
v 1.483895 1.776819 0.998595
v 0.074361 1.384050 1.004552
v 0.074636 1.790917 1.004552
v -0.007446 1.699198 1.003751
v 0.075552 1.918567 1.004552
v 0.074361 1.482817 1.004552
v 0.074361 1.267769 1.004552
v -0.322632 1.473243 1.003669
v 0.076164 1.990674 1.004552
v -0.594460 1.817725 1.003787
v -0.635115 1.796450 1.003753
v -0.055854 1.477557 1.003787
v -0.023383 1.494348 1.003781
v -0.633907 1.498913 1.003780
v -0.594466 1.478364 1.003787
v -0.015134 1.796541 1.003779
v -0.054803 1.816962 1.003787
v -0.619823 2.395039 1.015841
v -0.620669 2.279038 1.015855
v -0.642610 2.274014 1.018813
v 0.015441 2.284861 1.011335
v -0.641849 2.398631 1.018797
v -0.321758 2.515741 1.015128
v -0.013683 2.348738 1.011704
v -0.322655 2.166924 1.015138
v -0.614688 2.480261 1.015759
v -0.614498 2.203311 1.015755
v -0.594464 2.511406 1.018313
v -0.635117 2.490131 1.018736
v -0.055892 2.171238 1.012256
v -0.016424 2.191649 1.011804
v -0.633908 2.192594 1.018749
v -0.594470 2.172045 1.018313
v -0.076016 2.420071 1.012446
v -0.158547 2.456418 1.013369
v -0.614582 2.480261 1.025129
v -0.614393 2.203311 1.025125
v -0.575511 2.500848 1.024680
v -0.575518 2.182549 1.024680
v -0.322738 2.181325 1.021954
v -0.321915 2.501340 1.021945
v -0.074620 2.181802 1.019047
v -0.172067 2.444571 1.020184
v -0.012560 2.289524 1.018466
v -0.038470 2.347208 1.018717
v -0.035707 2.202425 1.018617
v -0.095563 2.411757 1.019319
v 1.182586 1.953956 0.992039
v 0.765586 1.945333 0.992039
v 0.787880 1.967813 0.992039
v 1.349540 1.928764 0.992996
v 0.961511 1.962476 0.992039
v 0.750642 1.511615 0.992039
v 0.749117 1.830886 0.992039
v 1.412597 1.812734 0.992039
v 1.469094 1.360094 0.992039
v 1.440418 1.348290 0.992039
v 0.749879 1.630332 0.992039
v 1.488762 1.438550 0.992039
v 0.766452 1.468981 0.992039
v 1.267895 1.363571 0.992039
v 0.827372 1.966313 0.992039
v 1.040073 1.394934 0.992039
v 1.468377 1.614924 0.992039
v 0.890764 1.421557 0.992039
v 1.206218 1.388151 0.998705
v 1.202537 1.372569 0.998705
v 1.156222 1.393843 0.998705
v 1.073697 1.933302 0.998705
v 1.058385 1.950071 0.997519
v 1.125710 1.932897 0.998705
v 1.203568 1.507137 0.998705
v 1.140061 1.625355 0.998705
v 1.189834 1.624896 0.998705
v 1.206756 1.455436 0.998705
v 1.156793 1.457933 0.998705
v 1.153700 1.507622 0.998705
v 1.100495 1.825499 0.998705
v 1.150368 1.824715 0.998705
v 1.119924 1.383942 0.995372
v 1.152604 1.379443 0.998705
v 1.038568 1.960052 0.995372
v 1.310755 1.946610 0.993992
v 1.497395 1.495633 0.992039
v 1.124708 1.956109 0.998705
v 1.166131 0.573937 0.951068
v 1.032887 0.573937 0.951068
v 0.939864 0.573937 0.951068
v 0.782989 0.573937 1.000817
v 1.231264 0.573937 0.951068
v 0.888035 0.573937 1.000817
v 1.312153 0.573937 1.007526
v 0.939864 0.573937 1.000817
v 0.706491 0.573937 1.000817
v 0.835512 0.573937 1.000817
v 1.231264 0.573937 1.000817
v 1.390326 0.288089 1.007526
v 1.099509 0.573937 1.000817
v 1.032887 0.573937 1.000817
v 1.166131 0.573937 1.000817
v 0.782989 0.460685 1.030223
v 1.312153 0.573937 0.950986
v 0.888035 0.460685 1.030223
v 1.312153 0.460685 1.007526
v 0.939864 0.460685 1.030223
v 0.706491 0.472255 1.000817
v 0.835512 0.460685 1.030223
v 1.231264 0.460685 1.030223
v 1.099509 0.460685 1.030223
v 1.032887 0.460685 1.030223
v 1.166131 0.460685 1.030223
v 0.782989 0.396601 1.030223
v 0.888035 0.573937 0.951068
v 0.888035 0.396601 1.030223
v 1.312153 0.396601 1.007526
v 0.939864 0.396601 1.030223
v 0.706491 0.396601 1.000817
v 0.835512 0.396601 1.030223
v 1.231264 0.396601 1.030223
v 1.354410 0.396601 1.007526
v 1.099509 0.396601 1.030223
v 1.032887 0.396601 1.030223
v 1.166131 0.396601 1.030223
v 0.782989 0.288089 1.030223
v 0.782989 0.573937 0.951068
v 0.888035 0.288089 1.030223
v 1.312153 0.288089 1.007526
v 0.939864 0.288089 1.030223
v 0.706491 0.327416 1.000817
v 0.835512 0.288089 1.030223
v 1.231264 0.288089 1.030223
v 1.354410 0.460685 1.007526
v 1.099509 0.288089 1.030223
v 1.032887 0.288089 1.030223
v 1.166131 0.288089 1.030223
v 0.835512 0.573937 0.951068
v 0.888035 0.213011 1.036625
v 1.312153 0.213011 1.007526
v 0.706491 0.213011 1.000817
v 1.099509 0.213011 1.036625
v 1.099509 0.573937 0.951068
v 0.835512 0.460685 0.980474
v 0.782989 0.460685 0.980474
v 0.888035 0.460685 0.980474
v 1.312153 0.460685 0.980392
v 1.231264 0.460685 0.980474
v 0.939864 0.460685 0.980474
v 1.032887 0.460685 0.980474
v 1.166131 0.460685 0.980474
v 1.099509 0.460685 0.980474
v 0.835512 0.396601 0.951067
v 0.782989 0.396601 0.951067
v 0.888035 0.396601 0.951067
v 1.312153 0.396601 0.950986
v 1.231264 0.396601 0.951067
v 0.939864 0.396601 0.951067
v 1.032887 0.396601 0.951067
v 1.166131 0.396601 0.951067
v 1.099509 0.396601 0.951067
v 0.835512 0.288089 0.980474
v 0.782989 0.288089 0.980474
v 0.888035 0.288089 0.980474
v 1.312153 0.288089 0.980392
v 1.231264 0.288089 0.980474
v 0.939864 0.288089 0.980474
v 1.032887 0.288089 0.980474
v 1.166131 0.288089 0.980474
v 1.099509 0.288089 0.980474
v 0.808472 0.782386 1.005964
v 0.774875 0.782386 1.005964
v 0.836617 0.782386 1.005964
v 0.862855 0.782386 1.005964
v 0.855047 0.782386 1.005964
v 0.745648 0.782386 1.005964
v 0.756091 0.782386 1.005964
v 0.748637 0.782386 1.005964
v 0.836617 0.782386 0.990344
v 0.808472 0.782386 0.990344
v 0.862855 0.782386 0.990344
v 0.855047 0.782386 0.990344
v 0.774875 0.782386 0.990344
v 0.756091 0.782386 0.990344
v 0.745648 0.782386 0.990344
v 0.748637 0.782386 0.990344
v 0.836617 0.732730 1.005964
v 0.808472 0.732730 1.005964
v 0.862855 0.732730 1.005964
v 0.855047 0.732730 1.005964
v 0.774875 0.732730 1.005964
v 0.756091 0.732730 1.005964
v 0.745648 0.732730 1.005964
v 0.748637 0.732730 1.005964
v 0.748637 0.732730 0.990344
v 0.745648 0.732730 0.990344
v 0.836617 0.732730 0.990344
v 0.808472 0.732730 0.990344
v 0.862855 0.732730 0.990344
v 0.855047 0.732730 0.990344
v 0.774875 0.732730 0.990344
v 0.756091 0.732730 0.990344
v 0.554588 0.815741 1.006754
v 0.520992 0.815741 1.006754
v 0.574663 0.807930 1.006754
v 0.608971 0.798288 1.006754
v 0.593796 0.801750 1.006754
v 0.593796 0.744945 0.991936
v 0.608971 0.748408 0.991936
v 0.554588 0.730955 0.991936
v 0.574663 0.738766 0.991936
v 0.574663 0.738766 1.006754
v 0.554588 0.730955 1.006754
v 0.608971 0.748408 1.006754
v 0.593796 0.744945 1.006754
v 0.520992 0.730955 1.006754
v 0.520992 0.815741 0.991936
v 0.593796 0.801750 0.991936
v 0.608971 0.798288 0.991936
v 0.554588 0.815741 0.991936
v 0.574663 0.807930 0.991936
v 0.520992 0.730955 0.991936
v 0.749568 1.713743 0.996249
v 1.445185 1.697194 0.996249
v 1.173427 1.708002 1.002914
v 1.123613 1.708596 1.002914
v 0.691879 1.707811 1.006714
v 0.738338 1.710557 1.001481
v 1.464291 1.715156 0.998786
v 0.749562 1.713737 0.992039
v 1.445180 1.697188 0.992039
v 1.173421 1.707996 0.998705
v 1.123607 1.708590 0.998705
v 2.840109 0.769393 0.596030
v 2.868022 1.013883 0.569046
v 1.919114 1.289180 0.919639
v 2.131223 1.251876 0.919639
v 2.340545 1.183947 0.919639
v 2.439491 1.143986 0.924026
v 2.621518 1.070913 0.927849
v 2.772831 0.962514 0.847856
v 2.747734 1.015473 0.896421
v 2.705582 1.033889 0.909831
v 2.871720 1.097136 0.490513
v -0.819031 2.814186 0.616389
v -0.906223 0.213011 0.639591
v -0.906223 2.704476 0.701868
v -0.906223 2.814186 0.616389
v 2.810743 1.227141 0.474892
v 1.543601 2.122707 0.734840
v 1.705956 1.591189 0.712760
v -0.395553 2.910415 0.723071
v 0.271211 2.745131 0.723071
v 0.560778 2.590069 0.723071
v 1.919648 1.555614 0.537481
v -0.819031 2.910415 0.723071
v 2.139041 1.512714 0.537481
v 0.660177 2.511737 0.722724
v 2.372520 1.446038 0.515449
v 2.544700 1.384530 0.489320
v 2.696371 1.315786 0.466800
v 1.476679 2.188860 0.793073
v -0.906223 0.677503 0.700848
v -0.906223 0.633087 0.639811
v -0.906223 0.616712 0.639802
v -0.906223 0.224965 0.639603
v 1.230316 2.285311 0.723052
v 1.402879 2.220865 0.793073
v 0.828836 2.382264 0.723071
v 0.778262 2.397648 0.723071
v 0.736652 2.418954 0.723990
v -0.906223 0.964571 0.700986
v -0.819031 2.842947 0.704731
v 2.755151 1.272535 0.468906
v 2.865786 1.161488 0.446254
v -0.906223 2.780796 0.683086
v 2.841505 0.557834 0.573230
v 2.833797 0.646802 0.580761
v -0.819063 2.820240 0.341404
v -0.906223 2.711263 0.350934
v -0.906223 2.820240 0.341404
v 2.852561 1.245233 0.197137
v 1.705874 1.606792 0.356380
v 0.271211 2.772925 0.396536
v 0.560778 2.617864 0.396536
v 1.919554 1.572852 0.268740
v 2.138933 1.529952 0.268740
v 0.660177 2.539531 0.396190
v 2.372429 1.463275 0.270531
v 2.544657 1.401767 0.270531
v 2.696371 1.333024 0.270531
v 1.476679 2.215533 0.396536
v 2.834080 0.209858 0.451440
v -0.906223 0.678810 0.350424
v -0.906223 0.634269 0.319906
v -0.906223 0.617843 0.319901
v -0.906223 0.225026 0.319801
v 1.230318 2.307276 0.396536
v 1.402866 2.247543 0.396536
v 0.828836 2.394728 0.396536
v -0.906223 0.966620 0.350493
v 2.834080 0.462335 0.451440
v 2.903254 1.190500 0.052561
v -0.906223 2.776850 0.341543
v 2.873299 0.643743 0.044311
v 2.910614 1.113887 0.052561
v -0.906223 0.213011 0.319796
v 1.543601 2.162139 0.367420
v -0.395553 2.952338 0.396536
v -0.819063 2.952338 0.396536
v 0.778272 2.410105 0.396536
v 0.736657 2.446746 0.396996
v -0.819063 2.866740 0.352365
v 2.786139 1.281952 0.239298
v -0.819020 0.715324 0.900619
v -0.906223 0.856282 0.826313
v -0.819020 0.832358 0.908882
v -0.819020 0.859528 0.827522
v -0.906223 0.856916 0.700934
v -0.906223 0.858686 0.350467
v -0.819020 0.782559 0.904750
v -0.819020 1.214797 0.919344
v -0.906223 1.927844 0.826921
v -0.819020 1.928523 0.925675
v -0.819020 1.928523 0.827522
v -0.906223 1.929468 0.701450
v -0.906223 1.934008 0.350725
v -0.819020 1.280516 0.919927
v -0.330252 0.608259 0.895111
v -0.335004 0.223168 0.954773
v -0.334748 0.591990 0.954773
v -0.330499 0.213011 0.893246
v 0.559366 0.312680 1.010270
v -0.348125 0.312680 1.010270
v -0.347869 0.535717 1.010270
v 0.078189 0.223168 0.954773
v 0.078663 0.591990 0.954773
v 0.053868 0.312680 1.010270
v 0.054341 0.535717 1.010270
v 0.086998 0.608259 0.895111
v 0.086539 0.213011 0.893246
v 0.598521 0.591990 0.954773
v 0.500794 0.223168 0.954773
v -0.819020 0.319440 0.873294
v 0.513751 0.608259 0.895111
v 0.513077 0.213011 0.893246
v 0.692892 0.459129 0.944427
v 0.676651 0.410308 0.894179
v 0.676462 0.311332 0.893713
v 0.559553 0.368440 1.010270
v -0.819020 0.407579 0.954773
v 0.662876 0.407579 0.954773
v -0.819020 0.420240 0.755595
v -0.906223 0.420625 0.754128
v -0.819020 0.424199 1.010270
v 0.622715 0.424199 1.010270
v -0.819020 0.415713 0.873294
v 0.559740 0.424199 1.010270
v -0.906223 0.420839 0.639702
v -0.906223 0.421434 0.319851
v -0.347997 0.424199 1.010270
v 0.054105 0.424199 1.010270
v 0.465365 0.424199 1.010270
v -0.348061 0.368439 1.010270
v 0.053986 0.368439 1.010270
v 0.465191 0.368440 1.010270
v -0.819020 0.315373 0.954773
v 0.662681 0.315373 0.954773
v -0.819020 0.321704 0.755595
v -0.906223 0.322784 0.754070
v -0.819020 0.368439 1.010270
v 0.622520 0.368440 1.010270
v -0.906223 0.322902 0.639652
v -0.906223 0.323230 0.319826
v 1.455386 0.288089 1.007526
v 1.529058 0.288089 1.007526
v 1.537943 0.213011 1.007526
v 1.528127 0.288089 0.923722
v 1.537866 0.213011 0.923899
v 1.603137 1.618001 0.992290
v 1.651298 1.789269 0.911312
v 1.658973 1.875526 0.040687
v 1.636753 1.739047 0.951486
v 1.604628 1.915195 0.901598
v 1.613326 2.018145 0.040687
v 1.588269 1.861818 0.951817
v 1.641164 1.528188 0.991307
v 1.682534 1.669792 0.906392
v 1.694947 1.745827 0.040687
v 1.671670 1.630229 0.948792
v 1.557491 1.567484 0.998401
v 1.079976 2.073706 0.995441
v 1.147032 2.057678 0.995723
v 1.154000 2.287603 0.934933
v 1.086837 2.299377 0.934933
v 1.087028 2.238014 0.990871
v 1.154264 2.226401 0.990871
v 1.086849 2.313628 0.723052
v 1.153969 2.301863 0.723052
v 1.086854 2.335591 0.396536
v 1.153955 2.323829 0.396536
v 1.553974 2.201571 0.022808
v 1.716166 1.622396 0.022808
v 1.669346 1.875526 0.022808
v 1.623699 2.018145 0.022808
v 1.705320 1.745827 0.022808
v 1.752926 1.427868 0.857404
v 1.733083 1.560302 0.819741
v 1.705853 0.872230 0.998703
v 1.758338 1.533442 0.824079
v 1.738477 0.800249 0.999693
v 1.733031 0.783966 0.934477
v 1.730436 1.180607 1.007956
v 1.731254 1.296529 0.963018
v 1.721194 1.019822 1.002398
v 1.737507 1.585936 0.686881
v 1.737423 1.601781 0.343441
v -0.819020 0.784495 0.868042
v -0.819020 0.722107 0.868042
v -0.795463 2.211185 0.875316
v -0.795463 2.143060 0.875316
v -0.809797 1.284260 0.860722
v -0.906223 2.417441 0.598583
v -0.906223 2.564454 0.600944
v -0.906223 2.566815 0.453931
v -0.906223 2.419802 0.451570
v -0.906223 2.490459 0.630211
v -0.906223 2.596082 0.527927
v -0.906223 2.493798 0.422303
v -0.906223 2.388175 0.524588
v -0.943144 2.492128 0.526257
v -0.906223 1.222186 0.598583
v -0.906223 1.369199 0.600944
v -0.906223 1.371560 0.453931
v -0.906223 1.224547 0.451570
v -0.906223 1.295204 0.630211
v -0.906223 1.400827 0.527927
v -0.906223 1.298543 0.422303
v -0.906223 1.192919 0.524588
v -0.943144 1.296873 0.526257
v -2.687043 0.797377 0.645055
v -2.623405 0.834565 0.595915
v -2.659249 0.797358 0.672830
v -2.188288 0.797377 0.645055
v -2.216083 0.797358 0.672830
v -2.247357 0.834564 0.595915
v -2.685071 0.835879 0.645986
v -2.657276 0.835898 0.673763
v -2.186316 0.835879 0.645986
v -2.214110 0.835898 0.673763
v -3.115445 0.798691 0.468990
v -3.115445 0.731456 0.468990
v -0.898093 0.798691 0.468990
v -0.898093 0.731456 0.468990
v -3.188594 0.754587 0.468990
v -3.188594 0.731456 0.468990
v 1.456438 0.213011 1.011307
v 1.391379 0.213011 1.011307
v 1.229374 0.213011 1.036625
v 1.164241 0.213011 1.036625
v 0.938868 0.213011 1.036625
v 1.031890 0.213011 1.036625
v 0.835804 0.213011 1.036625
v 0.783281 0.213011 1.036625
v -3.188003 0.787629 0.498421
v -3.188003 0.787629 0.252282
v -3.188003 0.724612 0.252282
v -3.188003 0.724612 0.498421
v -3.152020 0.786277 0.468990
v -3.152020 0.731456 0.468990
v 2.893150 1.081769 0.051612
v 2.862423 1.056697 0.492665
v 2.822119 0.646802 0.580761
v 2.828431 0.769393 0.596030
v 2.827287 0.646802 0.528744
v 2.861621 0.643743 0.044311
v 2.856344 1.013883 0.569046
v 2.846977 0.939791 0.593771
v -3.079362 0.759125 1.013365
v -3.117054 0.723395 1.013365
v -3.117054 0.723395 0.595539
v -3.079362 0.759125 0.595539
v -3.086483 0.776662 0.595539
v -3.124562 0.741112 0.595539
v -3.124562 0.741112 1.013365
v -3.086483 0.776662 1.013365
v -1.561184 0.726879 1.013365
v -1.599320 0.762195 1.013365
v -1.599320 0.762195 0.595539
v -1.561184 0.726879 0.595539
v -1.553754 0.744616 0.595539
v -1.592275 0.779754 0.595539
v -1.592275 0.779754 1.013365
v -1.553754 0.744616 1.013365
v 2.799957 0.802717 0.675804
v 2.811548 0.852363 0.651111
v 2.806804 0.899325 0.673490
v 2.734552 0.804870 0.859253
v 2.733015 0.876437 0.885152
v 2.754805 0.935240 0.835251
v 0.271211 2.673355 0.962855
v 0.560875 2.517923 0.962855
v 0.653047 2.439427 0.962509
v 1.471838 2.147193 0.962855
v 1.528931 2.042678 0.913124
v 1.697257 1.576004 0.877189
v 1.932449 1.524909 0.689924
v 2.138699 1.471989 0.690506
v 2.368824 1.406113 0.667324
v 2.538150 1.345246 0.641188
v 2.692401 1.277636 0.625655
v 1.227901 2.242321 0.962855
v 1.397400 2.185385 0.962855
v 0.821830 2.308401 0.962855
v 0.726935 2.348975 0.963593
v 2.846273 1.142111 0.547516
v 2.767806 0.462335 0.771432
v 2.787601 0.554550 0.770279
v 2.852105 1.068331 0.605925
v -0.395553 2.830951 0.969468
v -0.819020 2.831040 0.969468
v 2.800346 1.195199 0.583727
v -0.819020 2.797007 0.765893
v -0.906223 2.797007 0.765893
v 0.769084 2.326430 0.962855
v -0.819020 2.814024 0.867680
v 2.746225 1.241787 0.606968
v 2.767806 0.213011 0.771432
v 2.795978 0.766569 0.768486
v 2.813928 0.958018 0.735993
v -0.906223 2.797519 0.649682
v -0.906223 2.798581 0.341473
v 1.644037 1.764200 0.931366
v 1.596462 1.888551 0.926665
v 1.677111 1.650044 0.927557
v 1.154132 2.257053 0.962855
v 1.086932 2.268747 0.962855
v 1.745689 1.546895 0.821906
v 2.768625 0.789135 0.756978
v 2.791066 0.864359 0.762328
v 2.787707 0.925068 0.738115
v 2.853407 0.814107 0.616722
v 2.851831 0.897539 0.628055
v 2.823652 0.767370 0.693483
v 2.832392 0.856239 0.632633
v 2.736419 0.824615 0.921782
v 2.754630 0.938555 0.892925
v 2.830433 0.946350 0.690234
v 2.809913 0.824123 0.653035
v 2.812096 0.878171 0.655796
v 2.788452 0.792509 0.705969
v 2.800187 0.857589 0.697950
v 2.729339 0.830713 0.888305
v 2.739709 0.913577 0.869713
v 2.800753 0.911170 0.695436
v 2.820880 0.911375 0.659465
v 2.766705 0.951958 0.845984
v 2.740071 0.881874 0.912190
v 2.740274 0.797197 0.878215
v 2.821177 0.793128 0.654444
v 2.768255 0.767853 0.843798
v 2.794547 0.963290 0.789015
v 2.748712 0.788088 0.819132
v 2.757950 0.871363 0.833174
v 2.772851 0.933954 0.790446
v 2.796624 0.941839 0.735967
v 2.779578 0.777939 0.761750
v 2.779113 0.825859 0.768272
v 2.788479 0.900926 0.753627
v 2.802537 0.889740 0.698497
v 2.796808 0.823302 0.703045
v 2.803144 0.780032 0.698677
v 2.783227 0.947009 0.789790
v 2.812286 0.929653 0.692733
v 2.829551 0.819182 0.634119
v 2.735861 0.827556 0.906690
v 2.755908 0.779097 0.830558
v 2.753910 0.827636 0.836605
v 2.766431 0.909992 0.818831
v 2.828338 0.886980 0.638915
v 2.751098 0.927779 0.886340
vn 0.9574 0.0447 -0.2852
vn 0.9621 0.1131 -0.2483
vn 0.9937 -0.0709 -0.0865
vn 0.9781 -0.0074 0.2080
vn 0.1963 0.6713 -0.7147
vn 0.2473 0.7643 -0.5956
vn 0.2321 0.8277 -0.5110
vn 0.2001 0.7342 -0.6487
vn 0.2935 0.8252 -0.4825
vn 0.2614 0.7388 -0.6212
vn 0.3463 0.8183 -0.4588
vn 0.2968 0.7165 -0.6313
vn 0.0355 0.0018 -0.9994
vn 0.0292 -0.0013 -0.9996
vn 0.0131 -0.0006 -0.9999
vn 0.0075 0.0007 -1.0000
vn 0.3835 0.8159 -0.4327
vn 0.3520 0.6868 -0.6359
vn 0.3292 0.4372 -0.8369
vn 0.5653 0.3997 -0.7216
vn 0.5222 0.8478 -0.0924
vn 0.4494 0.8905 -0.0703
vn 0.4535 0.8912 -0.0000
vn 0.4929 0.8700 -0.0067
vn 0.1125 0.7838 -0.6108
vn 0.1401 0.9442 -0.2980
vn 0.3019 0.9112 -0.2804
vn 0.2455 0.7529 -0.6106
vn 0.4986 0.8296 -0.2511
vn 0.4189 0.6828 -0.5986
vn 0.0002 0.7976 -0.6031
vn -0.0000 0.9518 -0.3068
vn 0.6796 0.6981 -0.2251
vn 0.5690 0.5625 -0.5999
vn 0.7070 0.4252 -0.5651
vn 0.7120 0.6656 -0.2237
vn 0.8127 0.4469 -0.3740
vn 0.8102 0.3241 -0.4884
vn 0.8842 0.1636 -0.4376
vn 0.8073 0.2591 -0.5302
vn 0.8087 0.4516 -0.3770
vn 0.9128 0.2133 -0.3482
vn 0.5253 0.6526 -0.5461
vn 0.3246 0.9244 -0.2003
vn 0.2505 0.9450 -0.2103
vn 0.3294 0.7721 -0.5435
vn 0.2592 0.9378 -0.2310
vn 0.2535 0.8403 -0.4792
vn 0.3194 0.9147 -0.2476
vn 0.3201 0.8348 -0.4480
vn 0.3869 0.8903 -0.2402
vn 0.3780 0.8066 -0.4545
vn 0.4709 0.8527 -0.2260
vn 0.4557 0.7679 -0.4502
vn 0.9363 -0.0324 -0.3497
vn 0.9271 -0.0849 -0.3650
vn 0.9263 -0.0438 -0.3743
vn 0.6298 0.7458 -0.2173
vn 0.6497 0.6544 -0.3869
vn 0.4495 0.7923 -0.4126
vn 0.4645 0.6475 -0.6041
vn -1.0000 -0.0000 -0.0000
vn -1.0000 -0.0003 -0.0001
vn -0.0000 0.9998 -0.0220
vn -0.0000 1.0000 -0.0000
vn -0.0000 0.9361 -0.3518
vn -0.0000 0.9935 -0.1142
vn 0.1628 0.9856 -0.0467
vn -0.0000 0.9982 -0.0592
vn 0.1358 0.9902 -0.0326
vn 0.5501 0.8327 -0.0634
vn 0.5220 0.8504 -0.0657
vn 0.4813 0.8765 -0.0109
vn 0.6673 0.7448 -0.0038
vn 0.3735 0.9254 -0.0649
vn 0.3015 0.9513 -0.0634
vn 0.3011 0.9536 -0.0000
vn 0.3742 0.9274 0.0013
vn 0.3490 0.9350 -0.0629
vn 0.3488 0.9372 -0.0000
vn 0.2350 0.9700 -0.0628
vn 0.1864 0.9807 -0.0590
vn 0.1806 0.9836 -0.0000
vn 0.2330 0.9725 -0.0023
vn 0.6889 0.7246 -0.0177
vn 0.5145 0.8573 -0.0174
vn 0.5810 0.8139 -0.0000
vn 0.6846 0.7289 -0.0033
vn 0.3306 0.9432 -0.0320
vn 0.3369 0.9415 -0.0000
vn 0.2121 0.9737 -0.0831
vn 0.2336 0.9681 -0.0908
vn 0.2209 0.9745 -0.0389
vn 0.1996 0.9787 -0.0476
vn 0.1804 0.9821 -0.0539
vn 0.1748 0.9835 -0.0467
vn 0.8052 0.4747 -0.3555
vn 0.2376 0.9681 -0.0799
vn 0.9944 0.0582 -0.0886
vn 0.9357 0.3326 -0.1177
vn 0.9363 0.3513 -0.0000
vn 0.9980 -0.0371 0.0519
vn -1.0000 -0.0001 -0.0001
vn 0.8697 -0.1969 -0.4526
vn 0.6146 -0.2105 -0.7603
vn 0.6467 -0.0764 -0.7589
vn 0.8827 -0.0970 -0.4598
vn 0.9710 -0.0769 -0.2263
vn 0.9595 -0.1752 -0.2205
vn 0.9138 -0.1802 -0.3640
vn -0.0000 -0.9866 -0.1629
vn -0.0014 0.8591 -0.5118
vn -0.0000 0.3167 -0.9485
vn -0.0976 0.3151 -0.9440
vn -0.3208 0.8222 -0.4701
vn -0.0029 0.9706 -0.2408
vn -0.8520 0.5102 -0.1176
vn 0.9178 -0.0024 -0.3971
vn -0.7233 -0.0019 -0.6905
vn -0.7771 -0.0016 -0.6294
vn 0.6831 -0.2463 -0.6875
vn 0.0067 -0.9450 -0.3271
vn 0.0195 -0.7517 -0.6592
vn -0.1642 -0.3954 -0.9037
vn -0.0613 -0.4113 -0.9094
vn -0.9999 -0.0161 -0.0002
vn -0.0320 -0.9992 -0.0254
vn -1.0000 0.0056 -0.0002
vn -1.0000 0.0041 -0.0002
vn -0.9969 -0.0126 0.0779
vn -0.9988 -0.0198 -0.0438
vn -0.9977 -0.0183 -0.0652
vn -0.9983 -0.0117 0.0563
vn -0.9960 0.0241 0.0863
vn -0.9896 0.0292 -0.1408
vn -0.0788 -0.9969 -0.0001
vn -0.0362 -0.9990 -0.0254
vn -0.0098 -0.0727 -0.9973
vn -0.0175 -0.0003 -0.9998
vn -0.0178 -0.0003 -0.9998
vn -0.0228 -0.7570 -0.6530
vn -0.0175 -0.0085 -0.9998
vn -0.0175 -0.0086 -0.9998
vn -0.0190 -0.7570 -0.6531
vn -0.0163 -0.2983 -0.9543
vn -0.0181 -0.2983 -0.9543
vn -0.0018 0.0257 -0.9997
vn -0.0072 -0.0003 -1.0000
vn -0.0073 -0.0003 -1.0000
vn -0.0031 0.0257 -0.9997
vn 0.9273 -0.0000 -0.3742
vn 0.8751 -0.0000 -0.4840
vn -0.9989 -0.0452 0.0155
vn -0.9988 -0.0465 0.0143
vn -0.9754 -0.2204 -0.0000
vn -0.9758 -0.2181 0.0133
vn -0.3159 -0.4866 -0.8145
vn 0.0078 0.0129 -0.9999
vn -0.0461 0.0001 -0.9989
vn -0.5425 -0.2730 -0.7945
vn 0.2426 -0.5099 -0.8253
vn -0.0020 0.0194 -0.9998
vn -0.0007 0.0146 -0.9999
vn 0.0408 -0.5778 -0.8151
vn 0.5973 -0.0000 -0.8020
vn 0.1246 -0.0000 -0.9922
vn 0.0044 0.0051 -1.0000
vn -0.2388 -0.0645 -0.9689
vn 0.0023 0.0151 -0.9999
vn -0.1574 -0.5696 -0.8067
vn 0.1339 -0.0175 -0.9908
vn 0.1250 -0.1285 -0.9838
vn 0.9852 -0.1523 -0.0789
vn 0.9963 -0.0361 -0.0785
vn 0.9999 -0.0158 -0.0000
vn 0.9918 -0.1275 -0.0000
vn 0.4110 -0.9115 -0.0128
vn 0.4360 -0.8999 -0.0000
vn 0.7413 -0.6706 0.0275
vn 0.7253 -0.6885 -0.0001
vn -0.8132 -0.5789 -0.0601
vn -0.8499 -0.5269 0.0010
vn 0.9619 -0.2562 -0.0953
vn 0.9858 -0.1674 0.0102
vn -0.5668 -0.8234 0.0278
vn -0.5445 -0.8386 -0.0163
vn -0.2844 -0.9584 -0.0229
vn -0.2627 -0.9647 -0.0177
vn 0.0644 -0.9979 0.0073
vn 0.0715 -0.9973 -0.0177
vn 0.2586 0.6631 -0.7025
vn 0.3408 0.9202 -0.1924
vn 0.7176 0.6961 -0.0210
vn 0.6972 0.7163 -0.0283
vn 0.2936 0.9538 -0.0642
vn 0.1932 0.9789 -0.0659
vn 0.1936 0.9811 -0.0000
vn 0.2697 0.9626 -0.0250
vn 0.1960 0.9806 -0.0000
vn 0.1758 0.9844 -0.0092
vn 0.2001 0.6792 -0.7061
vn 0.1263 0.6735 -0.7283
vn 0.1900 0.9655 -0.1781
vn 0.2837 0.9417 -0.1809
vn 0.5429 0.5594 -0.6264
vn 0.6758 0.6999 -0.2311
vn 0.3588 0.8902 -0.2808
vn 0.2965 0.6822 -0.6684
vn 0.1263 0.6958 -0.7071
vn 0.2008 0.9478 -0.2478
vn 0.4565 0.8895 -0.0222
vn 0.4752 0.8799 -0.0001
vn -0.9993 0.0050 0.0371
vn -0.9962 0.0072 -0.0864
vn -0.3607 -0.0260 -0.9323
vn -0.2474 -0.0093 -0.9689
vn 0.6686 0.7374 -0.0959
vn 0.4935 0.8653 -0.0879
vn 0.3436 0.9391 -0.0000
vn 0.6783 0.7348 -0.0096
vn 0.0107 0.0116 -0.9999
vn -0.0548 0.1254 -0.9906
vn 0.4957 -0.8603 -0.1187
vn 0.5039 -0.8637 -0.0000
vn -0.0939 -0.9956 -0.0000
vn -0.2237 -0.9744 -0.0201
vn -0.6307 -0.6743 -0.3841
vn -0.5246 0.8508 0.0320
vn -0.4976 0.8672 -0.0181
vn -0.9960 0.0669 0.0594
vn -0.9978 0.0670 -0.0000
vn 0.8497 0.5183 -0.0975
vn 0.8580 0.5137 -0.0001
vn -0.5376 -0.7454 -0.3942
vn 0.9842 -0.1584 -0.0789
vn 0.9958 -0.0483 -0.0776
vn 0.5806 -0.0834 -0.8099
vn -0.0137 0.0424 -0.9990
vn -0.0099 0.0311 -0.9995
vn 0.4149 -0.3479 -0.8407
vn -0.0000 -0.0000 -1.0000
vn -0.0000 -0.3585 -0.9335
vn -0.0554 -0.3580 -0.9321
vn -0.1545 -0.0000 -0.9880
vn 0.9173 -0.0024 -0.3981
vn 0.5351 -0.0014 -0.8448
vn 0.4365 0.1873 -0.8800
vn 0.7932 0.2967 -0.5318
vn -0.0814 -0.5252 -0.8471
vn -0.0000 -0.5269 -0.8499
vn 0.3073 -0.2659 -0.9137
vn -0.0000 -0.0000 1.0000
vn -0.0000 -1.0000 -0.0000
vn -0.0318 -0.9864 -0.1612
vn -0.0310 0.9642 -0.2634
vn -0.0311 0.9642 -0.2634
vn -0.5413 0.8409 -0.0000
vn -0.8577 0.5141 -0.0000
vn 0.4355 -0.6982 -0.5682
vn 0.0059 -0.9917 -0.1282
vn 0.4354 -0.6983 -0.5681
vn -0.9735 0.0039 -0.2289
vn 0.9734 -0.0130 -0.2288
vn 1.0000 -0.0086 -0.0000
vn -1.0000 0.0086 -0.0000
vn 0.1231 0.9924 -0.0000
vn -0.1927 -0.8948 0.4028
vn -0.1804 -0.9813 0.0672
vn -0.1231 -0.9924 -0.0000
vn -0.1277 -0.9654 0.2275
vn -0.1863 -0.9823 0.0209
vn -0.2203 -0.9300 0.2942
vn -0.1493 -0.9887 -0.0114
vn -0.2506 -0.9311 0.2650
vn -0.0432 -0.9978 -0.0496
vn -0.3168 -0.8321 0.4553
vn 0.0771 -0.9935 -0.0832
vn 0.0751 -0.9972 -0.0000
vn -0.3732 -0.9224 -0.0996
vn -0.2273 -0.9659 -0.1237
vn -0.1949 -0.9688 -0.1532
vn -0.1299 -0.9723 -0.1942
vn 0.0064 -0.9754 -0.2206
vn 0.1552 -0.9435 -0.2929
vn 0.9834 -0.1816 -0.0000
vn 0.8795 -0.2843 -0.3818
vn -0.0231 -0.4979 -0.8669
vn -0.2525 -0.4615 -0.8504
vn -0.1107 0.5068 0.8549
vn 0.0311 0.4971 0.8671
vn -0.0126 0.4517 0.8921
vn -0.9305 -0.0950 -0.3538
vn -0.5483 0.4656 0.6946
vn 0.3113 -0.5024 -0.8066
vn -0.4617 0.3383 0.8200
vn 0.5736 -0.4592 -0.6784
vn -0.9832 0.1828 -0.0000
vn -0.6431 -0.3249 -0.6934
vn 0.0165 0.9973 0.0713
vn -0.0165 0.9973 0.0712
vn -0.0282 -0.8818 0.4708
vn 0.0281 -0.8825 0.4695
vn -0.0554 0.9984 0.0136
vn -0.9987 0.0513 -0.0000
vn -0.5458 -0.8376 0.0226
vn -0.0424 -0.0000 -0.9991
vn 0.0425 -0.0000 -0.9991
vn 0.0425 -0.3417 -0.9388
vn -0.0425 -0.3417 -0.9388
vn 0.0425 -0.6422 -0.7654
vn -0.0425 -0.6422 -0.7654
vn 0.0425 -0.8652 -0.4995
vn -0.0425 -0.8652 -0.4995
vn 0.0425 -0.9839 -0.1735
vn -0.0425 -0.9839 -0.1735
vn 0.0425 -0.9839 0.1735
vn -0.0425 -0.9839 0.1735
vn 0.0425 -0.8652 0.4995
vn -0.0425 -0.8652 0.4995
vn 0.0425 -0.6422 0.7654
vn -0.0425 -0.6422 0.7654
vn 0.0425 -0.3417 0.9388
vn -0.0424 -0.3417 0.9388
vn 0.0425 -0.0000 0.9991
vn -0.0425 -0.0000 0.9991
vn 0.0425 0.3417 0.9388
vn -0.0425 0.3417 0.9388
vn 0.0425 0.6422 0.7654
vn -0.0425 0.6422 0.7654
vn 0.0425 0.8652 0.4995
vn -0.0425 0.8652 0.4995
vn 0.0425 0.9839 0.1735
vn -0.0425 0.9839 0.1735
vn 0.0425 0.9839 -0.1735
vn -0.0425 0.9839 -0.1735
vn 0.0425 0.8652 -0.4995
vn -0.0425 0.8652 -0.4995
vn 0.0425 0.6422 -0.7654
vn -0.0425 0.6422 -0.7654
vn 0.0425 0.3417 -0.9388
vn -0.0425 0.3417 -0.9388
vn 0.9960 0.0776 0.0449
vn 0.9960 0.0883 0.0155
vn -0.9960 -0.0000 0.0897
vn -0.9960 -0.0307 0.0842
vn -0.9960 -0.0000 -0.0897
vn -0.9960 0.0307 -0.0842
vn 0.9960 -0.0307 0.0842
vn 0.9960 -0.0000 0.0897
vn 0.9960 0.0307 -0.0842
vn 0.9960 -0.0001 -0.0897
vn -0.9960 -0.0883 0.0156
vn -0.9960 -0.0883 -0.0156
vn -0.9960 0.0883 -0.0156
vn -0.9960 0.0883 0.0156
vn -0.9960 -0.0307 -0.0842
vn 0.9960 -0.0883 -0.0156
vn 0.9960 -0.0883 0.0156
vn 0.9960 0.0883 -0.0156
vn 0.9960 -0.0309 -0.0842
vn -0.9960 0.0307 0.0842
vn 0.9960 0.0307 0.0842
vn -0.9960 -0.0776 0.0449
vn -0.9960 0.0776 -0.0449
vn 0.9960 -0.0776 0.0449
vn 0.9960 0.0776 -0.0449
vn -0.9960 -0.0577 -0.0687
vn -0.9960 0.0577 0.0687
vn 0.9960 -0.0577 -0.0686
vn 0.9960 0.0577 0.0686
vn -0.9960 -0.0576 0.0687
vn -0.9960 0.0576 -0.0687
vn 0.9960 -0.0576 0.0687
vn 0.9960 0.0575 -0.0688
vn -0.9960 -0.0777 -0.0448
vn -0.9960 0.0777 0.0448
vn 0.9960 -0.0776 -0.0450
vn 0.5819 0.5228 -0.6230
vn 0.5819 0.2782 -0.7642
vn -0.5819 0.2782 -0.7642
vn -0.5819 0.5228 -0.6230
vn 0.5819 -0.0000 0.8133
vn 0.5819 0.2782 0.7642
vn -0.5819 0.2782 0.7642
vn -0.5819 -0.0000 0.8133
vn 0.5819 -0.5228 -0.6230
vn 0.5819 -0.7043 -0.4066
vn -0.5819 -0.7043 -0.4066
vn -0.5819 -0.5228 -0.6230
vn 0.5819 -0.0000 -0.8133
vn -0.5819 -0.0000 -0.8133
vn 0.5819 0.5228 0.6230
vn -0.5819 0.5228 0.6230
vn 0.5819 -0.8009 -0.1412
vn -0.5819 -0.8009 -0.1412
vn 0.5819 0.7043 0.4066
vn -0.5819 0.7043 0.4066
vn 0.5819 -0.8009 0.1412
vn -0.5819 -0.8009 0.1412
vn 0.5819 0.8009 0.1412
vn -0.5819 0.8009 0.1412
vn 0.5819 -0.7043 0.4066
vn -0.5819 -0.7043 0.4067
vn 0.5819 0.8009 -0.1412
vn -0.5819 0.8009 -0.1412
vn 0.5819 -0.5228 0.6230
vn -0.5819 -0.5228 0.6230
vn 0.5819 0.7043 -0.4066
vn -0.5819 0.7043 -0.4067
vn 0.5819 -0.2782 0.7642
vn -0.5819 -0.2782 0.7642
vn 0.5819 -0.2782 -0.7642
vn -0.5819 -0.2782 -0.7642
vn -0.9889 -0.1288 0.0744
vn -0.9889 -0.1464 0.0258
vn -0.9889 0.0956 0.1139
vn -0.9889 0.0509 0.1397
vn 0.9889 0.1288 -0.0744
vn 0.9889 0.0956 -0.1139
vn -0.9889 -0.0956 0.1139
vn -0.9889 0.1288 0.0744
vn 0.9889 0.0509 -0.1397
vn -0.9889 -0.0509 0.1397
vn -0.9889 0.1464 0.0258
vn 0.9889 -0.0000 -0.1487
vn -0.9889 -0.0000 0.1487
vn -0.9889 0.1464 -0.0258
vn 0.9889 -0.0509 -0.1397
vn -0.9889 0.1288 -0.0744
vn 0.9889 -0.0956 -0.1139
vn -0.9889 0.0956 -0.1139
vn 0.9889 -0.1288 -0.0744
vn -0.9889 0.0509 -0.1397
vn 0.9889 -0.1464 -0.0258
vn -0.9889 -0.0000 -0.1487
vn 0.9889 -0.1464 0.0258
vn 0.9889 -0.0000 0.1487
vn 0.9889 0.0509 0.1397
vn -0.9889 -0.0509 -0.1397
vn 0.9889 -0.1288 0.0744
vn 0.9889 0.0956 0.1139
vn -0.9889 -0.0956 -0.1139
vn 0.9889 -0.0956 0.1139
vn 0.9889 0.1288 0.0744
vn -0.9889 -0.1288 -0.0744
vn 0.9889 -0.0509 0.1397
vn 0.9889 0.1464 0.0258
vn -0.9889 -0.1464 -0.0258
vn 0.9889 0.1464 -0.0258
vn -0.9081 -0.0004 -0.4187
vn 0.9080 -0.0162 -0.4187
vn 0.9080 -0.0161 -0.4187
vn -0.9987 0.0511 -0.0000
vn -0.9926 0.1188 0.0258
vn -0.9926 0.1188 -0.0258
vn 0.9987 -0.0503 -0.0000
vn -0.1716 -0.5922 0.7873
vn 0.8549 -0.4888 0.1739
vn -0.1716 -0.5922 -0.7873
vn -0.1717 -0.5922 -0.7873
vn -0.1596 0.0002 -0.9872
vn -0.1893 -0.0013 -0.9819
vn -1.0000 -0.0000 -0.0001
vn -0.0012 -1.0000 -0.0007
vn -1.0000 0.0007 -0.0004
vn -0.9998 0.0067 0.0182
vn -0.1904 -0.0082 -0.9817
vn -0.2139 -0.0175 -0.9767
vn -0.5819 0.7043 0.4067
vn -0.8075 0.5886 -0.0396
vn -0.0590 0.9973 0.0436
vn 0.0588 -0.9973 0.0440
vn 0.0001 -0.9991 0.0432
vn -0.0001 0.9991 0.0429
vn -0.8074 0.5886 0.0396
vn 0.8681 -0.4964 -0.0000
vn 0.8126 -0.5828 -0.0000
vn 0.8120 -0.5822 0.0400
vn -0.5121 0.8578 -0.0442
vn -0.5121 0.8578 0.0442
vn -0.0589 0.9973 -0.0436
vn -0.0001 0.9991 -0.0429
vn 0.0589 -0.9983 -0.0000
vn 0.9987 0.0511 -0.0000
vn 0.9920 0.1234 -0.0259
vn 0.9920 0.1234 0.0259
vn -0.9987 -0.0503 -0.0000
vn -0.8499 -0.4995 0.1679
vn 0.1716 -0.5922 0.7873
vn 0.1716 -0.5922 -0.7873
vn 0.8023 0.5955 0.0398
vn -0.8069 -0.5893 0.0401
vn 0.0551 0.9975 0.0435
vn -0.0550 -0.9975 0.0439
vn 0.8023 0.5956 -0.0398
vn -0.8075 -0.5898 -0.0000
vn -0.8621 -0.5067 -0.0000
vn 0.5051 0.8619 -0.0443
vn 0.0550 0.9975 -0.0435
vn 0.5051 0.8619 0.0443
vn -0.0550 -0.9985 -0.0000
vn -0.2645 0.1145 -0.9576
vn 0.8619 0.0403 -0.5054
vn 0.8619 -0.0403 -0.5054
vn -0.2645 -0.1145 -0.9576
vn -0.2333 -0.9710 -0.0521
vn 0.2335 -0.9643 -0.1249
vn 0.2295 -0.9720 0.0512
vn -0.2319 -0.9648 0.1241
vn -0.2333 0.9710 -0.0521
vn -0.2319 0.9648 0.1241
vn 0.2295 0.9720 0.0512
vn 0.2335 0.9643 -0.1249
vn 0.9630 0.0474 0.2654
vn 0.9630 -0.0474 0.2653
vn -0.2462 0.0975 0.9643
vn -0.2462 -0.0975 0.9643
vn -0.9918 -0.0000 0.1281
vn -0.9918 -0.0000 0.1282
vn -0.8420 0.5394 -0.0000
vn -0.8420 -0.5394 -0.0000
vn -0.8421 -0.5394 -0.0000
vn -0.8421 0.5394 -0.0000
vn 0.8421 0.5394 -0.0000
vn 0.8420 0.5394 -0.0000
vn 0.8421 -0.5394 -0.0000
vn 0.8420 -0.5394 -0.0000
vn 1.0000 -0.0000 -0.0000
vn 0.9450 0.1164 -0.3056
vn 0.8841 0.3492 -0.3105
vn 0.8937 0.3826 -0.2343
vn 0.7549 0.5428 -0.3681
vn 0.7326 0.6368 -0.2402
vn 0.7010 0.4789 -0.5284
vn 0.6971 0.5902 -0.4070
vn 0.7377 0.6585 -0.1486
vn 0.9289 0.3446 -0.1357
vn -0.3866 -0.9222 0.0056
vn -0.9993 0.0337 0.0141
vn 0.5799 0.8048 -0.1265
vn 0.8764 0.2911 -0.3836
vn 0.8491 0.3392 -0.4050
vn 0.9963 -0.0000 -0.0858
vn 0.9963 -0.0000 -0.0857
vn 0.6559 0.4175 -0.6289
vn 0.6878 0.4514 -0.5685
vn 0.7920 0.4190 -0.4440
vn 0.4458 0.3954 -0.8031
vn 0.4978 0.4593 -0.7357
vn -0.0075 -0.0066 -0.9999
vn 0.2061 0.1992 -0.9580
vn 0.1765 0.1836 -0.9670
vn -0.0113 -0.0083 -0.9999
vn -0.0046 0.0127 -0.9999
vn -0.0039 -0.0068 -1.0000
vn 0.0851 0.1919 -0.9777
vn 0.0284 0.1788 -0.9835
vn 0.0104 0.0340 -0.9994
vn 0.0091 0.0340 -0.9994
vn 0.0509 0.1792 -0.9825
vn 0.0685 0.1743 -0.9823
vn 0.0013 0.0434 -0.9991
vn 0.0038 0.0599 -0.9982
vn 0.0096 0.0634 -0.9979
vn 0.0091 0.0677 -0.9977
vn 0.0229 0.1733 -0.9846
vn 0.3645 0.1508 -0.9189
vn 0.1615 0.0397 -0.9861
vn -0.0000 0.5438 -0.8392
vn 0.3043 0.3800 -0.8735
vn 0.3485 0.4832 -0.8032
vn 0.2631 0.3723 -0.8901
vn 0.3020 0.4938 -0.8155
vn 0.1998 0.3325 -0.9217
vn 0.2379 0.4679 -0.8512
vn 0.1374 0.3294 -0.9341
vn 0.1689 0.4608 -0.8713
vn 0.3129 0.3293 -0.8909
vn 0.3218 0.4246 -0.8463
vn 0.6500 0.3322 -0.6835
vn 0.4818 0.1214 -0.8678
vn 0.7540 0.1840 -0.6306
vn 0.8500 0.2301 -0.4739
vn 0.5626 0.1226 -0.8176
vn 0.5560 0.1919 -0.8087
vn 0.2738 0.0868 -0.9579
vn -0.0025 -0.0056 -1.0000
vn 0.1362 0.2186 -0.9662
vn 0.0001 0.1225 -0.9925
vn 0.0001 0.3443 -0.9389
vn 0.0555 0.3091 -0.9494
vn 0.0264 0.0850 -0.9960
vn 0.0297 0.0408 -0.9987
vn 0.0996 0.2655 -0.9590
vn -0.1827 -0.1653 -0.9692
vn 0.5173 -0.8546 0.0448
vn 0.5178 -0.8555 -0.0000
vn -0.5101 -0.8589 0.0449
vn -0.5107 -0.8597 -0.0000
vn 0.9966 -0.0000 -0.0829
vn 0.9793 -0.0000 -0.2023
vn 0.9793 -0.0000 -0.2024
vn 0.0177 0.0098 -0.9998
vn 0.0111 -0.0021 -0.9999
vn 0.0082 -0.0066 -0.9999
vn -0.0009 -0.0103 -0.9999
vn 0.0061 0.0142 -0.9999
vn 0.0547 0.0084 -0.9985
vn 0.0369 0.0450 -0.9983
vn -0.0073 -0.0002 -1.0000
vn -0.0019 -0.0001 -1.0000
vn -0.0014 0.0085 -1.0000
vn -0.0047 0.0238 -0.9997
vn 0.0182 0.0861 -0.9961
vn 0.0697 0.0411 -0.9967
vn 0.0938 0.0095 -0.9955
vn 0.0284 0.0143 -0.9995
vn -0.0031 0.0045 -1.0000
vn 0.0161 0.0103 -0.9998
vn 0.0030 0.0485 -0.9988
vn 0.0631 0.0250 -0.9977
vn 0.0194 0.0025 -0.9998
vn -0.0338 0.0036 -0.9994
vn 0.0434 0.0585 -0.9973
vn 0.0094 0.0811 -0.9967
vn -0.0263 0.0059 -0.9996
vn 0.0101 0.0366 -0.9993
vn 0.0385 0.0097 -0.9992
vn -0.0157 0.0178 -0.9997
vn -0.0095 0.0027 -1.0000
vn -0.0000 -0.0138 -0.9999
vn 0.0011 -0.0132 -0.9999
vn 0.0003 -0.0003 -1.0000
vn -0.0000 -0.0139 -0.9999
vn 0.0140 0.0882 -0.9960
vn 0.0164 0.0758 -0.9970
vn 0.0323 0.0795 -0.9963
vn 0.0232 0.1314 -0.9911
vn -0.0008 -0.0262 -0.9997
vn 0.0097 -0.0267 -0.9996
vn 0.0125 0.0391 -0.9992
vn 0.0320 0.1723 -0.9845
vn -0.0006 0.0808 -0.9967
vn -0.0000 0.0810 -0.9967
vn 0.0017 0.0853 -0.9964
vn 0.0072 0.0778 -0.9969
vn -0.0112 -0.1728 -0.9849
vn -0.0064 -0.1580 -0.9874
vn -0.0108 -0.2582 -0.9660
vn -0.0235 -0.3381 -0.9408
vn -0.6427 -0.6732 -0.3657
vn -0.1019 -0.9204 -0.3775
vn -0.0171 0.0030 -0.9998
vn -0.0845 0.0324 -0.9959
vn -0.1164 0.0171 -0.9931
vn -0.0012 0.0804 -0.9968
vn -0.0268 0.0718 -0.9971
vn -0.0128 0.0740 -0.9972
vn -0.0000 -0.9282 -0.3721
vn 0.0049 -0.0311 -0.9995
vn -0.0007 -0.0338 -0.9994
vn 0.0003 -0.0299 -0.9996
vn -0.9295 0.1540 -0.3350
vn -0.9392 -0.1055 -0.3267
vn -0.0181 0.0465 -0.9988
vn -0.0088 0.0618 -0.9980
vn 0.0090 0.0646 -0.9979
vn 0.0060 0.0705 -0.9975
vn -0.0203 0.0200 -0.9996
vn -0.0448 -0.0162 -0.9989
vn 0.0003 -0.0444 -0.9990
vn 0.0004 -0.0282 -0.9996
vn 0.0002 -0.0448 -0.9990
vn -0.0007 -0.0433 -0.9991
vn -0.2008 -0.0087 -0.9796
vn -0.1076 -0.0419 -0.9933
vn 0.0309 -0.0166 -0.9994
vn 0.0138 -0.0155 -0.9998
vn 0.0126 -0.0100 -0.9999
vn 0.3481 -0.0172 -0.9373
vn 0.1673 -0.0053 -0.9859
vn 0.1369 -0.0225 -0.9903
vn 0.2517 -0.0554 -0.9662
vn 0.1776 -0.0068 -0.9841
vn 0.4449 0.0038 -0.8956
vn 0.0989 0.0267 -0.9947
vn -0.0132 0.0080 -0.9999
vn -0.0017 -0.0008 -1.0000
vn -0.0079 -0.0008 -1.0000
vn -0.0082 -0.0000 -1.0000
vn -0.0016 -0.0002 -1.0000
vn 0.6759 -0.7370 -0.0000
vn 0.1001 -0.1091 -0.9890
vn 0.1014 0.1073 -0.9890
vn 0.6734 0.7393 -0.0000
vn 0.0344 -0.0009 -0.9994
vn 0.0344 0.0004 -0.9994
vn 0.0046 0.0245 -0.9997
vn 0.0157 0.0275 -0.9995
vn 0.0159 0.0732 -0.9972
vn 0.0053 0.0867 -0.9962
vn 0.0237 0.0633 -0.9977
vn 0.4151 0.0041 -0.9098
vn 0.1798 0.0016 -0.9837
vn 0.0294 -0.0043 -0.9996
vn 0.0239 -0.0250 -0.9994
vn 0.0423 -0.0234 -0.9988
vn 0.0646 -0.0093 -0.9979
vn 0.0600 -0.0485 -0.9970
vn 0.0765 -0.0313 -0.9966
vn -0.0026 0.0756 -0.9971
vn -0.0020 0.0045 -1.0000
vn -0.0629 0.9429 -0.3271
vn -0.2944 0.8846 -0.3618
vn -0.0006 -0.0330 -0.9995
vn -0.0016 0.0692 -0.9976
vn 0.0041 -0.0474 -0.9989
vn 0.0178 -0.0474 -0.9987
vn -0.1072 -0.0282 -0.9938
vn -0.0315 -0.0079 -0.9995
vn -0.0271 -0.0046 -0.9996
vn -0.1161 -0.0158 -0.9931
vn -0.0147 0.0053 -0.9999
vn 0.0224 0.0122 -0.9997
vn -0.0239 -0.1178 -0.9928
vn -0.0083 -0.0462 -0.9989
vn -0.0026 0.0064 -1.0000
vn 0.0865 0.2617 -0.9613
vn 0.0834 0.2261 -0.9705
vn -0.0028 0.0045 -1.0000
vn 0.0621 0.0158 -0.9979
vn 0.0581 0.0186 -0.9981
vn 0.3235 0.1327 -0.9369
vn 0.3276 0.1175 -0.9375
vn 0.0365 0.0173 -0.9992
vn 0.1526 0.1877 -0.9703
vn 0.3044 0.1279 -0.9439
vn 0.1677 0.0267 -0.9855
vn -0.9986 0.0533 -0.0012
vn -0.9986 0.0533 -0.0013
vn -0.9998 -0.0221 -0.0014
vn 0.4895 0.7331 -0.4721
vn 0.0702 0.9276 -0.3668
vn 0.0611 0.0074 -0.9981
vn 0.0110 0.0728 -0.9973
vn -0.0048 0.1293 -0.9916
vn -0.1980 0.0086 -0.9802
vn 0.0028 0.0080 -1.0000
vn 0.0729 0.2854 -0.9556
vn 0.0349 -0.0001 -0.9994
vn 0.0368 -0.0068 -0.9993
vn 0.0164 -0.0036 -0.9999
vn 0.0699 0.2514 -0.9654
vn -0.0080 0.0009 -1.0000
vn 0.0469 -0.0031 -0.9989
vn 0.9850 0.1143 -0.1291
vn 0.9989 -0.0461 -0.0000
vn -0.0017 -0.0015 -1.0000
vn -0.0010 0.0048 -1.0000
vn -0.9890 -0.1481 -0.0016
vn -0.9950 -0.0995 -0.0015
vn 0.9998 0.0223 0.0014
vn 0.9987 -0.0509 0.0013
vn 0.9987 -0.0509 0.0012
vn -0.1271 -0.9919 -0.0016
vn -0.6059 -0.7955 -0.0020
vn -0.0132 -0.0410 -0.9991
vn 0.0189 -0.0248 -0.9995
vn 0.0310 -0.0042 -0.9995
vn -0.0044 -0.0039 -1.0000
vn -0.0324 -0.0138 -0.9994
vn 0.0915 -0.0024 -0.9958
vn 0.0206 0.0350 -0.9992
vn 0.0240 0.0680 -0.9974
vn 0.2938 0.0848 -0.9521
vn 0.9782 0.2076 0.0017
vn 0.9815 0.1916 0.0016
vn 0.9815 0.1916 0.0017
vn 0.9782 0.2074 0.0017
vn -0.0534 -0.0218 -0.9983
vn -0.0287 -0.0330 -0.9990
vn 0.0224 0.0535 -0.9983
vn -0.1125 -0.0189 -0.9935
vn -0.0220 -0.0669 -0.9975
vn 0.0123 -0.0271 -0.9996
vn -0.0006 -0.0304 -0.9995
vn 0.0293 0.0467 -0.9985
vn -0.8815 0.4722 -0.0001
vn 0.0172 0.9999 0.0015
vn 0.0173 0.9999 0.0012
vn -0.8815 0.4722 -0.0005
vn -0.9625 -0.2714 -0.0017
vn -0.9680 -0.2508 -0.0017
vn 0.9622 -0.2724 0.0006
vn 0.3215 -0.9469 -0.0009
vn 0.3216 -0.9469 -0.0008
vn 0.9622 -0.2724 0.0010
vn -0.0307 -0.9995 -0.0015
vn -0.0297 -0.9996 -0.0015
vn -0.0295 -0.9996 -0.0015
vn 0.9948 0.1022 0.0016
vn 1.0000 0.0056 0.0014
vn 0.9976 -0.0691 0.0013
vn 0.9976 -0.0694 0.0013
vn 0.1620 0.9868 0.0017
vn 0.2613 0.9653 0.0018
vn 0.2612 0.9653 0.0018
vn 0.1015 0.9948 0.0016
vn 0.3700 0.9290 0.0004
vn 0.3700 0.9290 0.0019
vn -0.9473 -0.3203 -0.0018
vn -0.9810 -0.1939 -0.0017
vn -0.9762 -0.2167 -0.0017
vn -0.9762 -0.2168 -0.0017
vn 0.0061 -0.0128 -0.9999
vn 0.0592 0.1592 -0.9855
vn -0.0030 -0.0710 -0.9975
vn -0.0004 -0.0698 -0.9976
vn -0.0002 -0.0578 -0.9983
vn -0.0020 -0.0570 -0.9984
vn 0.6305 -0.0107 -0.7761
vn 0.5469 0.0974 -0.8315
vn 0.0020 -0.0669 -0.9978
vn 0.0011 -0.0575 -0.9983
vn 0.1934 -0.9026 -0.3846
vn 0.8448 -0.2667 -0.4639
vn -0.0012 -0.0411 -0.9992
vn 0.0831 -0.1297 -0.9881
vn -0.9934 -0.1148 -0.0014
vn -0.9789 0.2044 -0.0011
vn -0.9934 -0.1148 -0.0016
vn 0.5407 0.8412 0.0018
vn 0.5407 0.8412 0.0020
vn 0.9950 0.0994 0.0015
vn -0.1493 -0.9888 -0.0017
vn -0.7958 -0.6055 -0.0020
vn -0.1492 -0.9888 -0.0017
vn 1.0000 0.0038 0.0014
vn -0.2631 0.9648 0.0010
vn 0.1365 0.9906 0.0017
vn -0.2631 0.9648 0.0003
vn -0.0510 -0.9987 -0.0015
vn -0.0246 -0.2227 -0.9746
vn 0.0003 -0.1900 -0.9818
vn 0.9889 0.1484 0.0016
vn 0.3473 -0.9377 -0.0009
vn 0.3473 -0.9377 -0.0001
vn 0.9260 0.1236 -0.3566
vn 0.0261 -0.0245 -0.9994
vn 0.9810 0.1938 0.0017
vn -0.9243 -0.3817 -0.0018
vn -0.0300 -0.0005 -0.9996
vn -0.0869 -0.0197 -0.9960
vn 0.0453 0.0451 -0.9980
vn 0.0418 0.0185 -0.9990
vn 0.7848 0.0172 -0.6195
vn 0.8397 0.0700 -0.5385
vn 0.0993 -0.0109 -0.9950
vn 0.0206 -0.0106 -0.9997
vn 0.0052 0.0162 -0.9999
vn 0.0105 0.0201 -0.9997
vn 0.5477 -0.1730 -0.8186
vn 0.9745 0.0194 -0.2237
vn 0.8890 0.0177 -0.4576
vn 0.8841 -0.0485 -0.4648
vn 0.8051 -0.0591 -0.5902
vn -0.6974 0.1156 -0.7073
vn -0.9769 -0.1098 -0.1832
vn 0.0340 -0.1587 -0.9867
vn 0.0179 0.2357 -0.9717
vn -0.0110 0.2018 -0.9794
vn -0.0603 0.1813 -0.9816
vn -0.3181 -0.3332 -0.8876
vn 0.9125 -0.4064 0.0455
vn 0.8061 -0.5686 -0.1640
vn 0.7764 -0.6177 -0.1252
vn 0.8801 -0.4527 0.1432
vn 0.1802 0.2698 -0.9459
vn -0.0995 -0.1091 -0.9890
vn -0.1001 0.1091 -0.9890
vn 0.9972 -0.0448 0.0597
vn 0.9968 -0.0100 -0.0797
vn 0.9881 -0.1207 0.0950
vn -0.2923 0.0065 -0.9563
vn 0.0117 0.0179 -0.9998
vn 0.0050 0.0104 -0.9999
vn 0.0068 0.0188 -0.9998
vn -0.0022 0.0133 -0.9999
vn -0.0015 0.0044 -1.0000
vn -0.6734 -0.7393 -0.0000
vn -0.6759 0.7370 -0.0000
vn -0.0092 -0.0104 -0.9999
vn -0.0114 -0.0093 -0.9999
vn -0.2060 -0.0162 -0.9784
vn -0.0011 0.0147 -0.9999
vn -0.0007 0.0059 -1.0000
vn -0.0000 -0.7648 -0.6442
vn -0.0000 -0.7607 -0.6491
vn -0.0029 0.0130 -0.9999
vn -0.0018 0.0005 -1.0000
vn -0.0024 0.0010 -1.0000
vn -0.0027 -0.0006 -1.0000
vn 0.0097 0.0367 -0.9993
vn 0.9961 -0.0534 -0.0699
vn 0.9688 -0.1847 0.1652
vn 0.9378 -0.0486 0.3436
vn 0.5344 -0.0014 -0.8452
vn 0.0073 0.0278 -0.9996
vn 0.0154 0.0311 -0.9994
vn 0.0095 -0.0005 -1.0000
vn -0.0029 0.0005 -1.0000
vn -0.0029 0.0010 -1.0000
vn 0.0010 0.0078 -1.0000
vn -0.0018 0.0138 -0.9999
vn -0.0023 -0.0015 -1.0000
vn -0.0158 -0.0123 -0.9998
vn -0.0117 -0.7497 -0.6617
vn -0.1452 -0.7256 -0.6727
vn -0.2941 -0.0189 -0.9556
vn -0.0000 0.8474 -0.5310
vn -0.1640 0.0006 -0.9865
vn -0.0172 -0.0164 -0.9997
vn -0.0004 -0.0152 -0.9999
vn -0.0000 -0.9459 -0.3245
vn 0.0054 -0.0104 -0.9999
vn 0.6343 -0.2603 -0.7279
vn 0.6287 -0.0656 -0.7749
vn 0.6906 -0.0468 -0.7217
vn 0.7415 -0.1789 -0.6467
vn 0.0337 -0.0075 -0.9994
vn 0.0281 -0.0275 -0.9992
vn -0.0001 -0.0043 -1.0000
vn -0.0029 -0.0000 -1.0000
vn -0.0091 0.0005 -1.0000
vn -0.0094 -0.0002 -1.0000
vn 0.0273 -0.0025 -0.9996
vn 0.0210 0.0039 -0.9998
vn 0.1585 0.3779 -0.9122
vn 0.0201 0.0216 -0.9996
vn 0.0138 0.0197 -0.9997
vn 0.0685 0.4385 -0.8961
vn -0.0000 0.9648 -0.2631
vn 0.2130 0.2746 -0.9377
vn 0.0416 0.0416 -0.9983
vn 0.0218 0.0040 -0.9998
vn 0.0080 0.0291 -0.9995
vn -0.0025 0.0017 -1.0000
vn 0.2620 0.0005 -0.9651
vn 0.2366 -0.1351 -0.9622
vn 0.0441 -0.0202 -0.9988
vn 0.1138 -0.0001 -0.9935
vn 0.0269 -0.0027 -0.9996
vn 0.0832 -0.0180 -0.9964
vn 0.0280 -0.0749 -0.9968
vn 0.0412 -0.0764 -0.9962
vn 0.0196 0.0131 -0.9997
vn -0.0078 -0.0011 -1.0000
vn -0.0022 -0.0058 -1.0000
vn 0.0133 -0.0425 -0.9990
vn 0.0219 -0.0104 -0.9997
vn 0.0197 0.0203 -0.9996
vn 0.0789 -0.0072 -0.9969
vn -0.0074 0.0012 -1.0000
vn -0.0023 0.0025 -1.0000
vn 0.1036 0.0629 -0.9926
vn 0.2562 0.1661 -0.9522
vn 0.1352 0.0043 -0.9908
vn 0.1344 -0.0040 -0.9909
vn 0.1344 -0.0039 -0.9909
vn 0.1352 0.0044 -0.9908
vn -0.5694 -0.0335 -0.8214
vn 0.0161 -0.0000 -0.9999
vn -0.5403 0.0324 -0.8409
vn 0.0229 -0.0585 -0.9980
vn -0.0355 -0.4236 -0.9051
vn 0.0087 -0.0200 -0.9998
vn 0.0111 -0.0242 -0.9996
vn 0.0093 -0.4703 -0.8825
vn 0.0088 0.0200 -0.9998
vn -0.2073 0.0130 -0.9782
vn 0.0318 0.0551 -0.9980
vn -0.0339 0.4232 -0.9054
vn 0.0437 -0.4397 -0.8971
vn 0.0137 -0.0269 -0.9995
vn -0.2075 -0.0133 -0.9781
vn -0.4509 -0.1831 -0.8736
vn -0.4049 0.4699 -0.7844
vn 0.0005 0.2513 -0.9679
vn 0.0005 -0.1926 -0.9813
vn 0.2276 -0.1043 -0.9682
vn -0.5924 -0.0025 -0.8056
vn -0.0000 -0.1768 -0.9842
vn -0.0000 0.2513 -0.9679
vn -0.0000 -0.6217 -0.7832
vn -0.0000 -0.5994 -0.8004
vn -0.0000 -0.6495 -0.7603
vn -0.0000 -0.6530 -0.7574
vn -0.0000 -0.6217 -0.7833
vn -0.0460 -0.6236 -0.7804
vn -0.0000 -0.6207 -0.7840
vn 0.1194 0.2140 -0.9695
vn -0.6756 0.0554 -0.7352
vn 0.1434 -0.2563 -0.9559
vn -0.7601 0.0048 -0.6498
vn -0.3487 -0.3233 -0.8797
vn -0.0000 -0.7772 -0.6293
vn -0.0000 -0.4168 -0.9090
vn 0.7446 -0.2782 -0.6068
vn -0.2333 0.2037 -0.9508
vn 0.6132 0.4525 -0.6474
vn 0.6819 -0.1293 -0.7199
vn 0.1021 -0.7471 -0.6569
vn 0.0005 -0.3720 -0.9282
vn 0.0739 0.1741 -0.9820
vn -0.7963 0.0075 -0.6048
vn 0.1536 -0.0000 -0.9881
vn -0.1960 -0.3487 -0.9165
vn -0.2605 0.0497 -0.9642
vn -0.8097 0.0137 -0.5866
vn -0.4010 0.4857 -0.7767
vn -0.1432 0.1829 -0.9726
vn 0.0011 0.0049 -1.0000
vn -0.0132 0.0364 -0.9993
vn 0.1478 0.0316 -0.9885
vn -0.0000 0.0850 -0.9964
vn -0.0350 -0.0096 -0.9993
vn -0.0208 -0.0043 -0.9998
vn 0.1733 0.0583 -0.9831
vn 0.1732 0.0583 -0.9832
vn -0.0000 0.2616 -0.9652
vn -0.0001 -0.4168 -0.9090
vn 0.0005 0.2616 -0.9652
vn -0.4376 -0.3003 -0.8476
vn 0.7040 0.4186 -0.5737
vn -0.0000 0.3001 -0.9539
vn -0.9805 0.0590 -0.1876
vn -0.9982 0.0600 -0.0002
vn 0.8858 0.1393 -0.4427
vn 0.9879 0.1553 -0.0000
vn -0.0001 -0.3001 -0.9539
vn -0.0000 -0.3001 -0.9539
vn -0.9982 -0.0600 -0.0000
vn -0.9805 -0.0590 -0.1876
vn 0.8858 -0.1392 -0.4427
vn 0.9879 -0.1553 -0.0000
vn 0.0686 0.2441 -0.9673
vn 0.0736 0.2061 -0.9758
vn 0.3361 0.9418 -0.0000
vn 0.2706 0.9627 -0.0000
vn 0.0735 -0.2061 -0.9758
vn 0.0686 -0.2441 -0.9673
vn 0.2706 -0.9627 -0.0000
vn 0.3361 -0.9418 -0.0000
vn 0.0259 0.1780 -0.9837
vn -0.0000 0.1721 -0.9851
vn 0.1440 0.9896 -0.0000
vn -0.0000 -0.1721 -0.9851
vn 0.0259 -0.1780 -0.9837
vn 0.1440 -0.9896 -0.0000
vn 0.6852 0.1950 -0.7017
vn 0.9618 0.2736 -0.0000
vn 0.6853 -0.1950 -0.7017
vn 0.9618 -0.2736 0.0001
vn -0.0011 -0.0382 -0.9993
vn -0.0012 -0.0387 -0.9992
vn 0.0148 -0.0318 -0.9994
vn 0.0002 -0.0368 -0.9993
vn -0.0003 -0.0153 -0.9999
vn -0.0004 -0.0153 -0.9999
vn 0.0147 -0.0231 -0.9996
vn 0.0146 -0.0231 -0.9996
vn 0.0072 -0.0357 -0.9993
vn 0.0245 0.0573 -0.9981
vn 0.0249 0.0500 -0.9984
vn 0.0112 0.0381 -0.9992
vn 0.1932 0.9790 -0.0659
vn 0.2924 0.9541 -0.0642
vn 0.9935 0.0553 0.0992
vn 0.9767 0.2020 -0.0728
vn 0.7148 0.6879 -0.1262
vn -1.0000 -0.0002 -0.0001
vn 0.3483 0.9353 -0.0629
vn 0.7056 0.7021 -0.0956
vn 0.4078 0.9067 -0.1080
vn 0.1814 0.9568 -0.2274
vn 0.6936 0.7133 -0.1007
vn -0.2657 -0.9641 -0.0000
vn 0.1508 0.9752 -0.1619
vn 0.3172 0.9374 -0.1440
vn 0.9907 0.0812 -0.1094
vn 0.2947 0.9531 -0.0694
vn 0.2197 0.9724 -0.0781
vn 0.1065 0.6893 -0.7166
vn 0.2424 0.9653 -0.0974
vn 0.3080 0.9450 -0.1098
vn 0.5109 0.8512 -0.1202
vn 0.3796 0.9181 -0.1139
vn 0.4658 0.8776 -0.1136
vn 0.2032 0.9756 -0.0833
vn 0.5968 0.7988 -0.0759
vn 0.7450 0.6661 -0.0354
vn -0.0000 0.9847 -0.1742
vn -0.1768 -0.9842 -0.0001
vn 0.7889 0.6145 -0.0000
vn 0.9656 -0.2024 -0.1630
vn 0.9467 -0.3181 -0.0517
vn 0.9891 -0.1370 -0.0533
vn 0.7067 0.2451 -0.6637
vn 0.7459 0.3491 -0.5672
vn -0.0103 -0.0003 -0.9999
vn -0.0144 -0.0003 -0.9999
vn -0.0143 -0.0003 -0.9999
vn -0.9969 0.0092 -0.0779
vn -0.9994 0.0084 0.0343
vn -0.9971 0.0108 -0.0755
vn -0.9999 -0.0059 -0.0159
vn -0.9996 -0.0035 0.0293
vn -0.0115 -0.9488 -0.3156
vn -0.0064 -0.9475 -0.3196
vn -0.0000 0.8474 -0.5309
vn -0.9626 0.0059 -0.2707
vn -0.9647 -0.0475 -0.2591
vn -0.4277 0.0067 -0.9039
vn -0.1544 -0.0000 -0.9880
vn -0.0163 -0.0003 -0.9999
vn -0.0162 -0.0003 -0.9999
vn 0.0112 0.0052 -0.9999
vn 0.0133 0.0375 -0.9992
vn 0.7171 0.0033 -0.6969
vn 0.7388 0.1075 -0.6652
vn 0.9997 0.0212 0.0082
vn 0.9924 0.1231 0.0010
vn 0.9975 0.0598 -0.0370
vn 0.9924 0.1231 -0.0000
vn 0.5322 0.2295 -0.8149
vn 0.5516 0.1998 -0.8098
vn 0.8003 0.0912 -0.5926
vn 0.7837 0.2704 -0.5592
vn 0.9469 0.1664 -0.2750
vn 0.9286 0.1718 -0.3290
vn 0.9360 0.1108 -0.3341
vn 0.9071 0.2719 -0.3214
vn 0.9097 0.3122 -0.2738
vn 0.8942 0.3164 -0.3168
vn 0.8362 0.4614 -0.2963
vn 0.9853 0.1708 -0.0000
vn 0.7031 0.6958 0.1466
vn 0.9589 0.2839 -0.0000
vn 0.9458 0.3248 -0.0000
vn 0.8327 0.5537 -0.0000
vn 0.9975 -0.0606 -0.0353
vn 0.9966 -0.0488 -0.0670
vn 0.9914 -0.1252 -0.0373
vn 0.9413 -0.1413 0.3065
vn 0.9945 -0.0476 -0.0938
vn 0.9905 -0.1008 -0.0935
vn -0.9699 -0.0039 -0.2435
vn -0.9423 -0.2404 -0.2328
vn -0.9699 -0.2435 0.0039
vn -0.9699 0.0039 0.2435
vn -0.9423 -0.2328 0.2404
vn -0.9423 0.2404 0.2328
vn -0.9699 0.2435 -0.0039
vn -0.9423 0.2328 -0.2404
vn 0.0550 0.9984 0.0135
vn -0.2998 0.9322 -0.2027
vn 0.3105 0.9271 -0.2098
vn 0.5167 -0.8559 0.0214
vn -0.0096 -0.9999 -0.0083
vn 0.0097 -0.9999 -0.0081
vn -0.5004 0.8658 -0.0000
vn 0.5283 0.8490 -0.0000
vn -0.0176 -0.9998 -0.0000
vn 0.0178 -0.9998 -0.0000
vn 0.9987 -0.0513 -0.0000
vn -0.0000 0.9740 -0.2265
vn 0.4237 0.6034 -0.6756
vn 0.4236 0.6035 -0.6755
vn 0.5795 -0.3656 -0.7283
vn 0.5795 -0.3657 -0.7284
vn -0.3622 0.9321 -0.0000
vn 0.9926 -0.1039 -0.0633
vn 0.9177 -0.0604 0.3926
vn 0.9220 0.0668 -0.3814
vn 0.9118 -0.0394 -0.4088
vn 0.8973 -0.0256 -0.4407
vn 0.8980 0.0517 -0.4371
vn 0.9031 -0.1838 -0.3881
vn 0.8851 -0.3034 -0.3529
vn 0.8531 -0.3024 -0.4252
vn 0.8900 -0.1405 -0.4338
vn 0.6593 0.7425 -0.1181
vn 0.8578 0.5119 0.0458
vn 0.8573 0.5073 0.0879
vn 0.7046 0.6983 -0.1259
vn 0.9861 0.0981 0.1341
vn 0.9782 -0.1698 0.1194
vn 0.9440 -0.1958 0.2655
vn 0.9620 0.0977 0.2549
vn 0.6507 0.1643 -0.7414
vn 0.6397 0.5174 -0.5684
vn 0.7206 0.4234 -0.5491
vn 0.7092 0.1413 -0.6907
vn 0.6955 -0.5564 -0.4546
vn 0.6517 -0.4808 -0.5866
vn 0.7860 -0.3459 -0.5124
vn 0.8061 -0.4202 -0.4168
vn 0.7634 -0.5797 -0.2850
vn 0.7484 -0.5659 -0.3459
vn 0.8185 -0.4614 -0.3423
vn 0.7694 -0.5714 -0.2855
vn 0.5999 0.7271 -0.3338
vn 0.5795 0.7857 -0.2164
vn 0.6514 0.7169 -0.2485
vn 0.6847 0.6326 -0.3620
vn 0.9499 -0.1855 -0.2514
vn 0.9227 -0.2622 -0.2826
vn 0.9051 -0.2976 -0.3038
vn 0.9252 -0.2195 -0.3096
vn 0.9764 0.0390 -0.2122
vn 0.9734 -0.0722 -0.2174
vn 0.9501 -0.0637 -0.3053
vn 0.9570 0.0756 -0.2802
vn 0.9612 0.0349 -0.2735
vn 0.9362 -0.0311 -0.3501
vn 0.9668 0.1295 -0.2202
vn 0.9558 0.1438 -0.2563
vn 0.9750 0.0926 -0.2019
vn 0.9735 -0.0181 -0.2281
vn 0.9681 -0.0589 -0.2435
vn 0.9610 -0.1106 -0.2535
vn 0.9437 -0.2022 -0.2619
vn 0.5679 0.5866 -0.5773
vn 0.5370 0.7839 -0.3116
vn 0.5289 0.8263 -0.1937
vn 0.8395 -0.4994 -0.2142
vn 0.7578 -0.5872 -0.2844
vn 0.6820 -0.6449 -0.3448
vn 0.6005 -0.6447 -0.4729
vn 0.5414 -0.5634 -0.6240
vn 0.5795 -0.0792 -0.8111
vn 0.5999 0.1821 -0.7791
vn 0.8571 0.5149 0.0120
vn 0.9953 0.0966 -0.0112
vn 0.9864 -0.1221 -0.1099
vn 0.6271 0.7708 -0.1125
vn 0.9306 0.1432 -0.3369
vn 0.8990 0.1452 -0.4132
vn 0.5406 -0.3189 -0.7785
vn 0.9408 -0.3167 -0.1205
vn 0.9414 0.0644 -0.3310
vn 0.9574 0.0447 0.2852
vn 0.9781 -0.0074 -0.2080
vn 0.9937 -0.0709 0.0865
vn 0.9621 0.1131 0.2483
vn 0.1963 0.6713 0.7147
vn 0.2001 0.7342 0.6487
vn 0.2321 0.8277 0.5110
vn 0.2473 0.7643 0.5956
vn 0.2615 0.7387 0.6212
vn 0.2935 0.8252 0.4825
vn 0.2968 0.7165 0.6313
vn 0.3463 0.8183 0.4588
vn 0.0355 0.0018 0.9994
vn 0.0075 0.0007 1.0000
vn 0.0131 -0.0006 0.9999
vn 0.0292 -0.0013 0.9996
vn 0.3520 0.6868 0.6359
vn 0.3835 0.8159 0.4327
vn 0.3293 0.4371 0.8370
vn 0.5653 0.3997 0.7216
vn 0.5222 0.8478 0.0924
vn 0.4494 0.8905 0.0703
vn 0.1125 0.7837 0.6109
vn 0.2455 0.7529 0.6106
vn 0.3019 0.9111 0.2805
vn 0.1401 0.9442 0.2980
vn 0.4189 0.6828 0.5986
vn 0.4986 0.8296 0.2512
vn 0.0002 0.7976 0.6031
vn -0.0000 0.9518 0.3069
vn 0.5691 0.5625 0.5999
vn 0.6796 0.6981 0.2252
vn 0.7070 0.4252 0.5651
vn 0.8102 0.3241 0.4884
vn 0.8127 0.4469 0.3740
vn 0.7120 0.6655 0.2237
vn 0.8842 0.1636 0.4376
vn 0.9128 0.2133 0.3483
vn 0.8087 0.4515 0.3770
vn 0.8073 0.2591 0.5302
vn 0.5253 0.6526 0.5461
vn 0.3294 0.7721 0.5435
vn 0.2506 0.9450 0.2104
vn 0.3246 0.9244 0.2004
vn 0.2535 0.8403 0.4792
vn 0.2592 0.9378 0.2311
vn 0.3201 0.8348 0.4480
vn 0.3194 0.9147 0.2476
vn 0.3780 0.8066 0.4545
vn 0.3869 0.8903 0.2402
vn 0.4557 0.7679 0.4502
vn 0.4709 0.8527 0.2260
vn 0.9363 -0.0324 0.3497
vn 0.9262 -0.0439 0.3744
vn 0.9271 -0.0849 0.3652
vn 0.6497 0.6544 0.3869
vn 0.6298 0.7458 0.2173
vn 0.4645 0.6475 0.6041
vn 0.4495 0.7923 0.4126
vn -1.0000 -0.0003 0.0001
vn -0.0000 0.9998 0.0220
vn -0.0000 0.9361 0.3518
vn -0.0000 0.9935 0.1142
vn 0.1628 0.9856 0.0467
vn -0.0000 0.9982 0.0592
vn 0.5501 0.8327 0.0634
vn 0.6673 0.7448 0.0038
vn 0.5219 0.8505 0.0657
vn 0.3735 0.9254 0.0649
vn 0.3015 0.9513 0.0634
vn 0.3490 0.9350 0.0629
vn 0.2350 0.9700 0.0628
vn 0.1864 0.9807 0.0590
vn 0.6889 0.7246 0.0177
vn 0.5145 0.8573 0.0174
vn 0.3306 0.9432 0.0320
vn 0.2121 0.9737 0.0831
vn 0.1996 0.9787 0.0476
vn 0.2209 0.9745 0.0389
vn 0.2336 0.9681 0.0908
vn 0.1804 0.9821 0.0539
vn 0.2376 0.9681 0.0799
vn 0.8051 0.4747 0.3555
vn 0.1748 0.9835 0.0467
vn 0.9944 0.0582 0.0886
vn 0.9357 0.3326 0.1177
vn -1.0000 -0.0001 0.0001
vn 0.8697 -0.1969 0.4526
vn 0.8827 -0.0970 0.4598
vn 0.6467 -0.0764 0.7589
vn 0.6145 -0.2108 0.7602
vn 0.9138 -0.1803 0.3640
vn 0.9595 -0.1752 0.2205
vn 0.9710 -0.0769 0.2263
vn -0.0000 -0.9866 0.1629
vn -0.0014 0.8591 0.5118
vn -0.3209 0.8222 0.4701
vn -0.0976 0.3151 0.9440
vn -0.0000 0.3167 0.9485
vn -0.0029 0.9706 0.2408
vn -0.8520 0.5102 0.1175
vn 0.9178 -0.0024 0.3971
vn 0.6831 -0.2463 0.6875
vn -0.7771 -0.0017 0.6294
vn -0.7234 -0.0019 0.6905
vn 0.0066 -0.9450 0.3270
vn -0.0613 -0.4113 0.9094
vn -0.1642 -0.3954 0.9037
vn 0.0195 -0.7517 0.6592
vn -0.9999 -0.0160 0.0003
vn -1.0000 0.0042 0.0002
vn -1.0000 0.0056 0.0002
vn -0.0320 -0.9992 0.0254
vn -0.9969 -0.0126 -0.0779
vn -0.9983 -0.0117 -0.0563
vn -0.9977 -0.0182 0.0652
vn -0.9988 -0.0197 0.0438
vn -0.9960 0.0241 -0.0863
vn -0.9896 0.0292 0.1408
vn -0.0788 -0.9969 0.0001
vn -0.0362 -0.9990 0.0254
vn -0.0098 -0.0727 0.9973
vn -0.0175 -0.0003 0.9998
vn -0.0178 -0.0003 0.9998
vn -0.0228 -0.7570 0.6530
vn -0.0208 -0.7570 0.6531
vn -0.0175 -0.0086 0.9998
vn -0.0175 -0.0085 0.9998
vn -0.0181 -0.2983 0.9543
vn -0.0018 0.0258 0.9997
vn -0.0073 -0.0003 1.0000
vn -0.0072 -0.0003 1.0000
vn 0.9273 -0.0000 0.3742
vn 0.8751 -0.0000 0.4840
vn -0.9989 -0.0452 -0.0155
vn -0.9758 -0.2181 -0.0133
vn -0.9988 -0.0465 -0.0142
vn -0.3159 -0.4866 0.8145
vn -0.5425 -0.2730 0.7945
vn -0.0461 0.0001 0.9989
vn 0.0078 0.0129 0.9999
vn 0.2426 -0.5099 0.8253
vn 0.0408 -0.5778 0.8151
vn -0.0007 0.0146 0.9999
vn -0.0020 0.0194 0.9998
vn 0.5973 -0.0000 0.8020
vn 0.1246 -0.0000 0.9922
vn -0.2388 -0.0645 0.9689
vn 0.0044 0.0051 1.0000
vn -0.1574 -0.5696 0.8067
vn 0.0023 0.0151 0.9999
vn 0.1250 -0.1285 0.9838
vn 0.1339 -0.0175 0.9908
vn 0.9852 -0.1523 0.0789
vn 0.9963 -0.0361 0.0785
vn 0.4110 -0.9115 0.0128
vn 0.7253 -0.6885 0.0001
vn -0.8499 -0.5269 -0.0010
vn 0.9858 -0.1674 -0.0102
vn -0.5445 -0.8386 0.0164
vn -0.2627 -0.9647 0.0178
vn 0.0715 -0.9973 0.0177
vn 0.2586 0.6631 0.7025
vn 0.3408 0.9202 0.1924
vn 0.7176 0.6961 0.0210
vn 0.2936 0.9538 0.0642
vn 0.1932 0.9789 0.0659
vn 0.2001 0.6792 0.7061
vn 0.2837 0.9417 0.1810
vn 0.1900 0.9655 0.1782
vn 0.1262 0.6734 0.7284
vn 0.5429 0.5594 0.6264
vn 0.2965 0.6822 0.6684
vn 0.3588 0.8902 0.2809
vn 0.6758 0.6999 0.2311
vn 0.1263 0.6958 0.7071
vn 0.2008 0.9478 0.2478
vn 0.4565 0.8895 0.0222
vn -0.9993 0.0050 -0.0371
vn -0.9962 0.0072 0.0864
vn -0.3607 -0.0260 0.9323
vn -0.2474 -0.0093 0.9689
vn 0.6686 0.7374 0.0960
vn 0.4934 0.8653 0.0879
vn -0.0549 0.1254 0.9906
vn 0.0107 0.0116 0.9999
vn 0.4958 -0.8603 0.1186
vn -0.2238 -0.9744 0.0201
vn -0.6307 -0.6743 0.3841
vn -0.9960 0.0669 -0.0594
vn -0.4976 0.8672 0.0181
vn 0.8497 0.5182 0.0975
vn -0.5376 -0.7454 0.3942
vn 0.9842 -0.1584 0.0789
vn 0.9958 -0.0483 0.0776
vn 0.5806 -0.0834 0.8099
vn 0.4149 -0.3479 0.8407
vn -0.0098 0.0311 0.9995
vn -0.0136 0.0425 0.9990
vn -0.1545 -0.0000 0.9880
vn -0.0554 -0.3580 0.9321
vn -0.0000 -0.3585 0.9335
vn 0.9173 -0.0024 0.3981
vn 0.7931 0.2968 0.5318
vn 0.4365 0.1874 0.8800
vn 0.5351 -0.0014 0.8448
vn -0.0815 -0.5252 0.8471
vn -0.0000 -0.5269 0.8499
vn 0.3073 -0.2659 0.9137
vn -0.0317 -0.9864 0.1612
vn -0.0318 -0.9864 0.1612
vn -0.0310 0.9642 0.2634
vn -0.8578 0.5140 -0.0000
vn 0.4355 -0.6982 0.5682
vn 0.4354 -0.6983 0.5681
vn 0.0059 -0.9917 0.1283
vn 0.0060 -0.9917 0.1283
vn -0.9735 0.0039 0.2289
vn 0.9734 -0.0130 0.2288
vn -0.1928 -0.8948 -0.4027
vn -0.1277 -0.9654 -0.2275
vn -0.1805 -0.9813 -0.0672
vn -0.2203 -0.9300 -0.2941
vn -0.1863 -0.9823 -0.0209
vn -0.2506 -0.9311 -0.2650
vn -0.1493 -0.9887 0.0114
vn -0.0432 -0.9978 0.0496
vn 0.0771 -0.9935 0.0832
vn -0.2273 -0.9659 0.1237
vn -0.3732 -0.9224 0.0997
vn -0.1949 -0.9688 0.1532
vn -0.1299 -0.9723 0.1942
vn 0.0065 -0.9753 0.2206
vn 0.1553 -0.9434 0.2929
vn 0.8794 -0.2843 0.3818
vn -0.0231 -0.4979 0.8669
vn -0.2525 -0.4615 0.8504
vn -0.1107 0.5068 -0.8549
vn 0.0311 0.4971 -0.8671
vn -0.0126 0.4517 -0.8921
vn -0.9305 -0.0950 0.3538
vn -0.5484 0.4656 -0.6946
vn 0.3113 -0.5024 0.8066
vn -0.4617 0.3383 -0.8200
vn 0.5736 -0.4592 0.6784
vn -0.6431 -0.3249 0.6934
vn 0.0165 0.9973 -0.0713
vn 0.0281 -0.8825 -0.4695
vn -0.0282 -0.8818 -0.4708
vn -0.0165 0.9973 -0.0712
vn -0.0554 0.9984 -0.0136
vn -0.5458 -0.8376 -0.0226
vn -0.0425 -0.3417 0.9388
vn -0.0425 -0.0000 -0.9991
vn 0.9960 0.0883 -0.0155
vn 0.9960 -0.0000 -0.0897
vn 0.9960 -0.0307 -0.0842
vn 0.9960 -0.0001 0.0897
vn 0.9960 -0.0883 0.0157
vn 0.9960 0.0883 0.0156
vn 0.9960 -0.0309 0.0842
vn -0.9960 -0.0776 -0.0449
vn -0.9960 0.0776 0.0449
vn 0.9960 -0.0776 -0.0449
vn -0.9960 -0.0577 0.0686
vn -0.9960 0.0577 -0.0686
vn 0.9960 -0.0577 0.0687
vn 0.9960 0.0577 -0.0687
vn -0.9960 -0.0576 -0.0687
vn -0.9960 0.0576 0.0687
vn 0.9960 -0.0576 -0.0687
vn 0.9960 0.0575 0.0688
vn -0.9960 -0.0777 0.0448
vn -0.9960 0.0777 -0.0448
vn 0.9960 -0.0776 0.0450
vn 0.5819 0.5227 0.6230
vn -0.5819 0.2781 0.7642
vn 0.5819 0.2781 0.7642
vn -0.5819 0.2781 -0.7642
vn 0.5819 0.2781 -0.7642
vn 0.5819 -0.5227 0.6230
vn -0.5819 -0.5227 0.6230
vn -0.5819 -0.7043 0.4066
vn -0.5819 0.5227 -0.6230
vn -0.5819 0.7043 -0.4066
vn -0.5819 -0.5227 -0.6230
vn 0.5819 -0.5227 -0.6230
vn -0.5819 -0.2781 -0.7642
vn 0.5819 -0.2781 -0.7642
vn -0.5819 -0.2781 0.7642
vn -0.9081 -0.0004 0.4187
vn -0.9081 -0.0004 0.4188
vn 0.9080 -0.0161 0.4187
vn -0.9926 0.1188 0.0257
vn -0.9926 0.1188 -0.0257
vn 0.8549 -0.4889 -0.1739
vn -0.1716 -0.5923 -0.7873
vn -0.1717 -0.5922 0.7873
vn -0.1596 0.0001 0.9872
vn -0.1893 -0.0012 0.9819
vn -1.0000 -0.0000 0.0001
vn -0.0013 -1.0000 0.0007
vn -1.0000 0.0007 0.0004
vn -0.2139 -0.0175 0.9767
vn -0.1904 -0.0082 0.9817
vn -0.9998 0.0068 -0.0183
vn -0.8075 0.5886 0.0396
vn -0.0589 0.9973 -0.0435
vn 0.0001 0.9991 -0.0428
vn 0.0001 -0.9991 -0.0432
vn 0.0588 -0.9973 -0.0439
vn 0.8120 -0.5822 -0.0400
vn -0.5121 0.8578 0.0441
vn -0.0589 0.9973 0.0435
vn -0.5121 0.8578 -0.0441
vn -0.0000 0.9991 0.0428
vn 0.9920 0.1233 -0.0259
vn 0.9920 0.1233 0.0259
vn 0.1716 -0.5923 -0.7873
vn -0.8499 -0.4995 -0.1679
vn 0.1716 -0.5923 0.7873
vn -0.8069 -0.5893 -0.0401
vn 0.8024 0.5955 -0.0397
vn 0.0552 0.9975 -0.0434
vn -0.0550 -0.9975 -0.0439
vn 0.8023 0.5956 0.0397
vn 0.5051 0.8619 0.0442
vn 0.5051 0.8619 -0.0442
vn 0.0550 0.9975 0.0435
vn -0.0551 -0.9985 -0.0001
vn -0.2645 0.1145 0.9576
vn -0.2645 -0.1145 0.9576
vn 0.8619 -0.0403 0.5054
vn 0.8619 0.0403 0.5054
vn -0.2333 -0.9710 0.0521
vn -0.2319 -0.9648 -0.1242
vn 0.2296 -0.9719 -0.0513
vn 0.2335 -0.9643 0.1250
vn -0.2333 0.9710 0.0521
vn 0.2335 0.9643 0.1250
vn 0.2295 0.9719 -0.0513
vn -0.2319 0.9648 -0.1242
vn 0.9630 -0.0474 -0.2653
vn 0.9630 0.0474 -0.2653
vn -0.2463 -0.0974 -0.9643
vn -0.2462 0.0975 -0.9643
vn -0.9918 -0.0000 -0.1281
vn -0.9918 -0.0000 -0.1282
vn -0.8420 0.5395 -0.0000
vn -0.8420 -0.5395 -0.0000
vn 0.8420 0.5395 -0.0000
vn 0.8420 -0.5395 -0.0000
vn 0.9450 0.1164 0.3056
vn 0.8937 0.3826 0.2343
vn 0.8841 0.3492 0.3105
vn 0.7549 0.5428 0.3681
vn 0.7326 0.6368 0.2402
vn 0.7010 0.4789 0.5284
vn 0.6971 0.5902 0.4070
vn 0.7377 0.6585 0.1486
vn 0.9289 0.3446 0.1357
vn -0.3866 -0.9222 -0.0056
vn -0.9993 0.0337 -0.0141
vn 0.5799 0.8048 0.1265
vn 0.8764 0.2911 0.3836
vn 0.8491 0.3392 0.4050
vn 0.9963 -0.0000 0.0857
vn 0.9963 -0.0000 0.0858
vn 0.7920 0.4190 0.4440
vn 0.6878 0.4514 0.5685
vn 0.6559 0.4175 0.6289
vn 0.4978 0.4593 0.7357
vn 0.4458 0.3954 0.8031
vn -0.0075 -0.0066 1.0000
vn -0.0113 -0.0083 0.9999
vn 0.1765 0.1836 0.9670
vn 0.2061 0.1992 0.9580
vn -0.0046 0.0127 0.9999
vn 0.0284 0.1788 0.9835
vn 0.0851 0.1919 0.9777
vn -0.0039 -0.0068 1.0000
vn 0.0105 0.0341 0.9994
vn 0.0685 0.1744 0.9823
vn 0.0509 0.1793 0.9825
vn 0.0091 0.0340 0.9994
vn 0.0013 0.0434 0.9991
vn 0.0091 0.0677 0.9977
vn 0.0096 0.0634 0.9979
vn 0.0038 0.0599 0.9982
vn 0.0229 0.1734 0.9846
vn 0.1615 0.0397 0.9861
vn 0.3645 0.1508 0.9189
vn -0.0000 0.5438 0.8392
vn 0.3042 0.3800 0.8736
vn 0.3485 0.4833 0.8031
vn 0.2631 0.3723 0.8901
vn 0.3020 0.4938 0.8154
vn 0.1998 0.3325 0.9217
vn 0.2379 0.4679 0.8511
vn 0.1374 0.3294 0.9341
vn 0.1689 0.4608 0.8713
vn 0.3129 0.3293 0.8909
vn 0.3218 0.4246 0.8463
vn 0.6500 0.3323 0.6835
vn 0.4818 0.1214 0.8678
vn 0.5626 0.1226 0.8176
vn 0.8500 0.2301 0.4739
vn 0.7540 0.1840 0.6306
vn 0.2738 0.0868 0.9579
vn 0.5561 0.1919 0.8087
vn -0.0023 -0.0055 1.0000
vn 0.1363 0.2187 0.9662
vn 0.0001 0.1225 0.9925
vn 0.0264 0.0850 0.9960
vn 0.0555 0.3091 0.9494
vn 0.0002 0.3444 0.9388
vn 0.0297 0.0408 0.9987
vn 0.0996 0.2656 0.9589
vn -0.1827 -0.1652 0.9692
vn 0.5173 -0.8546 -0.0448
vn -0.5101 -0.8589 -0.0448
vn 0.9966 -0.0000 0.0829
vn 0.9793 -0.0000 0.2024
vn 0.9793 -0.0000 0.2023
vn 0.9966 -0.0000 0.0828
vn 0.0177 0.0098 0.9998
vn -0.0009 -0.0103 0.9999
vn 0.0082 -0.0066 0.9999
vn 0.0111 -0.0021 0.9999
vn 0.0061 0.0142 0.9999
vn 0.0369 0.0450 0.9983
vn 0.0547 0.0084 0.9985
vn -0.0074 -0.0002 1.0000
vn -0.0047 0.0238 0.9997
vn -0.0014 0.0085 1.0000
vn -0.0019 -0.0001 1.0000
vn 0.0182 0.0861 0.9961
vn 0.0284 0.0143 0.9995
vn 0.0938 0.0095 0.9955
vn 0.0697 0.0411 0.9967
vn 0.0161 0.0103 0.9998
vn -0.0031 0.0045 1.0000
vn 0.0030 0.0485 0.9988
vn -0.0338 0.0036 0.9994
vn 0.0194 0.0025 0.9998
vn 0.0631 0.0250 0.9977
vn 0.0434 0.0585 0.9973
vn 0.0101 0.0366 0.9993
vn -0.0263 0.0059 0.9996
vn 0.0094 0.0811 0.9967
vn 0.0385 0.0097 0.9992
vn -0.0096 0.0026 1.0000
vn -0.0157 0.0178 0.9997
vn -0.0000 -0.0141 0.9999
vn 0.0003 -0.0003 1.0000
vn 0.0011 -0.0132 0.9999
vn -0.0000 -0.0139 0.9999
vn 0.0140 0.0882 0.9960
vn 0.0232 0.1314 0.9911
vn 0.0323 0.0795 0.9963
vn 0.0164 0.0758 0.9970
vn 0.0097 -0.0267 0.9996
vn -0.0008 -0.0262 0.9997
vn 0.0320 0.1723 0.9845
vn 0.0125 0.0391 0.9992
vn -0.0005 0.0808 0.9967
vn 0.0072 0.0779 0.9969
vn 0.0017 0.0853 0.9964
vn -0.0000 0.0810 0.9967
vn -0.0112 -0.1728 0.9849
vn -0.0235 -0.3381 0.9408
vn -0.0108 -0.2582 0.9660
vn -0.0064 -0.1580 0.9874
vn -0.1018 -0.9204 0.3775
vn -0.6427 -0.6732 0.3657
vn -0.0171 0.0030 0.9998
vn -0.1164 0.0171 0.9931
vn -0.0845 0.0324 0.9959
vn -0.0012 0.0804 0.9968
vn -0.0128 0.0740 0.9972
vn -0.0268 0.0718 0.9971
vn -0.0001 -0.9282 0.3721
vn 0.0049 -0.0311 0.9995
vn -0.0007 -0.0338 0.9994
vn 0.0003 -0.0299 0.9996
vn -0.9392 -0.1056 0.3267
vn -0.9295 0.1540 0.3350
vn -0.0088 0.0618 0.9980
vn -0.0181 0.0465 0.9988
vn 0.0090 0.0646 0.9979
vn 0.0062 0.0705 0.9975
vn -0.0203 0.0200 0.9996
vn 0.0004 -0.0282 0.9996
vn 0.0003 -0.0444 0.9990
vn -0.0448 -0.0162 0.9989
vn -0.0007 -0.0433 0.9991
vn 0.0002 -0.0448 0.9990
vn 0.0309 -0.0166 0.9994
vn -0.1076 -0.0419 0.9933
vn -0.2008 -0.0087 0.9796
vn 0.0126 -0.0100 0.9999
vn 0.0138 -0.0155 0.9998
vn 0.3481 -0.0172 0.9373
vn 0.2517 -0.0554 0.9662
vn 0.1369 -0.0225 0.9903
vn 0.1673 -0.0052 0.9859
vn 0.1777 -0.0068 0.9841
vn 0.0989 0.0267 0.9947
vn 0.4449 0.0038 0.8956
vn -0.0132 0.0080 0.9999
vn -0.0017 -0.0008 1.0000
vn -0.0016 -0.0002 1.0000
vn -0.0082 -0.0000 1.0000
vn -0.0079 -0.0008 1.0000
vn 0.1014 0.1073 0.9890
vn 0.1020 -0.1073 0.9890
vn 0.0344 -0.0009 0.9994
vn 0.0344 0.0004 0.9994
vn 0.0157 0.0275 0.9995
vn 0.0046 0.0245 0.9997
vn 0.0053 0.0867 0.9962
vn 0.0159 0.0732 0.9972
vn 0.0237 0.0633 0.9977
vn 0.4150 0.0041 0.9098
vn 0.1798 0.0016 0.9837
vn 0.0294 -0.0043 0.9996
vn 0.0239 -0.0250 0.9994
vn 0.0423 -0.0234 0.9988
vn 0.0765 -0.0313 0.9966
vn 0.0599 -0.0485 0.9970
vn 0.0646 -0.0093 0.9979
vn -0.0026 0.0756 0.9971
vn -0.0020 0.0045 1.0000
vn -0.2944 0.8846 0.3618
vn -0.0629 0.9429 0.3271
vn -0.0006 -0.0330 0.9995
vn -0.0015 0.0692 0.9976
vn 0.0041 -0.0474 0.9989
vn 0.0178 -0.0475 0.9987
vn -0.1072 -0.0282 0.9938
vn -0.1161 -0.0158 0.9931
vn -0.0271 -0.0046 0.9996
vn -0.0315 -0.0079 0.9995
vn 0.0224 0.0122 0.9997
vn -0.0147 0.0053 0.9999
vn -0.0239 -0.1178 0.9928
vn -0.0083 -0.0462 0.9989
vn -0.0026 0.0064 1.0000
vn -0.0028 0.0045 1.0000
vn 0.0834 0.2261 0.9705
vn 0.0865 0.2617 0.9613
vn 0.0621 0.0158 0.9979
vn 0.3276 0.1175 0.9375
vn 0.3235 0.1327 0.9369
vn 0.0581 0.0186 0.9981
vn 0.0365 0.0173 0.9992
vn 0.1677 0.0267 0.9855
vn 0.3044 0.1279 0.9439
vn 0.1526 0.1877 0.9703
vn -0.9986 0.0533 0.0012
vn -0.9998 -0.0221 0.0014
vn 0.0702 0.9276 0.3668
vn 0.4895 0.7331 0.4721
vn 0.0611 0.0074 0.9981
vn 0.0110 0.0728 0.9973
vn -0.0048 0.1293 0.9916
vn -0.1980 0.0086 0.9802
vn 0.0028 0.0080 1.0000
vn 0.0729 0.2854 0.9556
vn 0.0349 -0.0001 0.9994
vn 0.0368 -0.0068 0.9993
vn 0.0164 -0.0037 0.9999
vn 0.0699 0.2514 0.9654
vn -0.0081 0.0009 1.0000
vn 0.0469 -0.0031 0.9989
vn 0.9850 0.1143 0.1291
vn -0.0010 0.0049 1.0000
vn -0.0018 -0.0014 1.0000
vn -0.9890 -0.1481 0.0016
vn -0.9950 -0.0995 0.0015
vn 0.9998 0.0223 -0.0014
vn 0.9987 -0.0509 -0.0012
vn -0.1272 -0.9919 0.0016
vn -0.6059 -0.7955 0.0020
vn 0.0189 -0.0248 0.9995
vn -0.0132 -0.0409 0.9991
vn 0.0310 -0.0042 0.9995
vn -0.0324 -0.0138 0.9994
vn -0.0044 -0.0039 1.0000
vn 0.0241 0.0680 0.9974
vn 0.0206 0.0350 0.9992
vn 0.0915 -0.0024 0.9958
vn 0.2938 0.0848 0.9521
vn 0.9783 0.2074 -0.0017
vn 0.9783 0.2073 -0.0017
vn 0.9815 0.1916 -0.0016
vn -0.0287 -0.0330 0.9990
vn -0.0534 -0.0218 0.9983
vn 0.0224 0.0535 0.9983
vn -0.1125 -0.0189 0.9935
vn -0.0220 -0.0669 0.9975
vn 0.0123 -0.0271 0.9996
vn -0.0006 -0.0304 0.9995
vn 0.0293 0.0467 0.9985
vn -0.8815 0.4722 0.0001
vn 0.0172 0.9999 -0.0012
vn -0.9625 -0.2714 0.0017
vn -0.9680 -0.2508 0.0017
vn 0.9622 -0.2725 -0.0006
vn 0.3216 -0.9469 0.0008
vn 0.3215 -0.9469 0.0008
vn -0.0307 -0.9995 0.0015
vn -0.0293 -0.9996 0.0015
vn -0.0295 -0.9996 0.0015
vn 0.9948 0.1022 -0.0016
vn 1.0000 0.0057 -0.0014
vn 0.9976 -0.0689 -0.0013
vn 0.9976 -0.0694 -0.0013
vn 0.1620 0.9868 -0.0017
vn 0.2612 0.9653 -0.0018
vn 0.2613 0.9653 -0.0018
vn 0.1015 0.9948 -0.0016
vn 0.3700 0.9290 -0.0004
vn -0.9473 -0.3203 0.0018
vn -0.9810 -0.1939 0.0017
vn -0.9762 -0.2168 0.0017
vn -0.9763 -0.2166 0.0017
vn 0.0061 -0.0128 0.9999
vn 0.0592 0.1592 0.9855
vn -0.0030 -0.0710 0.9975
vn -0.0020 -0.0570 0.9984
vn -0.0002 -0.0571 0.9984
vn -0.0004 -0.0698 0.9976
vn 0.6305 -0.0107 0.7761
vn 0.5469 0.0974 0.8315
vn 0.0011 -0.0575 0.9983
vn 0.0020 -0.0669 0.9978
vn 0.1933 -0.9026 0.3846
vn 0.8448 -0.2667 0.4639
vn 0.0831 -0.1297 0.9881
vn -0.0012 -0.0411 0.9992
vn -0.9934 -0.1148 0.0014
vn -0.9789 0.2044 0.0011
vn 0.5407 0.8412 -0.0018
vn 0.9950 0.0994 -0.0015
vn -0.1493 -0.9888 0.0017
vn -0.7958 -0.6055 0.0020
vn 1.0000 0.0038 -0.0014
vn -0.2632 0.9648 -0.0003
vn 0.1365 0.9906 -0.0017
vn -0.0510 -0.9987 0.0015
vn 0.0003 -0.1899 0.9818
vn -0.0247 -0.2227 0.9746
vn 0.9889 0.1484 -0.0016
vn 0.3474 -0.9377 0.0001
vn 0.3473 -0.9377 -0.0000
vn 0.9260 0.1236 0.3566
vn 0.0261 -0.0245 0.9994
vn 0.9810 0.1938 -0.0017
vn -0.9243 -0.3817 0.0018
vn -0.0300 -0.0005 0.9996
vn -0.0869 -0.0197 0.9960
vn 0.0453 0.0451 0.9980
vn 0.0418 0.0185 0.9990
vn 0.7848 0.0172 0.6195
vn 0.8397 0.0700 0.5385
vn 0.0993 -0.0109 0.9950
vn 0.0206 -0.0106 0.9997
vn 0.0052 0.0162 0.9999
vn 0.0104 0.0202 0.9997
vn 0.8890 0.0178 0.4576
vn 0.9745 0.0194 0.2237
vn 0.5477 -0.1730 0.8186
vn 0.8841 -0.0485 0.4648
vn 0.8051 -0.0591 0.5902
vn -0.9769 -0.1098 0.1832
vn -0.6974 0.1156 0.7073
vn 0.0407 -0.1569 0.9868
vn -0.0110 0.2017 0.9794
vn 0.0231 0.2352 0.9717
vn -0.0602 0.1813 0.9816
vn -0.3210 -0.3304 0.8876
vn 0.9125 -0.4065 -0.0455
vn 0.8801 -0.4527 -0.1432
vn 0.7764 -0.6177 0.1252
vn 0.8061 -0.5686 0.1640
vn 0.1801 0.2698 0.9459
vn -0.0995 -0.1091 0.9890
vn -0.1001 0.1091 0.9890
vn 0.9972 -0.0448 -0.0597
vn 0.9881 -0.1207 -0.0950
vn 0.9968 -0.0100 0.0796
vn -0.2923 0.0065 0.9563
vn 0.0068 0.0187 0.9998
vn 0.0050 0.0104 0.9999
vn 0.0117 0.0179 0.9998
vn -0.0022 0.0133 0.9999
vn -0.0015 0.0044 1.0000
vn -0.6734 -0.7392 -0.0000
vn -0.0092 -0.0104 0.9999
vn -0.2060 -0.0163 0.9784
vn -0.0114 -0.0093 0.9999
vn -0.0011 0.0147 0.9999
vn -0.0007 0.0059 1.0000
vn -0.0000 -0.7648 0.6443
vn -0.0000 -0.7607 0.6491
vn -0.0030 0.0130 0.9999
vn -0.0018 0.0005 1.0000
vn -0.0024 0.0010 1.0000
vn -0.0027 -0.0006 1.0000
vn 0.0097 0.0367 0.9993
vn 0.9961 -0.0534 0.0699
vn 0.9378 -0.0487 -0.3436
vn 0.9688 -0.1847 -0.1652
vn 0.5344 -0.0014 0.8452
vn 0.0073 0.0278 0.9996
vn 0.0154 0.0311 0.9994
vn 0.0095 -0.0005 1.0000
vn -0.0030 0.0005 1.0000
vn -0.0029 0.0010 1.0000
vn 0.0010 0.0078 1.0000
vn -0.0018 0.0138 0.9999
vn -0.0023 -0.0015 1.0000
vn -0.0158 -0.0123 0.9998
vn -0.2941 -0.0189 0.9556
vn -0.1452 -0.7256 0.6727
vn -0.0117 -0.7496 0.6618
vn -0.0000 0.8474 0.5310
vn -0.1640 0.0005 0.9865
vn -0.0172 -0.0164 0.9997
vn -0.0004 -0.0152 0.9999
vn -0.0000 -0.9459 0.3245
vn 0.0054 -0.0104 0.9999
vn 0.6343 -0.2603 0.7279
vn 0.7415 -0.1789 0.6467
vn 0.6907 -0.0470 0.7217
vn 0.6287 -0.0656 0.7749
vn 0.0281 -0.0275 0.9992
vn 0.0337 -0.0075 0.9994
vn -0.0001 -0.0044 1.0000
vn -0.0029 -0.0000 1.0000
vn -0.0094 -0.0002 1.0000
vn -0.0091 0.0005 1.0000
vn 0.0210 0.0039 0.9998
vn 0.0274 -0.0025 0.9996
vn 0.1585 0.3779 0.9122
vn 0.0685 0.4385 0.8961
vn 0.0138 0.0198 0.9997
vn 0.0201 0.0216 0.9996
vn -0.0000 0.9648 0.2631
vn 0.2130 0.2746 0.9377
vn 0.0417 0.0417 0.9983
vn 0.0218 0.0040 0.9998
vn 0.0080 0.0291 0.9995
vn -0.0028 0.0018 1.0000
vn 0.2620 0.0005 0.9651
vn 0.1138 -0.0001 0.9935
vn 0.0442 -0.0203 0.9988
vn 0.2366 -0.1351 0.9622
vn 0.0269 -0.0027 0.9996
vn 0.0832 -0.0180 0.9964
vn 0.0412 -0.0764 0.9962
vn 0.0280 -0.0749 0.9968
vn 0.0196 0.0131 0.9997
vn -0.0079 -0.0010 1.0000
vn -0.0022 -0.0058 1.0000
vn 0.0133 -0.0425 0.9990
vn 0.0219 -0.0104 0.9997
vn 0.0789 -0.0072 0.9969
vn 0.0197 0.0203 0.9996
vn -0.0076 0.0011 1.0000
vn -0.0023 0.0025 1.0000
vn 0.2562 0.1661 0.9522
vn 0.1036 0.0629 0.9926
vn 0.1351 0.0042 0.9908
vn 0.1352 0.0043 0.9908
vn 0.1343 -0.0037 0.9909
vn 0.1343 -0.0038 0.9909
vn -0.5694 -0.0335 0.8214
vn -0.5402 0.0324 0.8409
vn 0.0161 -0.0000 0.9999
vn 0.0229 -0.0585 0.9980
vn -0.0356 -0.4236 0.9051
vn 0.0093 -0.4703 0.8825
vn 0.0111 -0.0243 0.9996
vn 0.0087 -0.0200 0.9998
vn 0.0088 0.0201 0.9998
vn -0.0339 0.4232 0.9054
vn 0.0318 0.0551 0.9980
vn -0.2073 0.0130 0.9782
vn 0.0437 -0.4397 0.8971
vn 0.0137 -0.0269 0.9995
vn -0.2076 -0.0133 0.9781
vn -0.4509 -0.1832 0.8736
vn 0.0005 -0.1926 0.9813
vn 0.0005 0.2513 0.9679
vn -0.4049 0.4699 0.7843
vn -0.5924 -0.0025 0.8056
vn 0.2276 -0.1043 0.9682
vn -0.0000 -0.1768 0.9842
vn -0.0000 0.2513 0.9679
vn -0.0000 -0.5995 0.8004
vn -0.0000 -0.6218 0.7832
vn -0.0000 -0.6530 0.7574
vn -0.0000 -0.6495 0.7603
vn -0.0000 -0.6217 0.7832
vn -0.0000 -0.6207 0.7840
vn -0.0460 -0.6236 0.7804
vn -0.6756 0.0554 0.7352
vn 0.1194 0.2141 0.9695
vn -0.7601 0.0048 0.6498
vn 0.1434 -0.2563 0.9559
vn -0.3487 -0.3233 0.8797
vn -0.0000 -0.7772 0.6293
vn 0.7445 -0.2782 0.6068
vn -0.0000 -0.4168 0.9090
vn -0.2333 0.2038 0.9508
vn 0.6819 -0.1294 0.7199
vn 0.6132 0.4526 0.6474
vn 0.1021 -0.7471 0.6569
vn 0.0002 -0.3721 0.9282
vn -0.7963 0.0075 0.6048
vn 0.0739 0.1741 0.9819
vn 0.1536 -0.0000 0.9881
vn -0.1960 -0.3487 0.9165
vn -0.8097 0.0137 0.5866
vn -0.2605 0.0497 0.9642
vn -0.1433 0.1830 0.9726
vn -0.4010 0.4857 0.7767
vn 0.1478 0.0316 0.9885
vn -0.0133 0.0363 0.9993
vn 0.0011 0.0049 1.0000
vn -0.0000 0.0850 0.9964
vn -0.0208 -0.0043 0.9998
vn -0.0350 -0.0096 0.9993
vn 0.1733 0.0583 0.9831
vn 0.1732 0.0583 0.9832
vn -0.0000 0.2616 0.9652
vn -0.0001 -0.4168 0.9090
vn 0.0005 0.2616 0.9652
vn -0.4376 -0.3004 0.8475
vn 0.7040 0.4186 0.5737
vn -0.0000 0.3001 0.9539
vn -0.9982 0.0600 -0.0000
vn -0.9805 0.0590 0.1875
vn 0.8858 0.1392 0.4427
vn -0.0002 -0.3001 0.9539
vn -0.0000 -0.3001 0.9539
vn -0.9805 -0.0590 0.1874
vn 0.8858 -0.1393 0.4427
vn 0.0686 0.2441 0.9673
vn 0.3362 0.9418 -0.0000
vn 0.0736 0.2061 0.9758
vn 0.0736 -0.2061 0.9758
vn 0.3362 -0.9418 -0.0000
vn 0.0686 -0.2441 0.9673
vn 0.0259 0.1779 0.9837
vn -0.0000 0.1721 0.9851
vn -0.0000 -0.1721 0.9851
vn 0.0259 -0.1779 0.9837
vn 0.6853 0.1950 0.7017
vn 0.9618 0.2737 0.0001
vn 0.9618 -0.2737 -0.0000
vn 0.6852 -0.1950 0.7017
vn -0.0012 -0.0387 0.9992
vn -0.0011 -0.0382 0.9993
vn -0.0002 -0.0371 0.9993
vn 0.0148 -0.0318 0.9994
vn -0.0003 -0.0153 0.9999
vn -0.0004 -0.0153 0.9999
vn 0.0147 -0.0232 0.9996
vn 0.0146 -0.0231 0.9996
vn 0.0071 -0.0357 0.9993
vn 0.0245 0.0573 0.9981
vn 0.0249 0.0499 0.9984
vn 0.0112 0.0381 0.9992
vn 0.2924 0.9541 0.0642
vn 0.9935 0.0554 -0.0993
vn 0.9767 0.2020 0.0728
vn 0.7148 0.6879 0.1262
vn -1.0000 -0.0002 0.0001
vn 0.3483 0.9353 0.0629
vn 0.4078 0.9067 0.1080
vn 0.7056 0.7021 0.0956
vn 0.1813 0.9567 0.2275
vn 0.6936 0.7133 0.1007
vn 0.3172 0.9374 0.1440
vn 0.1508 0.9752 0.1619
vn 0.9907 0.0812 0.1094
vn 0.2197 0.9724 0.0781
vn 0.2947 0.9530 0.0694
vn 0.1065 0.6893 0.7166
vn 0.3080 0.9450 0.1098
vn 0.2424 0.9653 0.0974
vn 0.5109 0.8512 0.1202
vn 0.4658 0.8776 0.1136
vn 0.3796 0.9181 0.1139
vn 0.2032 0.9756 0.0833
vn 0.5968 0.7988 0.0759
vn 0.7450 0.6661 0.0354
vn -0.0000 0.9847 0.1742
vn 0.9466 -0.3181 0.0517
vn 0.9656 -0.2025 0.1630
vn 0.7459 0.3491 0.5672
vn 0.7067 0.2452 0.6636
vn -0.0102 -0.0003 0.9999
vn -0.0103 -0.0003 0.9999
vn -0.0143 -0.0003 0.9999
vn -0.0146 -0.0003 0.9999
vn -0.9969 0.0092 0.0778
vn -0.9994 0.0084 -0.0343
vn -0.9971 0.0108 0.0755
vn -0.9999 -0.0059 0.0159
vn -0.9996 -0.0035 -0.0293
vn -0.0115 -0.9488 0.3156
vn -0.0061 -0.9475 0.3198
vn -0.0000 0.8474 0.5309
vn -0.9647 -0.0475 0.2591
vn -0.9626 0.0059 0.2707
vn -0.4277 0.0068 0.9039
vn -0.1544 -0.0000 0.9880
vn -0.0162 -0.0003 0.9999
vn -0.0167 -0.0003 0.9999
vn 0.0112 0.0052 0.9999
vn 0.0132 0.0375 0.9992
vn 0.7171 0.0033 0.6969
vn 0.7388 0.1075 0.6652
vn 0.9997 0.0212 -0.0082
vn 0.9924 0.1231 -0.0010
vn 0.5516 0.1998 0.8098
vn 0.5322 0.2295 0.8149
vn 0.7837 0.2704 0.5592
vn 0.8003 0.0912 0.5926
vn 0.9286 0.1718 0.3290
vn 0.9469 0.1664 0.2750
vn 0.9071 0.2719 0.3214
vn 0.9360 0.1108 0.3341
vn 0.8942 0.3164 0.3168
vn 0.9097 0.3122 0.2739
vn 0.8362 0.4615 0.2963
vn 0.9966 -0.0488 0.0670
vn 0.9975 -0.0606 0.0354
vn 0.9413 -0.1412 -0.3066
vn 0.9914 -0.1252 0.0373
vn 0.9905 -0.1008 0.0935
vn 0.9945 -0.0476 0.0938
vn -0.9699 -0.2435 -0.0039
vn -0.9423 -0.2404 0.2328
vn -0.9699 -0.0039 0.2435
vn -0.9699 0.0039 -0.2435
vn -0.9423 -0.2328 -0.2404
vn -0.9423 0.2404 -0.2328
vn -0.9699 0.2435 0.0039
vn -0.9423 0.2328 0.2404
vn 0.0550 0.9984 -0.0135
vn -0.2998 0.9322 0.2027
vn 0.3105 0.9271 0.2098
vn 0.5167 -0.8559 -0.0214
vn -0.0097 -0.9999 0.0081
vn 0.0097 -0.9999 0.0080
vn -0.0000 0.9740 0.2265
vn 0.4236 0.6035 0.6755
vn 0.4237 0.6034 0.6756
vn 0.5795 -0.3657 0.7284
vn 0.5788 -0.3656 0.7290
vn 0.9926 -0.1039 0.0634
vn 0.9177 -0.0604 -0.3927
vn 0.9220 0.0668 0.3814
vn 0.8980 0.0517 0.4370
vn 0.8973 -0.0256 0.4408
vn 0.9118 -0.0394 0.4088
vn 0.9031 -0.1838 0.3881
vn 0.8900 -0.1405 0.4338
vn 0.8531 -0.3024 0.4252
vn 0.8851 -0.3034 0.3529
vn 0.6593 0.7425 0.1181
vn 0.7046 0.6983 0.1259
vn 0.8573 0.5073 -0.0879
vn 0.8578 0.5119 -0.0458
vn 0.9861 0.0981 -0.1341
vn 0.9620 0.0977 -0.2549
vn 0.9440 -0.1958 -0.2655
vn 0.9782 -0.1698 -0.1194
vn 0.6507 0.1643 0.7414
vn 0.7092 0.1413 0.6907
vn 0.7206 0.4234 0.5491
vn 0.6397 0.5174 0.5684
vn 0.6955 -0.5564 0.4546
vn 0.8061 -0.4202 0.4168
vn 0.7860 -0.3459 0.5124
vn 0.6517 -0.4808 0.5866
vn 0.7634 -0.5797 0.2850
vn 0.7694 -0.5714 0.2855
vn 0.8185 -0.4614 0.3423
vn 0.7484 -0.5659 0.3459
vn 0.5999 0.7271 0.3338
vn 0.6847 0.6326 0.3620
vn 0.6514 0.7169 0.2485
vn 0.5795 0.7857 0.2164
vn 0.9499 -0.1854 0.2515
vn 0.9252 -0.2195 0.3096
vn 0.9051 -0.2976 0.3038
vn 0.9227 -0.2622 0.2826
vn 0.9764 0.0390 0.2122
vn 0.9570 0.0756 0.2802
vn 0.9501 -0.0637 0.3053
vn 0.9734 -0.0722 0.2174
vn 0.9612 0.0349 0.2735
vn 0.9362 -0.0311 0.3500
vn 0.9668 0.1295 0.2202
vn 0.9558 0.1438 0.2563
vn 0.9750 0.0926 0.2019
vn 0.9735 -0.0181 0.2281
vn 0.9681 -0.0589 0.2435
vn 0.9610 -0.1106 0.2535
vn 0.9437 -0.2022 0.2619
vn 0.5679 0.5866 0.5773
vn 0.5370 0.7839 0.3116
vn 0.5289 0.8263 0.1937
vn 0.8395 -0.4994 0.2142
vn 0.7578 -0.5872 0.2844
vn 0.6820 -0.6449 0.3448
vn 0.6006 -0.6447 0.4729
vn 0.5414 -0.5634 0.6240
vn 0.5795 -0.0792 0.8111
vn 0.5999 0.1821 0.7791
vn 0.8572 0.5149 -0.0120
vn 0.9953 0.0966 0.0112
vn 0.9864 -0.1221 0.1099
vn 0.6271 0.7708 0.1125
vn 0.9306 0.1433 0.3369
vn 0.8990 0.1452 0.4132
vn 0.5406 -0.3189 0.7785
vn 0.9408 -0.3167 0.1205
vn 0.9414 0.0644 0.3310
vt 0.896873 0.696518
vt 0.883687 0.720752
vt 0.884912 0.713426
vt 0.889282 0.700332
vt 0.147596 0.730748
vt 0.147239 0.753860
vt 0.117696 0.747634
vt 0.119087 0.725754
vt 0.087856 0.740087
vt 0.091943 0.716867
vt 0.065490 0.733271
vt 0.079354 0.711256
vt 0.316856 0.657973
vt 0.316856 0.667305
vt 0.307792 0.668547
vt 0.307679 0.659361
vt 0.054046 0.727717
vt 0.056129 0.701274
vt 0.172133 0.730640
vt 0.168133 0.756975
vt 0.822439 0.440630
vt 0.827621 0.457277
vt 0.783718 0.458785
vt 0.783419 0.437584
vt 0.728171 0.578839
vt 0.722786 0.577914
vt 0.721361 0.672324
vt 0.725804 0.673495
vt 0.722940 0.717032
vt 0.726890 0.718732
vt 0.732768 0.519911
vt 0.727220 0.519373
vt 0.724614 0.734194
vt 0.729196 0.734673
vt 0.732671 0.859971
vt 0.728180 0.857788
vt 0.724227 0.874061
vt 0.731026 0.875356
vt 0.931883 0.648691
vt 0.928419 0.652106
vt 0.924312 0.632697
vt 0.925138 0.631799
vt 0.917570 0.619971
vt 0.916529 0.622941
vt 0.894561 0.587524
vt 0.899233 0.586963
vt 0.892059 0.550636
vt 0.897227 0.549871
vt 0.888525 0.511101
vt 0.893723 0.510427
vt 0.883933 0.481628
vt 0.889139 0.480894
vt 0.878898 0.455220
vt 0.883681 0.454512
vt 0.918585 0.860361
vt 0.918375 0.827263
vt 0.931932 0.860015
vt 0.875322 0.444240
vt 0.880722 0.444059
vt 0.041625 0.721698
vt 0.044976 0.697417
vt 0.567593 0.885374
vt 0.582534 0.882876
vt 0.588294 0.885041
vt 0.573008 0.888370
vt 0.129926 0.494879
vt 0.129926 0.494879
vt 0.175850 0.495890
vt 0.072826 0.491754
vt 0.072826 0.491754
vt 0.078106 0.493738
vt 0.078106 0.493738
vt 0.129917 0.491966
vt 0.175850 0.492207
vt 0.646983 0.574332
vt 0.651139 0.515292
vt 0.596092 0.512339
vt 0.592138 0.571740
vt 0.650415 0.871746
vt 0.653226 0.859369
vt 0.598021 0.860532
vt 0.598736 0.871474
vt 0.828041 0.484055
vt 0.828484 0.513426
vt 0.784639 0.514430
vt 0.784182 0.485449
vt 0.652722 0.848242
vt 0.597385 0.849246
vt 0.828387 0.552506
vt 0.827874 0.588440
vt 0.783966 0.587904
vt 0.784668 0.552661
vt 0.648372 0.731155
vt 0.647166 0.714442
vt 0.592003 0.717087
vt 0.593088 0.734814
vt 0.645685 0.669625
vt 0.590670 0.670250
vt 0.697044 0.802041
vt 0.696532 0.764199
vt 0.650640 0.764999
vt 0.651268 0.802476
vt 0.838865 0.618359
vt 0.840713 0.623596
vt 0.789210 0.622758
vt 0.786353 0.621024
vt 0.792421 0.925830
vt 0.792421 0.939369
vt 0.783133 0.939921
vt 0.783133 0.926388
vt 0.643232 0.893112
vt 0.644841 0.886286
vt 0.694953 0.887390
vt 0.694953 0.896604
vt 0.019685 0.570742
vt 0.024540 0.571144
vt 0.022730 0.582316
vt 0.016782 0.582493
vt 0.896740 0.827734
vt 0.896531 0.810897
vt 0.918788 0.810928
vt 0.464556 0.519033
vt 0.463985 0.510305
vt 0.532307 0.510305
vt 0.532260 0.519031
vt 0.464451 0.585698
vt 0.466279 0.564887
vt 0.532095 0.564827
vt 0.532059 0.585349
vt 0.462636 0.598305
vt 0.531299 0.602184
vt 0.319557 0.534326
vt 0.311359 0.533852
vt 0.311249 0.520021
vt 0.319504 0.521435
vt 0.332236 0.604836
vt 0.334227 0.626073
vt 0.325271 0.626734
vt 0.322986 0.604160
vt 0.566769 0.533343
vt 0.584045 0.534008
vt 0.584045 0.562935
vt 0.566769 0.561606
vt 0.566769 0.503494
vt 0.584279 0.503494
vt 0.584045 0.505081
vt 0.566769 0.505081
vt 0.558792 0.797946
vt 0.566472 0.796887
vt 0.573503 0.868938
vt 0.559603 0.868938
vt 0.558792 0.787947
vt 0.566472 0.786888
vt 0.081495 0.375058
vt 0.081439 0.479307
vt 0.064551 0.478981
vt 0.064617 0.374839
vt 0.089786 0.200677
vt 0.081576 0.206651
vt 0.064713 0.206589
vt 0.074392 0.200620
vt 0.089787 0.198474
vt 0.074393 0.198420
vt 0.089801 0.172126
vt 0.074409 0.172098
vt 0.089816 0.144083
vt 0.089814 0.145779
vt 0.074425 0.145776
vt 0.074427 0.144083
vt 0.074212 0.145537
vt 0.074212 0.158791
vt 0.074417 0.158937
vt 0.073741 0.200743
vt 0.074212 0.198555
vt 0.064537 0.207083
vt 0.064551 0.478981
vt 0.064537 0.374931
vt 0.493769 0.438460
vt 0.494167 0.384234
vt 0.464567 0.383779
vt 0.464201 0.437943
vt 0.840756 0.208178
vt 0.853802 0.105624
vt 0.876213 0.105643
vt 0.868361 0.209045
vt 0.106905 0.661080
vt 0.105059 0.670786
vt 0.093091 0.661944
vt 0.097401 0.652244
vt 0.170602 0.665684
vt 0.174836 0.675026
vt 0.147081 0.680764
vt 0.146411 0.671947
vt 0.446043 0.437752
vt 0.446203 0.383606
vt 0.428835 0.383595
vt 0.428897 0.437730
vt 0.082617 0.633683
vt 0.088362 0.621819
vt 0.122557 0.678225
vt 0.123210 0.668959
vt 0.056822 0.633958
vt 0.060330 0.621819
vt 0.790596 0.810753
vt 0.790769 0.827632
vt 0.783014 0.827613
vt 0.783060 0.810728
vt 0.762523 0.202443
vt 0.661904 0.202337
vt 0.661868 0.183338
vt 0.762498 0.183663
vt 0.765206 0.291007
vt 0.661838 0.283790
vt 0.661882 0.268456
vt 0.762502 0.268572
vt 0.661838 0.168832
vt 0.762476 0.169681
vt 0.661953 0.258245
vt 0.762572 0.258221
vt 0.661921 0.243479
vt 0.762540 0.243493
vt 0.661926 0.223557
vt 0.762545 0.223764
vt 0.732416 0.848055
vt 0.727856 0.846879
vt 0.649802 0.747479
vt 0.594214 0.752140
vt 0.651731 0.822888
vt 0.651444 0.812002
vt 0.595934 0.812594
vt 0.596280 0.823595
vt 0.594862 0.766412
vt 0.595677 0.803005
vt 0.732028 0.822881
vt 0.732022 0.812368
vt 0.726813 0.811203
vt 0.727019 0.821927
vt 0.731385 0.750587
vt 0.726553 0.751092
vt 0.726778 0.757945
vt 0.731548 0.757631
vt 0.731914 0.765380
vt 0.726953 0.765439
vt 0.650364 0.755728
vt 0.594564 0.758973
vt 0.559080 0.755397
vt 0.573487 0.755397
vt 0.175850 0.481133
vt 0.128644 0.480220
vt 0.128672 0.375669
vt 0.175850 0.376279
vt 0.081564 0.230785
vt 0.081557 0.245266
vt 0.064691 0.245167
vt 0.064699 0.230700
vt 0.544673 0.755397
vt 0.544096 0.787947
vt 0.339169 0.484832
vt 0.321316 0.483272
vt 0.321617 0.357526
vt 0.339843 0.357169
vt 0.338697 0.489121
vt 0.318584 0.487648
vt 0.360353 0.487193
vt 0.360813 0.357497
vt 0.363704 0.357566
vt 0.363019 0.483342
vt 0.356705 0.488527
vt 0.355404 0.493173
vt 0.337964 0.493288
vt 0.318493 0.357643
vt 0.315729 0.483584
vt 0.315729 0.357808
vt 0.357055 0.483049
vt 0.356616 0.357278
vt 0.319401 0.492396
vt 0.862780 0.810813
vt 0.884183 0.827741
vt 0.196315 0.636367
vt 0.203295 0.654388
vt 0.191093 0.667394
vt 0.188011 0.652406
vt 0.912378 0.086084
vt 0.968098 0.086242
vt 0.968098 0.210343
vt 0.912380 0.209159
vt 0.466297 0.541531
vt 0.466304 0.533746
vt 0.532181 0.533733
vt 0.532159 0.541507
vt 0.319611 0.547218
vt 0.330591 0.549392
vt 0.330643 0.565013
vt 0.319718 0.573000
vt 0.554809 0.518615
vt 0.546663 0.526404
vt 0.546663 0.518220
vt 0.554809 0.505081
vt 0.334079 0.519038
vt 0.339347 0.533770
vt 0.330539 0.533772
vt 0.325027 0.519038
vt 0.263919 0.118259
vt 0.253115 0.117885
vt 0.249738 0.440713
vt 0.260349 0.438003
vt 0.214516 0.438405
vt 0.219530 0.116429
vt 0.257807 0.443285
vt 0.265877 0.445857
vt 0.267741 0.442090
vt 0.264045 0.440047
vt 0.205335 0.121400
vt 0.205346 0.116126
vt 0.170963 0.116093
vt 0.170944 0.121377
vt 0.257888 0.449599
vt 0.292285 0.446619
vt 0.292263 0.129572
vt 0.257863 0.129558
vt 0.000000 0.000000
vt 0.214695 0.444422
vt 0.214874 0.450438
vt 0.247527 0.453346
vt 0.248633 0.447030
vt 0.214516 0.438406
vt 0.214994 0.454533
vt 0.247015 0.457288
vt 0.383193 0.284847
vt 0.380243 0.224239
vt 0.394472 0.223152
vt 0.397735 0.284918
vt 0.382798 0.285526
vt 0.398039 0.285737
vt 0.393335 0.347729
vt 0.379066 0.346506
vt 0.395649 0.223095
vt 0.379066 0.224310
vt 0.309668 0.286943
vt 0.306719 0.347551
vt 0.320947 0.348638
vt 0.324211 0.286872
vt 0.309274 0.286264
vt 0.324515 0.286052
vt 0.319811 0.224061
vt 0.305542 0.225284
vt 0.322125 0.348695
vt 0.305542 0.347480
vt 0.215756 0.479728
vt 0.242932 0.476337
vt 0.224934 0.494856
vt 0.204338 0.484171
vt 0.263266 0.478050
vt 0.243879 0.494856
vt 0.277560 0.474052
vt 0.262824 0.494856
vt 0.281769 0.466220
vt 0.281769 0.494855
vt 0.307097 0.466220
vt 0.301144 0.493257
vt 0.214556 0.510700
vt 0.202624 0.491184
vt 0.233806 0.518293
vt 0.259737 0.521074
vt 0.276246 0.516401
vt 0.290514 0.506816
vt 0.215406 0.478009
vt 0.203988 0.482453
vt 0.224584 0.493137
vt 0.242582 0.474618
vt 0.243529 0.493137
vt 0.262916 0.476332
vt 0.262474 0.493137
vt 0.277211 0.472333
vt 0.281419 0.493137
vt 0.281419 0.466220
vt 0.300795 0.491539
vt 0.306747 0.466220
vt 0.202274 0.489466
vt 0.214206 0.508982
vt 0.233456 0.516574
vt 0.259387 0.519355
vt 0.275896 0.514682
vt 0.290164 0.505097
vt 0.661207 0.044920
vt 0.660373 0.110915
vt 0.654670 0.111177
vt 0.655509 0.045328
vt 0.664062 0.116835
vt 0.763957 0.116975
vt 0.764073 0.122646
vt 0.664087 0.122714
vt 0.544775 0.111320
vt 0.544775 0.197566
vt 0.533575 0.197566
vt 0.533575 0.111320
vt 0.521056 0.197566
vt 0.521056 0.111320
vt 0.509295 0.197566
vt 0.509295 0.111320
vt 0.498253 0.197566
vt 0.498253 0.111320
vt 0.489268 0.197566
vt 0.489268 0.111320
vt 0.481407 0.197566
vt 0.481407 0.111320
vt 0.474461 0.197566
vt 0.474461 0.111320
vt 0.468113 0.197566
vt 0.468113 0.111320
vt 0.460251 0.197566
vt 0.460251 0.111320
vt 0.452389 0.197566
vt 0.452389 0.111320
vt 0.446041 0.197566
vt 0.446041 0.111320
vt 0.439095 0.197566
vt 0.439095 0.111320
vt 0.431234 0.197566
vt 0.431234 0.111320
vt 0.422249 0.197566
vt 0.422249 0.111320
vt 0.411207 0.197566
vt 0.411207 0.111320
vt 0.399446 0.197566
vt 0.399446 0.111320
vt 0.386927 0.197566
vt 0.386927 0.111320
vt 0.375727 0.197566
vt 0.375727 0.111320
vt 0.320429 0.152129
vt 0.321749 0.160002
vt 0.312427 0.159913
vt 0.311195 0.152762
vt 0.368345 0.082089
vt 0.368820 0.088192
vt 0.358502 0.088486
vt 0.358230 0.081602
vt 0.361082 0.155995
vt 0.360489 0.169709
vt 0.350508 0.169609
vt 0.350613 0.157072
vt 0.324109 0.179066
vt 0.323484 0.185130
vt 0.313446 0.185556
vt 0.313762 0.178670
vt 0.315663 0.097453
vt 0.316309 0.111159
vt 0.305818 0.110140
vt 0.305686 0.097572
vt 0.357214 0.216368
vt 0.353546 0.225408
vt 0.344436 0.220907
vt 0.347554 0.213237
vt 0.365374 0.115025
vt 0.364827 0.124197
vt 0.354390 0.122788
vt 0.355955 0.114421
vt 0.360795 0.183464
vt 0.350420 0.181965
vt 0.308726 0.041762
vt 0.312391 0.050801
vt 0.302732 0.053929
vt 0.299616 0.046260
vt 0.319845 0.142956
vt 0.309703 0.144396
vt 0.315964 0.083701
vt 0.305590 0.085204
vt 0.368335 0.094064
vt 0.358547 0.095416
vt 0.323851 0.173151
vt 0.313845 0.171748
vt 0.362280 0.059398
vt 0.365644 0.067753
vt 0.355685 0.070192
vt 0.353126 0.063857
vt 0.363223 0.133753
vt 0.352441 0.133648
vt 0.320830 0.199413
vt 0.317436 0.207757
vt 0.308272 0.203302
vt 0.310824 0.196962
vt 0.318473 0.133405
vt 0.307636 0.133549
vt 0.360749 0.195279
vt 0.350353 0.193518
vt 0.367875 0.100253
vt 0.358082 0.101065
vt 0.315919 0.071888
vt 0.305524 0.073648
vt 0.323076 0.166906
vt 0.313371 0.166104
vt 0.367394 0.075328
vt 0.357305 0.076078
vt 0.361877 0.144395
vt 0.351291 0.144950
vt 0.322597 0.191861
vt 0.312490 0.191078
vt 0.317252 0.122756
vt 0.306480 0.122278
vt 0.359707 0.206396
vt 0.349674 0.203934
vt 0.366622 0.107146
vt 0.357126 0.107268
vt 0.314881 0.060773
vt 0.304849 0.063232
vt 0.400632 0.094125
vt 0.392479 0.095563
vt 0.384327 0.094125
vt 0.377157 0.089986
vt 0.371836 0.083644
vt 0.369004 0.075865
vt 0.369004 0.067586
vt 0.371836 0.059807
vt 0.377157 0.053465
vt 0.384327 0.049326
vt 0.392479 0.047888
vt 0.400632 0.049326
vt 0.407802 0.053465
vt 0.413123 0.059807
vt 0.415955 0.067586
vt 0.415955 0.075865
vt 0.413123 0.083644
vt 0.407802 0.089986
vt 0.430894 0.063798
vt 0.438063 0.059659
vt 0.446216 0.058222
vt 0.454369 0.059659
vt 0.461538 0.063798
vt 0.466860 0.070140
vt 0.469691 0.077920
vt 0.469691 0.086198
vt 0.466860 0.093977
vt 0.461538 0.100319
vt 0.454369 0.104459
vt 0.446216 0.105896
vt 0.438063 0.104459
vt 0.430894 0.100319
vt 0.425572 0.093977
vt 0.422741 0.086198
vt 0.422741 0.077920
vt 0.425572 0.070140
vt 0.444053 0.044444
vt 0.457078 0.046669
vt 0.456839 0.020002
vt 0.443815 0.022465
vt 0.384180 0.038261
vt 0.392256 0.038356
vt 0.392221 0.029304
vt 0.384236 0.029435
vt 0.498582 0.043994
vt 0.509600 0.040775
vt 0.509504 0.025248
vt 0.498456 0.022145
vt 0.471356 0.047286
vt 0.471143 0.019147
vt 0.398849 0.038274
vt 0.398811 0.029318
vt 0.519909 0.037685
vt 0.519801 0.028255
vt 0.406011 0.038189
vt 0.405967 0.029302
vt 0.530209 0.037835
vt 0.530113 0.027970
vt 0.414071 0.038208
vt 0.413970 0.029139
vt 0.354069 0.037754
vt 0.362239 0.037992
vt 0.362476 0.029165
vt 0.354373 0.028901
vt 0.423147 0.037982
vt 0.423121 0.029106
vt 0.369491 0.038198
vt 0.369637 0.029258
vt 0.432902 0.041422
vt 0.432735 0.025685
vt 0.376140 0.038316
vt 0.376215 0.029309
vt 0.485608 0.046444
vt 0.485460 0.019810
vt 0.432260 0.017592
vt 0.420729 0.022636
vt 0.497697 0.014237
vt 0.484506 0.012818
vt 0.363315 0.038086
vt 0.370546 0.036102
vt 0.444464 0.014539
vt 0.509627 0.017282
vt 0.377256 0.034957
vt 0.457698 0.012995
vt 0.520169 0.021442
vt 0.384192 0.034898
vt 0.471101 0.012742
vt 0.528257 0.021036
vt 0.391162 0.034983
vt 0.363543 0.029135
vt 0.356373 0.025962
vt 0.397807 0.036124
vt 0.370613 0.031391
vt 0.404949 0.038244
vt 0.377289 0.032682
vt 0.412460 0.041189
vt 0.384235 0.032797
vt 0.420947 0.044736
vt 0.471403 0.053694
vt 0.484744 0.053446
vt 0.391146 0.032683
vt 0.432654 0.049407
vt 0.497900 0.051910
vt 0.397787 0.031483
vt 0.444848 0.052346
vt 0.509873 0.048802
vt 0.404913 0.029264
vt 0.458049 0.053659
vt 0.520294 0.044234
vt 0.412320 0.026204
vt 0.528421 0.044509
vt 0.355877 0.040836
vt 0.340051 0.285357
vt 0.338033 0.345704
vt 0.365938 0.347152
vt 0.368530 0.285120
vt 0.339658 0.284632
vt 0.368877 0.284327
vt 0.364797 0.221997
vt 0.336855 0.223909
vt 0.367115 0.347216
vt 0.336855 0.345654
vt 0.613061 0.222029
vt 0.613102 0.280724
vt 0.534095 0.279856
vt 0.534536 0.222777
vt 0.614282 0.339431
vt 0.537058 0.339431
vt 0.536730 0.280976
vt 0.614125 0.280859
vt 0.614050 0.221932
vt 0.536445 0.221773
vt 0.544096 0.797946
vt 0.545702 0.868938
vt 0.636749 0.905676
vt 0.694953 0.905818
vt 0.552652 0.887871
vt 0.557721 0.891698
vt 0.563840 0.503494
vt 0.554809 0.532149
vt 0.554809 0.559217
vt 0.583531 0.565322
vt 0.573487 0.572240
vt 0.561545 0.594499
vt 0.560332 0.614237
vt 0.547177 0.614237
vt 0.547754 0.597093
vt 0.567540 0.578316
vt 0.573488 0.598488
vt 0.567540 0.587474
vt 0.457078 0.046670
vt 0.384180 0.038261
vt 0.392221 0.029304
vt 0.498582 0.043994
vt 0.471356 0.047286
vt 0.471143 0.019147
vt 0.519909 0.037685
vt 0.406011 0.038189
vt 0.414071 0.038208
vt 0.413970 0.029138
vt 0.362239 0.037992
vt 0.369491 0.038198
vt 0.369637 0.029258
vt 0.432902 0.041422
vt 0.485608 0.046444
vt 0.432260 0.017592
vt 0.420729 0.022636
vt 0.497697 0.014237
vt 0.363315 0.038086
vt 0.509627 0.017282
vt 0.520169 0.021442
vt 0.384192 0.034898
vt 0.528257 0.021036
vt 0.363543 0.029135
vt 0.356373 0.025961
vt 0.397807 0.036124
vt 0.404949 0.038244
vt 0.384235 0.032797
vt 0.420947 0.044736
vt 0.471403 0.053694
vt 0.432654 0.049407
vt 0.497900 0.051909
vt 0.444848 0.052346
vt 0.509873 0.048802
vt 0.458049 0.053659
vt 0.520294 0.044234
vt 0.528421 0.044509
vt 0.521620 0.223865
vt 0.524339 0.220591
vt 0.501348 0.279434
vt 0.502787 0.280977
vt 0.413224 0.281009
vt 0.412695 0.280554
vt 0.520588 0.278698
vt 0.524259 0.339366
vt 0.525459 0.282262
vt 0.514949 0.223999
vt 0.513738 0.278549
vt 0.502309 0.223157
vt 0.412693 0.222151
vt 0.502360 0.221773
vt 0.412693 0.221717
vt 0.503273 0.339431
vt 0.413754 0.339431
vt 0.613061 0.222029
vt 0.534540 0.222780
vt 0.534046 0.279846
vt 0.536729 0.280976
vt 0.536445 0.221773
vt 0.519457 0.278624
vt 0.525394 0.282323
vt 0.501213 0.279409
vt 0.502788 0.280977
vt 0.520967 0.223875
vt 0.523580 0.339362
vt 0.514315 0.223971
vt 0.502303 0.223164
vt 0.512647 0.278517
vt 0.197025 0.880660
vt 0.182130 0.880660
vt 0.182130 0.800563
vt 0.197025 0.800564
vt 0.125690 0.764424
vt 0.134453 0.764148
vt 0.140960 0.794364
vt 0.130670 0.794364
vt 0.125690 0.916799
vt 0.130670 0.886860
vt 0.140960 0.886860
vt 0.134453 0.917076
vt 0.144798 0.881205
vt 0.144798 0.800019
vt 0.128043 0.881274
vt 0.128043 0.799950
vt 0.122051 0.919786
vt 0.136939 0.920256
vt 0.122051 0.761438
vt 0.136939 0.760969
vt 0.044516 0.879117
vt 0.012376 0.879117
vt 0.012376 0.802107
vt 0.044516 0.802107
vt 0.093712 0.879117
vt 0.125853 0.879117
vt 0.091522 0.880660
vt 0.125853 0.802107
vt 0.093713 0.802107
vt 0.091522 0.800563
vt 0.070294 0.846496
vt 0.070294 0.856076
vt 0.055538 0.856076
vt 0.055538 0.846496
vt 0.070029 0.824106
vt 0.055273 0.824106
vt 0.070029 0.822654
vt 0.055273 0.818980
vt 0.070294 0.816518
vt 0.055538 0.816518
vt 0.431058 0.933312
vt 0.430426 0.983592
vt 0.356178 0.983488
vt 0.356178 0.933312
vt 0.888648 0.917837
vt 0.877643 0.930589
vt 0.873007 0.932279
vt 0.882470 0.915484
vt 0.877544 0.432357
vt 0.872742 0.432809
vt 0.010738 0.642957
vt 0.012350 0.646156
vt 0.006561 0.669788
vt 0.003808 0.665290
vt 0.861089 0.432888
vt 0.857268 0.418721
vt 0.868006 0.419480
vt 0.032596 0.568806
vt 0.029554 0.581663
vt 0.838717 0.208895
vt 0.838766 0.105623
vt 0.859911 0.444415
vt 0.008706 0.637621
vt 0.003976 0.661068
vt 0.872777 0.419589
vt 0.662832 0.437474
vt 0.661636 0.383595
vt 0.652477 0.383799
vt 0.653582 0.437917
vt 0.891125 0.416068
vt 0.896324 0.424087
vt 0.882361 0.431902
vt 0.877565 0.419698
vt 0.902692 0.435443
vt 0.886140 0.443877
vt 0.562160 0.882368
vt 0.547566 0.884032
vt 0.745045 0.740151
vt 0.733792 0.735154
vt 0.736234 0.750080
vt 0.748255 0.753190
vt 0.750601 0.767181
vt 0.749374 0.759252
vt 0.736334 0.757316
vt 0.736890 0.765320
vt 0.749663 0.854494
vt 0.751192 0.827563
vt 0.737053 0.823839
vt 0.736991 0.849235
vt 0.256082 0.830990
vt 0.259294 0.821850
vt 0.299363 0.823128
vt 0.292326 0.844890
vt 0.737291 0.803906
vt 0.751902 0.807424
vt 0.737178 0.862161
vt 0.748859 0.870403
vt 0.175850 0.488512
vt 0.129907 0.489042
vt 0.067529 0.489763
vt 0.067529 0.489763
vt 0.576753 0.880704
vt 0.907526 0.454450
vt 0.888481 0.453801
vt 0.911898 0.471984
vt 0.894361 0.480157
vt 0.916426 0.503091
vt 0.898939 0.509750
vt 0.919811 0.543907
vt 0.902412 0.549104
vt 0.921121 0.581900
vt 0.903920 0.586400
vt 0.933718 0.607485
vt 0.918614 0.616991
vt 0.947517 0.632134
vt 0.935359 0.645265
vt 0.925967 0.630897
vt 0.939551 0.618483
vt 0.737846 0.876656
vt 0.751891 0.883707
vt 0.741207 0.727264
vt 0.730853 0.720437
vt 0.752057 0.521783
vt 0.738335 0.520451
vt 0.733573 0.579766
vt 0.746885 0.582052
vt 0.741920 0.678998
vt 0.730262 0.674670
vt 0.084085 0.538100
vt 0.080314 0.538184
vt 0.078917 0.531231
vt 0.082843 0.530737
vt 0.085380 0.547615
vt 0.081734 0.547446
vt 0.086423 0.567944
vt 0.082802 0.568021
vt 0.082717 0.558030
vt 0.086344 0.558106
vt 0.085977 0.575435
vt 0.082359 0.575449
vt 0.085292 0.580778
vt 0.081691 0.580576
vt 0.082640 0.594276
vt 0.080892 0.592528
vt 0.077434 0.606025
vt 0.079730 0.607572
vt 0.077623 0.607006
vt 0.518223 0.282309
vt 0.525459 0.282262
vt 0.516363 0.220591
vt 0.518223 0.282309
vt 0.516999 0.339363
vt 0.518131 0.282345
vt 0.516314 0.339361
vt 0.523680 0.220610
vt 0.382109 0.384283
vt 0.382501 0.438259
vt 0.565038 0.439240
vt 0.564930 0.384865
vt 0.523669 0.384686
vt 0.523239 0.438976
vt 0.848309 0.054524
vt 0.857197 0.054741
vt 0.860228 0.056021
vt 0.848480 0.056195
vt 0.862481 0.058677
vt 0.849028 0.095673
vt 0.849010 0.095673
vt 0.864598 0.063923
vt 0.866709 0.069152
vt 0.848991 0.095673
vt 0.868925 0.095673
vt 0.207350 0.635954
vt 0.250972 0.657884
vt 0.270451 0.658982
vt 0.268972 0.671300
vt 0.247635 0.676232
vt 0.200933 0.741531
vt 0.191502 0.746027
vt 0.175934 0.759060
vt 0.198603 0.732749
vt 0.315644 0.812472
vt 0.329151 0.812163
vt 0.329148 0.820764
vt 0.315657 0.820894
vt 0.204717 0.728477
vt 0.198149 0.728476
vt 0.196603 0.710261
vt 0.202506 0.710348
vt 0.211840 0.818417
vt 0.202874 0.806562
vt 0.209387 0.800110
vt 0.218176 0.814183
vt 0.387040 0.668864
vt 0.327706 0.667856
vt 0.327706 0.657356
vt 0.387040 0.657355
vt 0.218465 0.653364
vt 0.213672 0.653581
vt 0.218603 0.640525
vt 0.225943 0.644925
vt 0.297265 0.728477
vt 0.295575 0.714571
vt 0.305128 0.714977
vt 0.305395 0.728477
vt 0.305667 0.753193
vt 0.315557 0.727344
vt 0.315479 0.753756
vt 0.233675 0.676385
vt 0.219046 0.676544
vt 0.223786 0.658624
vt 0.237372 0.658254
vt 0.244179 0.658069
vt 0.240321 0.676312
vt 0.225178 0.728477
vt 0.237194 0.728477
vt 0.240171 0.739976
vt 0.231687 0.738809
vt 0.254725 0.653341
vt 0.272231 0.654740
vt 0.751715 0.818296
vt 0.737249 0.813536
vt 0.261343 0.728477
vt 0.261517 0.713123
vt 0.274688 0.713683
vt 0.276371 0.728477
vt 0.288721 0.818306
vt 0.274530 0.818300
vt 0.271459 0.816552
vt 0.288871 0.817050
vt 0.668659 0.985691
vt 0.658680 0.980444
vt 0.660631 0.977723
vt 0.668431 0.982016
vt 0.199819 0.752247
vt 0.205570 0.738357
vt 0.203017 0.748542
vt 0.261261 0.742880
vt 0.250895 0.741453
vt 0.249690 0.728477
vt 0.699974 0.982075
vt 0.699492 0.985760
vt 0.219792 0.693031
vt 0.234319 0.693293
vt 0.248487 0.653436
vt 0.653699 0.971409
vt 0.653962 0.945259
vt 0.657070 0.946035
vt 0.656398 0.970528
vt 0.246653 0.740869
vt 0.243682 0.728477
vt 0.220605 0.711237
vt 0.235014 0.711996
vt 0.229101 0.653965
vt 0.238087 0.644925
vt 0.247481 0.644925
vt 0.241578 0.653618
vt 0.255286 0.644925
vt 0.262194 0.644925
vt 0.304099 0.659995
vt 0.303296 0.658631
vt 0.307490 0.655418
vt 0.200648 0.676681
vt 0.212469 0.659060
vt 0.299029 0.799470
vt 0.300670 0.798693
vt 0.299523 0.814393
vt 0.296891 0.814327
vt 0.300258 0.773282
vt 0.298930 0.773437
vt 0.298832 0.758026
vt 0.315864 0.715406
vt 0.329109 0.795701
vt 0.315564 0.796035
vt 0.315805 0.782253
vt 0.329312 0.782168
vt 0.849081 0.982205
vt 0.849081 0.982205
vt 0.849081 0.953512
vt 0.849081 0.953513
vt 0.306451 0.797995
vt 0.306193 0.783493
vt 0.240695 0.828270
vt 0.220905 0.824375
vt 0.224745 0.817745
vt 0.242506 0.819430
vt 0.289468 0.728477
vt 0.285955 0.714162
vt 0.296779 0.752492
vt 0.298972 0.784263
vt 0.300429 0.783850
vt 0.306840 0.814360
vt 0.201528 0.692712
vt 0.208370 0.658220
vt 0.194629 0.676270
vt 0.735237 0.979325
vt 0.722236 0.980444
vt 0.728585 0.958221
vt 0.731116 0.951602
vt 0.733434 0.953192
vt 0.248726 0.712579
vt 0.239623 0.750733
vt 0.239693 0.741999
vt 0.246183 0.742738
vt 0.246109 0.751058
vt 0.253417 0.798771
vt 0.256896 0.812765
vt 0.250144 0.812713
vt 0.246943 0.798669
vt 0.659535 0.936038
vt 0.689336 0.932353
vt 0.688864 0.935455
vt 0.661635 0.938919
vt 0.240897 0.693385
vt 0.241522 0.712273
vt 0.272542 0.644925
vt 0.284813 0.658448
vt 0.205663 0.771437
vt 0.203239 0.774009
vt 0.199387 0.759454
vt 0.201896 0.755951
vt 0.250417 0.783595
vt 0.243951 0.783518
vt 0.240037 0.757445
vt 0.246511 0.757508
vt 0.248281 0.772791
vt 0.241820 0.772731
vt 0.258883 0.814942
vt 0.250274 0.815725
vt 0.261456 0.816237
vt 0.263566 0.820126
vt 0.103640 0.680671
vt 0.095722 0.699903
vt 0.084225 0.694356
vt 0.088517 0.672540
vt 0.194096 0.765278
vt 0.199552 0.780292
vt 0.195519 0.789045
vt 0.188170 0.771835
vt 0.076578 0.660109
vt 0.061698 0.684249
vt 0.048745 0.679526
vt 0.055516 0.659816
vt 0.249666 0.848032
vt 0.249666 0.848032
vt 0.249594 0.856149
vt 0.249593 0.856149
vt 0.721403 0.932896
vt 0.719487 0.937772
vt 0.708506 0.935792
vt 0.707882 0.932578
vt 0.192727 0.756597
vt 0.280642 0.746336
vt 0.209292 0.736825
vt 0.304351 0.663257
vt 0.121852 0.688793
vt 0.120635 0.709168
vt 0.283517 0.666302
vt 0.283576 0.660495
vt 0.147310 0.696268
vt 0.147648 0.713622
vt 0.315557 0.771596
vt 0.306009 0.773168
vt 0.784231 0.632881
vt 0.791986 0.632901
vt 0.792155 0.648072
vt 0.784350 0.658936
vt 0.386465 0.810851
vt 0.386386 0.820211
vt 0.251712 0.877354
vt 0.249985 0.862442
vt 0.249986 0.862442
vt 0.251713 0.877353
vt 0.243265 0.855833
vt 0.243266 0.855832
vt 0.243334 0.847311
vt 0.243333 0.847311
vt 0.264567 0.919744
vt 0.261695 0.918878
vt 0.262058 0.918479
vt 0.264568 0.919743
vt 0.226124 0.814493
vt 0.242761 0.815446
vt 0.314844 0.645902
vt 0.315454 0.653357
vt 0.305202 0.645902
vt 0.315454 0.676752
vt 0.307718 0.671870
vt 0.299037 0.821259
vt 0.306840 0.821690
vt 0.306807 0.823519
vt 0.185919 0.728471
vt 0.250407 0.902603
vt 0.253530 0.916305
vt 0.253531 0.916304
vt 0.250408 0.902602
vt 0.212903 0.797114
vt 0.221089 0.812176
vt 0.315807 0.824455
vt 0.303184 0.668507
vt 0.304233 0.667090
vt 0.302014 0.657750
vt 0.269273 0.679256
vt 0.248161 0.693487
vt 0.251114 0.819870
vt 0.210040 0.843758
vt 0.213672 0.842263
vt 0.213672 0.842262
vt 0.210040 0.843757
vt 0.213068 0.886452
vt 0.210130 0.876033
vt 0.210131 0.876032
vt 0.213069 0.886451
vt 0.299141 0.917880
vt 0.296317 0.920727
vt 0.296318 0.920726
vt 0.299141 0.917879
vt 0.291315 0.920537
vt 0.274326 0.920051
vt 0.274327 0.920050
vt 0.291316 0.920536
vt 0.301033 0.862949
vt 0.301130 0.877984
vt 0.301131 0.877983
vt 0.301034 0.862947
vt 0.301227 0.903385
vt 0.301227 0.903384
vt 0.264376 0.848171
vt 0.283287 0.851542
vt 0.283287 0.851542
vt 0.264377 0.848170
vt 0.235522 0.844198
vt 0.243800 0.845338
vt 0.243800 0.845337
vt 0.235523 0.844198
vt 0.260118 0.916356
vt 0.260118 0.916355
vt 0.253796 0.887896
vt 0.253797 0.887895
vt 0.256724 0.902702
vt 0.256723 0.902703
vt 0.173086 0.694138
vt 0.172253 0.714936
vt 0.298550 0.657750
vt 0.295548 0.657680
vt 0.287815 0.644925
vt 0.294633 0.644925
vt 0.738704 0.952849
vt 0.740854 0.950968
vt 0.746997 0.974961
vt 0.018164 0.607896
vt 0.026322 0.608531
vt 0.019709 0.625696
vt 0.014844 0.623340
vt 0.291430 0.657630
vt 0.280997 0.644925
vt 0.712256 0.985691
vt 0.712485 0.982016
vt 0.720285 0.977723
vt 0.294955 0.820646
vt 0.293997 0.817245
vt 0.206455 0.860924
vt 0.207549 0.853694
vt 0.207549 0.853693
vt 0.206456 0.860924
vt 0.299031 0.857549
vt 0.299032 0.857548
vt 0.243669 0.862381
vt 0.243670 0.862381
vt 0.230094 0.918042
vt 0.225181 0.915781
vt 0.225182 0.915780
vt 0.230095 0.918041
vt 0.301170 0.888548
vt 0.301171 0.888547
vt 0.250124 0.846208
vt 0.254263 0.846778
vt 0.254263 0.846777
vt 0.250125 0.846208
vt 0.246326 0.918972
vt 0.246327 0.918971
vt 0.245409 0.877296
vt 0.245409 0.877295
vt 0.253657 0.919245
vt 0.253658 0.919244
vt 0.924904 0.901096
vt 0.936787 0.903041
vt 0.894860 0.920402
vt 0.284623 0.668308
vt 0.742272 0.981342
vt 0.734013 0.985295
vt 0.247487 0.887820
vt 0.247488 0.887820
vt 0.217195 0.901086
vt 0.217196 0.901085
vt 0.206194 0.784446
vt 0.208674 0.782115
vt 0.185815 0.709558
vt 0.203649 0.792451
vt 0.012300 0.624008
vt 0.010236 0.631460
vt 0.195625 0.692500
vt 0.187794 0.688821
vt 0.723845 0.946035
vt 0.726953 0.945259
vt 0.740309 0.939646
vt 0.737991 0.938056
vt 0.737003 0.932896
vt 0.742779 0.936864
vt 0.012377 0.610554
vt 0.012969 0.616153
vt 0.728827 0.946073
vt 0.729499 0.949102
vt 0.742222 0.948274
vt 0.746396 0.943004
vt 0.729204 0.942975
vt 0.736098 0.953630
vt 0.742598 0.945176
vt 0.741926 0.942146
vt 0.735327 0.937619
vt 0.732721 0.938400
vt 0.730571 0.940280
vt 0.115999 0.116788
vt 0.100562 0.127321
vt 0.095587 0.120016
vt 0.104172 0.109622
vt 0.819431 0.980700
vt 0.819431 0.955198
vt 0.892743 0.684566
vt 0.894356 0.691299
vt 0.889282 0.683588
vt 0.779926 0.982247
vt 0.776872 0.984918
vt 0.781449 0.969719
vt 0.781868 0.978420
vt 0.502589 0.728026
vt 0.473440 0.753709
vt 0.438153 0.753044
vt 0.439005 0.726372
vt 0.329269 0.715423
vt 0.327960 0.676752
vt 0.819431 0.980700
vt 0.819431 0.955199
vt 0.438075 0.668864
vt 0.438075 0.657355
vt 0.502589 0.664565
vt 0.502589 0.672146
vt 0.386825 0.715805
vt 0.387040 0.677252
vt 0.387040 0.645902
vt 0.387040 0.653362
vt 0.327960 0.653361
vt 0.328214 0.645902
vt 0.329111 0.727158
vt 0.329111 0.771332
vt 0.329047 0.753857
vt 0.386584 0.794282
vt 0.329314 0.824576
vt 0.896881 0.669543
vt 0.893002 0.676582
vt 0.889681 0.670219
vt 0.330565 0.541582
vt 0.339371 0.541579
vt 0.386624 0.825089
vt 0.386619 0.770208
vt 0.386620 0.754287
vt 0.439021 0.715755
vt 0.386620 0.726372
vt 0.438075 0.677256
vt 0.438075 0.653362
vt 0.438075 0.645902
vt 0.502588 0.645902
vt 0.502589 0.656985
vt 0.325120 0.586417
vt 0.339443 0.565005
vt 0.334159 0.586371
vt 0.502589 0.719496
vt 0.502589 0.687307
vt 0.301350 0.669385
vt 0.346097 0.605849
vt 0.347968 0.626073
vt 0.323183 0.510305
vt 0.332318 0.510305
vt 0.021574 0.102137
vt 0.015186 0.091616
vt 0.025350 0.090236
vt 0.028462 0.099034
vt 0.352546 0.533767
vt 0.352567 0.541574
vt 0.502589 0.812144
vt 0.502589 0.840929
vt 0.440005 0.820212
vt 0.439666 0.810852
vt 0.407503 0.820212
vt 0.407409 0.810851
vt 0.386620 0.781810
vt 0.397402 0.767433
vt 0.397239 0.782375
vt 0.439948 0.825090
vt 0.407619 0.825090
vt 0.258737 0.973285
vt 0.260278 0.972381
vt 0.280642 0.980010
vt 0.280657 0.981078
vt 0.323337 0.598470
vt 0.332460 0.598456
vt 0.247630 0.968608
vt 0.249878 0.967959
vt 0.361066 0.893078
vt 0.323427 0.872758
vt 0.386619 0.741466
vt 0.235136 0.950638
vt 0.239520 0.937814
vt 0.241709 0.939006
vt 0.238437 0.951231
vt 0.502589 0.849772
vt 0.447619 0.912508
vt 0.502588 0.912554
vt 0.482801 0.794285
vt 0.473439 0.797761
vt 0.478716 0.794999
vt 0.479683 0.783806
vt 0.398237 0.795011
vt 0.403386 0.797662
vt 0.438037 0.798324
vt 0.479526 0.768912
vt 0.478559 0.756377
vt 0.482724 0.757051
vt 0.399308 0.755784
vt 0.403523 0.753604
vt 0.242000 0.959124
vt 0.239122 0.959050
vt 0.324585 0.948988
vt 0.324480 0.965954
vt 0.321546 0.965459
vt 0.321661 0.949680
vt 0.320411 0.939449
vt 0.320438 0.976980
vt 0.323501 0.937846
vt 0.317345 0.935473
vt 0.315142 0.936388
vt 0.280834 0.936258
vt 0.280826 0.935213
vt 0.315141 0.980017
vt 0.320331 0.976877
vt 0.323656 0.978455
vt 0.317351 0.980941
vt 0.244794 0.935405
vt 0.247157 0.936234
vt 0.320304 0.939551
vt 0.225943 0.636306
vt 0.225943 0.621605
vt 0.236443 0.621605
vt 0.236443 0.636306
vt 0.294633 0.636306
vt 0.304563 0.636306
vt 0.280997 0.636306
vt 0.280997 0.621605
vt 0.287815 0.621605
vt 0.287815 0.636306
vt 0.274269 0.636306
vt 0.253546 0.636306
vt 0.262194 0.636306
vt 0.236443 0.636306
vt 0.244898 0.636306
vt 0.294633 0.621605
vt 0.304563 0.623107
vt 0.244898 0.621605
vt 0.244898 0.636306
vt 0.294633 0.613286
vt 0.304563 0.613286
vt 0.225943 0.636306
vt 0.287815 0.613286
vt 0.294633 0.613286
vt 0.274269 0.621605
vt 0.225943 0.621605
vt 0.280997 0.599200
vt 0.274269 0.599200
vt 0.274269 0.599200
vt 0.236443 0.621605
vt 0.294633 0.621605
vt 0.294633 0.636306
vt 0.236443 0.613286
vt 0.236443 0.613286
vt 0.244898 0.613286
vt 0.274269 0.613286
vt 0.280997 0.613286
vt 0.262194 0.621605
vt 0.262194 0.613286
vt 0.253546 0.613286
vt 0.253546 0.621605
vt 0.294633 0.599200
vt 0.304563 0.604305
vt 0.225943 0.613286
vt 0.294633 0.591879
vt 0.304563 0.591879
vt 0.236443 0.599200
vt 0.225943 0.599200
vt 0.225943 0.599200
vt 0.274269 0.636306
vt 0.287815 0.599200
vt 0.287815 0.599200
vt 0.215795 0.599200
vt 0.215795 0.591879
vt 0.225943 0.591879
vt 0.274269 0.591879
vt 0.280997 0.591879
vt 0.287815 0.591879
vt 0.262194 0.599200
vt 0.262194 0.591879
vt 0.220457 0.621605
vt 0.220458 0.613286
vt 0.244898 0.599200
vt 0.244898 0.591879
vt 0.253546 0.591879
vt 0.253546 0.599200
vt 0.236443 0.591879
vt 0.262194 0.599200
vt 0.280997 0.613286
vt 0.244898 0.599200
vt 0.294633 0.599200
vt 0.040649 0.750194
vt 0.042983 0.750194
vt 0.046548 0.750194
vt 0.050803 0.750194
vt 0.054126 0.750194
vt 0.054504 0.750194
vt 0.054504 0.750194
vt 0.053182 0.750194
vt 0.039660 0.750194
vt 0.039660 0.750194
vt 0.040649 0.743905
vt 0.042983 0.743905
vt 0.046548 0.743905
vt 0.050803 0.743905
vt 0.054126 0.743905
vt 0.054504 0.743905
vt 0.054504 0.743905
vt 0.053182 0.743905
vt 0.039660 0.743905
vt 0.044525 0.769717
vt 0.047127 0.770558
vt 0.047127 0.770558
vt 0.044525 0.769717
vt 0.047127 0.761152
vt 0.044525 0.761992
vt 0.044525 0.761992
vt 0.047127 0.761152
vt 0.049857 0.771620
vt 0.054426 0.771620
vt 0.054426 0.760089
vt 0.049857 0.760089
vt 0.042462 0.769246
vt 0.042462 0.762463
vt 0.042462 0.762463
vt 0.293685 0.669488
vt 0.296519 0.669473
vt 0.286839 0.669473
vt 0.347645 0.519037
vt 0.300019 0.848261
vt 0.305718 0.851546
vt 0.315314 0.861647
vt 0.697152 0.811516
vt 0.697390 0.822305
vt 0.897957 0.633002
vt 0.886925 0.648651
vt 0.885400 0.633009
vt 0.877719 0.648645
vt 0.083965 0.489573
vt 0.815536 0.428372
vt 0.792677 0.414927
vt 0.591511 0.889619
vt 0.588819 0.899522
vt 0.708060 0.847238
vt 0.128707 0.231023
vt 0.128703 0.245541
vt 0.695969 0.747694
vt 0.696242 0.755123
vt 0.726749 0.801757
vt 0.694165 0.731494
vt 0.132833 0.144083
vt 0.132832 0.145787
vt 0.132825 0.172207
vt 0.132819 0.198626
vt 0.132818 0.200836
vt 0.128713 0.206827
vt 0.105285 0.436760
vt 0.095332 0.440697
vt 0.692449 0.576481
vt 0.691102 0.670656
vt 0.604478 0.885397
vt 0.861995 0.934242
vt 0.869817 0.922870
vt 0.898017 0.625339
vt 0.894359 0.619876
vt 0.732011 0.802830
vt 0.871843 0.551931
vt 0.868223 0.512361
vt 0.692709 0.714856
vt 0.863584 0.482869
vt 0.859456 0.456129
vt 0.872156 0.588546
vt 0.708431 0.858205
vt 0.702093 0.872019
vt 0.696772 0.517741
vt 0.088458 0.491823
vt 0.092937 0.494065
vt 0.092937 0.494065
vt 0.175850 0.200995
vt 0.175850 0.207003
vt 0.175850 0.198778
vt 0.175850 0.172287
vt 0.175850 0.144083
vt 0.175850 0.145795
vt 0.175850 0.231261
vt 0.175850 0.245817
vt 0.783323 0.425762
vt 0.784108 0.414521
vt 0.871034 0.728138
vt 0.793638 0.731099
vt 0.793471 0.725423
vt 0.871492 0.720992
vt 0.784350 0.731657
vt 0.784350 0.725893
vt 0.965533 0.711575
vt 0.963353 0.719217
vt 0.947502 0.695017
vt 0.949403 0.689137
vt 0.562758 0.577321
vt 0.548331 0.579950
vt 0.548715 0.567418
vt 0.562152 0.587190
vt 0.064537 0.245569
vt 0.064537 0.231136
vt 0.573488 0.614237
vt 0.548043 0.588522
vt 0.560010 0.650635
vt 0.546532 0.650635
vt 0.568614 0.651184
vt 0.568614 0.660831
vt 0.546361 0.660281
vt 0.559924 0.660281
vt 0.410073 0.541552
vt 0.410065 0.533757
vt 0.535531 0.618407
vt 0.534730 0.626128
vt 0.466234 0.626165
vt 0.466868 0.614528
vt 0.405701 0.598345
vt 0.406736 0.585996
vt 0.410094 0.564939
vt 0.406759 0.519035
vt 0.405660 0.510305
vt 0.346007 0.510305
vt 0.347705 0.586301
vt 0.352629 0.564992
vt 0.346130 0.598435
vt 0.407808 0.626123
vt 0.406500 0.610262
vt 0.309497 0.598056
vt 0.319264 0.597144
vt 0.318509 0.605594
vt 0.308807 0.606369
vt 0.308760 0.619461
vt 0.313615 0.618107
vt 0.314647 0.629180
vt 0.309597 0.628539
vt 0.317919 0.613848
vt 0.308522 0.612525
vt 0.319264 0.630186
vt 0.310516 0.634917
vt 0.352588 0.549380
vt 0.410080 0.549348
vt 0.466292 0.549317
vt 0.175850 0.159041
vt 0.132829 0.158997
vt 0.089808 0.158953
vt 0.339395 0.549387
vt 0.566769 0.519212
vt 0.546663 0.550958
vt 0.546663 0.534589
vt 0.532138 0.549280
vt 0.074212 0.172046
vt 0.584045 0.519544
vt 0.311691 0.575344
vt 0.311470 0.547683
vt 0.207350 0.599200
vt 0.207350 0.591879
vt 0.197787 0.599200
vt 0.196633 0.591879
vt 0.079934 0.515505
vt 0.075478 0.516353
vt 0.079361 0.512469
vt 0.074905 0.513317
vt 0.761517 0.139319
vt 0.662065 0.138574
vt 0.761563 0.133172
vt 0.662111 0.132427
vt 0.782403 0.974021
vt 0.779151 0.966168
vt 0.773172 0.986027
vt 0.769388 0.985405
vt 0.766097 0.983147
vt 0.763799 0.979596
vt 0.772077 0.963288
vt 0.762845 0.975294
vt 0.763380 0.970895
vt 0.765322 0.967068
vt 0.768376 0.964397
vt 0.775860 0.963910
vt 0.956738 0.664235
vt 0.951311 0.683237
vt 0.940473 0.663965
vt 0.948654 0.645230
vt 0.936071 0.674203
vt 0.938268 0.669093
vt 0.969288 0.682282
vt 0.967721 0.703908
vt 0.183234 0.760177
vt 0.247377 0.828909
vt 0.049918 0.439816
vt 0.049797 0.461416
vt 0.044976 0.461138
vt 0.045044 0.439685
vt 0.050125 0.484917
vt 0.045334 0.484413
vt 0.049930 0.510891
vt 0.045123 0.510245
vt 0.048747 0.545567
vt 0.044426 0.544960
vt 0.039313 0.460869
vt 0.039322 0.439559
vt 0.039696 0.483912
vt 0.039460 0.509591
vt 0.039313 0.544502
vt 0.782670 0.620130
vt 0.045810 0.560483
vt 0.879999 0.745959
vt 0.890035 0.745796
vt 0.890035 0.745796
vt 0.880036 0.745959
vt 0.892846 0.787322
vt 0.886930 0.800918
vt 0.886930 0.800918
vt 0.793730 0.813183
vt 0.791815 0.739505
vt 0.791927 0.745356
vt 0.793730 0.813183
vt 0.153533 0.561417
vt 0.102083 0.560616
vt 0.118116 0.524880
vt 0.154334 0.509944
vt 0.119044 0.450968
vt 0.115107 0.441015
vt 0.091078 0.450519
vt 0.104836 0.464727
vt 0.114790 0.460790
vt 0.204984 0.562217
vt 0.190070 0.525999
vt 0.188951 0.597954
vt 0.152732 0.612890
vt 0.116997 0.596835
vt 0.095014 0.460472
vt 0.153533 0.561417
vt 0.102083 0.560617
vt 0.118116 0.524880
vt 0.154334 0.509944
vt 0.204984 0.562218
vt 0.188950 0.597954
vt 0.116997 0.596835
vt 0.114790 0.300012
vt 0.104836 0.303948
vt 0.095014 0.299694
vt 0.091078 0.289741
vt 0.105285 0.275982
vt 0.095332 0.279919
vt 0.119044 0.290190
vt 0.115107 0.280236
vt 0.664862 0.039664
vt 0.673496 0.050552
vt 0.672636 0.106358
vt 0.653787 0.040854
vt 0.643407 0.048047
vt 0.652931 0.115311
vt 0.642806 0.108272
vt 0.764399 0.048200
vt 0.764305 0.037019
vt 0.763703 0.106379
vt 0.561032 0.010253
vt 0.557683 0.018990
vt 0.557683 0.138099
vt 0.561151 0.146674
vt 0.664704 0.033788
vt 0.764249 0.031345
vt 0.200412 0.436707
vt 0.196689 0.438755
vt 0.198213 0.442805
vt 0.206364 0.440605
vt 0.204134 0.434659
vt 0.219528 0.116492
vt 0.208947 0.114899
vt 0.257863 0.129558
vt 0.257888 0.449507
vt 0.257883 0.124275
vt 0.257903 0.118991
vt 0.257883 0.124275
vt 0.214874 0.450438
vt 0.214994 0.454533
vt 0.787232 0.053272
vt 0.795935 0.053272
vt 0.795936 0.095673
vt 0.787232 0.095673
vt 0.813977 0.057648
vt 0.813942 0.095673
vt 0.804688 0.095673
vt 0.804688 0.054206
vt 0.778516 0.058910
vt 0.779760 0.054482
vt 0.779760 0.095673
vt 0.778516 0.095673
vt 0.716971 0.064641
vt 0.716973 0.059731
vt 0.716974 0.095673
vt 0.737080 0.058910
vt 0.754245 0.058910
vt 0.754245 0.095673
vt 0.737080 0.095673
vt 0.771800 0.058910
vt 0.771800 0.095673
vt 0.716974 0.058910
vt 0.789324 0.052897
vt 0.793153 0.052897
vt 0.807948 0.054051
vt 0.810626 0.054051
vt 0.798600 0.053131
vt 0.801281 0.053131
vt 0.775828 0.058910
vt 0.775828 0.095673
vt 0.713385 0.064641
vt 0.713385 0.069350
vt 0.713385 0.095673
vt 0.713385 0.082511
vt 0.813980 0.054206
vt 0.782921 0.052968
vt 0.785082 0.052968
vt 0.205324 0.126674
vt 0.170924 0.126660
vt 0.778069 0.391925
vt 0.774148 0.224181
vt 0.961574 0.225474
vt 0.947979 0.382016
vt 0.982706 0.225196
vt 0.976263 0.365843
vt 0.990207 0.271449
vt 0.988844 0.336931
vt 0.873629 0.808523
vt 0.873629 0.808523
vt 0.893487 0.756530
vt 0.893487 0.756529
vt 0.517044 0.220548
vt 0.257967 0.092743
vt 0.266136 0.068394
vt 0.297826 0.071149
vt 0.291662 0.092173
vt 0.269245 0.041067
vt 0.261826 0.014694
vt 0.288658 0.024456
vt 0.302075 0.043805
vt 0.093730 0.064331
vt 0.110151 0.071354
vt 0.103230 0.074787
vt 0.089753 0.068712
vt 0.123018 0.082535
vt 0.126859 0.101344
vt 0.109161 0.099209
vt 0.110676 0.083746
vt 0.016670 0.075873
vt 0.022910 0.066059
vt 0.034326 0.070925
vt 0.026303 0.078736
vt 0.042543 0.117791
vt 0.030725 0.109931
vt 0.036311 0.105832
vt 0.044785 0.110583
vt 0.079076 0.126790
vt 0.058932 0.123238
vt 0.060184 0.116384
vt 0.079258 0.121270
vt 0.041953 0.062380
vt 0.069090 0.062798
vt 0.067835 0.068104
vt 0.047174 0.068333
vt 0.179233 0.035460
vt 0.183543 0.014123
vt 0.220873 0.013735
vt 0.217241 0.037452
vt 0.177283 0.078870
vt 0.175300 0.059017
vt 0.211446 0.063334
vt 0.206810 0.088107
vt 0.895656 0.891249
vt 0.902837 0.896276
vt 0.882296 0.928894
vt 0.940083 0.826792
vt 0.941119 0.810960
vt 0.895664 0.864274
vt 0.904886 0.860363
vt 0.179001 0.091383
vt 0.206342 0.102144
vt 0.163594 0.081084
vt 0.146890 0.069308
vt 0.141398 0.054475
vt 0.142865 0.034486
vt 0.159127 0.019657
vt 0.012768 0.060342
vt 0.036834 0.055864
vt 0.070442 0.057478
vt 0.102785 0.132992
vt 0.079038 0.134463
vt 0.057493 0.131021
vt 0.038995 0.125772
vt 0.022641 0.115439
vt 0.003816 0.092804
vt 0.005755 0.074194
vt 0.117937 0.067785
vt 0.128739 0.082408
vt 0.134494 0.103523
vt 0.097566 0.059287
vt 0.241750 0.110483
vt 0.273421 0.112373
vt 0.013191 0.106123
vt 0.117594 0.118761
vt 0.913717 0.898434
vt 0.942085 0.862327
s 1
f 2324/244/503 1480/245/504 2562/246/505 2216/247/506
f 2563/248/507 1498/249/508 1500/250/509 2564/251/510
f 2564/251/510 1500/250/509 1502/252/511 2565/253/512
f 2565/253/512 1502/252/511 1504/254/513 2566/255/514
f 2252/256/515 2250/257/516 2195/258/517 2196/259/518
f 2566/255/514 1504/254/513 1506/260/519 2567/261/520
f 2757/262/521 2749/263/522 1498/249/508 2563/248/507
f 2643/264/523 2618/265/524 1537/266/525 1988/267/526
f 2880/268/527 1482/269/528 1489/270/529 2860/271/530
f 2860/271/530 1489/270/529 1485/272/531 2861/273/532
f 2881/274/533 1487/275/534 1482/269/528 2880/268/527
f 2861/273/532 1485/272/531 1491/276/535 2862/277/536
f 2863/278/537 1493/279/538 1495/280/539 2864/281/540
f 2896/282/541 2723/283/542 1497/284/543 2865/285/544
f 2899/286/545 2750/287/546 1499/288/547 2866/289/548
f 2866/289/548 1499/288/547 1501/290/549 2867/291/550
f 2867/291/550 1501/290/549 1503/292/551 2868/293/552
f 2868/293/552 1503/292/551 1505/294/553 2869/295/554
f 2869/295/554 1505/294/553 1507/296/555 2870/297/556
f 2890/298/557 2878/299/558 2922/300/559
f 2870/297/556 1507/296/555 1987/301/560 2888/302/561
f 2567/261/520 1506/260/519 1984/303/562 2570/304/563
f 2887/305/564 2883/306/564 1517/307/565 1851/308/564
f 2606/309/566 2608/310/566 1522/311/567 1518/311/567
f 2883/312/568 2884/313/568 1519/314/569 1517/315/569
f 2893/316/564 2885/317/564 1522/311/564 2608/310/564
f 2638/318/570 2639/319/571 1527/320/567 1525/321/572
f 2637/322/573 2619/323/574 1530/324/575 1531/325/576
f 2617/326/577 2616/327/578 1535/328/579 1536/329/580
f 2619/323/574 2626/330/581 1589/331/582 1530/324/575
f 2614/332/583 2613/333/584 1533/334/585 1534/335/586
f 2615/336/587 2612/337/588 1526/338/589 1529/339/590
f 2618/265/524 2617/326/577 1536/329/580 1537/266/525
f 2612/337/588 2611/340/591 1528/341/592 1526/338/589
f 2616/327/578 2614/332/583 1534/335/586 1535/328/579
f 2735/342/593 2596/343/594 2627/344/595 2737/345/596
f 2760/346/597 2610/347/598 1532/348/599 2740/349/600
f 2635/350/601 2630/351/602 1989/352/603 1476/353/604
f 2642/354/605 2606/355/605 1518/356/564 1852/357/564
f 1982/358/606 1538/359/607 1541/360/608 1993/361/609
f 2878/299/558 1479/362/610 1620/363/611 2877/364/612
f 2611/340/591 2638/318/570 1525/321/572 1528/341/592
f 2661/365/613 2663/366/613 1545/367/613 1546/368/613
f 2662/369/614 2666/370/615 1627/371/616 1549/372/617
f 2660/373/618 2662/369/614 1549/372/617 1543/374/619
f 2700/375/620 2680/376/621 1481/377/622 1547/378/623
f 2304/379/624 2257/380/625 1552/381/626 1544/382/627
f 2689/383/564 2684/384/564 1556/385/564 1543/386/619
f 1857/387/628 1515/388/629 1555/389/630 1856/390/631
f 1853/391/632 2763/392/633 1516/393/634 1850/394/635
f 1855/395/636 2764/396/637 2763/392/633 1853/391/632
f 2657/397/564 2574/398/564 1520/399/564 2654/400/564
f 2591/401/564 2590/402/564 1559/403/564 1561/404/564
f 2592/405/564 2591/401/564 1561/404/564 1563/406/564
f 2691/407/564 2592/405/564 1563/406/564 2686/408/564
f 2573/409/638 2593/410/564 1565/411/564 1521/412/639
f 1521/412/639 1565/411/640 1555/413/640 1515/412/629
f 2701/414/641 1555/413/642 1565/411/642 2703/415/641
f 1554/416/643 1556/417/644 1563/406/645 1561/404/646
f 1557/418/647 1554/416/643 1561/404/646 1559/403/648
f 1516/419/649 2656/420/650 2654/400/651 1520/399/652
f 2877/421/653 2889/422/653 1508/423/654 1982/424/654
f 2035/425/655 1575/426/656 1573/427/657 2031/428/658
f 2028/429/659 1580/430/660 1581/431/661 2030/432/662
f 2754/433/663 2752/434/664 1578/435/665 2024/436/666
f 1538/437/667 1539/438/667 2036/439/668 1983/440/668
f 2030/432/662 1581/431/661 1582/441/669 2032/442/670
f 2024/436/666 1578/435/665 1579/443/671 2026/444/672
f 2032/442/670 1582/441/669 1992/445/673 1983/446/674
f 2026/444/672 1579/443/671 1580/430/660 2028/429/659
f 1510/447/675 1477/448/676 1478/449/677 1621/450/678
f 2755/451/679 2751/452/680 1568/453/681 2021/454/682
f 2031/455/658 1573/456/657 1572/457/683 2029/458/684
f 2021/454/682 1568/453/681 1567/459/685 2019/460/686
f 2029/458/684 1572/457/683 1571/461/687 2027/462/688
f 2027/462/688 1571/461/687 1570/463/689 2025/464/690
f 2025/464/690 1570/463/689 1569/465/691 2023/466/692
f 2873/467/693 1588/468/694 1493/279/538 2863/278/537
f 2641/469/695 2615/336/587 1529/339/590 1598/470/696
f 2625/471/697 2738/472/698 2731/473/699 1586/474/700
f 2737/345/596 2627/344/595 1595/475/701 2732/476/702
f 2872/477/703 2897/478/704 2729/479/705 1585/480/706
f 2875/481/707 1597/482/708 1593/483/709 2886/484/710
f 2873/467/693 2872/477/703 1585/480/706 1588/468/694
f 2874/485/711 2886/484/710 1593/483/709 1592/486/712
f 2627/344/595 2640/487/713 1594/488/714 1595/475/701
f 2655/489/715 2656/490/716 2764/396/637 1855/395/636
f 1523/491/564 2607/492/564 2658/493/564 2653/494/564
f 2862/277/536 1491/276/535 1597/482/708 2875/481/707
f 2640/487/713 2641/469/695 1598/470/696 1594/488/714
f 2649/495/564 2599/496/564 1599/497/564 2645/498/564
f 2320/499/717 2655/489/715 1855/395/636 1602/500/718
f 2626/330/581 2625/471/697 1586/474/700 1589/331/582
f 1616/501/719 1604/502/720 1606/503/721 1617/504/722
f 1604/502/720 1616/501/719 1619/505/723 1614/506/724
f 1613/507/725 1612/508/726 1611/509/727 1609/510/728
f 1619/505/723 1613/511/725 1609/512/728 1618/513/729
f 1615/514/730 1614/506/731 1608/515/732 1610/516/733
f 1606/503/721 1604/502/720 1614/506/731 1615/514/730
f 1616/501/719 1605/517/734 1613/511/725 1619/505/723
f 1605/517/734 1607/518/735 1612/508/726 1613/507/725
f 1614/506/724 1619/505/723 1618/513/729 1608/519/736
f 1605/517/734 1616/501/719 1617/504/722 1607/518/735
f 2629/520/737 1620/363/611 1479/362/610 2604/521/738
f 2020/522/739 1576/523/740 1577/524/741 2022/525/742
f 1624/526/564 1625/527/564 1622/528/564 1623/529/564
f 2696/530/743 2665/531/744 1626/532/745 2704/533/746
f 2683/534/747 2688/535/748 1629/536/749 1548/537/750
f 2699/538/564 2704/539/746 1626/540/745 1546/541/751
f 2098/542/752 2664/543/744 1628/544/753 1547/545/623
f 1635/546/754 1634/547/754 1636/548/754 1637/549/754
f 1511/550/567 1636/548/567 1634/547/567 1512/551/567
f 2825/552/754 1631/553/754 1630/554/754 2826/555/754
f 2826/556/755 1630/557/755 1632/558/755 2827/559/755
f 1514/560/755 1635/561/755 1637/562/755 1513/563/755
f 1512/564/756 1514/564/757 2803/564/758 2802/564/756
f 2824/565/759 1633/566/760 1631/567/760 2825/568/759
f 2824/565/761 1511/550/762 2800/569/762 2828/565/763
f 1632/570/564 1630/571/564 1631/567/760 1633/566/760
f 1640/572/567 1638/573/567 1639/574/567 1641/575/567
f 1643/576/755 1645/577/755 1644/578/755 1642/579/755
f 1640/572/764 1641/575/765 1645/577/765 1643/576/764
f 1641/575/765 1639/574/766 1644/580/766 1645/577/765
f 1638/573/767 1640/572/764 1643/576/764 1642/581/767
f 1648/582/567 1646/583/567 1647/584/567 1649/585/567
f 1651/586/755 1653/587/755 1652/588/755 1650/589/755
f 1648/582/764 1649/585/765 1653/587/765 1651/586/764
f 1649/585/765 1647/584/766 1652/590/766 1653/587/765
f 1646/583/767 1648/582/764 1651/586/764 1650/591/767
f 1654/592/768 1655/593/768 1661/594/768 1660/595/768
f 1655/593/768 1656/596/768 1662/597/768 1661/594/768
f 1656/596/768 1657/598/768 1663/599/768 1662/597/768
f 1657/598/768 1658/600/768 1664/601/768 1663/599/768
f 1658/600/768 1659/602/768 1665/603/768 1664/601/768
f 1660/595/768 1661/594/768 1667/604/768 1666/605/768
f 1661/594/768 1662/597/768 1668/606/768 1667/604/768
f 1662/597/768 1663/599/768 1669/607/768 1668/606/768
f 1663/599/768 1664/601/768 1670/608/768 1669/607/768
f 1664/601/768 1665/603/768 1671/609/768 1670/608/768
f 1672/610/769 1678/611/770 1679/612/771 1673/613/772
f 1673/613/772 1679/612/771 1680/614/773 1674/615/774
f 1674/615/774 1680/614/773 1681/616/775 1675/617/776
f 1675/617/776 1681/616/775 1682/618/777 1676/619/778
f 1676/619/778 1682/618/777 1683/620/779 1677/621/780
f 1678/611/770 1684/622/781 1685/623/782 1679/612/771
f 1679/612/771 1685/623/782 1686/624/783 1680/614/773
f 1680/614/773 1686/624/783 1687/625/784 1681/616/775
f 1681/616/775 1687/625/784 1688/626/785 1682/618/777
f 1682/618/777 1688/626/785 1689/627/786 1683/620/779
f 1659/602/787 1677/621/780 1683/620/779 1665/603/788
f 1669/607/789 1687/625/784 1686/624/783 1668/606/790
f 1654/592/791 1672/610/769 1673/613/772 1655/593/792
f 1655/593/792 1673/613/772 1674/615/774 1656/596/793
f 1666/605/794 1684/622/781 1678/611/770 1660/595/795
f 1670/608/796 1688/626/785 1687/625/784 1669/607/789
f 1656/596/793 1674/615/774 1675/617/776 1657/598/797
f 1665/603/788 1683/620/779 1689/627/786 1671/609/798
f 1657/598/797 1675/617/776 1676/619/778 1658/600/799
f 1667/604/800 1685/623/782 1684/622/781 1666/605/794
f 1671/609/798 1689/627/786 1688/626/785 1670/608/796
f 1660/595/795 1678/611/770 1672/610/769 1654/592/791
f 1668/606/790 1686/624/783 1685/623/782 1667/604/800
f 2788/628/801 2792/629/802 2799/630/803 2796/631/804
f 2791/632/805 2789/633/806 2797/634/806 2798/635/807
f 1690/636/808 1691/637/809 1693/638/810 1692/639/811
f 1692/639/811 1693/638/810 1695/640/812 1694/641/813
f 1694/641/813 1695/640/812 1697/642/814 1696/643/815
f 1696/643/815 1697/642/814 1699/644/816 1698/645/817
f 1698/645/817 1699/644/816 1701/646/818 1700/647/819
f 1700/647/819 1701/646/818 1703/648/820 1702/649/821
f 1702/649/821 1703/648/820 1705/650/822 1704/651/823
f 1704/651/823 1705/650/822 1707/652/824 1706/653/825
f 1706/653/825 1707/652/824 1709/654/826 1708/655/827
f 1708/655/827 1709/654/826 1711/656/828 1710/657/829
f 1710/657/829 1711/656/828 1713/658/830 1712/659/831
f 1712/659/831 1713/658/830 1715/660/832 1714/661/833
f 1714/661/833 1715/660/832 1717/662/834 1716/663/835
f 1716/663/835 1717/662/834 1719/664/836 1718/665/837
f 1718/665/837 1719/664/836 1721/666/838 1720/667/839
f 1720/667/839 1721/666/838 1723/668/840 1722/669/841
f 1722/669/841 1723/668/840 1725/670/842 1724/671/843
f 1724/671/843 1725/670/842 1691/672/809 1690/673/808
f 1717/674/834 1715/675/832 1751/676/844 1753/677/845
f 1706/678/825 1708/679/827 1744/680/846 1742/681/847
f 1724/682/843 1690/683/808 1726/684/848 1760/685/849
f 1709/686/826 1707/687/824 1743/688/850 1745/689/851
f 1691/690/809 1725/691/842 1761/692/852 1727/693/853
f 1698/694/817 1700/695/819 1736/696/854 1734/697/855
f 1716/698/835 1718/699/837 1754/700/856 1752/701/857
f 1690/683/808 1692/702/811 1728/703/858 1726/684/848
f 1701/704/818 1699/705/816 1735/706/859 1737/707/860
f 1719/708/836 1717/674/834 1753/677/845 1755/709/861
f 1693/710/810 1691/690/809 1727/693/853 1729/711/862
f 1708/679/827 1710/712/829 1746/713/863 1744/680/846
f 1711/714/828 1709/686/826 1745/689/851 1747/715/864
f 1700/716/819 1702/717/821 1738/718/865 1736/719/854
f 1718/699/837 1720/720/839 1756/721/866 1754/700/856
f 1703/722/820 1701/723/818 1737/724/860 1739/725/867
f 1721/726/838 1719/708/836 1755/709/861 1757/727/868
f 1692/702/811 1694/728/813 1730/729/869 1728/703/858
f 1710/712/829 1712/730/831 1748/731/870 1746/713/863
f 1695/732/812 1693/710/810 1729/711/862 1731/733/871
f 1713/734/830 1711/714/828 1747/715/864 1749/735/872
f 1702/717/821 1704/736/823 1740/737/873 1738/718/865
f 1720/720/839 1722/738/841 1758/739/874 1756/721/866
f 1705/740/822 1703/722/820 1739/725/867 1741/741/875
f 1723/742/840 1721/726/838 1757/727/868 1759/743/876
f 1694/728/813 1696/744/815 1732/745/877 1730/729/869
f 1712/730/831 1714/746/833 1750/747/878 1748/731/870
f 1697/748/814 1695/732/812 1731/733/871 1733/749/879
f 1715/675/832 1713/734/830 1749/735/872 1751/676/844
f 1704/736/823 1706/678/825 1742/681/847 1740/737/873
f 1722/738/841 1724/682/843 1760/685/849 1758/739/874
f 1707/687/824 1705/740/822 1741/741/875 1743/688/850
f 1725/691/842 1723/742/840 1759/743/876 1761/692/852
f 1696/744/815 1698/694/817 1734/697/855 1732/745/877
f 1714/746/833 1716/698/835 1752/701/857 1750/747/878
f 1699/705/816 1697/748/814 1733/749/879 1735/706/859
f 1726/750/848 1728/751/858 1730/752/869 1732/753/877 1734/754/855 1736/755/854 1738/756/865 1740/757/873 1742/758/847 1744/759/846 1746/760/863 1748/761/870 1750/762/878 1752/763/857 1754/764/856 1756/765/866 1758/766/874 1760/767/849
f 1729/768/862 1727/769/853 1761/770/852 1759/771/876 1757/772/868 1755/773/861 1753/774/845 1751/775/844 1749/776/872 1747/777/864 1745/778/851 1743/779/850 1741/780/875 1739/781/867 1737/782/860 1735/783/859 1733/784/879 1731/785/871
f 1778/786/880 1779/787/881 1797/788/882 1796/789/883
f 1771/790/884 1772/791/885 1790/792/886 1789/793/887
f 1764/794/888 1765/795/889 1783/796/890 1782/797/891
f 1779/787/881 1762/798/892 1780/799/893 1797/788/882
f 1772/791/885 1773/800/894 1791/801/895 1790/792/886
f 1765/795/889 1766/802/896 1784/803/897 1783/796/890
f 1773/800/894 1774/804/898 1792/805/899 1791/801/895
f 1766/802/896 1767/806/900 1785/807/901 1784/803/897
f 1774/804/898 1775/808/902 1793/809/903 1792/805/899
f 1767/810/900 1768/811/904 1786/812/905 1785/813/901
f 1775/808/902 1776/814/906 1794/815/907 1793/809/903
f 1768/811/904 1769/816/908 1787/817/909 1786/812/905
f 1776/814/906 1777/818/910 1795/819/911 1794/815/907
f 1769/816/908 1770/820/912 1788/821/913 1787/817/909
f 1762/798/892 1763/822/914 1781/823/915 1780/799/893
f 1777/818/910 1778/786/880 1796/789/883 1795/819/911
f 1770/820/912 1771/790/884 1789/793/887 1788/821/913
f 1763/822/914 1764/794/888 1782/797/891 1781/823/915
f 1795/819/911 1831/824/916 1830/825/917 1794/815/907
f 1782/797/891 1818/826/918 1816/827/919 1781/823/915
f 1768/811/904 1804/828/920 1805/829/921 1769/816/908
f 1796/789/883 1832/830/922 1831/824/916 1795/819/911
f 1783/796/890 1819/831/923 1818/826/918 1782/797/891
f 1769/816/908 1805/829/921 1806/832/924 1770/820/912
f 1797/788/882 1833/833/925 1832/830/922 1796/789/883
f 1784/803/897 1820/834/926 1819/831/923 1783/796/890
f 1770/820/912 1806/832/924 1807/835/927 1771/790/884
f 1780/799/893 1817/836/928 1833/833/925 1797/788/882
f 1785/807/901 1821/837/929 1820/834/926 1784/803/897
f 1771/790/884 1807/835/927 1808/838/930 1772/791/885
f 1786/812/905 1822/839/931 1821/840/929 1785/813/901
f 1772/791/885 1808/838/930 1809/841/932 1773/800/894
f 1787/817/909 1823/842/933 1822/839/931 1786/812/905
f 1773/800/894 1809/841/932 1810/843/934 1774/804/898
f 1788/821/913 1824/844/935 1823/842/933 1787/817/909
f 1774/804/898 1810/843/934 1811/845/936 1775/808/902
f 1789/793/887 1825/846/937 1824/844/935 1788/821/913
f 1775/808/902 1811/845/936 1812/847/938 1776/814/906
f 1762/798/892 1799/848/939 1798/849/940 1763/822/914
f 1790/792/886 1826/850/941 1825/846/937 1789/793/887
f 1776/814/906 1812/847/938 1813/851/942 1777/818/910
f 1763/822/914 1798/849/940 1800/852/943 1764/794/888
f 1791/801/895 1827/853/944 1826/850/941 1790/792/886
f 1777/818/910 1813/851/942 1814/854/945 1778/786/880
f 1764/794/888 1800/852/943 1801/855/946 1765/795/889
f 1792/805/899 1828/856/947 1827/853/944 1791/801/895
f 1778/786/880 1814/854/945 1815/857/948 1779/787/881
f 1765/795/889 1801/855/946 1802/858/949 1766/802/896
f 1793/809/903 1829/859/950 1828/856/947 1792/805/899
f 1779/787/881 1815/857/948 1799/848/939 1762/798/892
f 1766/802/896 1802/858/949 1803/860/951 1767/806/900
f 1794/815/907 1830/825/917 1829/859/950 1793/809/903
f 1781/823/915 1816/827/919 1817/836/928 1780/799/893
f 1767/810/900 1803/861/951 1804/828/920 1768/811/904
f 1836/862/567 1834/863/567 1835/864/567 1837/865/567
f 1839/866/755 1841/867/755 1840/868/755 1838/869/755
f 1836/862/952 1837/865/953 1841/867/954 1839/866/952
f 1837/865/953 1835/864/766 1840/870/766 1841/867/954
f 1834/863/767 1836/862/952 1839/866/952 1838/871/767
f 1844/872/955 1842/873/955 1843/874/956 1845/875/957
f 1847/876/958 1849/877/958 1848/878/958 1846/879/958
f 1843/874/956 1842/873/959 1846/879/959 1848/878/960
f 1842/873/959 1844/872/961 1847/880/962 1846/879/959
f 1844/872/961 1845/875/957 1849/881/743 1847/880/962
f 1602/500/718 1855/395/636 1853/391/632 1553/882/963
f 1553/882/963 1853/391/632 1850/394/635 1486/883/964
f 2639/884/965 2642/354/605 1852/357/564 1527/885/564
f 2881/886/564 2887/305/564 1851/308/564 1487/887/564
f 1545/888/966 1857/387/628 1856/390/631 1546/541/967
f 2682/889/564 2689/383/564 1543/386/619 1549/890/617
f 1556/385/564 1554/891/564 1557/892/564 1543/386/619
f 2647/893/564 1854/894/968 1600/895/969 2294/896/970
f 2762/897/564 1557/892/564 2648/898/564 2761/899/564
f 1874/786/880 1875/900/881 1893/788/882 1892/789/883
f 1867/901/884 1868/791/885 1886/902/886 1885/793/887
f 1860/903/888 1861/795/889 1879/796/890 1878/797/891
f 1875/900/881 1858/904/892 1876/905/893 1893/788/882
f 1868/791/885 1869/800/894 1887/801/895 1886/902/886
f 1861/795/889 1862/906/896 1880/803/897 1879/796/890
f 1869/800/894 1870/907/898 1888/805/971 1887/801/895
f 1862/906/896 1863/806/900 1881/807/901 1880/803/897
f 1870/907/898 1871/908/902 1889/909/903 1888/805/971
f 1863/810/900 1864/910/904 1882/812/905 1881/813/901
f 1871/908/902 1872/814/906 1890/815/907 1889/909/903
f 1864/910/904 1865/911/908 1883/912/909 1882/812/905
f 1872/814/906 1873/913/910 1891/819/911 1890/815/907
f 1865/911/908 1866/820/912 1884/821/913 1883/912/909
f 1858/904/892 1859/914/914 1877/823/915 1876/905/893
f 1873/913/910 1874/786/880 1892/789/883 1891/819/911
f 1866/820/912 1867/901/884 1885/793/887 1884/821/913
f 1859/914/914 1860/903/888 1878/797/891 1877/823/915
f 1891/819/911 1927/915/916 1926/916/917 1890/815/907
f 1878/797/891 1914/917/918 1912/827/919 1877/823/915
f 1864/910/904 1900/918/920 1901/829/921 1865/911/908
f 1892/789/883 1928/830/922 1927/915/916 1891/819/911
f 1879/796/890 1915/919/923 1914/917/918 1878/797/891
f 1865/911/908 1901/829/921 1902/832/924 1866/820/912
f 1893/788/882 1929/833/925 1928/830/922 1892/789/883
f 1880/803/897 1916/920/926 1915/919/923 1879/796/890
f 1866/820/912 1902/832/924 1903/921/927 1867/901/884
f 1876/905/893 1913/836/928 1929/833/925 1893/788/882
f 1881/807/901 1917/922/929 1916/920/926 1880/803/897
f 1867/901/884 1903/921/927 1904/838/930 1868/791/885
f 1882/812/905 1918/923/931 1917/924/929 1881/813/901
f 1868/791/885 1904/838/930 1905/925/932 1869/800/894
f 1883/912/909 1919/842/933 1918/923/931 1882/812/905
f 1869/800/894 1905/925/932 1906/926/934 1870/907/898
f 1884/821/913 1920/844/935 1919/842/933 1883/912/909
f 1870/907/898 1906/926/934 1907/845/936 1871/908/902
f 1885/793/887 1921/927/937 1920/844/935 1884/821/913
f 1871/908/902 1907/845/936 1908/928/938 1872/814/906
f 1858/904/892 1895/929/939 1894/849/940 1859/914/914
f 1886/902/886 1922/850/941 1921/927/937 1885/793/887
f 1872/814/906 1908/928/938 1909/930/942 1873/913/910
f 1859/914/914 1894/849/940 1896/931/943 1860/903/888
f 1887/801/895 1923/853/944 1922/850/941 1886/902/886
f 1873/913/910 1909/930/942 1910/932/945 1874/786/880
f 1860/903/888 1896/931/943 1897/933/946 1861/795/889
f 1888/805/971 1924/856/947 1923/853/944 1887/801/895
f 1874/786/880 1910/932/945 1911/934/948 1875/900/881
f 1861/795/889 1897/933/946 1898/935/949 1862/906/896
f 1889/909/903 1925/859/950 1924/856/947 1888/805/971
f 1875/900/881 1911/934/948 1895/929/939 1858/904/892
f 1862/906/896 1898/935/949 1899/936/951 1863/806/900
f 1890/815/907 1926/916/917 1925/859/950 1889/909/903
f 1877/823/915 1912/827/919 1913/836/928 1876/905/893
f 1863/810/900 1899/861/951 1900/918/920 1864/910/904
f 1849/881/743 1845/875/957 2844/937/972 2839/938/743
f 1930/939/973 1932/940/974 1936/941/975 1934/942/976
f 1845/875/957 1843/874/956 2843/943/977 2844/937/972
f 1848/878/960 1849/877/978 2839/944/979 2840/945/980
f 2845/946/981 2842/947/982 1930/939/973 1931/948/983
f 1931/948/983 1930/939/973 1934/942/976 1935/949/984
f 1933/950/743 1931/948/983 1935/949/984 1937/951/743
f 1932/940/974 1933/952/985 1937/953/755 1936/941/975
f 1940/954/986 1941/955/987 1939/956/988 1938/873/986
f 1943/876/989 1942/879/989 1944/957/989 1945/877/989
f 1939/956/988 1944/957/990 1942/879/991 1938/873/991
f 1938/873/991 1942/879/991 1943/880/992 1940/954/992
f 1940/954/992 1943/880/992 1945/958/743 1941/955/987
f 1939/956/988 2850/959/993 2849/960/994 1944/957/990
f 1946/961/995 1934/942/976 1936/941/975 1948/962/996
f 1941/955/987 2853/963/997 2850/959/993 1939/956/988
f 1944/957/990 2849/960/994 2846/964/998 1945/877/999
f 2852/965/1000 1947/966/1001 1946/961/995 2851/967/1002
f 1947/966/1001 1935/949/984 1934/942/976 1946/961/995
f 1949/950/743 1937/951/743 1935/949/984 1947/966/1001
f 1948/962/996 1936/941/975 1937/953/755 1949/952/1003
f 1966/968/1004 1955/969/1005 1962/970/1006 1969/971/1007
f 1959/972/1008 1963/973/1009 1965/974/1010 1960/975/1011
f 1950/976/1012 1953/977/1013 1956/978/1014 1954/979/1015
f 1955/969/1005 1957/980/1016 1964/981/1017 1962/970/1006
f 1957/980/1016 1967/982/1018 1968/983/1019 1964/981/1017
f 1966/984/1004 1967/982/1018 1953/977/1013 1950/976/1012
f 1950/976/1012 1954/979/1015 1955/985/1005 1966/984/1004
f 1954/979/1015 1956/978/1014 1957/980/1016 1955/985/1005
f 1956/978/1014 1953/977/1013 1967/982/1018 1957/980/1016
f 1959/972/1008 1960/975/1011 1968/983/1019 1969/986/1007
f 1969/986/1007 1962/987/1006 1963/973/1009 1959/972/1008
f 1962/987/1006 1964/981/1017 1965/974/1010 1963/973/1009
f 1964/981/1017 1968/983/1019 1960/975/1011 1965/974/1010
f 1952/988/1020 1951/989/1021 1958/990/1021 1961/991/1020
f 1951/992/1021 1952/993/1020 1967/982/1018 1966/994/1004
f 1961/995/1020 1958/996/1021 1969/997/1007 1968/983/1019
f 1952/993/1020 1961/995/1020 1968/983/1019 1967/982/1018
f 1958/996/1021 1951/992/1021 1966/994/1004 1969/997/1007
f 1972/998/1022 1973/999/1023 1977/1000/1024 1974/1001/1025
f 1970/1002/1026 1972/998/1022 1974/1001/1025 1975/1003/1027
f 1971/1004/1028 1970/1002/1026 1975/1003/1027 1976/1005/1029
f 1973/1006/1023 1971/1004/1028 1976/1005/1029 1977/1007/1024
f 1978/1008/1030 1980/1009/1030 1981/1010/1030 1979/1011/1030
f 2879/1012/1031 2876/1013/1032 1986/1014/1033 1480/1015/504
f 2882/1016/1034 2888/302/561 1987/301/560 1542/1017/1035
f 2569/1018/1036 2570/1019/563 1984/1020/562 1583/1021/1037
f 2576/1022/1038 2602/1023/1039 1986/1024/1033 1542/1017/1035
f 1538/359/607 1983/1025/674 1992/1026/673 1541/360/608
f 2034/1027/1040 1574/1028/1041 1575/426/656 2035/425/655
f 2601/1029/1042 2576/1022/1038 1542/1017/1035 1987/301/560
f 2568/1030/1043 2569/1018/1036 1583/1021/1037 1985/1031/1044
f 2876/1032/1032 2882/1016/1034 1542/1017/1035 1986/1024/1033
f 1621/1033/1030 1990/1034/1030 1540/1035/1045 1510/1036/1046
f 1985/1037/1044 1583/1038/1047 2007/1039/1048 2017/1040/1049
f 1583/1038/1047 1984/1041/1050 2018/1042/1051 2007/1039/1048
f 1486/883/964 1850/394/635 2016/1043/564 1997/1044/564
f 1490/1045/1052 1998/1046/1053 2015/1047/1054 1596/1048/1055
f 1590/1049/1056 1591/1050/1057 2014/1051/1058 2013/1052/1059
f 1587/1053/1060 1584/1054/1061 2011/1055/1062 2012/1056/1063
f 1596/1048/1055 2015/1047/1054 2014/1051/1058 1591/1050/1057
f 2727/1057/1064 2093/1058/1065 2146/1059/1066 1590/1060/1067
f 1590/1049/1056 2013/1052/1059 2733/1061/1068 2727/1062/1064
f 1587/1053/1060 2012/1056/1063 1999/1063/1069 1492/1064/1070
f 2607/492/564 1523/491/564 2010/1065/564 2631/1066/564
f 1516/419/649 1520/399/652 2009/1067/1071 2008/1068/1071
f 1850/394/635 1516/393/634 2008/1069/564 2016/1043/564
f 1506/1070/1072 2006/1071/1073 2018/1042/1051 1984/1041/1050
f 1504/1072/1074 2005/1073/1075 2006/1071/1073 1506/1070/1072
f 1502/1074/1076 2004/1075/1077 2005/1073/1075 1504/1072/1074
f 1500/1076/1078 2003/1077/1079 2004/1075/1077 1502/1074/1076
f 1498/1078/1080 2002/1079/1081 2003/1077/1079 1500/1076/1078
f 2749/1080/522 2753/1081/1082 2002/1079/1081 1498/1078/1080
f 2722/1082/1083 2725/1083/1084 2001/1084/1085 1496/1085/1086
f 1492/1064/1070 1999/1063/1069 2000/1086/1087 1494/1087/1088
f 1484/1088/1089 1996/1089/1090 1998/1046/1053 1490/1045/1052
f 1486/1090/1091 1997/1091/1092 1994/1092/1093 1483/1093/1094
f 1488/1094/1095 1995/1095/1096 1996/1089/1090 1484/1088/1089
f 1483/1093/1094 1994/1092/1093 1995/1095/1096 1488/1094/1095
f 2022/1096/742 2021/1097/682 2019/1098/686 2020/1099/739
f 2754/1100/663 2755/1101/679 2021/1097/682 2022/1096/742
f 2026/1102/672 2025/1103/690 2023/1104/692 2024/1105/666
f 2028/1106/659 2027/1107/688 2025/1103/690 2026/1102/672
f 2030/1108/662 2029/1109/684 2027/1107/688 2028/1106/659
f 2032/1110/670 2031/1111/658 2029/1109/684 2030/1108/662
f 2035/1112/655 2033/1113/1097 2034/1114/1040
f 2031/1111/658 2032/1110/670 2033/1113/1097 2035/1112/655
f 1982/424/654 1508/423/654 1539/438/667 1538/437/667
f 2842/947/982 2841/1115/1098 1932/940/974 1930/939/973
f 1843/874/956 1848/878/960 2840/1116/980 2843/943/977
f 2847/1117/743 1949/950/743 1947/966/1001 2852/965/1000
f 2841/1118/1098 2838/1119/1099 1933/952/985 1932/940/974
f 2851/967/1002 1946/961/995 1948/962/996 2848/1120/1100
f 2848/1120/1100 1948/962/996 1949/952/1003 2847/1121/1101
f 1945/958/743 2846/1122/743 2853/963/997 1941/955/987
f 1983/440/668 2036/439/668 2033/1123/1097 2032/1124/670
f 2629/1125/1102 2620/1126/1102 1991/1127/1103 1620/1128/1104
f 2033/1129/1097 2036/1130/755 1539/1131/755 2034/1132/1040
f 1539/1131/755 1508/1133/755 1574/1134/755 2034/1132/1040
f 2871/1135/755 2889/1136/755 1991/1137/755 1566/1138/755
f 1990/1139/755 1566/1138/755 1991/1137/755
f 1550/1140/1105 1576/523/740 2020/522/739
f 2197/1141/743 2198/1142/1106 2199/1143/1107 2200/1144/1108
f 2204/1145/1109 2101/1146/1110 1496/1147/1086 2156/1148/1111
f 2279/1149/1112 2260/1150/1113 2263/1151/1114 2276/1152/1115
f 2071/1153/1116 2147/1154/1117 2120/1155/1118 2064/1156/1119
f 1492/1157/1070 1494/1158/1088 2190/1159/1120 2187/1160/1121
f 2251/1161/743 2254/1162/743 2256/1163/743 2255/1164/743
f 2073/1165/1122 2151/1166/1123 2117/1167/1124 2061/1168/1125
f 2144/1169/1126 2113/1170/1127 2103/1171/1128 2143/1172/1129
f 2102/1173/1130 2143/1172/1129 2281/1174/1131 2275/1175/1132
f 2167/1176/1133 2108/1177/1134 2122/1178/1135 2165/1179/743
f 2167/1176/1133 2165/1179/743 2166/1180/743 2168/1181/1136
f 2065/1182/1137 2092/1183/1138 2082/1184/1139 2049/1185/1140
f 2197/1141/743 2179/1186/1141 2162/1187/1142 2198/1142/1106
f 1584/1054/1061 2728/1188/1143 2734/1189/1144 2011/1055/1062
f 2160/1190/1145 2159/1191/1146 2114/1192/1147 2127/1193/1148
f 2124/1194/1149 2125/1195/1150 2115/1196/1151 2152/1197/1152
f 2132/1198/743 2075/1199/743 2217/1200/1153 2210/1201/1154
f 2188/1202/1155 2204/1145/1109 2128/1203/1156 2130/1204/1157
f 2153/1205/1158 2183/1206/1159 2184/1207/1160 2160/1190/1145
f 2132/1198/743 2210/1201/1154 2208/1208/1161 2131/1209/743
f 2066/1210/1162 2108/1177/1134 2167/1176/1133 2090/1211/1163
f 2197/1141/743 2166/1180/743 2087/1212/1164 2179/1186/1141
f 2164/1213/743 2163/1214/743 2213/1215/1165 2215/1216/1166
f 2183/1206/1159 2081/1217/1167 2091/1218/1168 2184/1207/1160
f 2050/1219/1169 2084/1220/1170 2092/1183/1138 2065/1182/1137
f 2067/1221/1171 2047/1222/1172 2078/1223/1173 2088/1224/1174
f 2179/1186/1141 2087/1212/1164 2077/1225/1175 2180/1226/1176
f 2196/259/518 2223/1227/1177 2224/1228/1178 2136/1229/1179
f 2108/1177/1134 2148/1230/1180 2150/1231/1181 2122/1178/1135
f 2121/1232/1182 2202/1233/1183 2192/1234/1184 2109/1235/1185
f 2142/1236/1186 2058/1237/1187 2041/1238/1188
f 2281/1174/1131 2143/1172/1129 2103/1171/1128 2248/1239/1189
f 2261/1240/1190 2280/1241/1191 2277/1242/1192 2329/1243/1193
f 2254/1244/1194 2284/1245/1195 2287/1246/1196 2256/1247/1197
f 2194/1248/1198 2554/1249/1199 2277/1242/1192 2280/1241/1191
f 1584/1250/1061 1587/1251/1060 2155/1252/1200 2107/1253/1201
f 2144/1169/1126 2126/1254/1202 2105/1255/1203 2113/1170/1127
f 2064/1156/1119 2050/1219/1169 2065/1182/1137 2071/1153/1116
f 2041/1238/1188 2134/1256/1204 2126/1254/1202 2144/1169/1126
f 2550/1257/1205 2058/1237/1187 2142/1236/1186 2555/1258/1206
f 2192/1234/1184 2202/1233/1183 2194/1248/1198 2193/1259/1207
f 2066/1210/1162 2072/1260/1208 2148/1230/1180 2108/1177/1134
f 1577/524/1209 1576/523/1210 2189/1261/1211 2205/1262/1212
f 2189/1261/1211 1576/523/1210 2151/1166/1123
f 2201/1263/743 2106/1264/743 2207/1265/743 2046/1266/743 2230/1267/743
f 2160/1190/1145 2184/1207/1160 2185/1268/1213 2159/1191/1146
f 2067/1221/1171 2073/1165/1122 2061/1168/1125 2047/1222/1172
f 2174/1269/743 2170/1270/743 2171/1271/743 2175/1272/743
f 2176/1273/743 2172/1274/1214 2173/1275/1214 2177/1276/743
f 2122/1178/1135 2150/1231/1181 2073/1165/1122 2067/1221/1171
f 2076/1277/743 2068/1278/743 2211/1279/1215 2214/1280/1216
f 2166/1180/743 2197/1141/743 2200/1144/1108 2168/1181/1136
f 2090/1211/1163 2167/1176/1133 2168/1181/1136 2089/1281/1217
f 2084/1220/1170 2083/1282/1218 2091/1218/1168 2092/1183/1138
f 2157/1283/1219 2076/1284/1220 2162/1187/1142
f 2063/1285/1221 2119/1286/1222 2154/1287/1223 2040/1288/1224
f 2553/1289/743 2176/1273/743 2177/1276/743 2552/1290/743
f 2094/1291/743 2174/1269/743 2175/1272/743 2095/1292/743
f 2094/1291/743 2095/1292/743 2096/1293/743 2097/1294/743
f 2172/1274/1214 2086/1295/1225 2085/1296/1226 2173/1275/1214
f 2170/1270/743 2082/1184/1139 2081/1217/1167 2171/1271/743
f 2186/1297/1227 2178/1298/1228 2093/1058/1065 2086/1295/1225
f 2285/1299/1229 2080/1300/1230 2079/1301/1231 2271/1302/1232
f 2165/1179/743 2088/1224/1174 2087/1212/1164 2166/1180/743
f 2126/1254/1202 2127/1193/1148 2114/1192/1147 2105/1255/1203
f 2040/1288/1224 2154/1287/1223 2188/1202/1155 2130/1204/1157
f 2726/1303/1233 2038/1304/1234 2054/1305/1235 2715/1306/1236
f 2270/1307/1237 2074/1308/1238 2048/1309/1239 2242/1310/1240
f 2171/1311/1241 2397/1312/1242 2405/1313/1243 2175/1314/1243
f 2206/1315/743 2220/1316/1244 2212/1317/1245 2133/1318/743
f 2129/1319/1246 2101/1146/1110 2204/1145/1109 2188/1202/1155
f 2158/1320/1247 2127/1193/1148 2126/1254/1202 2134/1256/1204
f 2071/1153/1116 2065/1182/1137 2049/1185/1140 2042/1321/1248
f 2195/258/517 2138/1322/1249 2223/1227/1177 2196/259/518
f 2286/1323/1250 2100/1324/1251 2080/1300/1230 2285/1299/1229
f 2150/1231/1181 2189/1261/1211 2151/1166/1123 2073/1165/1122
f 2164/1325/1252 2199/1143/1107 2198/1142/1106 2163/1326/1253
f 2297/1327/1254 2118/1328/1255 2100/1324/1251 2286/1323/1250
f 2274/1329/1256 2141/1330/1257 2102/1173/1130 2275/1175/1132
f 1478/1331/677 1477/1332/676 2633/1333/1258 2632/1334/1259
f 2263/1151/1114 2260/1150/1113 2334/1335/1260 2338/1336/1261
f 2096/1337/1262 2095/1338/1263 2406/1339/1263 2402/1340/1262
f 2174/1341/1264 2404/1342/1264 2395/1343/1265 2170/1344/1266
f 2186/1345/1267 2086/1346/1268 2399/1347/1268 2411/1348/1267
f 2188/1202/1155 2154/1287/1223 2726/1303/1233 2129/1319/1246
f 2042/1321/1248 2156/1148/1111 2147/1154/1117 2071/1153/1116
f 2107/1253/1201 2155/1252/1200 2044/1349/1269 2051/1350/1270
f 2257/1351/625 2268/1352/1271 2136/1229/1179 1552/1353/626
f 2195/258/517 2250/257/516 2269/1354/1272 2139/1355/1273
f 2146/1059/1066 2203/1356/1274 2191/1357/1275 2145/1358/1276
f 2156/1148/1111 1496/1147/1086 2055/1359/1277 2147/1154/1117
f 2184/1207/1160 2091/1218/1168 2083/1282/1218 2185/1268/1213
f 2555/1258/1206 2554/1249/1199 2194/1248/1198 2202/1233/1183
f 2177/1360/1278 2173/1361/1279 2400/1362/1280 2408/1363/1281
f 2187/1160/1121 2190/1159/1120 2123/1364/1282 2110/1365/1283
f 2276/1152/1115 2278/1366/1284 2145/1358/1276 2191/1357/1275
f 2279/1149/1112 2193/1259/1207 2194/1248/1198 2280/1241/1191
f 2136/1229/1179 2268/1352/1271 2252/256/515 2196/259/518
f 2139/1355/1273 2070/1367/1285 2138/1368/1249 2195/258/517
f 2224/1228/1178 2225/1369/1286 1552/1353/626 2136/1229/1179
f 2161/1370/1287 2181/1371/1288 2200/1144/1108 2199/1143/1107
f 2169/1372/1289 2107/1253/1201 2051/1350/1270 2085/1296/1226
f 2128/1373/1290 2042/1374/1291 2386/1375/1292 2385/1376/1293
f 2551/1377/1294 2063/1378/1295 2393/1379/1295 2558/1380/1294
f 2109/1381/1296 2043/1382/1297 2379/1383/1298 2378/1384/1299
f 2152/1385/1300 2115/1386/1301 2381/1387/1302 2391/1388/1300
f 2041/1389/1303 2058/1390/1304 2387/1391/1304 2382/1392/1303
f 2121/1393/1305 2109/1381/1296 2378/1384/1299 2383/1394/1306
f 2153/1395/1307 2158/1396/1308 2394/1397/1309 2392/1398/1307
f 2049/1399/1310 2082/1400/1311 2396/1401/1312 2390/1402/1310
f 2086/1346/1268 2172/1403/1313 2398/1404/1313 2399/1347/1268
f 2553/1405/1314 2560/1406/1314 2407/1407/1315 2176/1408/1316
f 2165/1179/743 2122/1178/1135 2067/1221/1171 2088/1224/1174
f 2758/1409/1317 2756/1410/1318 2118/1328/1255 2297/1327/1254
f 2271/1302/1232 2079/1301/1231 2074/1308/1238 2270/1307/1237
f 2206/1411/1319 2133/1412/1320 2104/1413/1321 2045/1414/1322
f 2115/1386/1301 2186/1345/1267 2411/1348/1267 2381/1387/1302
f 2163/1326/1253 2198/1142/1106 2162/1187/1142 2076/1284/1220
f 2201/1263/743 2226/1415/743 2053/1416/743 2138/1417/743
f 2075/1199/743 2164/1213/743 2215/1216/1166 2217/1200/1153
f 2068/1278/743 2133/1318/743 2212/1317/1245 2211/1279/1215
f 2267/1418/1323 2242/1419/1240 2048/1420/1239 2037/1421/1324
f 2133/1412/1320 2068/1422/1325 2056/1423/1326 2104/1413/1321
f 2163/1214/743 2076/1277/743 2214/1280/1216 2213/1215/1165
f 2059/1424/743 2131/1209/743 2208/1208/1161 2209/1425/1327
f 2059/1424/743 2209/1425/1327 2218/1426/1328 2106/1264/743
f 2146/1059/1066 2057/1427/1329 2043/1428/1330 2203/1356/1274
f 2057/1427/1329 2124/1194/1149 2152/1197/1152 2043/1428/1330
f 2040/1429/1331 2130/1430/1332 2388/1431/1332 2413/1432/1333
f 2158/1396/1308 2134/1433/1334 2389/1434/1335 2394/1397/1309
f 2174/1341/1264 2094/1435/1336 2401/1436/1336 2404/1342/1264
f 2142/1236/1186 2041/1238/1188 2102/1173/1130 2141/1330/1257
f 2044/1437/1337 2110/1438/1338 2380/1439/1338 2412/1440/1339
f 2082/1400/1311 2170/1344/1266 2395/1343/1265 2396/1401/1312
f 2550/1441/1340 2121/1393/1305 2383/1394/1306 2557/1442/1340
f 2081/1443/1341 2183/1444/1342 2409/1445/1342 2410/1446/1343
f 2153/1395/1307 2392/1398/1307 2409/1445/1342 2183/1444/1342
f 2051/1447/1344 2044/1437/1337 2412/1440/1339 2377/1448/1344
f 2176/1408/1316 2407/1407/1315 2398/1404/1313 2172/1403/1313
f 2042/1374/1291 2049/1399/1310 2390/1402/1310 2386/1375/1292
f 2208/1208/1161 2210/1201/1154 2236/1201/1345 2234/1208/1346
f 2094/1435/1336 2097/1449/1347 2403/1450/1347 2401/1436/1336
f 2173/1361/1279 2085/1451/1348 2414/1452/1349 2400/1362/1280
f 2134/1433/1334 2041/1389/1303 2382/1392/1303 2389/1434/1335
f 2063/1378/1295 2040/1429/1331 2413/1432/1333 2393/1379/1295
f 2879/1012/1031 2923/1453/1350 2568/1454/1043 1985/1455/1044
f 2075/1456/1351 2161/1370/1287 2199/1143/1107 2164/1325/1252
f 2162/1187/1142 2179/1186/1141 2180/1226/1176 2157/1283/1219
f 2181/1371/1288 2089/1281/1217 2168/1181/1136 2200/1144/1108
f 2051/1447/1344 2377/1448/1344 2414/1452/1349 2085/1451/1348
f 2043/1382/1297 2152/1385/1300 2391/1388/1300 2379/1383/1298
f 2171/1311/1241 2081/1443/1341 2410/1446/1343 2397/1312/1242
f 2130/1430/1332 2128/1373/1290 2385/1376/1293 2388/1431/1332
f 2095/1338/1263 2175/1314/1243 2405/1313/1243 2406/1339/1263
f 2148/1230/1180 2205/1262/1212 2189/1261/1211 2150/1231/1181
f 2070/1457/743 2140/1458/743 2201/1263/743 2138/1417/743
f 2140/1458/743 2059/1424/743 2106/1264/743 2201/1263/743
f 2552/1459/1352 2559/1460/1352 2403/1450/1347 2097/1449/1347
f 2110/1438/1338 2123/1461/1353 2384/1462/1353 2380/1439/1338
f 2556/1463/1354 2119/1286/1222 2063/1285/1221 2551/1464/1355
f 2147/1154/1117 2055/1359/1277 2039/1465/1356 2120/1155/1118
f 2128/1203/1156 2204/1145/1109 2156/1148/1111 2042/1321/1248
f 2330/1466/1357 2038/1304/1234 2119/1286/1222 2556/1463/1354
f 2062/1467/1358 2037/1421/1324 2569/1018/1036 2908/1468/1359
f 2072/1260/1208 2149/1469/1360 2205/1262/1212 2148/1230/1180
f 2149/1469/1360 2052/1470/1361 1577/524/1209 2205/1262/1212
f 2151/1166/1123 1576/523/1210 1550/1140/1105 2117/1167/1124
f 1579/443/1362 2286/1323/1250 2285/1299/1229 1580/430/1363
f 2218/1426/1328 2237/1426/1364 2247/1471/1365 2221/1471/1366
f 2222/1472/743 2221/1471/1366 2220/1316/1244 2206/1315/743
f 2069/1473/743 2229/1474/743 2225/1475/743 2224/1476/743
f 2246/1477/1367 2267/1418/1323 2907/1478/1368
f 2116/1479/743 2231/1480/743 2222/1472/743
f 2053/1416/743 2232/1481/743 2223/1482/743 2138/1417/743
f 2227/1483/743 2116/1479/743 2222/1472/743 2206/1315/743
f 2112/1484/743 2226/1415/743 2201/1263/743 2230/1267/743
f 2135/1485/743 2228/1486/743 2223/1482/743 2232/1481/743
f 2037/1421/1324 2048/1420/1239 2570/1019/563 2569/1018/1036
f 2225/1475/743 2229/1474/743 2137/1487/743 2233/1488/743
f 2223/1482/743 2228/1486/743 2069/1473/743 2224/1476/743
f 2225/1475/743 2233/1488/743 2060/1489/743 2206/1315/743
f 2222/1472/743 2231/1480/743 2046/1266/743 2207/1265/743
f 2215/1216/1166 2213/1215/1165 2239/1215/1369 2241/1216/1370
f 2218/1426/1328 2209/1425/1327 2235/1425/1371 2237/1426/1364
f 2211/1279/1215 2212/1317/1245 2244/1317/1372 2238/1279/1373
f 2236/1201/1345 2240/1280/1374 2238/1279/1373 2234/1208/1346
f 2210/1201/1154 2217/1200/1153 2243/1200/1375 2236/1201/1345
f 2209/1425/1327 2208/1208/1161 2234/1208/1346 2235/1425/1371
f 2942/1490/1376 2918/1491/1377 2859/1492/1378 2915/1493/1379
f 2235/1425/1371 2244/1317/1372 2245/1316/1380 2237/1426/1364
f 2235/1425/1371 2234/1208/1346 2238/1279/1373 2244/1317/1372
f 2211/1279/1215 2238/1279/1373 2240/1280/1374 2214/1280/1216
f 2240/1280/1374 2236/1201/1345 2243/1200/1375 2239/1215/1369
f 2241/1216/1370 2239/1215/1369 2243/1200/1375
f 2237/1426/1364 2245/1316/1380 2247/1471/1365
f 1993/361/609 1541/360/608 2267/1418/1323 2246/1477/1367
f 2282/1494/1381 2283/1495/1382 2287/1246/1196 2284/1245/1195
f 2220/1316/1244 2221/1471/1366 2247/1471/1365 2245/1316/1380
f 2213/1215/1165 2214/1280/1216 2240/1280/1374 2239/1215/1369
f 2217/1200/1153 2215/1216/1166 2241/1216/1370 2243/1200/1375
f 2219/1496/1383 2904/1497/1384 2216/247/506 2306/1498/1385
f 2212/1317/1245 2220/1316/1244 2245/1316/1380 2244/1317/1372
f 2053/1499/743 2226/1500/743 2228/1501/743 2232/1502/743
f 2314/1503/1386 2344/1504/1387 2337/1505/1388 2313/1506/1389
f 2253/1507/1390 2248/1239/1189 2269/1354/1272 2266/1508/1391
f 2283/1495/1382 2282/1494/1381 2250/1509/1392 2252/1510/1393
f 2290/1511/1394 2289/1512/1395 2293/1513/1396 2294/1514/970
f 2249/1515/1397 2253/1507/1390 2266/1508/1391 2264/1516/1398
f 2250/1509/1392 2282/1494/1381 2284/1245/1195 2254/1244/1194
f 2258/1517/1399 2273/1518/743 2272/1519/743 2259/1520/1400
f 2252/256/515 2268/1352/1271 2272/1519/743 2256/1163/743
f 2281/1174/1131 2248/1239/1189 2253/1507/1390 2262/1521/1401
f 2287/1246/1196 2283/1495/1382 2252/1510/1393 2256/1247/1197
f 2279/1149/1112 2280/1241/1191 2261/1240/1190 2260/1150/1113
f 2251/1161/743 2264/1516/1398 2266/1508/1391 2254/1162/743
f 2193/1259/1207 2279/1149/1112 2276/1152/1115 2191/1357/1275
f 2309/1522/1402 2274/1329/1256 2275/1175/1132 2325/1523/1403
f 2269/1354/1272 2250/257/516 2254/1162/743 2266/1508/1391
f 2334/1335/1260 2260/1150/1113 2261/1240/1190 2332/1524/1404
f 2265/1525/1405 2278/1366/1284 2276/1152/1115 2263/1151/1114
f 2257/1351/625 2259/1520/1400 2272/1519/743 2268/1352/1271
f 2111/1526/1406 2903/1527/1407 2306/1498/1385 2561/1528/1408
f 2272/1519/743 2273/1518/743 2255/1164/743 2256/1163/743
f 2705/1529/1409 1628/544/753 2664/543/744 2681/1530/743
f 2338/1336/1261 2326/1531/1410 2265/1525/1405 2263/1151/1114
f 1580/430/1363 2285/1299/1229 2271/1302/1232 1581/431/1411
f 1578/435/1412 2297/1327/1254 2286/1323/1250 1579/443/1362
f 2328/1532/1413 2309/1522/1402 2325/1523/1403 2335/1533/1414
f 1581/431/1411 2271/1302/1232 2270/1307/1237 1582/441/669
f 2288/1534/1415 2313/1506/1389 2336/1535/1416 2249/1515/1397
f 2264/1516/1398 2298/1536/1417 2288/1534/1415 2249/1515/1397
f 2296/1537/1418 2291/1538/1419 1551/1539/1420 2295/1540/1421
f 1541/360/608 1992/1026/673 2242/1419/1240 2267/1418/1323
f 1548/1541/750 1629/536/749 2312/1542/615 2673/1543/1422
f 2289/1512/1395 2290/1511/1394 2251/1161/743 2255/1164/743
f 2139/1355/1273 2269/1354/1272 2248/1239/1189 2103/1171/1128
f 2292/1544/1423 2288/1534/1415 2298/1536/1417 1600/1545/969
f 2298/1536/1417 2264/1516/1398 2251/1161/743 2290/1511/1394
f 2140/1546/1424 2103/1171/1128 2113/1170/1425
f 1582/441/669 2270/1307/1237 2242/1310/1240 1992/445/673
f 2676/1547/1426 2259/1548/1400 2257/380/625 2304/379/624
f 2289/1512/1395 2296/1537/1418 2295/1540/1421 2293/1513/1396
f 2752/434/1427 2758/1409/1317 2297/1327/1254 1578/435/1412
f 2273/1518/743 2258/1517/1399 2291/1538/1419 2296/1537/1418
f 1547/545/613 1481/1549/613 2303/1550/613 2098/542/613
f 2941/1551/1428 2906/1552/1429 2855/1553/1430 2911/1554/1431
f 2298/1536/1417 2290/1511/1394 2294/1514/970 1600/1545/969
f 2681/1530/743 2664/543/744 2301/1555/744 2698/1556/743
f 2044/1349/1269 2155/1252/1200 2187/1160/1121 2110/1365/1283
f 2155/1252/1200 1587/1251/1060 1492/1157/1070 2187/1160/1121
f 2277/1242/1192 2274/1329/1256 2309/1522/1402 2329/1243/1193
f 2320/1557/717 1602/1558/718 2319/1559/1432 2316/1560/1433
f 2203/1356/1274 2043/1428/1330 2109/1235/1185 2192/1234/1184
f 2092/1183/1138 2091/1218/1168 2081/1217/1167 2082/1184/1139
f 2327/1561/743 2338/1336/1261 2334/1335/1260 2318/1562/1434
f 2321/1563/1435 2328/1532/1413 2310/1564/1436 2333/1565/1437
f 2337/1505/1388 2336/1535/1416 2313/1506/1389
f 2327/1561/743 2319/1559/1432 2307/1566/1438 2311/1567/1439
f 2364/1568/1440 2372/1569/1441 2370/1570/1442 2352/1571/1443
f 1544/1572/627 1548/1541/750 2673/1543/1422 2304/1573/1444
f 2141/1330/1257 2274/1329/1256 2277/1242/1192 2554/1249/1199
f 2363/1574/1445 2376/1575/1446 2372/1569/1441 2364/1568/1440
f 2332/1524/1404 2261/1240/1190 2329/1243/1193 2321/1563/1435
f 1488/1576/1447 1484/1577/1448 2326/1531/1410 2311/1567/1439
f 2313/1506/1389 2288/1534/1415 2292/1544/1423 2314/1503/1386
f 2335/1533/1414 2325/1523/1403 2262/1521/1401 2336/1535/1416 2331/1578/1449
f 2336/1535/1416 2262/1521/1401 2253/1507/1390 2249/1515/1397
f 2350/1579/1450 2360/1580/1451 2375/1581/1452 2373/1582/1453
f 2319/1559/1432 1602/1558/718 1553/1583/963 2307/1566/1438
f 2338/1336/1261 2327/1561/743 2311/1567/1439 2326/1531/1410
f 1483/1584/1454 1488/1576/1447 2311/1567/1439 2307/1566/1438
f 2329/1243/1193 2309/1522/1402 2328/1532/1413 2321/1563/1435
f 2103/1171/1128 2140/1546/1424 2070/1367/1285 2139/1355/1273
f 2319/1559/1432 2327/1561/743 2318/1562/1434 2316/1560/1433
f 1486/1585/964 1483/1584/1454 2307/1566/1438 1553/1583/963
f 2317/1586/1455 2320/1557/717 2339/1587/1456 2340/1588/1457
f 2317/1586/1455 2340/1588/1457 2315/1589/1458
f 2333/1565/1437 2345/1590/1459 2332/1524/1404 2321/1563/1435
f 2334/1335/1260 2332/1524/1404 2345/1590/1459 2346/1591/1460
f 2334/1335/1260 2346/1591/1460 2322/1592/1461 2318/1562/1434
f 2316/1560/1433 2322/1592/1461 2339/1587/1456 2320/1557/717
f 2316/1560/1433 2318/1562/1434 2322/1592/1461
f 2308/1593/1462 2343/1594/1463 2323/1595/1464
f 2335/1533/1414 2342/1596/1465 2310/1564/1436 2328/1532/1413
f 2335/1533/1414 2331/1578/1449 2341/1597/1466 2342/1596/1465
f 2314/1503/1386 2323/1595/1464 2343/1594/1463 2344/1504/1387
f 2336/1535/1416 2337/1505/1388 2341/1597/1466 2331/1578/1449
f 2350/1579/1450 2373/1582/1453 2374/1598/1467 2353/1599/1468
f 2349/1600/1469 2351/1601/1470 2347/1602/1471 2348/1603/1472
f 2356/1604/1473 2348/1603/1474 2347/1602/1474 2355/1605/1475
f 2361/1606/1476 2349/1600/1469 2348/1603/1472 2356/1604/1473
f 2362/1607/1477 2368/1608/1478 2369/1609/1479 2354/1610/1480
f 2367/1611/1481 2365/1612/1482 2355/1605/1475 2358/1613/1483 2357/1614/1484
f 2359/1615/1485 2354/1610/1480 2369/1609/1479 2371/1616/1486
f 2351/1601/1470 2358/1613/1483 2355/1605/1475 2347/1602/1471
f 2353/1599/1468 2374/1598/1467 2376/1575/1446 2363/1574/1445
f 2359/1615/1485 2371/1616/1486 2375/1581/1452 2360/1580/1451
f 2361/1606/1476 2356/1604/1473 2366/1617/1487 2368/1608/1478 2362/1607/1477
f 2357/1614/1484 2352/1571/1443 2370/1570/1442 2367/1611/1481
f 2366/1617/1487 2365/1612/1482 2367/1611/1481 2368/1608/1478
f 2367/1611/1481 2370/1570/1442 2369/1609/1479 2368/1608/1478
f 2370/1570/1442 2372/1569/1441 2371/1616/1486 2369/1609/1479
f 2372/1569/1441 2376/1575/1446 2375/1581/1452 2371/1616/1486
f 2374/1598/1467 2373/1582/1453 2375/1581/1452 2376/1575/1446
f 2356/1604/1473 2355/1605/1475 2365/1612/1482 2366/1617/1487
f 2078/1223/1173 2077/1225/1175 2087/1212/1164 2088/1224/1174
f 2153/1205/1158 2160/1190/1145 2127/1193/1148 2158/1320/1247
f 2431/1618/1488 2474/1619/1489 2475/1620/1490 2419/1621/1491
f 1552/1353/626 2045/1414/1322 2418/1622/1492 2423/1623/1493
f 2442/1624/1494 2473/1625/1495 2471/1626/1495 2465/1627/1494
f 2056/1423/1326 2157/1283/1219 2422/1628/1496 2420/1624/1497
f 2077/1225/1175 2427/1629/1498 2428/1630/1499 2180/1226/1176
f 2180/1226/1176 2428/1630/1499 2422/1628/1496 2157/1283/1219
f 2104/1413/1321 2424/1627/1500 2418/1622/1492 2045/1414/1322
f 2047/1222/1172 2425/1631/1501 2429/1632/1502 2078/1223/1173
f 2423/1623/1493 2418/1622/1492 2430/1633/1503 2435/1634/1504
f 2419/1621/1491 2475/1620/1490 2478/1635/1495 2415/1636/1494
f 2430/1633/1503 2441/1637/1505 2446/1638/1506 2435/1634/1504
f 2056/1423/1326 2420/1624/1497 2424/1627/1500 2104/1413/1321
f 2061/1168/1125 2421/1639/1507 2425/1631/1501 2047/1222/1172
f 2117/1167/1124 2421/1639/1507 2061/1168/1125
f 2078/1223/1173 2429/1632/1502 2427/1629/1498 2077/1225/1175
f 2447/1640/1508 2480/1640/1509 2481/1641/1510 2441/1637/1505
f 2432/1625/567 2473/1625/567 2476/1642/567 2434/1642/567
f 2433/1643/1511 2474/1619/1489 2431/1618/1488 2421/1639/1507
f 2455/1644/567 2491/1644/567 2494/1645/567 2457/1646/567
f 2425/1631/1501 2419/1621/1491 2415/1636/1494 2429/1632/1502
f 2437/1647/567 2475/1620/567 2474/1619/1489 2433/1643/1511
f 2465/1627/1494 2471/1626/1495 2472/1648/1512 2454/1649/1513
f 2427/1629/1498 2470/1629/1494 2416/1630/1494 2428/1630/1499
f 2448/1650/1514 2484/1651/1515 2487/1652/1509 2452/1652/1508
f 2434/1642/743 2445/1653/1508 2443/1654/1508 2432/1625/743
f 2436/1626/743 2447/1640/1508 2441/1637/1505 2430/1633/1503
f 2439/1655/743 2451/1656/1508 2445/1653/1508 2434/1642/743
f 2440/1635/743 2452/1652/1508 2450/1657/1508 2438/1658/743
f 2441/1637/1505 2453/1659/1516 2458/1660/1517 2446/1638/1506
f 2438/1658/743 2450/1657/1508 2451/1656/1508 2439/1655/743
f 2432/1625/743 2443/1654/1508 2447/1640/1508 2436/1626/743
f 2437/1647/1518 2448/1650/1514 2452/1652/1508 2440/1635/743
f 2433/1643/1511 2444/1661/1519 2448/1650/1514 2437/1647/1518
f 2415/1636/1494 2478/1635/1495 2479/1658/1495 2470/1629/1494
f 2453/1659/1516 2823/1662/1520 2468/1663/1521 2458/1660/1517
f 2436/1626/567 2471/1626/567 2473/1625/567 2432/1625/567
f 2460/1664/567 2493/1664/567 2492/1665/1522 2456/1666/1523
f 2429/1632/1502 2415/1636/1494 2470/1629/1494 2427/1629/1498
f 2450/1657/1508 2488/1657/1509 2486/1656/1509 2451/1656/1508
f 2416/1630/1494 2477/1655/1495 2476/1642/1495 2417/1667/1494
f 2418/1622/1492 2454/1649/1513 2472/1648/1512 2430/1633/1503
f 2459/1668/567 2489/1669/567 2491/1644/567 2455/1644/567
f 2452/1652/1508 2487/1652/1509 2488/1657/1509 2450/1657/1508
f 2456/1666/1523 2426/1670/1524 2814/1671/1525 2467/1672/1526
f 2428/1630/1499 2416/1630/1494 2417/1667/1494 2422/1628/1496
f 2457/1646/1527 2820/1673/1527 2466/1674/1527 2455/1644/1527
f 2459/1668/1527 2822/1675/1527 2823/1662/1520 2453/1659/1516
f 2463/1676/1527 2821/1677/1527 2820/1673/1527 2457/1646/1527
f 2433/1643/1511 2461/1678/1528 2449/1679/1529 2444/1661/1519
f 2464/1680/1527 2819/1681/1527 2469/1682/1527 2462/1683/1527
f 2442/1624/1494 2417/1667/1494 2476/1642/1495 2473/1625/1495
f 2462/1683/1527 2469/1682/1527 2821/1677/1527 2463/1676/1527
f 2455/1644/1527 2466/1674/1527 2822/1675/1527 2459/1668/1527
f 2460/1664/1530 2818/1684/1531 2819/1681/1527 2464/1680/1527
f 2456/1666/1523 2467/1672/1526 2818/1684/1531 2460/1664/1530
f 2470/1629/1494 2479/1658/1495 2477/1655/1495 2416/1630/1494
f 2488/1657/1509 2497/1683/1532 2495/1685/1532 2486/1656/1509
f 2482/1686/1533 2491/1644/1532 2489/1669/1532 2480/1640/1509
f 2484/1651/1515 2493/1664/1534 2496/1687/1532 2487/1652/1509
f 2483/1661/1535 2492/1665/1522 2493/1664/1534 2484/1651/1515
f 2485/1653/1533 2494/1645/1532 2491/1644/1532 2482/1686/1533
f 2480/1640/1509 2489/1669/1532 2490/1688/1536 2481/1641/1510
f 2486/1656/1509 2495/1685/1532 2494/1645/1532 2485/1653/1533
f 2487/1652/1509 2496/1687/1532 2497/1683/1532 2488/1657/1509
f 2457/1646/567 2494/1645/567 2495/1685/567 2463/1676/567
f 2424/1627/1500 2465/1627/1494 2454/1649/1513 2418/1622/1492
f 2462/1683/567 2497/1683/567 2496/1687/567 2464/1680/567
f 2434/1642/567 2476/1642/567 2477/1655/567 2439/1655/567
f 2463/1676/567 2495/1685/567 2497/1683/567 2462/1683/567
f 2438/1658/567 2479/1658/567 2478/1635/567 2440/1635/567
f 2443/1654/1508 2482/1686/1533 2480/1640/1509 2447/1640/1508
f 2456/1666/1523 2492/1665/1522 2483/1661/1535 2444/1661/1519
f 2464/1680/567 2496/1687/567 2493/1664/567 2460/1664/567
f 2439/1655/567 2477/1655/567 2479/1658/567 2438/1658/567
f 2444/1661/1519 2483/1661/1535 2484/1651/1515 2448/1650/1514
f 2420/1624/1497 2442/1624/1494 2465/1627/1494 2424/1627/1500
f 2440/1635/567 2478/1635/567 2475/1620/567 2437/1647/567
f 2421/1639/1507 2431/1618/1488 2419/1621/1491 2425/1631/1501
f 2445/1653/1508 2485/1653/1533 2482/1686/1533 2443/1654/1508
f 2453/1659/1516 2490/1688/1536 2489/1669/567 2459/1668/567
f 2441/1637/1505 2481/1641/1510 2490/1688/1536 2453/1659/1516
f 2422/1628/1496 2417/1667/1494 2442/1624/1494 2420/1624/1497
f 2430/1633/1503 2472/1648/1512 2471/1626/567 2436/1626/567
f 2451/1656/1508 2486/1656/1509 2485/1653/1533 2445/1653/1508
f 2502/1689/1537 2500/1690/1537 2506/1690/567 2509/1689/567
f 2498/1691/1537 2499/1692/1537 2510/1692/567 2507/1691/567
f 2505/1693/1537 2503/1694/1538 2512/1695/1539 2513/1693/567
f 2500/1690/1537 2498/1691/1537 2507/1691/567 2506/1690/567
f 2504/1696/1537 2505/1693/1537 2513/1693/567 2511/1696/567
f 2501/1697/1540 2502/1689/1537 2509/1689/567 2508/1698/1541
f 2499/1692/1537 2504/1696/1537 2511/1696/567 2510/1692/567
f 2517/1699/1542 2527/1699/755 2524/1700/755 2514/1700/1543
f 2515/1701/1542 2525/1701/755 2528/1702/755 2518/1702/1543
f 2521/1703/1543 2522/1703/755 2523/1704/1544 2520/1705/1545
f 2514/1700/1543 2524/1700/755 2525/1701/755 2515/1701/1542
f 2519/1706/1543 2529/1706/755 2522/1703/755 2521/1703/1543
f 2516/1707/1546 2526/1707/1547 2527/1699/755 2517/1699/1542
f 2518/1702/1543 2528/1702/755 2529/1706/755 2519/1706/1543
f 2498/1691/1537 2515/1701/1542 2518/1702/1543 2499/1692/1537
f 2502/1689/1537 2517/1699/1542 2514/1700/1543 2500/1690/1537
f 2499/1692/1537 2518/1702/1543 2519/1706/1543 2504/1696/1537
f 2505/1693/1537 2521/1703/1543 2520/1705/1545 2503/1694/1538
f 2508/1698/1541 2526/1707/1547 2516/1707/1546 2501/1697/1540
f 2504/1696/1537 2519/1706/1543 2521/1703/1543 2505/1693/1537
f 2500/1690/1537 2514/1700/1543 2515/1701/1542 2498/1691/1537
f 2503/1694/1538 2520/1705/1545 2523/1704/1544 2512/1695/1539
f 2501/1697/1540 2516/1707/1546 2517/1699/1542 2502/1689/1537
f 2534/1708/1548 2532/1709/1549 2548/1710/1550 2545/1711/1551
f 2539/1712/1552 2542/1713/1553 2535/1714/1554 2538/1715/1555
f 2530/1716/1556 2531/1717/1557 2544/1717/567 2547/1716/1558
f 2543/1718/1559 2540/1719/1560 2537/1719/1561 2549/1718/755
f 2533/1720/1562 2534/1708/1548 2545/1711/1551 2546/1720/1563
f 2542/1713/1553 2541/1721/1564 2536/1722/1565 2535/1714/1554
f 2530/1716/1556 2540/1719/1560 2543/1718/1559 2531/1717/1557
f 2540/1719/1560 2539/1712/1552 2538/1715/1555 2537/1719/1561
f 2534/1708/1548 2542/1713/1553 2539/1712/1552 2532/1709/1549
f 2532/1709/1549 2539/1712/1552 2540/1719/1560 2530/1716/1556
f 2541/1721/1564 2533/1720/1562 2546/1720/1563 2536/1722/1565
f 2533/1720/1562 2541/1721/1564 2542/1713/1553 2534/1708/1548
f 2532/1709/1549 2530/1716/1556 2547/1716/1558 2548/1710/1550
f 2102/1173/1130 2041/1238/1188 2144/1169/1126 2143/1172/1129
f 2090/1211/1163 2089/1281/1217 2083/1282/1566 2084/1220/1567
f 1494/1158/1088 2330/1466/1357 2556/1463/1354 2190/1159/1120
f 2190/1159/1120 2556/1463/1354 2551/1464/1355 2123/1364/1282
f 2177/1360/1278 2408/1363/1281 2559/1460/1352 2552/1459/1352
f 2058/1390/1304 2550/1441/1340 2557/1442/1340 2387/1391/1304
f 2096/1337/1262 2402/1340/1262 2560/1406/1314 2553/1405/1314
f 2123/1461/1353 2551/1377/1294 2558/1380/1294 2384/1462/1353
f 2142/1236/1186 2141/1330/1257 2554/1249/1199 2555/1258/1206
f 2096/1293/743 2553/1289/743 2552/1290/743 2097/1294/743
f 2121/1232/1182 2550/1257/1205 2555/1258/1206 2202/1233/1183
f 2068/1422/1325 2076/1284/1220 2157/1283/1219 2056/1423/1326
f 2181/1371/1288 2161/1370/1287 2159/1191/1568 2185/1268/1569
f 2083/1282/1566 2089/1281/1217 2181/1371/1288 2185/1268/1569
f 2131/1723/1570 2059/1724/1570 2140/1546/1424 2113/1170/1425 2105/1255/1571
f 2161/1370/1287 2075/1456/1351 2132/1725/1572 2114/1192/1573 2159/1191/1568
f 2052/1470/1361 2149/1469/1360 2120/1155/1118 2039/1465/1356
f 2149/1469/1360 2072/1260/1208 2064/1156/1119 2120/1155/1118
f 2132/1725/1572 2131/1723/1570 2105/1255/1571 2114/1192/1573
f 1552/1353/626 2225/1369/1286 2206/1411/1319 2045/1414/1322
f 2072/1260/1208 2066/1210/1162 2050/1219/1574 2064/1156/1119
f 2066/1210/1162 2090/1211/1163 2084/1220/1567 2050/1219/1574
f 2674/1726/752 2301/1555/744 2664/543/744 2098/542/752
f 1591/1727/1575 1590/1060/1067 2146/1059/1066 2145/1358/1276
f 1591/1727/1575 2145/1358/1276 2278/1366/1284 1596/1728/1576
f 1596/1728/1576 2278/1366/1284 2265/1525/1405 1490/1729/1577
f 1490/1729/1577 2265/1525/1405 2326/1531/1410 1484/1577/1448
f 2124/1194/1149 2057/1427/1329 2178/1298/1228 2125/1195/1150
f 2057/1427/1329 2146/1059/1066 2093/1058/1065 2178/1298/1228
f 1585/480/706 2729/479/705 2736/1730/1578 2594/1731/1579
f 2192/1234/1184 2193/1259/1207 2191/1357/1275 2203/1356/1274
f 2275/1175/1132 2281/1174/1131 2262/1521/1401 2325/1523/1403
f 2074/1308/1238 2567/261/520 2570/304/563 2048/1309/1239
f 2756/1410/1318 2757/262/521 2563/248/507 2118/1328/1255
f 2079/1301/1231 2566/255/514 2567/261/520 2074/1308/1238
f 2080/1300/1230 2565/253/512 2566/255/514 2079/1301/1231
f 2100/1324/1251 2564/251/510 2565/253/512 2080/1300/1230
f 2118/1328/1255 2563/248/507 2564/251/510 2100/1324/1251
f 1479/1732/610 2111/1526/1406 2561/1528/1408 2605/1733/1580
f 2604/1734/738 1479/1732/610 2605/1733/1580 2099/1735/1581
f 1520/399/564 2574/398/564 2603/1736/564 2009/1067/564
f 2643/264/523 2609/1737/1582 2576/1022/1038 2601/1029/1042
f 2609/1737/1582 2630/1738/602 2602/1023/1039 2576/1022/1038
f 1487/887/564 1851/308/564 2600/1739/1583 2583/1740/605
f 1588/468/694 1585/480/706 2594/1731/1579 2595/1741/1584
f 2650/1742/564 2628/1743/564 2599/496/564 2649/495/564
f 1593/483/709 1597/482/708 2598/1744/1585 2597/1745/1586
f 1592/486/712 1593/483/709 2597/1745/1586 2596/343/594
f 2730/1746/1587 1592/486/712 2596/343/594 2735/342/593
f 1597/482/708 1491/276/535 2585/1747/1588 2598/1744/1585
f 2636/1748/1589 2624/1749/564 2593/410/564 2573/409/638
f 2692/1750/564 2623/1751/564 2592/405/564 2691/407/564
f 2623/1751/564 2622/1752/564 2591/401/564 2592/405/564
f 2622/1752/564 2621/1753/564 2590/402/564 2591/401/564
f 2657/397/564 2773/1754/564 2766/1755/564
f 1489/270/529 1482/269/528 2579/1756/1590 2580/1757/1591
f 1851/308/564 1517/307/565 2572/1758/605 2600/1739/1583
f 1480/1015/504 1986/1014/1033 2602/1759/1039 2571/1760/1592
f 2750/287/546 1497/284/543 2578/1761/1593 2759/1762/1594
f 2874/485/711 1592/486/712 2730/1746/1587 2898/1763/1595
f 1503/292/551 1501/290/549 2584/1764/1596 2586/1765/1597
f 1485/272/531 1489/270/529 2580/1757/1591 2581/1766/1598
f 1507/296/555 1505/294/553 2587/1767/1599 2588/1768/1600
f 1491/276/535 1485/272/531 2581/1766/1598 2585/1747/1588
f 1501/290/549 1499/288/547 2582/1769/1601 2584/1764/1596
f 1493/279/538 1588/468/694 2595/1741/1584 2589/1770/1602
f 1505/294/553 1503/292/551 2586/1765/1597 2587/1767/1599
f 1495/280/539 1493/279/538 2589/1770/1602 2577/1771/1603
f 1482/269/528 1487/275/534 2583/1772/1604 2579/1756/1590
f 2884/313/564 2892/1773/564 2575/1774/564 1519/314/564
f 1517/315/569 1519/314/569 2575/1774/566 2572/1775/566
f 1987/301/560 1507/296/555 2588/1768/1600 2601/1029/1042
f 1560/1776/564 1558/1777/564 2621/1753/564 2622/1752/564
f 1562/1778/564 1560/1776/564 2622/1752/564 2623/1751/564
f 2685/1779/564 1562/1778/564 2623/1751/564 2692/1750/564
f 1524/1780/1605 1564/1781/564 2624/1749/564 2636/1748/1589
f 2646/1782/564 1603/1783/564 2628/1743/564 2650/1742/564
f 1509/1784/1606 1989/1785/603 2630/1738/602 2609/1737/1582
f 1988/267/526 1509/1784/1606 2609/1737/1582 2643/264/523
f 2571/1786/1592 2635/1787/601 1475/1788/1607 2182/1789/1608
f 1480/245/504 2571/1786/1592 2182/1789/1608 2562/246/505
f 1477/1332/676 2604/1734/738 2099/1735/1581 2633/1333/1258
f 1510/1036/1046 1540/1035/1045 2620/1126/1102 2629/1125/1102
f 2574/398/564 2607/492/564 2631/1066/564 2603/1736/564
f 2583/1740/605 2600/1739/1583 2642/354/605 2639/884/965
f 1510/447/675 2629/520/737 2604/521/738 1477/448/676
f 1516/393/634 2763/392/633 2764/396/637 2656/490/716
f 2595/1741/1584 2594/1731/1579 2625/471/697 2626/330/581
f 2597/1745/1586 2598/1744/1585 2641/469/695 2640/487/713
f 2596/343/594 2597/1745/1586 2640/487/713 2627/344/595
f 2598/1744/1585 2585/1747/1588 2615/336/587 2641/469/695
f 2580/1757/1591 2579/1756/1590 2638/318/570 2611/340/591
f 2600/1739/1583 2572/1758/605 2606/355/605 2642/354/605
f 2571/1760/1592 2602/1759/1039 2630/351/602 2635/350/601
f 2759/1762/1594 2578/1761/1593 2610/347/598 2760/346/597
f 2594/1731/1579 2736/1730/1578 2738/472/698 2625/471/697
f 2586/1765/1597 2584/1764/1596 2614/332/583 2616/327/578
f 2581/1766/1598 2580/1757/1591 2611/340/591 2612/337/588
f 2588/1768/1600 2587/1767/1599 2617/326/577 2618/265/524
f 2585/1747/1588 2581/1766/1598 2612/337/588 2615/336/587
f 2584/1764/1596 2582/1769/1601 2613/333/584 2614/332/583
f 2589/1770/1602 2595/1741/1584 2626/330/581 2619/323/574
f 2587/1767/1599 2586/1765/1597 2616/327/578 2617/326/577
f 2577/1771/1603 2589/1770/1602 2619/323/574 2637/322/573
f 2579/1756/1590 2583/1772/1604 2639/319/571 2638/318/570
f 2892/1773/564 2893/316/564 2608/310/564 2575/1774/564
f 2572/1775/566 2575/1774/566 2608/310/566 2606/309/566
f 2601/1029/1042 2588/1768/1600 2618/265/524 2643/264/523
f 2635/1787/601 1476/1790/604 2634/1791/1609 1475/1788/1607
f 1494/1158/1088 2054/1305/1235 2038/1304/1234 2330/1466/1357
f 2154/1287/1223 2119/1286/1222 2038/1304/1234 2726/1303/1233
f 2864/1792/540 1495/1793/539 2719/1794/1610 2895/1795/1611
f 2308/1593/1462 2323/1595/1464 2317/1586/1455 2315/1589/1458
f 2320/1557/717 2317/1586/1455 2323/1595/1464 2314/1503/1386
f 1557/892/564 2762/897/564 2644/1796/564 1543/386/619
f 1543/386/619 2644/1796/564 2295/1797/1421 1551/1798/1420
f 2590/402/564 2649/495/564 2645/498/564 1559/403/564
f 2648/898/564 2647/893/564 2651/1799/564 2761/899/564
f 1601/1800/1612 2648/1801/1613 2645/498/1614 1599/497/1612
f 1601/1802/1615 1854/894/968 2647/893/564 2648/898/564
f 1558/1777/564 2646/1782/564 2650/1742/564 2621/1753/564
f 2651/1799/564 2647/893/564 2294/896/970 2293/1803/1396
f 2621/1753/564 2650/1742/564 2649/495/564 2590/402/564
f 2221/1471/1366 2222/1472/743 2207/1265/743 2106/1264/743 2218/1426/1328
f 2644/1796/564 2651/1799/564 2293/1803/1396 2295/1797/1421
f 2761/899/564 2651/1799/564 2644/1796/564 2762/897/564
f 1600/895/969 1854/894/968 2652/1804/1616 2292/1805/1423
f 1599/497/1612 2654/400/651 2656/420/650 1601/1800/1612
f 1854/894/968 1601/1802/1615 2300/1806/1617 2652/1804/1616
f 1601/1802/1615 2656/490/716 2765/1807/1618 2300/1806/1617
f 2599/496/564 2657/397/564 2654/400/564 1599/497/564
f 2314/1808/1386 2659/1809/1619 2655/489/715 2320/499/717
f 1603/1783/564 2653/494/564 2658/493/564 2628/1743/564
f 2659/1809/1619 2765/1807/1618 2656/490/716 2655/489/715
f 2652/1804/1616 2300/1806/1617 2765/1807/1618 2659/1809/1619
f 2292/1805/1423 2652/1804/1616 2659/1809/1619 2314/1808/1386
f 1546/368/751 1626/532/745 2665/531/744 2661/365/752
f 2697/1810/743 2669/1811/744 2665/531/744 2696/530/743
f 1543/1812/1620 1551/1813/1420 2291/1814/1419 2660/1815/1621
f 2671/1816/1444 2668/1817/1622 2662/369/614 2660/373/618
f 2668/1817/1622 2670/1818/615 2666/370/615 2662/369/614
f 2667/1819/613 2672/1820/613 2663/366/613 2661/365/613
f 2674/1726/613 2677/1821/613 2672/1820/613 2667/1819/613
f 2299/1822/1622 2302/1823/615 2670/1818/615 2668/1817/1622
f 2676/1824/1444 2299/1822/1622 2668/1817/1622 2671/1816/1444
f 2698/1556/743 2301/1555/744 2669/1811/744 2697/1810/743
f 2661/365/752 2665/531/744 2669/1811/744 2667/1819/752
f 2660/1815/1621 2291/1814/1419 2258/1825/1399 2671/1826/1426
f 2289/1512/1395 2255/1164/743 2273/1518/743 2296/1537/1418
f 2304/1573/1444 2673/1543/1422 2299/1822/1622 2676/1824/1444
f 2673/1543/1422 2312/1542/615 2302/1823/615 2299/1822/1622
f 2098/542/613 2303/1550/613 2677/1821/613 2674/1726/613
f 2667/1819/752 2669/1811/744 2301/1555/744 2674/1726/752
f 2671/1826/1426 2258/1825/1399 2259/1548/1400 2676/1547/1426
f 2468/1827/1521 1481/1828/622 2680/1829/621 2458/1830/1517
f 2435/1831/1504 2678/1832/1623 2305/1833/1624 2423/1834/1493
f 2458/1830/1517 2680/1829/621 2679/1835/1625 2446/1836/1506
f 2446/1836/1506 2679/1835/1625 2678/1832/1623 2435/1831/1504
f 2423/1834/1493 2305/1833/1624 1544/1837/627 1552/1838/626
f 2678/1832/1623 2679/1835/1625 1544/1837/627 2305/1833/1624
f 2302/1823/615 2695/1839/743 2694/1840/743 2670/1818/615
f 2670/1818/615 2694/1840/743 2693/1841/743 2666/370/615
f 2702/1842/564 2685/1779/564 2692/1750/564 2707/1843/564
f 2707/1843/564 2692/1750/564 2691/407/564 2706/1844/564
f 2312/1542/615 2690/1845/743 2695/1839/743 2302/1823/615
f 1629/536/749 2688/535/748 2690/1845/743 2312/1542/615
f 2699/538/564 2675/1846/564 2689/383/564 2682/889/564
f 1549/890/617 1627/1847/616 2687/1848/1626 2682/889/564
f 2700/375/620 2705/1529/1409 2688/535/748 2683/534/747
f 2666/370/615 2693/1841/743 2687/1849/1626 1627/371/616
f 1556/417/644 2684/1850/1627 2686/408/1628 1563/406/645
f 2706/1844/564 2691/407/564 2686/408/564 2703/415/564
f 2675/1846/564 2701/1851/564 2684/384/564 2689/383/564
f 1548/537/750 1544/1852/627 2679/1853/1625 2683/534/747
f 1856/390/564 1555/389/564 2701/1851/564 2675/1846/564
f 2593/410/564 2706/1844/564 2703/415/564 1565/411/564
f 1547/378/623 1628/544/753 2705/1529/1409 2700/375/620
f 1546/541/564 1856/390/564 2675/1846/564 2699/538/564
f 2624/1749/564 2707/1843/564 2706/1844/564 2593/410/564
f 1564/1781/564 2702/1842/564 2707/1843/564 2624/1749/564
f 2695/1839/743 2698/1556/743 2697/1810/743 2694/1840/743
f 2694/1840/743 2697/1810/743 2696/530/743 2693/1841/743
f 2690/1845/743 2681/1530/743 2698/1556/743 2695/1839/743
f 2688/535/748 2705/1529/1409 2681/1530/743 2690/1845/743
f 2682/889/564 2687/1848/1626 2704/539/746 2699/538/564
f 2693/1841/743 2696/530/743 2704/533/746 2687/1849/1626
f 2684/1850/1627 2701/414/641 2703/415/641 2686/408/1628
f 2683/534/747 2679/1853/1625 2680/376/621 2700/375/620
f 2421/1639/1507 2117/1167/1124 2461/1678/1528 2433/1643/1511
f 2444/1661/1519 2449/1679/1529 2426/1670/1524 2456/1666/1523
f 2426/1670/1524 2449/1679/1529 2461/1678/1528 2117/1167/1124
f 2117/1167/1124 1550/1140/1105 2708/1854/1629 2426/1670/1524
f 2426/1670/1524 2708/1854/1629 2812/1855/1630 2814/1671/1525
f 2708/1854/1629 1550/1140/1105 2020/522/739 2709/1856/1631
f 2812/1855/1630 2708/1854/1629 2709/1856/1631 2710/1857/1632
f 2709/1858/1631 2020/1099/739 2019/1098/686 2711/1859/1633
f 2710/1860/1632 2709/1858/1631 2711/1859/1633 2712/1861/1634
f 2711/1862/1633 2019/460/686 1567/459/685 2713/1863/1635
f 2712/1864/1634 2711/1862/1633 2713/1863/1635 2714/1865/1636
f 2232/1502/743 2228/1501/743 2135/1866/743
f 2228/1501/743 2226/1500/743 2069/1867/743
f 2069/1867/743 2226/1500/743 2112/1868/743 2230/1869/743
f 2230/1869/743 2046/1870/743 2231/1871/743 2137/1872/743
f 2231/1871/743 2116/1873/743 2227/1874/743 2060/1875/743
f 2060/1875/743 2233/1876/743 2137/1872/743 2231/1871/743
f 2137/1872/743 2229/1877/743 2069/1867/743 2230/1869/743
f 2054/1878/1235 2721/1879/1637 2718/1880/1638 2715/1881/1236
f 2895/1795/1611 2719/1794/1610 2716/1882/1639 2894/1883/1640
f 1494/1884/1088 2000/1885/1087 2721/1879/1637 2054/1878/1235
f 2715/1881/1236 2718/1880/1638 2725/1083/1084 2722/1082/1083
f 2894/1883/1640 2716/1882/1639 2723/283/542 2896/282/541
f 2726/1303/1233 2715/1306/1236 2722/1886/1083 2129/1319/1246
f 1496/1147/1086 2101/1146/1110 2129/1319/1246 2722/1886/1083
f 2178/1298/1228 2186/1297/1227 2115/1196/1151 2125/1195/1150
f 2169/1372/1289 2085/1296/1226 2086/1295/1225 2093/1058/1065
f 2727/1057/1064 2728/1887/1143 2169/1372/1289 2093/1058/1065
f 2734/1189/1144 2728/1188/1143 2727/1062/1064 2733/1061/1068
f 2736/1730/1578 2729/479/705 2730/1746/1587 2735/342/593
f 2897/478/704 2734/1189/1144 2733/1061/1068 2898/1763/1595
f 2738/472/698 2736/1730/1578 2735/342/593 2737/345/596
f 2731/473/699 2738/472/698 2737/345/596 2732/476/702
f 2169/1372/1289 2728/1887/1143 1584/1250/1061 2107/1253/1201
f 1532/1888/599 2724/1889/1641 2743/1890/1642 2740/1891/600
f 2724/1889/1641 2717/1892/1643 2741/1893/1644 2743/1890/1642
f 2717/1892/1643 2720/1894/1645 2742/1895/1646 2741/1893/1644
f 2720/1894/1645 1531/1896/576 2739/1897/1647 2742/1895/1646
f 2740/1891/600 2743/1890/1642 2748/1898/1648 2745/1899/1649
f 2743/1890/1642 2741/1893/1644 2746/1900/1650 2748/1898/1648
f 2741/1893/1644 2742/1895/1646 2747/1901/1651 2746/1900/1650
f 2742/1895/1646 2739/1897/1647 2744/1902/1652 2747/1901/1651
f 2582/1769/1601 2759/1762/1594 2760/346/597 2613/333/584
f 1499/288/547 2750/287/546 2759/1762/1594 2582/1769/1601
f 2039/1465/1356 2055/1359/1277 2757/262/521 2756/1410/1318
f 1577/524/1209 2052/1470/1361 2758/1409/1317 2752/434/1427
f 2052/1470/1361 2039/1465/1356 2756/1410/1318 2758/1409/1317
f 2024/1105/666 2023/1104/692 2755/1101/679 2754/1100/663
f 1496/1085/1086 2001/1084/1085 2753/1081/1082 2749/1080/522
f 2023/466/692 1569/465/691 2751/452/680 2755/451/679
f 2022/525/742 1577/524/741 2752/434/664 2754/433/663
f 2613/333/584 2760/346/597 2740/349/600 1533/334/585
f 2865/285/544 1497/284/543 2750/287/546 2899/286/545
f 2055/1359/1277 1496/1147/1086 2749/263/522 2757/262/521
f 2740/349/600 2745/1903/1649 1533/334/585
f 1530/1904/575 2744/1902/1652 2739/1897/1647 1531/1896/576
f 1475/1788/1607 2634/1791/1609 2632/1334/1259 2633/1333/1258
f 2099/1905/1581 2605/1906/1580 2832/1907/1653 2834/1908/1654
f 2216/1909/506 2562/1910/505 2836/1911/1655 2837/1909/1656
f 1475/1912/1607 2633/1913/1258 2835/1914/1657 2830/1915/1658
f 2648/1801/1613 1557/418/647 1559/403/648 2645/498/1614
f 2774/1916/564 2770/1917/1659 2766/1918/1660 2773/1919/1661
f 2658/493/564 2772/1920/564 2769/1921/564
f 2574/398/564 2657/397/564 2766/1755/564 2770/1922/564
f 2607/492/564 2771/1923/564 2768/1924/564
f 2772/1925/1662 2774/1916/564 2773/1919/1661 2769/1926/1663
f 2768/1927/1664 2771/1928/1665 2774/1916/564 2772/1925/1662
f 2771/1928/1665 2767/1929/1666 2770/1917/1659 2774/1916/564
f 2206/1315/743 2060/1489/743 2227/1483/743
f 2771/1923/564 2607/492/564 2574/398/564 2767/1930/564
f 2772/1920/564 2658/493/564 2607/492/564 2768/1924/564
f 2773/1754/564 2657/397/564 2658/493/564 2769/1921/564
f 2770/1922/564 2767/1930/564 2574/398/564
f 2783/1931/564 2779/1932/1659 2775/1933/1660 2782/1934/1661
f 2781/1935/1662 2783/1931/564 2782/1934/1661 2778/1926/1663
f 2777/1936/1664 2780/1928/1665 2783/1931/564 2781/1935/1662
f 2780/1928/1665 2776/1937/1666 2779/1932/1659 2783/1931/564
f 2777/1938/564 2658/493/564 2780/1939/564
f 2776/1940/564 2657/397/564 2779/1941/564
f 2599/496/564 2782/1942/564 2775/1943/564
f 2628/1743/564 2781/1944/564 2778/1945/564
f 2628/1743/564 2658/493/564 2777/1938/564 2781/1944/564
f 2658/493/564 2657/397/564 2776/1940/564 2780/1939/564
f 2657/397/564 2599/496/564 2775/1943/564 2779/1941/564
f 2628/1743/564 2778/1945/564 2782/1942/564 2599/496/564
f 2786/1946/1667 2787/1947/1668 2788/628/801
f 2791/632/805 2792/629/802 2793/1948/1669
f 2795/1949/1670 2796/631/804 2787/1950/1671
f 2798/1951/807 2793/1952/1672 2799/630/803
f 2784/1953/1673 2787/1947/1668 2786/1946/1667 2785/1954/1673
f 2789/633/1674 2791/632/805 2793/1948/1669 2790/1955/1674
f 2792/629/802 2788/628/801 2787/1947/1668 2793/1948/1669
f 2794/1956/1675 2795/1949/1670 2787/1950/1671 2784/1957/1675
f 2790/1958/1676 2793/1952/1672 2798/1951/807 2797/1959/1676
f 2793/1952/1672 2787/1950/1671 2796/631/804 2799/630/803
f 2791/632/805 2798/1951/807 2799/630/803 2792/629/802
f 2795/1949/1670 2786/1946/1667 2788/628/801 2796/631/804
f 2785/1954/1677 2786/1946/1667 2795/1960/1670 2794/1961/1677
f 2829/1962/743 2805/1963/743 2804/1964/743 2828/1965/743
f 2801/1966/743 2800/569/743 2802/1967/743 2803/1968/743
f 1514/560/757 1513/563/1678 2801/1969/1678 2803/1970/758
f 2827/1971/1678 1632/1972/1679 2805/1972/1680 2829/1973/1678
f 1632/570/1679 1633/566/1681 2804/1974/1682 2805/1975/1680
f 1511/550/762 1512/551/756 2802/1967/756 2800/569/762
f 2466/1976/755 2469/1977/755 2813/1978/755 2809/1979/755
f 2712/1980/755 2714/1981/755 2810/1982/755 2467/1983/755
f 1481/1984/755 2468/1985/755 2811/1986/755 2806/1987/755
f 2466/1976/755 2809/1979/755 2811/1986/755 2468/1985/755
f 2467/1983/755 2810/1982/755 2813/1978/755 2469/1977/755
f 1515/1988/629 1857/1989/628 2807/1990/755
f 2663/1991/755 2672/1992/755 2816/1993/755 2815/1994/755
f 2672/1992/755 2677/1995/755 2817/1996/755 2816/1993/755
f 1857/1989/628 1545/1997/966 2807/1990/755
f 1545/1997/966 2663/1991/755 2815/1994/755 2807/1990/755
f 2820/1998/567 2821/1999/567 2469/1977/567 2466/1976/567
f 2814/2000/755 2812/2001/755 2712/1980/755 2467/1983/755
f 2467/1983/755 2469/1977/755 2819/2002/755 2818/2003/755
f 2303/2004/755 1481/1984/755 2806/1987/755 2808/2005/755
f 1521/2006/639 1515/1988/629 2807/1990/755 2573/2007/638
f 2677/1995/755 2303/2004/755 2808/2005/755 2817/1996/755
f 2573/2007/638 2807/1990/755 1524/2008/1605 2636/2009/1589
f 2712/1980/755 2812/2001/755 2710/2010/755
f 2823/2011/755 2822/2012/755 2466/1976/755 2468/1985/755
f 1513/563/1678 2827/1971/1678 2829/1973/1678 2801/1969/1678
f 2801/1966/743 2829/1962/743 2828/1965/743 2800/569/743
f 1633/566/1681 2824/565/761 2828/565/763 2804/1974/1682
f 1511/550/1683 2824/565/759 2825/568/759 1636/548/1683
f 1637/2013/755 2826/556/755 2827/559/755 1513/2014/755
f 1636/548/754 2825/552/754 2826/555/754 1637/549/754
f 2830/2015/1658 2835/2016/1657 2834/2017/1654 2831/2018/1684
f 2832/2019/1653 2836/2020/1655 2831/2018/1684 2834/2017/1654
f 2832/2019/1653 2833/2021/1685 2837/2022/1656 2836/2020/1655
f 2561/564/1408 2216/564/506 2837/564/1656 2833/564/1685
f 2182/2023/1608 1475/1912/1607 2830/1915/1658 2831/2024/1684
f 2605/1906/1580 2561/2025/1408 2833/2026/1685 2832/1907/1653
f 2562/1910/505 2182/2023/1608 2831/2024/1684 2836/1911/1655
f 2633/1913/1258 2099/1905/1581 2834/1908/1654 2835/1914/1657
f 2841/1115/1098 2842/947/982 2843/943/977 2840/1116/980
f 2845/946/981 2838/2027/743 2839/938/743 2844/937/972
f 2842/947/982 2845/946/981 2844/937/972 2843/943/977
f 2838/1119/1099 2841/1118/1098 2840/945/980 2839/944/979
f 2849/960/994 2850/959/993 2851/967/1002 2848/1120/1100
f 2853/963/997 2846/1122/743 2847/1117/743 2852/965/1000
f 2850/959/993 2853/963/997 2852/965/1000 2851/967/1002
f 2846/964/998 2849/960/994 2848/1120/1100 2847/1121/1101
f 2838/2027/743 2845/946/981 1931/948/983 1933/950/743
f 2940/2028/1686 2925/2029/1687 2858/2030/1688 2915/2031/1689
f 2939/2032/1690 2924/2033/1691 2857/2034/1692 2914/2035/1693
f 2938/2036/1694 2920/2037/1695 2857/2038/1696 2924/2039/1697
f 2937/2040/1698 2919/2041/1699 2858/2042/1700 2914/2043/1701
f 2936/2044/1702 2921/2045/1703 2854/2046/1704 2910/2047/1705
f 2935/2048/1706 2917/2049/1707 2856/2050/1708 2916/2051/1709
f 2934/2052/1710 2927/2053/1711 2902/2054/1712 2926/2055/1713
f 2933/2056/1714 2928/2057/1715 2900/2058/1716 2912/2059/1717
f 2932/2060/1718 2912/2061/1719 2900/2062/1720 2929/2063/1721
f 2931/2064/1722 2913/2065/1723 2901/2066/1724 2930/2067/1725
f 2001/1084/1085 2865/285/544 2899/286/545 2753/1081/1082
f 2729/479/705 2897/478/704 2898/1763/1595 2730/1746/1587
f 2718/1880/1638 2894/1883/1640 2896/282/541 2725/1083/1084
f 2721/1879/1637 2895/1795/1611 2894/1883/1640 2718/1880/1638
f 2000/1885/1087 2864/1792/540 2895/1795/1611 2721/1879/1637
f 2603/1736/564 2631/1066/564 2893/316/564 2892/1773/564
f 2009/1067/564 2603/1736/564 2892/1773/564 2884/313/564
f 2013/1052/1059 2874/485/711 2898/1763/1595 2733/1061/1068
f 1480/1015/504 2324/2068/503 2909/2069/1726 2879/1012/1031
f 1574/1134/755 1508/1133/755 2889/1136/755 2871/1135/755
f 2017/1040/1049 2007/1039/1048 2882/1016/1034 2876/1032/1032
f 2007/1039/1048 2018/1042/1051 2888/302/561 2882/1016/1034
f 1985/1455/1044 2017/2070/1049 2876/1013/1032 2879/1012/1031
f 1997/1044/564 2016/1043/564 2887/305/564 2881/886/564
f 1998/1046/1053 2862/277/536 2875/481/707 2015/1047/1054
f 2013/1052/1059 2014/1051/1058 2886/484/710 2874/485/711
f 2012/1056/1063 2011/1055/1062 2872/477/703 2873/467/693
f 2015/1047/1054 2875/481/707 2886/484/710 2014/1051/1058
f 2011/1055/1062 2734/1189/1144 2897/478/704 2872/477/703
f 2012/1056/1063 2873/467/693 2863/278/537 1999/1063/1069
f 1620/1128/1104 1991/1127/1103 2889/422/653 2877/421/653
f 1993/2071/609 2878/299/558 2877/364/612 1982/2072/606
f 2631/1066/564 2010/1065/564 2885/317/564 2893/316/564
f 2008/1068/1071 2009/1067/1071 2884/313/568 2883/312/568
f 2016/1043/564 2008/1069/564 2883/306/564 2887/305/564
f 2006/1071/1073 2870/297/556 2888/302/561 2018/1042/1051
f 2111/2073/1406 1479/362/610 2905/2074/1727
f 2005/1073/1075 2869/295/554 2870/297/556 2006/1071/1073
f 2004/1075/1077 2868/293/552 2869/295/554 2005/1073/1075
f 2003/1077/1079 2867/291/550 2868/293/552 2004/1075/1077
f 2002/1079/1081 2866/289/548 2867/291/550 2003/1077/1079
f 2753/1081/1082 2899/286/545 2866/289/548 2002/1079/1081
f 2725/1083/1084 2896/282/541 2865/285/544 2001/1084/1085
f 1999/1063/1069 2863/278/537 2864/281/540 2000/1086/1087
f 1996/1089/1090 2861/273/532 2862/277/536 1998/1046/1053
f 1997/1091/1092 2881/274/533 2880/268/527 1994/1092/1093
f 1995/1095/1096 2860/271/530 2861/273/532 1996/1089/1090
f 1994/1092/1093 2880/268/527 2860/271/530 1995/1095/1096
f 2916/2075/1728 2931/2064/1722 2930/2067/1725 2902/2076/1729
f 2856/2077/1730 2911/2078/1731 2931/2064/1722 2916/2075/1728
f 2911/2078/1731 2855/2079/1732 2913/2065/1723 2931/2064/1722
f 2913/2065/1723 2932/2060/1718 2929/2063/1721 2901/2066/1724
f 2855/2079/1732 2910/2080/1733 2932/2060/1718 2913/2065/1723
f 2910/2080/1733 2854/2081/1734 2912/2061/1719 2932/2060/1718
f 2921/2045/1703 2933/2056/1714 2912/2059/1717 2854/2046/1704
f 2111/2082/1735 2905/2083/1736 2933/2056/1714 2921/2045/1703
f 2905/2083/1736 2890/2084/1737 2928/2057/1715 2933/2056/1714
f 2918/1491/1377 2934/2052/1710 2926/2055/1713 2859/1492/1378
f 2568/2085/1738 2923/2086/1739 2934/2052/1710 2918/1491/1377
f 2923/2086/1739 2891/2087/1740 2927/2053/1711 2934/2052/1710
f 2927/2053/1711 2935/2048/1706 2916/2051/1709 2902/2054/1712
f 2891/2087/1740 2909/2088/1741 2935/2048/1706 2927/2053/1711
f 2909/2088/1741 2324/2089/1742 2917/2049/1707 2935/2048/1706
f 2906/1552/1429 2936/2044/1702 2910/2047/1705 2855/1553/1430
f 2219/2090/1743 2903/2091/1744 2936/2044/1702 2906/1552/1429
f 2903/2091/1744 2111/2082/1735 2921/2045/1703 2936/2044/1702
f 2920/2037/1695 2937/2040/1698 2914/2043/1701 2857/2038/1696
f 2246/2092/1745 2907/2093/1746 2937/2040/1698 2920/2037/1695
f 2907/2093/1746 2062/2094/1747 2919/2041/1699 2937/2040/1698
f 2928/2057/1715 2938/2036/1694 2924/2039/1697 2900/2058/1716
f 2890/2084/1737 2922/2095/1748 2938/2036/1694 2928/2057/1715
f 2922/2095/1748 2246/2092/1745 2920/2037/1695 2938/2036/1694
f 2925/2029/1687 2939/2032/1690 2914/2035/1693 2858/2030/1688
f 2901/2066/1724 2929/2063/1721 2939/2032/1690 2925/2029/1687
f 2929/2063/1721 2900/2062/1720 2924/2033/1691 2939/2032/1690
f 2926/2096/1749 2940/2028/1686 2915/2031/1689 2859/2097/1750
f 2902/2076/1729 2930/2067/1725 2940/2028/1686 2926/2096/1749
f 2930/2067/1725 2901/2066/1724 2925/2029/1687 2940/2028/1686
f 2917/2049/1707 2941/1551/1428 2911/1554/1431 2856/2050/1708
f 2324/2089/1742 2904/2098/1751 2941/1551/1428 2917/2049/1707
f 2904/2098/1751 2219/2090/1743 2906/1552/1429 2941/1551/1428
f 2919/2041/1699 2942/1490/1376 2915/1493/1379 2858/2042/1700
f 2062/2094/1747 2908/2099/1752 2942/1490/1376 2919/2041/1699
f 2908/2099/1752 2568/2085/1738 2918/1491/1377 2942/1490/1376
f 2879/1012/1031 2909/2069/1726 2891/2100/1753
f 2923/1453/1350 2879/1012/1031 2891/2100/1753
f 2908/1468/1359 2569/1018/1036 2568/1030/1043
f 2907/1478/1368 2267/1418/1323 2037/1421/1324 2062/1467/1358
f 2922/300/559 2878/299/558 1993/2071/609 2246/2101/1367
f 2905/2074/1727 1479/362/610 2878/299/558 2890/298/557
f 2306/1498/1385 2903/1527/1407 2219/1496/1383
f 2216/247/506 2904/1497/1384 2324/244/503
f 3721/244/1754 3613/247/1755 3959/246/1756 2946/245/1757
f 3960/248/1758 3961/251/1759 2966/250/1760 2964/249/1761
f 3961/251/1759 3962/253/1762 2968/252/1763 2966/250/1760
f 3962/253/1762 3963/255/1764 2970/254/1765 2968/252/1763
f 3649/256/1766 3593/259/1767 3592/258/1768 3647/257/1769
f 3963/255/1764 3964/261/1770 2972/260/1771 2970/254/1765
f 4138/262/1772 3960/248/1758 2964/249/1761 4131/263/1773
f 4038/264/1774 1988/267/526 1537/266/525 4015/265/1775
f 4244/268/1776 4225/271/1777 2955/270/1778 2948/269/1779
f 4225/271/1777 4226/273/1780 2951/272/1781 2955/270/1778
f 4245/274/1782 4244/268/1776 2948/269/1779 2953/275/1783
f 4226/273/1780 4227/277/1784 2957/276/1785 2951/272/1781
f 4228/278/1786 4229/281/1787 2961/280/1788 2959/279/1789
f 4259/282/1790 4230/285/1791 2963/284/1792 4112/283/1793
f 4262/286/1794 4231/289/1795 2965/288/1796 4132/287/1797
f 4231/289/1795 4232/291/1798 2967/290/1799 2965/288/1796
f 4232/291/1798 4233/293/1800 2969/292/1801 2967/290/1799
f 4233/293/1800 4234/295/1802 2971/294/1803 2969/292/1801
f 4234/295/1802 4235/297/1804 2973/296/1805 2971/294/1803
f 4253/298/1806 4285/300/1807 4242/299/1808
f 4235/297/1804 4251/302/1809 3388/301/1810 2973/296/1805
f 3964/261/1770 3967/304/1811 3385/303/1812 2972/260/1771
f 4250/305/564 3255/308/564 2982/307/1813 4247/306/564
f 4003/309/1814 1518/311/567 1522/311/567 4005/310/1814
f 4247/312/1815 2982/315/1816 2983/314/1816 4248/313/1815
f 4256/316/564 4005/310/564 1522/311/564 2885/317/564
f 4033/318/1817 1525/321/572 1527/320/567 4034/319/1818
f 4032/322/1819 2986/325/1820 1530/324/575 4016/323/1821
f 4014/326/1822 1536/329/580 1535/328/579 4013/327/1823
f 4016/323/1821 1530/324/575 1589/331/582 4023/330/1824
f 4011/332/1825 1534/335/586 1533/334/585 4010/333/1826
f 4012/336/1827 1529/339/590 1526/338/589 4009/337/1828
f 4015/265/1775 1537/266/525 1536/329/580 4014/326/1822
f 4009/337/1828 1526/338/589 1528/341/592 4008/340/1829
f 4013/327/1823 1535/328/579 1534/335/586 4011/332/1825
f 4122/342/1830 4124/345/1831 4024/344/1832 3993/343/1833
f 4141/346/1834 4127/349/1835 2987/348/1836 4007/347/1837
f 4030/350/1838 1476/353/604 1989/352/603 4027/351/1839
f 4037/354/1840 1852/357/564 1518/356/564 4003/355/1840
f 3383/358/1841 3391/361/1842 2991/360/1843 2988/359/1844
f 4242/299/1808 4241/364/1845 3043/363/1846 2945/362/1847
f 4008/340/1829 1528/341/592 1525/321/572 4033/318/1817
f 4054/365/1848 2996/368/1848 2995/367/1848 4056/366/1848
f 4055/369/1849 2999/372/1850 3047/371/1851 4059/370/1852
f 4053/373/1853 2993/374/1854 2999/372/1850 4055/369/1849
f 4092/375/1855 2997/378/1856 2947/377/1857 4073/376/1858
f 3701/379/1859 2994/382/1860 3002/381/1861 3654/380/1862
f 4081/383/564 2993/386/1854 3006/385/564 4077/384/564
f 3260/387/1863 3259/390/1864 3005/389/1865 2980/388/1866
f 3256/391/1867 3254/394/1868 2981/393/1869 4144/392/1870
f 3258/395/1871 3256/391/1867 4144/392/1870 4145/396/1872
f 4050/397/564 4047/400/564 2984/399/564 3971/398/564
f 3988/401/564 3009/404/564 3008/403/564 3987/402/564
f 3989/405/564 3010/406/564 3009/404/564 3988/401/564
f 4083/407/564 4078/408/564 3010/406/564 3989/405/564
f 3970/409/1873 2985/412/1874 3011/411/564 3990/410/564
f 2985/412/1874 2980/412/1866 3005/413/1875 3011/411/1875
f 4093/414/1876 4094/415/1876 3011/411/1877 3005/413/1877
f 3004/416/1878 3009/404/1879 3010/406/1880 3006/417/1881
f 3007/418/1882 3008/403/1882 3009/404/1879 3004/416/1878
f 2981/419/1883 2984/399/1883 4047/400/1884 4049/420/1885
f 4241/421/1886 3383/424/1887 2974/423/1887 4252/422/1886
f 3432/425/1888 3428/428/1889 1573/427/657 1575/426/1890
f 3425/429/1891 3427/432/1892 3017/431/1893 3016/430/1894
f 4135/433/1895 3421/436/1896 3014/435/1897 4133/434/1898
f 2988/437/1899 3384/440/1900 3433/439/1900 2989/438/1899
f 3427/432/1892 3429/442/1901 3018/441/1902 3017/431/1893
f 3421/436/1896 3423/444/1903 3015/443/1904 3014/435/1897
f 3429/442/1901 3384/446/1905 3390/445/1906 3018/441/1902
f 3423/444/1903 3425/429/1891 3016/430/1894 3015/443/1904
f 2975/447/1907 1621/450/678 1478/449/677 2944/448/1908
f 4136/451/1909 3418/454/1910 1568/453/681 2751/452/680
f 3428/455/1889 3426/458/1911 1572/457/683 1573/456/657
f 3418/454/1910 3416/460/1912 1567/459/685 1568/453/681
f 3426/458/1911 3424/462/1913 1571/461/687 1572/457/683
f 3424/462/1913 3422/464/1914 1570/463/689 1571/461/687
f 3422/464/1914 3420/466/1915 1569/465/691 1570/463/689
f 4237/467/1916 4228/278/1786 2959/279/1789 3023/468/1917
f 4036/469/1918 1598/470/696 1529/339/590 4012/336/1827
f 4022/471/1919 1586/474/700 2731/473/699 4125/472/1920
f 4124/345/1831 2732/476/702 1595/475/701 4024/344/1832
f 4236/477/1921 3021/480/1922 4118/479/1923 4260/478/1924
f 4239/481/1925 4249/484/1926 3027/483/1927 3029/482/1928
f 4237/467/1916 3023/468/1917 3021/480/1922 4236/477/1921
f 4238/485/1929 3026/486/1930 3027/483/1927 4249/484/1926
f 4024/344/1832 1595/475/701 1594/488/714 4035/487/1931
f 4048/489/1932 3258/395/1871 4145/396/1872 4049/490/1933
f 1523/491/564 2653/494/564 4051/493/564 4004/492/564
f 4227/277/1784 4239/481/1925 3029/482/1928 2957/276/1785
f 4035/487/1931 1594/488/714 1598/470/696 4036/469/1918
f 4043/495/564 4040/498/564 3030/497/564 3996/496/564
f 3717/499/1934 3033/500/1935 3258/395/1871 4048/489/1932
f 4023/330/1824 1589/331/582 1586/474/700 4022/471/1919
f 3040/501/1936 1617/504/722 1606/503/721 3034/502/1937
f 3034/502/1937 3039/506/1938 3042/505/1939 3040/501/1936
f 3038/507/1940 3037/510/1941 1611/509/727 1612/508/726
f 3042/505/1939 3041/513/1942 3037/512/1941 3038/511/1940
f 1615/514/730 1610/516/733 3036/515/1943 3039/506/1944
f 1606/503/721 1615/514/730 3039/506/1944 3034/502/1937
f 3040/501/1936 3042/505/1939 3038/511/1940 3035/517/1945
f 3035/517/1945 3038/507/1940 1612/508/726 1607/518/735
f 3039/506/1938 3036/519/1946 3041/513/1942 3042/505/1939
f 3035/517/1945 1607/518/735 1617/504/722 3040/501/1936
f 4026/520/1947 4001/521/1948 2945/362/1847 3043/363/1846
f 3417/522/1949 3419/525/1950 3013/524/1951 3012/523/1952
f 1624/526/564 3045/529/564 3044/528/564 1625/527/564
f 4088/530/754 4095/533/1953 3046/532/1954 4058/531/1955
f 4076/534/1956 2998/537/1957 3049/536/1958 4080/535/1959
f 4091/538/564 2996/541/1960 3046/540/1954 4095/539/1953
f 3495/542/1961 2997/545/1856 3048/544/1962 4057/543/1955
f 3055/546/743 3057/549/743 3056/548/743 3054/547/743
f 2976/550/567 2977/551/567 3054/547/567 3056/548/567
f 4190/552/743 4191/555/743 3050/554/743 3051/553/743
f 4191/556/755 4192/559/755 3052/558/755 3050/557/755
f 2979/560/755 2978/563/755 3057/562/755 3055/561/755
f 2977/564/1963 4177/564/1964 4178/564/1965 2979/564/1965
f 4189/565/759 4190/568/759 3051/567/1966 3053/566/1966
f 4189/565/1967 4193/565/1968 4175/569/1969 2976/550/1970
f 3052/570/564 3053/566/1966 3051/567/1966 3050/571/564
f 3058/572/567 3059/575/567 1639/574/567 1638/573/567
f 3060/576/755 1642/579/755 1644/578/755 3061/577/755
f 3058/572/1971 3060/576/1971 3061/577/1972 3059/575/1972
f 3059/575/1972 3061/577/1972 1644/580/766 1639/574/766
f 1638/573/767 1642/581/767 3060/576/1971 3058/572/1971
f 3062/582/567 3063/585/567 1647/584/567 1646/583/567
f 3064/586/755 1650/589/755 1652/588/755 3065/587/755
f 3062/582/1971 3064/586/1971 3065/587/1972 3063/585/1972
f 3063/585/1972 3065/587/1972 1652/590/766 1647/584/766
f 1646/583/767 1650/591/767 3064/586/1971 3062/582/1971
f 3066/592/768 3070/595/768 3071/594/768 3067/593/768
f 3067/593/768 3071/594/768 3072/597/768 3068/596/768
f 3068/596/768 3072/597/768 3073/599/768 3069/598/768
f 3069/598/768 3073/599/768 3074/601/768 1658/600/768
f 1658/600/768 3074/601/768 3075/603/768 1659/602/768
f 3070/595/768 3076/605/768 3077/604/768 3071/594/768
f 3071/594/768 3077/604/768 3078/606/768 3072/597/768
f 3072/597/768 3078/606/768 3079/607/768 3073/599/768
f 3073/599/768 3079/607/768 3080/608/768 3074/601/768
f 3074/601/768 3080/608/768 3081/609/768 3075/603/768
f 3082/610/1973 3083/613/1974 3087/612/771 3086/611/1975
f 3083/613/1974 3084/615/1976 3088/614/1977 3087/612/771
f 3084/615/1976 3085/617/1978 3089/616/1979 3088/614/1977
f 3085/617/1978 1676/619/778 3090/618/1980 3089/616/1979
f 1676/619/778 1677/621/780 3091/620/1981 3090/618/1980
f 3086/611/1975 3087/612/771 3093/623/1982 3092/622/1983
f 3087/612/771 3088/614/1977 3094/624/1984 3093/623/1982
f 3088/614/1977 3089/616/1979 3095/625/1985 3094/624/1984
f 3089/616/1979 3090/618/1980 3096/626/1986 3095/625/1985
f 3090/618/1980 3091/620/1981 3097/627/1987 3096/626/1986
f 1659/602/787 3075/603/1988 3091/620/1981 1677/621/780
f 3079/607/1989 3078/606/1990 3094/624/1984 3095/625/1985
f 3066/592/1991 3067/593/1992 3083/613/1974 3082/610/1973
f 3067/593/1992 3068/596/1993 3084/615/1976 3083/613/1974
f 3076/605/1994 3070/595/1995 3086/611/1975 3092/622/1983
f 3080/608/1996 3079/607/1989 3095/625/1985 3096/626/1986
f 3068/596/1993 3069/598/1997 3085/617/1978 3084/615/1976
f 3075/603/1988 3081/609/1998 3097/627/1987 3091/620/1981
f 3069/598/1997 1658/600/799 1676/619/778 3085/617/1978
f 3077/604/1999 3076/605/1994 3092/622/1983 3093/623/1982
f 3081/609/1998 3080/608/1996 3096/626/1986 3097/627/1987
f 3070/595/1995 3066/592/1991 3082/610/1973 3086/611/1975
f 3078/606/1990 3077/604/1999 3093/623/1982 3094/624/1984
f 4167/628/2000 4172/631/2001 4174/630/2002 4169/629/2003
f 4168/632/2004 4173/635/2005 2797/634/806 2789/633/806
f 3098/636/827 3100/639/2006 3101/638/824 3099/637/826
f 3100/639/2006 3102/641/823 3103/640/822 3101/638/824
f 3102/641/823 3104/643/821 3105/642/820 3103/640/822
f 3104/643/821 3106/645/819 3107/644/818 3105/642/820
f 3106/645/819 3108/647/817 3109/646/816 3107/644/818
f 3108/647/817 3110/649/815 3111/648/814 3109/646/816
f 3110/649/815 3112/651/813 3113/650/812 3111/648/814
f 3112/651/813 3114/653/811 3115/652/810 3113/650/812
f 3114/653/811 3116/655/2007 3117/654/809 3115/652/810
f 3116/655/2007 3118/657/843 3119/656/842 3117/654/809
f 3118/657/843 3120/659/841 3121/658/840 3119/656/842
f 3120/659/841 3122/661/839 3123/660/838 3121/658/840
f 3122/661/839 3124/663/837 3125/662/836 3123/660/838
f 3124/663/837 3126/665/835 3127/664/834 3125/662/836
f 3126/665/835 3128/667/833 3129/666/832 3127/664/834
f 3128/667/833 3130/669/831 3131/668/830 3129/666/832
f 3130/669/831 3132/671/829 3133/670/828 3131/668/830
f 3132/671/829 3098/673/827 3099/672/826 3133/670/828
f 3125/674/836 3161/677/2008 3159/676/868 3123/675/838
f 3114/678/811 3150/681/858 3152/680/848 3116/679/2007
f 3132/682/829 3168/685/863 3134/684/846 3098/683/827
f 3117/686/809 3153/689/2009 3151/688/2010 3115/687/810
f 3099/690/826 3135/693/2011 3169/692/864 3133/691/828
f 3106/694/819 3142/697/854 3144/696/855 3108/695/817
f 3124/698/837 3160/701/856 3162/700/857 3126/699/835
f 3098/683/827 3134/684/846 3136/703/847 3100/702/2006
f 3109/704/816 3145/707/859 3143/706/2012 3107/705/818
f 3127/708/834 3163/709/2013 3161/677/2008 3125/674/836
f 3101/710/824 3137/711/2014 3135/693/2011 3099/690/826
f 3116/679/2007 3152/680/848 3154/713/849 3118/712/843
f 3119/714/842 3155/715/852 3153/689/2009 3117/686/809
f 3108/716/817 3144/719/855 3146/718/2015 3110/717/815
f 3126/699/835 3162/700/857 3164/721/2016 3128/720/833
f 3111/722/814 3147/725/2017 3145/724/859 3109/723/816
f 3129/726/832 3165/727/844 3163/709/2013 3127/708/834
f 3100/702/2006 3136/703/847 3138/729/2018 3102/728/823
f 3118/712/843 3154/713/849 3156/731/2019 3120/730/841
f 3103/732/822 3139/733/2020 3137/711/2014 3101/710/824
f 3121/734/840 3157/735/2021 3155/715/852 3119/714/842
f 3110/717/815 3146/718/2015 3148/737/2022 3112/736/813
f 3128/720/833 3164/721/2016 3166/739/2023 3130/738/831
f 3113/740/812 3149/741/2024 3147/725/2017 3111/722/814
f 3131/742/830 3167/743/2025 3165/727/844 3129/726/832
f 3102/728/823 3138/729/2018 3140/745/2026 3104/744/821
f 3120/730/841 3156/731/2019 3158/747/2027 3122/746/839
f 3105/748/820 3141/749/2028 3139/733/2020 3103/732/822
f 3123/675/838 3159/676/868 3157/735/2021 3121/734/840
f 3112/736/813 3148/737/2022 3150/681/858 3114/678/811
f 3130/738/831 3166/739/2023 3168/685/863 3132/682/829
f 3115/687/810 3151/688/2010 3149/741/2024 3113/740/812
f 3133/691/828 3169/692/864 3167/743/2025 3131/742/830
f 3104/744/821 3140/745/2026 3142/697/854 3106/694/819
f 3122/746/839 3158/747/2027 3160/701/856 3124/698/837
f 3107/705/818 3143/706/2012 3141/749/2028 3105/748/820
f 3134/750/846 3168/767/863 3166/766/2023 3164/765/2016 3162/764/857 3160/763/856 3158/762/2027 3156/761/2019 3154/760/849 3152/759/848 3150/758/858 3148/757/2022 3146/756/2015 3144/755/855 3142/754/854 3140/753/2026 3138/752/2018 3136/751/847
f 3137/768/2014 3139/785/2020 3141/784/2028 3143/783/2012 3145/782/859 3147/781/2017 3149/780/2024 3151/779/2010 3153/778/2009 3155/777/852 3157/776/2021 3159/775/868 3161/774/2008 3163/773/2013 3165/772/844 3167/771/2025 3169/770/864 3135/769/2011
f 3186/786/2029 3204/789/895 3205/788/2030 3187/787/2031
f 3179/790/892 3197/793/893 3198/792/2032 3180/791/2033
f 3172/794/2034 3190/797/2035 3191/796/2036 3173/795/904
f 3187/787/2031 3205/788/2030 3188/799/887 3170/798/884
f 3180/791/2033 3198/792/2032 3199/801/2037 3181/800/880
f 3173/795/904 3191/796/2036 3192/803/901 3174/802/900
f 3181/800/880 3199/801/2037 3200/805/2038 3182/804/910
f 3174/802/900 3192/803/901 3193/807/897 3175/806/896
f 3182/804/910 3200/805/2038 3201/809/907 3183/808/906
f 3175/810/896 3193/813/897 3194/812/890 3176/811/889
f 3183/808/906 3201/809/907 3202/815/903 3184/814/902
f 3176/811/889 3194/812/890 3195/817/2039 3177/816/2040
f 3184/814/902 3202/815/903 3203/819/899 3185/818/898
f 3177/816/2040 3195/817/2039 3196/821/2041 3178/820/2042
f 3170/798/884 3188/799/887 3189/823/2043 3171/822/912
f 3185/818/898 3203/819/899 3204/789/895 3186/786/2029
f 3178/820/2042 3196/821/2041 3197/793/893 3179/790/892
f 3171/822/912 3189/823/2043 3190/797/2035 3172/794/2034
f 3203/819/899 3202/815/903 3238/825/950 3239/824/947
f 3190/797/2035 3189/823/2043 3224/827/935 3226/826/933
f 3176/811/889 3177/816/2040 3213/829/943 3212/828/946
f 3204/789/895 3203/819/899 3239/824/947 3240/830/944
f 3191/796/2036 3190/797/2035 3226/826/933 3227/831/931
f 3177/816/2040 3178/820/2042 3214/832/940 3213/829/943
f 3205/788/2030 3204/789/895 3240/830/944 3241/833/941
f 3192/803/901 3191/796/2036 3227/831/931 3228/834/929
f 3178/820/2042 3179/790/892 3215/835/939 3214/832/940
f 3188/799/887 3205/788/2030 3241/833/941 3225/836/937
f 3193/807/897 3192/803/901 3228/834/929 3229/837/926
f 3179/790/892 3180/791/2033 3216/838/948 3215/835/939
f 3194/812/890 3193/813/897 3229/840/926 3230/839/923
f 3180/791/2033 3181/800/880 3217/841/945 3216/838/948
f 3195/817/2039 3194/812/890 3230/839/923 3231/842/918
f 3181/800/880 3182/804/910 3218/843/942 3217/841/945
f 3196/821/2041 3195/817/2039 3231/842/918 3232/844/919
f 3182/804/910 3183/808/906 3219/845/938 3218/843/942
f 3197/793/893 3196/821/2041 3232/844/919 3233/846/928
f 3183/808/906 3184/814/902 3220/847/936 3219/845/938
f 3170/798/884 3171/822/912 3206/849/924 3207/848/927
f 3198/792/2032 3197/793/893 3233/846/928 3234/850/925
f 3184/814/902 3185/818/898 3221/851/934 3220/847/936
f 3171/822/912 3172/794/2034 3208/852/921 3206/849/924
f 3199/801/2037 3198/792/2032 3234/850/925 3235/853/922
f 3185/818/898 3186/786/2029 3222/854/932 3221/851/934
f 3172/794/2034 3173/795/904 3209/855/920 3208/852/921
f 3200/805/2038 3199/801/2037 3235/853/922 3236/856/916
f 3186/786/2029 3187/787/2031 3223/857/930 3222/854/932
f 3173/795/904 3174/802/900 3210/858/951 3209/855/920
f 3201/809/907 3200/805/2038 3236/856/916 3237/859/917
f 3187/787/2031 3170/798/884 3207/848/927 3223/857/930
f 3174/802/900 3175/806/896 3211/860/949 3210/858/951
f 3202/815/903 3201/809/907 3237/859/917 3238/825/950
f 3189/823/2043 3188/799/887 3225/836/937 3224/827/935
f 3175/810/896 3176/811/889 3212/828/946 3211/861/949
f 3242/862/567 3243/865/567 1835/864/567 1834/863/567
f 3244/866/755 1838/869/755 1840/868/755 3245/867/755
f 3242/862/2044 3244/866/2045 3245/867/2046 3243/865/2046
f 3243/865/2046 3245/867/2046 1840/870/766 1835/864/766
f 1834/863/767 1838/871/767 3244/866/2045 3242/862/2044
f 3248/872/955 3249/875/2047 3247/874/2048 3246/873/955
f 3251/876/958 3250/879/958 3252/878/958 3253/877/958
f 3247/874/2048 3252/878/2049 3250/879/2050 3246/873/961
f 3246/873/961 3250/879/2050 3251/880/2051 3248/872/959
f 3248/872/959 3251/880/2051 3253/881/754 3249/875/2047
f 3033/500/1935 3003/882/2052 3256/391/1867 3258/395/1871
f 3003/882/2052 2952/883/2053 3254/394/1868 3256/391/1867
f 4034/884/2054 1527/885/564 1852/357/564 4037/354/1840
f 4245/886/564 2953/887/564 3255/308/564 4250/305/564
f 2995/888/2055 2996/541/2056 3259/390/1864 3260/387/1863
f 4075/889/564 2999/890/1850 2993/386/1854 4081/383/564
f 3006/385/564 2993/386/1854 3007/892/564 3004/891/564
f 4041/893/564 3691/896/2057 3031/895/2058 3257/894/2059
f 4143/897/564 4142/899/564 4042/898/564 3007/892/564
f 3277/786/2029 3295/789/895 3296/788/2030 3278/900/2031
f 3270/901/892 3288/793/893 3289/902/2032 3271/791/2033
f 3263/903/2034 3281/797/2035 3282/796/2036 3264/795/904
f 3278/900/2031 3296/788/2030 3279/905/887 3261/904/884
f 3271/791/2033 3289/902/2032 3290/801/2037 3272/800/880
f 3264/795/904 3282/796/2036 3283/803/901 3265/906/900
f 3272/800/880 3290/801/2037 3291/805/2038 3273/907/910
f 3265/906/900 3283/803/901 3284/807/897 3266/806/896
f 3273/907/910 3291/805/2038 3292/909/907 3274/908/906
f 3266/810/896 3284/813/897 3285/812/890 3267/910/889
f 3274/908/906 3292/909/907 3293/815/903 3275/814/902
f 3267/910/889 3285/812/890 3286/912/2039 3268/911/2040
f 3275/814/902 3293/815/903 3294/819/899 3276/913/898
f 3268/911/2040 3286/912/2039 3287/821/2041 3269/820/914
f 3261/904/884 3279/905/887 3280/823/2043 3262/914/912
f 3276/913/898 3294/819/899 3295/789/895 3277/786/2029
f 3269/820/914 3287/821/2041 3288/793/893 3270/901/892
f 3262/914/912 3280/823/2043 3281/797/2035 3263/903/2034
f 3294/819/899 3293/815/903 3329/916/950 3330/915/947
f 3281/797/2035 3280/823/2043 3315/827/935 3317/917/933
f 3267/910/889 3268/911/2040 3304/829/943 3303/918/946
f 3295/789/895 3294/819/899 3330/915/947 3331/830/944
f 3282/796/2036 3281/797/2035 3317/917/933 3318/919/931
f 3268/911/2040 3269/820/914 3305/832/940 3304/829/943
f 3296/788/2030 3295/789/895 3331/830/944 3332/833/941
f 3283/803/901 3282/796/2036 3318/919/931 3319/920/929
f 3269/820/914 3270/901/892 3306/921/939 3305/832/940
f 3279/905/887 3296/788/2030 3332/833/941 3316/836/937
f 3284/807/897 3283/803/901 3319/920/929 3320/922/926
f 3270/901/892 3271/791/2033 3307/838/948 3306/921/939
f 3285/812/890 3284/813/897 3320/924/926 3321/923/923
f 3271/791/2033 3272/800/880 3308/925/945 3307/838/948
f 3286/912/2039 3285/812/890 3321/923/923 3322/842/918
f 3272/800/880 3273/907/910 3309/926/942 3308/925/945
f 3287/821/2041 3286/912/2039 3322/842/918 3323/844/919
f 3273/907/910 3274/908/906 3310/845/938 3309/926/942
f 3288/793/893 3287/821/2041 3323/844/919 3324/927/928
f 3274/908/906 3275/814/902 3311/928/936 3310/845/938
f 3261/904/884 3262/914/912 3297/849/924 3298/929/927
f 3289/902/2032 3288/793/893 3324/927/928 3325/850/925
f 3275/814/902 3276/913/898 3312/930/934 3311/928/936
f 3262/914/912 3263/903/2034 3299/931/921 3297/849/924
f 3290/801/2037 3289/902/2032 3325/850/925 3326/853/922
f 3276/913/898 3277/786/2029 3313/932/932 3312/930/934
f 3263/903/2034 3264/795/904 3300/933/920 3299/931/921
f 3291/805/2038 3290/801/2037 3326/853/922 3327/856/916
f 3277/786/2029 3278/900/2031 3314/934/930 3313/932/932
f 3264/795/904 3265/906/900 3301/935/951 3300/933/920
f 3292/909/907 3291/805/2038 3327/856/916 3328/859/917
f 3278/900/2031 3261/904/884 3298/929/927 3314/934/930
f 3265/906/900 3266/806/896 3302/936/949 3301/935/951
f 3293/815/903 3292/909/907 3328/859/917 3329/916/950
f 3280/823/2043 3279/905/887 3316/836/937 3315/827/935
f 3266/810/896 3267/910/889 3303/918/946 3302/861/949
f 3253/881/754 4204/938/754 4209/937/2060 3249/875/2047
f 3333/939/2061 3337/942/2062 3339/941/2063 3335/940/2064
f 3249/875/2047 4209/937/2060 4208/943/972 3247/874/2048
f 3252/878/2049 4205/945/2065 4204/944/979 3253/877/978
f 4210/946/2066 3334/948/2067 3333/939/2061 4207/947/2068
f 3334/948/2067 3338/949/2069 3337/942/2062 3333/939/2061
f 3336/950/754 3340/951/754 3338/949/2069 3334/948/2067
f 3335/940/2064 3339/941/2063 3340/953/755 3336/952/985
f 3343/954/986 3341/873/986 3342/956/2070 3344/955/2071
f 3346/876/989 3348/877/989 3347/957/989 3345/879/989
f 3342/956/2070 3341/873/992 3345/879/2072 3347/957/2073
f 3341/873/992 3343/954/991 3346/880/2074 3345/879/2072
f 3343/954/991 3344/955/2071 3348/958/754 3346/880/2074
f 3342/956/2070 3347/957/2073 4214/960/2075 4215/959/2076
f 3349/961/2077 3351/962/2078 3339/941/2063 3337/942/2062
f 3344/955/2071 3342/956/2070 4215/959/2076 4218/963/2079
f 3347/957/2073 3348/877/999 4211/964/998 4214/960/2075
f 4217/965/2080 4216/967/2081 3349/961/2077 3350/966/2082
f 3350/966/2082 3349/961/2077 3337/942/2062 3338/949/2069
f 3352/950/754 3350/966/2082 3338/949/2069 3340/951/754
f 3351/962/2078 3352/952/2083 3340/953/755 3339/941/2063
f 3369/968/2084 3372/971/2085 3365/970/2086 3358/969/2087
f 3362/972/2088 3363/975/2089 3368/974/2090 3366/973/2091
f 3353/976/2092 3357/979/2093 3359/978/2094 3356/977/2095
f 3358/969/2087 3365/970/2086 3367/981/2096 3360/980/2097
f 3360/980/2097 3367/981/2096 3371/983/2098 3370/982/2099
f 3369/984/2084 3353/976/2092 3356/977/2095 3370/982/2099
f 3353/976/2092 3369/984/2084 3358/985/2087 3357/979/2093
f 3357/979/2093 3358/985/2087 3360/980/2097 3359/978/2094
f 3359/978/2094 3360/980/2097 3370/982/2099 3356/977/2095
f 3362/972/2088 3372/986/2085 3371/983/2098 3363/975/2089
f 3372/986/2085 3362/972/2088 3366/973/2091 3365/987/2086
f 3365/987/2086 3366/973/2091 3368/974/2090 3367/981/2096
f 3367/981/2096 3368/974/2090 3363/975/2089 3371/983/2098
f 3355/988/2100 3364/991/2100 3361/990/2101 3354/989/2101
f 3354/992/2101 3369/994/2084 3370/982/2099 3355/993/2100
f 3364/995/2100 3371/983/2098 3372/997/2085 3361/996/2101
f 3355/993/2100 3370/982/2099 3371/983/2098 3364/995/2100
f 3361/996/2101 3372/997/2085 3369/994/2084 3354/992/2101
f 3375/998/2102 3377/1001/1022 3380/1000/1023 3376/999/2103
f 3373/1002/1027 3378/1003/2104 3377/1001/1022 3375/998/2102
f 3374/1004/1029 3379/1005/2105 3378/1003/2104 3373/1002/1027
f 3376/1006/2103 3380/1007/1023 3379/1005/2105 3374/1004/1029
f 3381/1008/1030 1979/1011/1030 1981/1010/1030 3382/1009/1030
f 4243/1012/2106 2946/1015/1757 3387/1014/2107 4240/1013/2108
f 4246/1016/2109 2992/1017/2110 3388/301/1810 4251/302/1809
f 3966/1018/2111 3019/1021/2112 3385/1020/1812 3967/1019/1811
f 3973/1022/2113 2992/1017/2110 3387/1024/2107 3999/1023/2114
f 2988/359/1844 2991/360/1843 3390/1026/1906 3384/1025/1905
f 3431/1027/2115 3432/425/1888 1575/426/1890 1574/1028/2116
f 3998/1029/2117 3388/301/1810 2992/1017/2110 3973/1022/2113
f 3965/1030/2118 3386/1031/2119 3019/1021/2112 3966/1018/2111
f 4240/1032/2108 3387/1024/2107 2992/1017/2110 4246/1016/2109
f 1621/1033/1030 2975/1036/2120 2990/1035/2121 1990/1034/1030
f 3386/1037/2119 3414/1040/2122 3405/1039/2123 3019/1038/2124
f 3019/1038/2124 3405/1039/2123 3415/1042/2125 3385/1041/2126
f 2952/883/2053 3395/1044/564 3413/1043/564 3254/394/1868
f 2956/1045/2127 3028/1048/2128 3412/1047/2129 3396/1046/2130
f 3024/1049/2131 3410/1052/2132 3411/1051/2133 3025/1050/2134
f 3022/1053/2135 3409/1056/2136 3408/1055/2137 3020/1054/2138
f 3028/1048/2128 3025/1050/2134 3411/1051/2133 3412/1047/2129
f 4116/1057/2139 3024/1060/2140 3543/1059/2141 3490/1058/2142
f 3024/1049/2131 4116/1062/2139 4120/1061/2143 3410/1052/2132
f 3022/1053/2135 2958/1064/2144 3397/1063/2145 3409/1056/2136
f 4004/492/564 4028/1066/564 2010/1065/564 1523/491/564
f 2981/419/1883 3406/1068/2146 3407/1067/2146 2984/399/1883
f 3254/394/1868 3413/1043/564 3406/1069/564 2981/393/1869
f 2972/1070/2147 3385/1041/2126 3415/1042/2125 3404/1071/2148
f 2970/1072/2149 2972/1070/2147 3404/1071/2148 3403/1073/2150
f 2968/1074/2151 2970/1072/2149 3403/1073/2150 3402/1075/2152
f 2966/1076/2153 2968/1074/2151 3402/1075/2152 3401/1077/2154
f 2964/1078/2155 2966/1076/2153 3401/1077/2154 3400/1079/2156
f 4131/1080/1773 2964/1078/2155 3400/1079/2156 4134/1081/2157
f 4111/1082/2158 2962/1085/2159 3399/1084/2160 4114/1083/2161
f 2958/1064/2144 2960/1087/2162 3398/1086/2163 3397/1063/2145
f 2950/1088/2164 2956/1045/2127 3396/1046/2130 3394/1089/2165
f 2952/1090/2166 2949/1093/2167 3392/1092/2168 3395/1091/2169
f 2954/1094/2170 2950/1088/2164 3394/1089/2165 3393/1095/2171
f 2949/1093/2167 2954/1094/2170 3393/1095/2171 3392/1092/2168
f 3419/1096/1950 3417/1099/1949 3416/1098/1912 3418/1097/1910
f 4135/1100/1895 3419/1096/1950 3418/1097/1910 4136/1101/1909
f 3423/1102/1903 3421/1105/1896 3420/1104/1915 3422/1103/1914
f 3425/1106/1891 3423/1102/1903 3422/1103/1914 3424/1107/1913
f 3427/1108/1892 3425/1106/1891 3424/1107/1913 3426/1109/1911
f 3429/1110/1901 3427/1108/1892 3426/1109/1911 3428/1111/1889
f 3432/1112/1888 3431/1114/2115 3430/1113/2172
f 3428/1111/1889 3432/1112/1888 3430/1113/2172 3429/1110/1901
f 3383/424/1887 2988/437/1899 2989/438/1899 2974/423/1887
f 4207/947/2068 3333/939/2061 3335/940/2064 4206/1115/2173
f 3247/874/2048 4208/943/972 4205/1116/2065 3252/878/2049
f 4212/1117/754 4217/965/2080 3350/966/2082 3352/950/754
f 4206/1118/2173 3335/940/2064 3336/952/985 4203/1119/1099
f 4216/967/2081 4213/1120/2174 3351/962/2078 3349/961/2077
f 4213/1120/2174 4212/1121/1101 3352/952/2083 3351/962/2078
f 3348/958/754 3344/955/2071 4218/963/2079 4211/1122/754
f 3384/440/1900 3429/1124/1901 3430/1123/2172 3433/439/1900
f 4026/1125/2175 3043/1128/2176 3389/1127/2177 4017/1126/2178
f 3430/1129/2172 3431/1132/2115 2989/1131/755 3433/1130/755
f 2989/1131/755 3431/1132/2115 1574/1134/755 2974/1133/755
f 2871/1135/755 1566/1138/755 3389/1137/755 4252/1136/755
f 1990/1139/755 3389/1137/755 1566/1138/755
f 3000/1140/2179 3417/522/1949 3012/523/1952
f 3594/1141/754 3597/1144/2180 3596/1143/2181 3595/1142/2182
f 3601/1145/2183 3553/1148/2184 2962/1147/2159 3498/1146/2185
f 3676/1149/2186 3673/1152/2187 3660/1151/2188 3657/1150/2189
f 3468/1153/2190 3461/1156/2191 3517/1155/2192 3544/1154/2193
f 2958/1157/2144 3584/1160/2194 3587/1159/2195 2960/1158/2162
f 3648/1161/754 3652/1164/754 3653/1163/754 3651/1162/754
f 3470/1165/2196 3458/1168/2197 3514/1167/2198 3548/1166/2199
f 3541/1169/2200 3540/1172/2201 3500/1171/2202 3510/1170/2203
f 3499/1173/2204 3672/1175/2205 3678/1174/2206 3540/1172/2201
f 3564/1176/2207 3562/1179/754 3519/1178/2208 3505/1177/2209
f 3564/1176/2207 3565/1181/2210 3563/1180/754 3562/1179/754
f 3462/1182/2211 3446/1185/2212 3479/1184/2213 3489/1183/2214
f 3594/1141/754 3595/1142/2182 3559/1187/2215 3576/1186/2216
f 3020/1054/2138 3408/1055/2137 4121/1189/2217 4117/1188/2218
f 3557/1190/2219 3524/1193/2220 3511/1192/2221 3556/1191/2222
f 3521/1194/2223 3549/1197/2224 3512/1196/2225 3522/1195/2226
f 3529/1198/754 3607/1201/2227 3614/1200/2228 3472/1199/754
f 3585/1202/2229 3527/1204/2230 3525/1203/2231 3601/1145/2183
f 3550/1205/2232 3557/1190/2219 3581/1207/2233 3580/1206/2234
f 3529/1198/754 3528/1209/754 3605/1208/2235 3607/1201/2227
f 3463/1210/2236 3487/1211/2237 3564/1176/2207 3505/1177/2209
f 3594/1141/754 3576/1186/2216 3484/1212/2238 3563/1180/754
f 3561/1213/754 3612/1216/2239 3610/1215/2240 3560/1214/754
f 3580/1206/2234 3581/1207/2233 3488/1218/2241 3478/1217/2242
f 3447/1219/2243 3462/1182/2211 3489/1183/2214 3481/1220/2244
f 3464/1221/2245 3485/1224/2246 3475/1223/2247 3444/1222/2248
f 3576/1186/2216 3577/1226/2249 3474/1225/2250 3484/1212/2238
f 3593/259/1767 3533/1229/2251 3621/1228/2252 3620/1227/2253
f 3505/1177/2209 3519/1178/2208 3547/1231/2254 3545/1230/2255
f 3518/1232/2256 3506/1235/2257 3589/1234/2258 3599/1233/2259
f 3539/1236/2260 3438/1238/2261 3455/1237/2262
f 3678/1174/2206 3645/1239/2263 3500/1171/2202 3540/1172/2201
f 3658/1240/2264 3726/1243/2265 3674/1242/2266 3677/1241/2267
f 3651/1244/1194 3653/1247/1197 3684/1246/2268 3681/1245/2269
f 3591/1248/2270 3677/1241/2267 3674/1242/2266 3951/1249/2271
f 3020/1250/2138 3504/1253/2272 3552/1252/2273 3022/1251/2135
f 3541/1169/2200 3510/1170/2203 3502/1255/2274 3523/1254/2275
f 3461/1156/2191 3468/1153/2190 3462/1182/2211 3447/1219/2243
f 3438/1238/2261 3541/1169/2200 3523/1254/2275 3531/1256/2276
f 3947/1257/2277 3952/1258/2278 3539/1236/2260 3455/1237/2262
f 3589/1234/2258 3590/1259/2279 3591/1248/2270 3599/1233/2259
f 3463/1210/2236 3505/1177/2209 3545/1230/2255 3469/1260/2280
f 3013/524/2281 3602/1262/2282 3586/1261/2283 3012/523/2284
f 3586/1261/2283 3548/1166/2199 3012/523/2284
f 3598/1263/754 3627/1267/754 3443/1266/754 3604/1265/754 3503/1264/754
f 3557/1190/2219 3556/1191/2222 3582/1268/2285 3581/1207/2233
f 3464/1221/2245 3444/1222/2248 3458/1168/2197 3470/1165/2196
f 3571/1269/754 3572/1272/754 3568/1271/754 3567/1270/754
f 3573/1273/754 3574/1276/754 3570/1275/2286 3569/1274/2286
f 3519/1178/2208 3464/1221/2245 3470/1165/2196 3547/1231/2254
f 3473/1277/754 3611/1280/2287 3608/1279/2288 3465/1278/754
f 3563/1180/754 3565/1181/2210 3597/1144/2180 3594/1141/754
f 3487/1211/2237 3486/1281/2289 3565/1181/2210 3564/1176/2207
f 3481/1220/2244 3489/1183/2214 3488/1218/2241 3480/1282/2290
f 3554/1283/2291 3559/1187/2215 3473/1284/2292
f 3460/1285/2293 3437/1288/2294 3551/1287/2295 3516/1286/2296
f 3950/1289/754 3949/1290/754 3574/1276/754 3573/1273/754
f 3491/1291/754 3492/1292/754 3572/1272/754 3571/1269/754
f 3491/1291/754 3494/1294/754 3493/1293/754 3492/1292/754
f 3569/1274/2286 3570/1275/2286 3482/1296/2297 3483/1295/2298
f 3567/1270/754 3568/1271/754 3478/1217/2242 3479/1184/2213
f 3583/1297/2299 3483/1295/2298 3490/1058/2142 3575/1298/2300
f 3682/1299/2301 3668/1302/2302 3476/1301/2303 3477/1300/2304
f 3562/1179/754 3563/1180/754 3484/1212/2238 3485/1224/2246
f 3523/1254/2275 3502/1255/2274 3511/1192/2221 3524/1193/2220
f 3437/1288/2294 3527/1204/2230 3585/1202/2229 3551/1287/2295
f 4115/1303/2305 4104/1306/2306 3451/1305/2307 3435/1304/2308
f 3667/1307/2309 3639/1310/2310 3445/1309/2311 3471/1308/2312
f 3568/1311/2313 3572/1314/2314 3802/1313/2314 3794/1312/2313
f 3603/1315/754 3530/1318/754 3609/1317/2315 3617/1316/2316
f 3526/1319/2317 3585/1202/2229 3601/1145/2183 3498/1146/2185
f 3555/1320/2318 3531/1256/2276 3523/1254/2275 3524/1193/2220
f 3468/1153/2190 3439/1321/2319 3446/1185/2212 3462/1182/2211
f 3592/258/1768 3593/259/1767 3620/1227/2253 3535/1322/2320
f 3683/1323/2321 3682/1299/2301 3477/1300/2304 3497/1324/2322
f 3547/1231/2254 3470/1165/2196 3548/1166/2199 3586/1261/2283
f 3561/1325/2323 3560/1326/2324 3595/1142/2182 3596/1143/2181
f 3694/1327/2325 3683/1323/2321 3497/1324/2322 3515/1328/2326
f 3671/1329/2327 3672/1175/2205 3499/1173/2204 3538/1330/2328
f 1478/1331/677 2632/1334/1259 4029/1333/2329 2944/1332/1908
f 3660/1151/2188 3735/1336/2330 3731/1335/2331 3657/1150/2189
f 3493/1337/2332 3799/1340/2332 3803/1339/2333 3492/1338/2333
f 3571/1341/2334 3567/1344/2335 3792/1343/2335 3801/1342/2334
f 3583/1345/2336 3808/1348/2336 3796/1347/2337 3483/1346/2337
f 3585/1202/2229 3526/1319/2317 4115/1303/2305 3551/1287/2295
f 3439/1321/2319 3468/1153/2190 3544/1154/2193 3553/1148/2184
f 3504/1253/2272 3448/1350/2338 3441/1349/2339 3552/1252/2273
f 3654/1351/1862 3002/1353/1861 3533/1229/2251 3665/1352/2340
f 3592/258/1768 3536/1355/2341 3666/1354/2342 3647/257/1769
f 3543/1059/2141 3542/1358/2343 3588/1357/2344 3600/1356/2345
f 3553/1148/2184 3544/1154/2193 3452/1359/2346 2962/1147/2159
f 3581/1207/2233 3582/1268/2285 3480/1282/2290 3488/1218/2241
f 3952/1258/2278 3599/1233/2259 3591/1248/2270 3951/1249/2271
f 3574/1360/2347 3805/1363/2348 3797/1362/2349 3570/1361/2349
f 3584/1160/2194 3507/1365/2350 3520/1364/2351 3587/1159/2195
f 3673/1152/2187 3588/1357/2344 3542/1358/2343 3675/1366/2352
f 3676/1149/2186 3677/1241/2267 3591/1248/2270 3590/1259/2279
f 3533/1229/2251 3593/259/1767 3649/256/1766 3665/1352/2340
f 3536/1355/2341 3592/258/1768 3535/1368/2320 3467/1367/2353
f 3621/1228/2252 3533/1229/2251 3002/1353/1861 3622/1369/2354
f 3558/1370/2355 3596/1143/2181 3597/1144/2180 3578/1371/2356
f 3566/1372/2357 3482/1296/2297 3448/1350/2338 3504/1253/2272
f 3525/1373/2358 3782/1376/2358 3783/1375/2359 3439/1374/2359
f 3948/1377/2360 3955/1380/2360 3790/1379/2361 3460/1378/2361
f 3506/1381/2362 3775/1384/2362 3776/1383/2363 3440/1382/2364
f 3549/1385/2365 3788/1388/2365 3778/1387/2366 3512/1386/2367
f 3438/1389/2368 3779/1392/2368 3784/1391/2369 3455/1390/2369
f 3518/1393/2370 3780/1394/2371 3775/1384/2362 3506/1381/2362
f 3550/1395/2372 3789/1398/2372 3791/1397/2373 3555/1396/2374
f 3446/1399/2375 3787/1402/2375 3793/1401/2376 3479/1400/2376
f 3483/1346/2337 3796/1347/2337 3795/1404/2377 3569/1403/2377
f 3950/1405/2378 3573/1408/2379 3804/1407/2380 3957/1406/2378
f 3562/1179/754 3485/1224/2246 3464/1221/2245 3519/1178/2208
f 4139/1409/2381 3694/1327/2325 3515/1328/2326 4137/1410/2382
f 3668/1302/2302 3667/1307/2309 3471/1308/2312 3476/1301/2303
f 3603/1411/2383 3442/1414/2384 3501/1413/2385 3530/1412/2386
f 3512/1386/2367 3778/1387/2366 3808/1348/2336 3583/1345/2336
f 3560/1326/2324 3473/1284/2292 3559/1187/2215 3595/1142/2182
f 3598/1263/754 3535/1417/754 3450/1416/754 3623/1415/754
f 3472/1199/754 3614/1200/2228 3612/1216/2239 3561/1213/754
f 3465/1278/754 3608/1279/2288 3609/1317/2315 3530/1318/754
f 3664/1418/2387 3434/1421/2388 3445/1420/2311 3639/1419/2310
f 3530/1412/2386 3501/1413/2385 3453/1423/2389 3465/1422/2390
f 3560/1214/754 3610/1215/2240 3611/1280/2287 3473/1277/754
f 3456/1424/754 3606/1425/2391 3605/1208/2235 3528/1209/754
f 3456/1424/754 3503/1264/754 3615/1426/2392 3606/1425/2391
f 3543/1059/2141 3600/1356/2345 3440/1428/2393 3454/1427/2394
f 3454/1427/2394 3440/1428/2393 3549/1197/2224 3521/1194/2223
f 3437/1429/2395 3810/1432/2395 3785/1431/2396 3527/1430/2396
f 3555/1396/2374 3791/1397/2373 3786/1434/2397 3531/1433/2397
f 3571/1341/2334 3801/1342/2334 3798/1436/2398 3491/1435/2398
f 3539/1236/2260 3538/1330/2328 3499/1173/2204 3438/1238/2261
f 3441/1437/2399 3809/1440/2399 3777/1439/2400 3507/1438/2400
f 3479/1400/2376 3793/1401/2376 3792/1343/2335 3567/1344/2335
f 3947/1441/2401 3954/1442/2401 3780/1394/2371 3518/1393/2370
f 3478/1443/2402 3807/1446/2402 3806/1445/2403 3580/1444/2403
f 3550/1395/2372 3580/1444/2403 3806/1445/2403 3789/1398/2372
f 3448/1447/2404 3774/1448/2404 3809/1440/2399 3441/1437/2399
f 3573/1408/2379 3569/1403/2377 3795/1404/2377 3804/1407/2380
f 3439/1374/2359 3783/1375/2359 3787/1402/2375 3446/1399/2375
f 3605/1208/2235 3631/1208/2405 3633/1201/2406 3607/1201/2227
f 3491/1435/2398 3798/1436/2398 3800/1450/2407 3494/1449/2407
f 3570/1361/2349 3797/1362/2349 3811/1452/2408 3482/1451/2409
f 3531/1433/2397 3786/1434/2397 3779/1392/2368 3438/1389/2368
f 3460/1378/2361 3790/1379/2361 3810/1432/2395 3437/1429/2395
f 4243/1012/2106 3386/1455/2119 3965/1454/2118 4286/1453/2410
f 3472/1456/2411 3561/1325/2323 3596/1143/2181 3558/1370/2355
f 3559/1187/2215 3554/1283/2291 3577/1226/2249 3576/1186/2216
f 3578/1371/2356 3597/1144/2180 3565/1181/2210 3486/1281/2289
f 3448/1447/2404 3482/1451/2409 3811/1452/2408 3774/1448/2404
f 3440/1382/2364 3776/1383/2363 3788/1388/2365 3549/1385/2365
f 3568/1311/2313 3794/1312/2313 3807/1446/2402 3478/1443/2402
f 3527/1430/2396 3785/1431/2396 3782/1376/2358 3525/1373/2358
f 3492/1338/2333 3803/1339/2333 3802/1313/2314 3572/1314/2314
f 3545/1230/2255 3547/1231/2254 3586/1261/2283 3602/1262/2282
f 3467/1457/754 3535/1417/754 3598/1263/754 3537/1458/754
f 3537/1458/754 3598/1263/754 3503/1264/754 3456/1424/754
f 3949/1459/2412 3494/1449/2407 3800/1450/2407 3956/1460/2412
f 3507/1438/2400 3777/1439/2400 3781/1462/2413 3520/1461/2413
f 3953/1463/2414 3948/1464/2415 3460/1285/2293 3516/1286/2296
f 3544/1154/2193 3517/1155/2192 3436/1465/2416 3452/1359/2346
f 3525/1203/2231 3439/1321/2319 3553/1148/2184 3601/1145/2183
f 3727/1466/2417 3953/1463/2414 3516/1286/2296 3435/1304/2308
f 3459/1467/2418 4271/1468/2419 3966/1018/2111 3434/1421/2388
f 3469/1260/2280 3545/1230/2255 3602/1262/2282 3546/1469/2420
f 3546/1469/2420 3602/1262/2282 3013/524/2281 3449/1470/2421
f 3548/1166/2199 3514/1167/2198 3000/1140/2179 3012/523/2284
f 3015/443/2422 3016/430/2423 3682/1299/2301 3683/1323/2321
f 3615/1426/2392 3618/1471/2424 3644/1471/2425 3634/1426/2426
f 3619/1472/754 3603/1315/754 3617/1316/2316 3618/1471/2424
f 3466/1473/754 3621/1476/754 3622/1475/754 3626/1474/754
f 3643/1477/2427 4270/1478/2428 3664/1418/2387
f 3513/1479/754 3619/1472/754 3628/1480/754
f 3450/1416/754 3535/1417/754 3620/1482/754 3629/1481/754
f 3624/1483/754 3603/1315/754 3619/1472/754 3513/1479/754
f 3509/1484/754 3627/1267/754 3598/1263/754 3623/1415/754
f 3532/1485/754 3629/1481/754 3620/1482/754 3625/1486/754
f 3434/1421/2388 3966/1018/2111 3967/1019/1811 3445/1420/2311
f 3622/1475/754 3630/1488/754 3534/1487/754 3626/1474/754
f 3620/1482/754 3621/1476/754 3466/1473/754 3625/1486/754
f 3622/1475/754 3603/1315/754 3457/1489/754 3630/1488/754
f 3619/1472/754 3604/1265/754 3443/1266/754 3628/1480/754
f 3612/1216/2239 3638/1216/2429 3636/1215/2430 3610/1215/2240
f 3615/1426/2392 3634/1426/2426 3632/1425/2431 3606/1425/2391
f 3608/1279/2288 3635/1279/2432 3641/1317/2433 3609/1317/2315
f 3633/1201/2406 3631/1208/2405 3635/1279/2432 3637/1280/2434
f 3607/1201/2227 3633/1201/2406 3640/1200/2435 3614/1200/2228
f 3606/1425/2391 3632/1425/2431 3631/1208/2405 3605/1208/2235
f 4305/1490/2436 4278/1493/2437 4224/1492/2438 4281/1491/2439
f 3632/1425/2431 3634/1426/2426 3642/1316/2440 3641/1317/2433
f 3632/1425/2431 3641/1317/2433 3635/1279/2432 3631/1208/2405
f 3608/1279/2288 3611/1280/2287 3637/1280/2434 3635/1279/2432
f 3637/1280/2434 3636/1215/2430 3640/1200/2435 3633/1201/2406
f 3638/1216/2429 3640/1200/2435 3636/1215/2430
f 3634/1426/2426 3644/1471/2425 3642/1316/2440
f 3391/361/1842 3643/1477/2427 3664/1418/2387 2991/360/1843
f 3679/1494/2441 3681/1245/2269 3684/1246/2268 3680/1495/2442
f 3617/1316/2316 3642/1316/2440 3644/1471/2425 3618/1471/2424
f 3610/1215/2240 3636/1215/2430 3637/1280/2434 3611/1280/2287
f 3614/1200/2228 3640/1200/2435 3638/1216/2429 3612/1216/2239
f 3616/1496/2443 3703/1498/2444 3613/247/1755 4267/1497/2445
f 3609/1317/2315 3641/1317/2433 3642/1316/2440 3617/1316/2316
f 3450/1499/754 3629/1502/754 3625/1501/754 3623/1500/754
f 3711/1503/2446 3710/1506/2447 3734/1505/2448 3741/1504/2449
f 3650/1507/2450 3663/1508/2451 3666/1354/2342 3645/1239/2263
f 3680/1495/2442 3649/1510/1393 3647/1509/2452 3679/1494/2441
f 3687/1511/2453 3691/1514/2057 3690/1513/2454 3686/1512/2455
f 3646/1515/2456 3661/1516/2457 3663/1508/2451 3650/1507/2450
f 3647/1509/2452 3651/1244/1194 3681/1245/2269 3679/1494/2441
f 3655/1517/2458 3656/1520/2459 3669/1519/754 3670/1518/754
f 3649/256/1766 3653/1163/754 3669/1519/754 3665/1352/2340
f 3678/1174/2206 3659/1521/2460 3650/1507/2450 3645/1239/2263
f 3684/1246/2268 3653/1247/1197 3649/1510/1393 3680/1495/2442
f 3676/1149/2186 3657/1150/2189 3658/1240/2264 3677/1241/2267
f 3648/1161/754 3651/1162/754 3663/1508/2451 3661/1516/2457
f 3590/1259/2279 3588/1357/2344 3673/1152/2187 3676/1149/2186
f 3706/1522/2461 3722/1523/2462 3672/1175/2205 3671/1329/2327
f 3666/1354/2342 3663/1508/2451 3651/1162/754 3647/257/1769
f 3731/1335/2331 3729/1524/2463 3658/1240/2264 3657/1150/2189
f 3662/1525/2464 3660/1151/2188 3673/1152/2187 3675/1366/2352
f 3654/1351/1862 3665/1352/2340 3669/1519/754 3656/1520/2459
f 3508/1526/2465 3958/1528/2466 3703/1498/2444 4266/1527/2467
f 3669/1519/754 3653/1163/754 3652/1164/754 3670/1518/754
f 4096/1529/2468 4074/1530/754 4057/543/1955 3048/544/1962
f 3735/1336/2330 3660/1151/2188 3662/1525/2464 3723/1531/2469
f 3016/430/2423 3017/431/2470 3668/1302/2302 3682/1299/2301
f 3014/435/2471 3015/443/2422 3683/1323/2321 3694/1327/2325
f 3725/1532/2472 3732/1533/2473 3722/1523/2462 3706/1522/2461
f 3017/431/2470 3018/441/1902 3667/1307/2309 3668/1302/2302
f 3685/1534/2474 3646/1515/2456 3733/1535/2475 3710/1506/2447
f 3661/1516/2457 3646/1515/2456 3685/1534/2474 3695/1536/2476
f 3693/1537/2477 3692/1540/2478 3001/1539/2479 3688/1538/2480
f 2991/360/1843 3664/1418/2387 3639/1419/2310 3390/1026/1906
f 2998/1541/1957 4066/1543/2481 3709/1542/1852 3049/536/1958
f 3686/1512/2455 3652/1164/754 3648/1161/754 3687/1511/2453
f 3536/1355/2341 3500/1171/2202 3645/1239/2263 3666/1354/2342
f 3689/1544/2482 3031/1545/2058 3695/1536/2476 3685/1534/2474
f 3695/1536/2476 3687/1511/2453 3648/1161/754 3661/1516/2457
f 3537/1546/2483 3510/1170/2484 3500/1171/2202
f 3018/441/1902 3390/445/1906 3639/1310/2310 3667/1307/2309
f 4069/1547/2485 3701/379/1859 3654/380/1862 3656/1548/2459
f 3686/1512/2455 3690/1513/2454 3692/1540/2478 3693/1537/2477
f 4133/434/2486 3014/435/2471 3694/1327/2325 4139/1409/2381
f 3670/1518/754 3693/1537/2477 3688/1538/2480 3655/1517/2458
f 2997/545/1848 3495/542/1848 3700/1550/1848 2947/1549/1848
f 4304/1551/2487 4274/1554/2488 4220/1553/2489 4269/1552/2490
f 3695/1536/2476 3031/1545/2058 3691/1514/2057 3687/1511/2453
f 4074/1530/754 4090/1556/754 3698/1555/1955 4057/543/1955
f 3441/1349/2339 3507/1365/2350 3584/1160/2194 3552/1252/2273
f 3552/1252/2273 3584/1160/2194 2958/1157/2144 3022/1251/2135
f 3674/1242/2266 3726/1243/2265 3706/1522/2461 3671/1329/2327
f 3717/1557/1934 3713/1560/2491 3716/1559/2492 3033/1558/1935
f 3600/1356/2345 3589/1234/2258 3506/1235/2257 3440/1428/2393
f 3489/1183/2214 3479/1184/2213 3478/1217/2242 3488/1218/2241
f 3724/1561/754 3715/1562/2493 3731/1335/2331 3735/1336/2330
f 3718/1563/2494 3730/1565/2495 3707/1564/2496 3725/1532/2472
f 3734/1505/2448 3710/1506/2447 3733/1535/2475
f 3724/1561/754 3708/1567/2497 3704/1566/2498 3716/1559/2492
f 3761/1568/2499 3749/1571/2500 3767/1570/2501 3769/1569/2502
f 2994/1572/1860 3701/1573/2503 4066/1543/2481 2998/1541/1957
f 3538/1330/2328 3951/1249/2271 3674/1242/2266 3671/1329/2327
f 3760/1574/2504 3761/1568/2499 3769/1569/2502 3773/1575/2505
f 3729/1524/2463 3718/1563/2494 3726/1243/2265 3658/1240/2264
f 2954/1576/2506 3708/1567/2497 3723/1531/2469 2950/1577/2507
f 3710/1506/2447 3711/1503/2446 3689/1544/2482 3685/1534/2474
f 3732/1533/2473 3728/1578/2508 3733/1535/2475 3659/1521/2460 3722/1523/2462
f 3733/1535/2475 3646/1515/2456 3650/1507/2450 3659/1521/2460
f 3747/1579/2509 3770/1582/2510 3772/1581/2511 3757/1580/2512
f 3716/1559/2492 3704/1566/2498 3003/1583/2052 3033/1558/1935
f 3735/1336/2330 3723/1531/2469 3708/1567/2497 3724/1561/754
f 2949/1584/2513 3704/1566/2498 3708/1567/2497 2954/1576/2506
f 3726/1243/2265 3718/1563/2494 3725/1532/2472 3706/1522/2461
f 3500/1171/2202 3536/1355/2341 3467/1367/2353 3537/1546/2483
f 3716/1559/2492 3713/1560/2491 3715/1562/2493 3724/1561/754
f 2952/1585/2053 3003/1583/2052 3704/1566/2498 2949/1584/2513
f 3714/1586/2514 3737/1588/2515 3736/1587/2516 3717/1557/1934
f 3714/1586/2514 3712/1589/2517 3737/1588/2515
f 3730/1565/2495 3718/1563/2494 3729/1524/2463 3742/1590/2518
f 3731/1335/2331 3743/1591/2519 3742/1590/2518 3729/1524/2463
f 3731/1335/2331 3715/1562/2493 3719/1592/2520 3743/1591/2519
f 3713/1560/2491 3717/1557/1934 3736/1587/2516 3719/1592/2520
f 3713/1560/2491 3719/1592/2520 3715/1562/2493
f 3705/1593/2521 3720/1595/2522 3740/1594/2523
f 3732/1533/2473 3725/1532/2472 3707/1564/2496 3739/1596/2524
f 3732/1533/2473 3739/1596/2524 3738/1597/2525 3728/1578/2508
f 3711/1503/2446 3741/1504/2449 3740/1594/2523 3720/1595/2522
f 3733/1535/2475 3728/1578/2508 3738/1597/2525 3734/1505/2448
f 3747/1579/2509 3750/1599/2526 3771/1598/2527 3770/1582/2510
f 3746/1600/2528 3745/1603/2529 3744/1602/2530 3748/1601/2531
f 3753/1604/2532 3752/1605/2533 3744/1602/2534 3745/1603/2534
f 3758/1606/2535 3753/1604/2532 3745/1603/2529 3746/1600/2528
f 3759/1607/2536 3751/1610/2537 3766/1609/2538 3765/1608/2539
f 3764/1611/2540 3754/1614/2541 3755/1613/2542 3752/1605/2533 3762/1612/2543
f 3756/1615/2544 3768/1616/2545 3766/1609/2538 3751/1610/2537
f 3748/1601/2531 3744/1602/2530 3752/1605/2533 3755/1613/2542
f 3750/1599/2526 3760/1574/2504 3773/1575/2505 3771/1598/2527
f 3756/1615/2544 3757/1580/2512 3772/1581/2511 3768/1616/2545
f 3758/1606/2535 3759/1607/2536 3765/1608/2539 3763/1617/2546 3753/1604/2532
f 3754/1614/2541 3764/1611/2540 3767/1570/2501 3749/1571/2500
f 3763/1617/2546 3765/1608/2539 3764/1611/2540 3762/1612/2543
f 3764/1611/2540 3765/1608/2539 3766/1609/2538 3767/1570/2501
f 3767/1570/2501 3766/1609/2538 3768/1616/2545 3769/1569/2502
f 3769/1569/2502 3768/1616/2545 3772/1581/2511 3773/1575/2505
f 3771/1598/2527 3773/1575/2505 3772/1581/2511 3770/1582/2510
f 3753/1604/2532 3763/1617/2546 3762/1612/2543 3752/1605/2533
f 3475/1223/2247 3485/1224/2246 3484/1212/2238 3474/1225/2250
f 3550/1205/2232 3555/1320/2318 3524/1193/2220 3557/1190/2219
f 3828/1618/2547 3816/1621/2548 3872/1620/2549 3871/1619/2550
f 3002/1353/1861 3820/1623/2551 3815/1622/2552 3442/1414/2384
f 3839/1624/2553 3862/1627/2553 3868/1626/2554 3870/1625/2554
f 3453/1423/2389 3817/1624/2555 3819/1628/2556 3554/1283/2291
f 3474/1225/2250 3577/1226/2249 3825/1630/2557 3824/1629/2558
f 3577/1226/2249 3554/1283/2291 3819/1628/2556 3825/1630/2557
f 3501/1413/2385 3442/1414/2384 3815/1622/2552 3821/1627/2559
f 3444/1222/2248 3475/1223/2247 3826/1632/2560 3822/1631/2561
f 3820/1623/2551 3832/1634/2562 3827/1633/2563 3815/1622/2552
f 3816/1621/2548 3812/1636/2553 3875/1635/2554 3872/1620/2549
f 3827/1633/2563 3832/1634/2562 3843/1638/2564 3838/1637/2565
f 3453/1423/2389 3501/1413/2385 3821/1627/2559 3817/1624/2555
f 3458/1168/2197 3444/1222/2248 3822/1631/2561 3818/1639/2566
f 3514/1167/2198 3458/1168/2197 3818/1639/2566
f 3475/1223/2247 3474/1225/2250 3824/1629/2558 3826/1632/2560
f 3844/1640/2567 3838/1637/2565 3878/1641/2568 3877/1640/2569
f 3829/1625/567 3831/1642/567 3873/1642/567 3870/1625/567
f 3830/1643/2570 3818/1639/2566 3828/1618/2547 3871/1619/2550
f 3852/1644/567 3854/1646/567 3891/1645/567 3888/1644/567
f 3822/1631/2561 3826/1632/2560 3812/1636/2553 3816/1621/2548
f 3834/1647/567 3830/1643/2570 3871/1619/2550 3872/1620/567
f 3862/1627/2553 3851/1649/2571 3869/1648/2572 3868/1626/2554
f 3824/1629/2558 3825/1630/2557 3813/1630/2553 3867/1629/2553
f 3845/1650/2573 3849/1652/2567 3884/1652/2569 3881/1651/2574
f 3831/1642/754 3829/1625/754 3840/1654/2567 3842/1653/2567
f 3833/1626/754 3827/1633/2563 3838/1637/2565 3844/1640/2567
f 3836/1655/754 3831/1642/754 3842/1653/2567 3848/1656/2567
f 3837/1635/754 3835/1658/754 3847/1657/2567 3849/1652/2567
f 3838/1637/2565 3843/1638/2564 3855/1660/2575 3850/1659/2576
f 3835/1658/754 3836/1655/754 3848/1656/2567 3847/1657/2567
f 3829/1625/754 3833/1626/754 3844/1640/2567 3840/1654/2567
f 3834/1647/2577 3837/1635/754 3849/1652/2567 3845/1650/2573
f 3830/1643/2570 3834/1647/2577 3845/1650/2573 3841/1661/2578
f 3812/1636/2553 3867/1629/2553 3876/1658/2554 3875/1635/2554
f 3850/1659/2576 3855/1660/2575 3865/1663/2579 4188/1662/2580
f 3833/1626/567 3829/1625/567 3870/1625/567 3868/1626/567
f 3857/1664/567 3853/1666/2581 3889/1665/2582 3890/1664/567
f 3826/1632/2560 3824/1629/2558 3867/1629/2553 3812/1636/2553
f 3847/1657/2567 3848/1656/2567 3883/1656/2569 3885/1657/2569
f 3813/1630/2553 3814/1667/2553 3873/1642/2554 3874/1655/2554
f 3815/1622/2552 3827/1633/2563 3869/1648/2572 3851/1649/2571
f 3856/1668/567 3852/1644/567 3888/1644/567 3886/1669/567
f 3849/1652/2567 3847/1657/2567 3885/1657/2569 3884/1652/2569
f 3853/1666/2581 3864/1672/2583 4182/1671/2584 3823/1670/2585
f 3825/1630/2557 3819/1628/2556 3814/1667/2553 3813/1630/2553
f 3854/1646/2586 3852/1644/2586 3863/1674/2586 4185/1673/2586
f 3856/1668/2586 3850/1659/2576 4188/1662/2580 4187/1675/2586
f 3860/1676/2586 3854/1646/2586 4185/1673/2586 4186/1677/2586
f 3830/1643/2570 3841/1661/2578 3846/1679/2587 3858/1678/2588
f 3861/1680/2586 3859/1683/2586 3866/1682/2586 4184/1681/2586
f 3839/1624/2553 3870/1625/2554 3873/1642/2554 3814/1667/2553
f 3859/1683/2586 3860/1676/2586 4186/1677/2586 3866/1682/2586
f 3852/1644/2586 3856/1668/2586 4187/1675/2586 3863/1674/2586
f 3857/1664/2589 3861/1680/2586 4184/1681/2586 4183/1684/2590
f 3853/1666/2581 3857/1664/2589 4183/1684/2590 3864/1672/2583
f 3867/1629/2553 3813/1630/2553 3874/1655/2554 3876/1658/2554
f 3885/1657/2569 3883/1656/2569 3892/1685/2591 3894/1683/2591
f 3879/1686/2592 3877/1640/2569 3886/1669/2591 3888/1644/2591
f 3881/1651/2574 3884/1652/2569 3893/1687/2591 3890/1664/2593
f 3880/1661/2594 3881/1651/2574 3890/1664/2593 3889/1665/2582
f 3882/1653/2592 3879/1686/2592 3888/1644/2591 3891/1645/2591
f 3877/1640/2569 3878/1641/2568 3887/1688/2595 3886/1669/2591
f 3883/1656/2569 3882/1653/2592 3891/1645/2591 3892/1685/2591
f 3884/1652/2569 3885/1657/2569 3894/1683/2591 3893/1687/2591
f 3854/1646/567 3860/1676/567 3892/1685/567 3891/1645/567
f 3821/1627/2559 3815/1622/2552 3851/1649/2571 3862/1627/2553
f 3859/1683/567 3861/1680/567 3893/1687/567 3894/1683/567
f 3831/1642/567 3836/1655/567 3874/1655/567 3873/1642/567
f 3860/1676/567 3859/1683/567 3894/1683/567 3892/1685/567
f 3835/1658/567 3837/1635/567 3875/1635/567 3876/1658/567
f 3840/1654/2567 3844/1640/2567 3877/1640/2569 3879/1686/2592
f 3853/1666/2581 3841/1661/2578 3880/1661/2594 3889/1665/2582
f 3861/1680/567 3857/1664/567 3890/1664/567 3893/1687/567
f 3836/1655/567 3835/1658/567 3876/1658/567 3874/1655/567
f 3841/1661/2578 3845/1650/2573 3881/1651/2574 3880/1661/2594
f 3817/1624/2555 3821/1627/2559 3862/1627/2553 3839/1624/2553
f 3837/1635/567 3834/1647/567 3872/1620/567 3875/1635/567
f 3818/1639/2566 3822/1631/2561 3816/1621/2548 3828/1618/2547
f 3842/1653/2567 3840/1654/2567 3879/1686/2592 3882/1653/2592
f 3850/1659/2576 3856/1668/567 3886/1669/567 3887/1688/2595
f 3838/1637/2565 3850/1659/2576 3887/1688/2595 3878/1641/2568
f 3819/1628/2556 3817/1624/2555 3839/1624/2553 3814/1667/2553
f 3827/1633/2563 3833/1626/567 3868/1626/567 3869/1648/2572
f 3848/1656/2567 3842/1653/2567 3882/1653/2592 3883/1656/2569
f 3899/1689/2596 3906/1689/567 3903/1690/567 3897/1690/2596
f 3895/1691/2596 3904/1691/567 3907/1692/567 3896/1692/2596
f 3902/1693/2596 3910/1693/567 3909/1695/2597 3900/1694/2598
f 3897/1690/2596 3903/1690/567 3904/1691/567 3895/1691/2596
f 3901/1696/2596 3908/1696/567 3910/1693/567 3902/1693/2596
f 3898/1697/2599 3905/1698/1541 3906/1689/567 3899/1689/2596
f 3896/1692/2596 3907/1692/567 3908/1696/567 3901/1696/2596
f 3914/1699/2600 3911/1700/2601 3921/1700/755 3924/1699/755
f 3912/1701/2600 3915/1702/2601 3925/1702/755 3922/1701/755
f 3918/1703/2601 3917/1705/2602 3920/1704/1544 3919/1703/755
f 3911/1700/2601 3912/1701/2600 3922/1701/755 3921/1700/755
f 3916/1706/2601 3918/1703/2601 3919/1703/755 3926/1706/755
f 3913/1707/2603 3914/1699/2600 3924/1699/755 3923/1707/1547
f 3915/1702/2601 3916/1706/2601 3926/1706/755 3925/1702/755
f 3895/1691/2596 3896/1692/2596 3915/1702/2601 3912/1701/2600
f 3899/1689/2596 3897/1690/2596 3911/1700/2601 3914/1699/2600
f 3896/1692/2596 3901/1696/2596 3916/1706/2601 3915/1702/2601
f 3902/1693/2596 3900/1694/2598 3917/1705/2602 3918/1703/2601
f 3905/1698/1541 3898/1697/2599 3913/1707/2603 3923/1707/1547
f 3901/1696/2596 3902/1693/2596 3918/1703/2601 3916/1706/2601
f 3897/1690/2596 3895/1691/2596 3912/1701/2600 3911/1700/2601
f 3900/1694/2598 3909/1695/2597 3920/1704/1544 3917/1705/2602
f 3898/1697/2599 3899/1689/2596 3914/1699/2600 3913/1707/2603
f 3931/1708/2604 3942/1711/1551 3945/1710/2605 3929/1709/2606
f 3936/1712/2607 3935/1715/2608 3932/1714/1554 3939/1713/2609
f 3927/1716/2610 3944/1716/1558 3941/1717/567 3928/1717/2611
f 3940/1718/2612 3946/1718/755 3934/1719/1561 3937/1719/2613
f 3930/1720/2614 3943/1720/2615 3942/1711/1551 3931/1708/2604
f 3939/1713/2609 3932/1714/1554 3933/1722/2616 3938/1721/2617
f 3927/1716/2610 3928/1717/2611 3940/1718/2612 3937/1719/2613
f 3937/1719/2613 3934/1719/1561 3935/1715/2608 3936/1712/2607
f 3931/1708/2604 3929/1709/2606 3936/1712/2607 3939/1713/2609
f 3929/1709/2606 3927/1716/2610 3937/1719/2613 3936/1712/2607
f 3938/1721/2617 3933/1722/2616 3943/1720/2615 3930/1720/2614
f 3930/1720/2614 3931/1708/2604 3939/1713/2609 3938/1721/2617
f 3929/1709/2606 3945/1710/2605 3944/1716/1558 3927/1716/2610
f 3499/1173/2204 3540/1172/2201 3541/1169/2200 3438/1238/2261
f 3487/1211/2237 3481/1220/2618 3480/1282/2619 3486/1281/2289
f 2960/1158/2162 3587/1159/2195 3953/1463/2414 3727/1466/2417
f 3587/1159/2195 3520/1364/2351 3948/1464/2415 3953/1463/2414
f 3574/1360/2347 3949/1459/2412 3956/1460/2412 3805/1363/2348
f 3455/1390/2369 3784/1391/2369 3954/1442/2401 3947/1441/2401
f 3493/1337/2332 3950/1405/2378 3957/1406/2378 3799/1340/2332
f 3520/1461/2413 3781/1462/2413 3955/1380/2360 3948/1377/2360
f 3539/1236/2260 3952/1258/2278 3951/1249/2271 3538/1330/2328
f 3493/1293/754 3494/1294/754 3949/1290/754 3950/1289/754
f 3518/1232/2256 3599/1233/2259 3952/1258/2278 3947/1257/2277
f 3465/1422/2390 3453/1423/2389 3554/1283/2291 3473/1284/2292
f 3578/1371/2356 3582/1268/2620 3556/1191/2621 3558/1370/2355
f 3480/1282/2619 3582/1268/2620 3578/1371/2356 3486/1281/2289
f 3528/1723/2622 3502/1255/2623 3510/1170/2484 3537/1546/2483 3456/1724/2622
f 3558/1370/2355 3556/1191/2621 3511/1192/2624 3529/1725/2625 3472/1456/2411
f 3449/1470/2421 3436/1465/2416 3517/1155/2192 3546/1469/2420
f 3546/1469/2420 3517/1155/2192 3461/1156/2191 3469/1260/2280
f 3529/1725/2625 3511/1192/2624 3502/1255/2623 3528/1723/2622
f 3002/1353/1861 3442/1414/2384 3603/1411/2383 3622/1369/2354
f 3469/1260/2280 3461/1156/2191 3447/1219/2626 3463/1210/2236
f 3463/1210/2236 3447/1219/2626 3481/1220/2618 3487/1211/2237
f 4067/1726/1961 3495/542/1961 4057/543/1955 3698/1555/1955
f 3025/1727/2627 3542/1358/2343 3543/1059/2141 3024/1060/2140
f 3025/1727/2627 3028/1728/2628 3675/1366/2352 3542/1358/2343
f 3028/1728/2628 2956/1729/2629 3662/1525/2464 3675/1366/2352
f 2956/1729/2629 2950/1577/2507 3723/1531/2469 3662/1525/2464
f 3521/1194/2223 3522/1195/2226 3575/1298/2300 3454/1427/2394
f 3454/1427/2394 3575/1298/2300 3490/1058/2142 3543/1059/2141
f 3021/480/1922 3991/1731/2630 4123/1730/1920 4118/479/1923
f 3589/1234/2258 3600/1356/2345 3588/1357/2344 3590/1259/2279
f 3672/1175/2205 3722/1523/2462 3659/1521/2460 3678/1174/2206
f 3471/1308/2312 3445/1309/2311 3967/304/1811 3964/261/1770
f 4137/1410/2382 3515/1328/2326 3960/248/1758 4138/262/1772
f 3476/1301/2303 3471/1308/2312 3964/261/1770 3963/255/1764
f 3477/1300/2304 3476/1301/2303 3963/255/1764 3962/253/1762
f 3497/1324/2322 3477/1300/2304 3962/253/1762 3961/251/1759
f 3515/1328/2326 3497/1324/2322 3961/251/1759 3960/248/1758
f 2945/1732/1847 4002/1733/2631 3958/1528/2466 3508/1526/2465
f 4001/1734/1948 3496/1735/2632 4002/1733/2631 2945/1732/1847
f 2984/399/564 3407/1067/564 4000/1736/564 3971/398/564
f 4038/264/1774 3998/1029/2117 3973/1022/2113 4006/1737/2633
f 4006/1737/2633 3973/1022/2113 3999/1023/2114 4027/1738/1839
f 2953/887/564 3980/1740/1840 3997/1739/2634 3255/308/564
f 3023/468/1917 3992/1741/2635 3991/1731/2630 3021/480/1922
f 4044/1742/564 4043/495/564 3996/496/564 4025/1743/564
f 3027/483/1927 3994/1745/2636 3995/1744/2637 3029/482/1928
f 3026/486/1930 3993/343/1833 3994/1745/2636 3027/483/1927
f 4119/1746/2638 4122/342/1830 3993/343/1833 3026/486/1930
f 3029/482/1928 3995/1744/2637 3982/1747/2639 2957/276/1785
f 4031/1748/1589 3970/409/1873 3990/410/564 4021/1749/564
f 4084/1750/564 4083/407/564 3989/405/564 4020/1751/564
f 4020/1751/564 3989/405/564 3988/401/564 4019/1752/564
f 4019/1752/564 3988/401/564 3987/402/564 4018/1753/564
f 4050/397/564 4147/1755/564 4154/1754/564
f 2955/270/1778 3977/1757/2640 3976/1756/2641 2948/269/1779
f 3255/308/564 3997/1739/2634 3969/1758/1840 2982/307/1813
f 2946/1015/1757 3968/1760/2642 3999/1759/2114 3387/1014/2107
f 4132/287/1797 4140/1762/2643 3975/1761/2644 2963/284/1792
f 4238/485/1929 4261/1763/2645 4119/1746/2638 3026/486/1930
f 2969/292/1801 3983/1765/2646 3981/1764/2647 2967/290/1799
f 2951/272/1781 3978/1766/2648 3977/1757/2640 2955/270/1778
f 2973/296/1805 3985/1768/2649 3984/1767/2650 2971/294/1803
f 2957/276/1785 3982/1747/2639 3978/1766/2648 2951/272/1781
f 2967/290/1799 3981/1764/2647 3979/1769/2651 2965/288/1796
f 2959/279/1789 3986/1770/2652 3992/1741/2635 3023/468/1917
f 2971/294/1803 3984/1767/2650 3983/1765/2646 2969/292/1801
f 2961/280/1788 3974/1771/2653 3986/1770/2652 2959/279/1789
f 2948/269/1779 3976/1756/2641 3980/1772/2654 2953/275/1783
f 4248/313/564 2983/314/564 3972/1774/564 4255/1773/564
f 2982/315/1816 3969/1775/1814 3972/1774/1814 2983/314/1816
f 3388/301/1810 3998/1029/2117 3985/1768/2649 2973/296/1805
f 1560/1776/564 4019/1752/564 4018/1753/564 1558/1777/564
f 1562/1778/564 4020/1751/564 4019/1752/564 1560/1776/564
f 2685/1779/564 4084/1750/564 4020/1751/564 1562/1778/564
f 1524/1780/1605 4031/1748/1589 4021/1749/564 1564/1781/564
f 2646/1782/564 4044/1742/564 4025/1743/564 1603/1783/564
f 1509/1784/1606 4006/1737/2633 4027/1738/1839 1989/1785/603
f 1988/267/526 4038/264/1774 4006/1737/2633 1509/1784/1606
f 3968/1786/2642 3579/1789/2655 2943/1788/2656 4030/1787/1838
f 2946/245/1757 3959/246/1756 3579/1789/2655 3968/1786/2642
f 2944/1332/1908 4029/1333/2329 3496/1735/2632 4001/1734/1948
f 2975/1036/2120 4026/1125/2175 4017/1126/2178 2990/1035/2121
f 3971/398/564 4000/1736/564 4028/1066/564 4004/492/564
f 3980/1740/1840 4034/884/2054 4037/354/1840 3997/1739/2634
f 2975/447/1907 2944/448/1908 4001/521/1948 4026/520/1947
f 2981/393/1869 4049/490/1933 4145/396/1872 4144/392/1870
f 3992/1741/2635 4023/330/1824 4022/471/1919 3991/1731/2630
f 3994/1745/2636 4035/487/1931 4036/469/1918 3995/1744/2637
f 3993/343/1833 4024/344/1832 4035/487/1931 3994/1745/2636
f 3995/1744/2637 4036/469/1918 4012/336/1827 3982/1747/2639
f 3977/1757/2640 4008/340/1829 4033/318/1817 3976/1756/2641
f 3997/1739/2634 4037/354/1840 4003/355/1840 3969/1758/1840
f 3968/1760/2642 4030/350/1838 4027/351/1839 3999/1759/2114
f 4140/1762/2643 4141/346/1834 4007/347/1837 3975/1761/2644
f 3991/1731/2630 4022/471/1919 4125/472/1920 4123/1730/1920
f 3983/1765/2646 4013/327/1823 4011/332/1825 3981/1764/2647
f 3978/1766/2648 4009/337/1828 4008/340/1829 3977/1757/2640
f 3985/1768/2649 4015/265/1775 4014/326/1822 3984/1767/2650
f 3982/1747/2639 4012/336/1827 4009/337/1828 3978/1766/2648
f 3981/1764/2647 4011/332/1825 4010/333/1826 3979/1769/2651
f 3986/1770/2652 4016/323/1821 4023/330/1824 3992/1741/2635
f 3984/1767/2650 4014/326/1822 4013/327/1823 3983/1765/2646
f 3974/1771/2653 4032/322/1819 4016/323/1821 3986/1770/2652
f 3976/1756/2641 4033/318/1817 4034/319/1818 3980/1772/2654
f 4255/1773/564 3972/1774/564 4005/310/564 4256/316/564
f 3969/1775/1814 4003/309/1814 4005/310/1814 3972/1774/1814
f 3998/1029/2117 4038/264/1774 4015/265/1775 3985/1768/2649
f 4030/1787/1838 2943/1788/2656 2634/1791/1609 1476/1790/604
f 2960/1158/2162 3727/1466/2417 3435/1304/2308 3451/1305/2307
f 3551/1287/2295 4115/1303/2305 3435/1304/2308 3516/1286/2296
f 4229/1792/1787 4258/1795/2657 4108/1794/2658 2961/1793/1788
f 3705/1593/2521 3712/1589/2517 3714/1586/2514 3720/1595/2522
f 3717/1557/1934 3711/1503/2446 3720/1595/2522 3714/1586/2514
f 3007/892/564 2993/386/1854 4039/1796/564 4143/897/564
f 2993/386/1854 3001/1798/2479 3692/1797/2478 4039/1796/564
f 3987/402/564 3008/403/564 4040/498/564 4043/495/564
f 4042/898/564 4142/899/564 4045/1799/564 4041/893/564
f 3032/1800/2659 3030/497/2660 4040/498/2661 4042/1801/2662
f 3032/1802/2663 4042/898/564 4041/893/564 3257/894/2059
f 1558/1777/564 4018/1753/564 4044/1742/564 2646/1782/564
f 4045/1799/564 3690/1803/2454 3691/896/2057 4041/893/564
f 4018/1753/564 3987/402/564 4043/495/564 4044/1742/564
f 3618/1471/2424 3615/1426/2392 3503/1264/754 3604/1265/754 3619/1472/754
f 4039/1796/564 3692/1797/2478 3690/1803/2454 4045/1799/564
f 4142/899/564 4143/897/564 4039/1796/564 4045/1799/564
f 3031/895/2058 3689/1805/2482 4046/1804/2664 3257/894/2059
f 3030/497/2660 3032/1800/2659 4049/420/1885 4047/400/1884
f 3257/894/2059 4046/1804/2664 3697/1806/2665 3032/1802/2663
f 3032/1802/2663 3697/1806/2665 4146/1807/2666 4049/490/1933
f 3996/496/564 3030/497/564 4047/400/564 4050/397/564
f 3711/1808/2446 3717/499/1934 4048/489/1932 4052/1809/2667
f 1603/1783/564 4025/1743/564 4051/493/564 2653/494/564
f 4052/1809/2667 4048/489/1932 4049/490/1933 4146/1807/2666
f 4046/1804/2664 4052/1809/2667 4146/1807/2666 3697/1806/2665
f 3689/1805/2482 3711/1808/2446 4052/1809/2667 4046/1804/2664
f 2996/368/1960 4054/365/1961 4058/531/1955 3046/532/1954
f 4089/1810/754 4088/530/754 4058/531/1955 4062/1811/1955
f 2993/1812/2668 4053/1815/2669 3688/1814/2480 3001/1813/2479
f 4064/1816/2503 4053/373/1853 4055/369/1849 4061/1817/2670
f 4061/1817/2670 4055/369/1849 4059/370/1852 4063/1818/1852
f 4060/1819/1848 4054/365/1848 4056/366/1848 4065/1820/1848
f 4067/1726/1848 4060/1819/1848 4065/1820/1848 4070/1821/1848
f 3696/1822/2670 4061/1817/2670 4063/1818/1852 3699/1823/1852
f 4069/1824/2503 4064/1816/2503 4061/1817/2670 3696/1822/2670
f 4090/1556/754 4089/1810/754 4062/1811/1955 3698/1555/1955
f 4054/365/1961 4060/1819/1961 4062/1811/1955 4058/531/1955
f 4053/1815/2669 4064/1826/2485 3655/1825/2458 3688/1814/2480
f 3686/1512/2455 3693/1537/2477 3670/1518/754 3652/1164/754
f 3701/1573/2503 4069/1824/2503 3696/1822/2670 4066/1543/2481
f 4066/1543/2481 3696/1822/2670 3699/1823/1852 3709/1542/1852
f 3495/542/1848 4067/1726/1848 4070/1821/1848 3700/1550/1848
f 4060/1819/1961 4067/1726/1961 3698/1555/1955 4062/1811/1955
f 4064/1826/2485 4069/1547/2485 3656/1548/2459 3655/1825/2458
f 3865/1827/2579 3855/1830/2575 4073/1829/1858 2947/1828/1857
f 3832/1831/2562 3820/1834/2551 3702/1833/2671 4071/1832/2672
f 3855/1830/2575 3843/1836/2564 4072/1835/2673 4073/1829/1858
f 3843/1836/2564 3832/1831/2562 4071/1832/2672 4072/1835/2673
f 3820/1834/2551 3002/1838/1861 2994/1837/1860 3702/1833/2671
f 4071/1832/2672 3702/1833/2671 2994/1837/1860 4072/1835/2673
f 3699/1823/1852 4063/1818/1852 4086/1840/754 4087/1839/754
f 4063/1818/1852 4059/370/1852 4085/1841/754 4086/1840/754
f 2702/1842/564 4098/1843/564 4084/1750/564 2685/1779/564
f 4098/1843/564 4097/1844/564 4083/407/564 4084/1750/564
f 3709/1542/1852 3699/1823/1852 4087/1839/754 4082/1845/754
f 3049/536/1958 3709/1542/1852 4082/1845/754 4080/535/1959
f 4091/538/564 4075/889/564 4081/383/564 4068/1846/564
f 2999/890/1850 4075/889/564 4079/1848/2674 3047/1847/1851
f 4092/375/1855 4076/534/1956 4080/535/1959 4096/1529/2468
f 4059/370/1852 3047/371/1851 4079/1849/2674 4085/1841/754
f 3006/417/1881 3010/406/1880 4078/408/2675 4077/1850/2676
f 4097/1844/564 4094/415/564 4078/408/564 4083/407/564
f 4068/1846/564 4081/383/564 4077/384/564 4093/1851/564
f 2998/537/1957 4076/534/1956 4072/1853/2673 2994/1852/1860
f 3259/390/564 4068/1846/564 4093/1851/564 3005/389/564
f 3990/410/564 3011/411/564 4094/415/564 4097/1844/564
f 2997/378/1856 4092/375/1855 4096/1529/2468 3048/544/1962
f 2996/541/564 4091/538/564 4068/1846/564 3259/390/564
f 4021/1749/564 3990/410/564 4097/1844/564 4098/1843/564
f 1564/1781/564 4021/1749/564 4098/1843/564 2702/1842/564
f 4087/1839/754 4086/1840/754 4089/1810/754 4090/1556/754
f 4086/1840/754 4085/1841/754 4088/530/754 4089/1810/754
f 4082/1845/754 4087/1839/754 4090/1556/754 4074/1530/754
f 4080/535/1959 4082/1845/754 4074/1530/754 4096/1529/2468
f 4075/889/564 4091/538/564 4095/539/1953 4079/1848/2674
f 4085/1841/754 4079/1849/2674 4095/533/1953 4088/530/754
f 4077/1850/2676 4078/408/2675 4094/415/1876 4093/414/1876
f 4076/534/1956 4092/375/1855 4073/376/1858 4072/1853/2673
f 3818/1639/2566 3830/1643/2570 3858/1678/2588 3514/1167/2198
f 3841/1661/2578 3853/1666/2581 3823/1670/2585 3846/1679/2587
f 3823/1670/2585 3514/1167/2198 3858/1678/2588 3846/1679/2587
f 3514/1167/2198 3823/1670/2585 4099/1854/2677 3000/1140/2179
f 3823/1670/2585 4182/1671/2584 4181/1855/2678 4099/1854/2677
f 4099/1854/2677 4100/1856/2679 3417/522/1949 3000/1140/2179
f 4181/1855/2678 4101/1857/2680 4100/1856/2679 4099/1854/2677
f 4100/1858/2679 4102/1859/2681 3416/1098/1912 3417/1099/1949
f 4101/1860/2680 4103/1861/2682 4102/1859/2681 4100/1858/2679
f 4102/1862/2681 2713/1863/1635 1567/459/685 3416/460/1912
f 4103/1864/2682 2714/1865/1636 2713/1863/1635 4102/1862/2681
f 3629/1502/754 3532/1866/754 3625/1501/754
f 3625/1501/754 3466/1867/754 3623/1500/754
f 3466/1867/754 3627/1869/754 3509/1868/754 3623/1500/754
f 3627/1869/754 3534/1872/754 3628/1871/754 3443/1870/754
f 3628/1871/754 3457/1875/754 3624/1874/754 3513/1873/754
f 3457/1875/754 3628/1871/754 3534/1872/754 3630/1876/754
f 3534/1872/754 3627/1869/754 3466/1867/754 3626/1877/754
f 3451/1878/2307 4104/1881/2306 4107/1880/2683 4110/1879/2684
f 4258/1795/2657 4257/1883/2685 4105/1882/2686 4108/1794/2658
f 2960/1884/2162 3451/1878/2307 4110/1879/2684 3398/1885/2163
f 4104/1881/2306 4111/1082/2158 4114/1083/2161 4107/1880/2683
f 4257/1883/2685 4259/282/1790 4112/283/1793 4105/1882/2686
f 4115/1303/2305 3526/1319/2317 4111/1886/2158 4104/1306/2306
f 2962/1147/2159 4111/1886/2158 3526/1319/2317 3498/1146/2185
f 3575/1298/2300 3522/1195/2226 3512/1196/2225 3583/1297/2299
f 3566/1372/2357 3490/1058/2142 3483/1295/2298 3482/1296/2297
f 4116/1057/2139 3490/1058/2142 3566/1372/2357 4117/1887/2218
f 4121/1189/2217 4120/1061/2143 4116/1062/2139 4117/1188/2218
f 4123/1730/1920 4122/342/1830 4119/1746/2638 4118/479/1923
f 4260/478/1924 4261/1763/2645 4120/1061/2143 4121/1189/2217
f 4125/472/1920 4124/345/1831 4122/342/1830 4123/1730/1920
f 2731/473/699 2732/476/702 4124/345/1831 4125/472/1920
f 3566/1372/2357 3504/1253/2272 3020/1250/2138 4117/1887/2218
f 2987/1888/1836 4127/1891/1835 4130/1890/2687 4113/1889/2688
f 4113/1889/2688 4130/1890/2687 4128/1893/2689 4106/1892/2690
f 4106/1892/2690 4128/1893/2689 4129/1895/2691 4109/1894/2692
f 4109/1894/2692 4129/1895/2691 4126/1897/2693 2986/1896/1820
f 4127/1891/1835 2745/1899/1649 2748/1898/1648 4130/1890/2687
f 4130/1890/2687 2748/1898/1648 2746/1900/1650 4128/1893/2689
f 4128/1893/2689 2746/1900/1650 2747/1901/1651 4129/1895/2691
f 4129/1895/2691 2747/1901/1651 2744/1902/1652 4126/1897/2693
f 3979/1769/2651 4010/333/1826 4141/346/1834 4140/1762/2643
f 2965/288/1796 3979/1769/2651 4140/1762/2643 4132/287/1797
f 3436/1465/2416 4137/1410/2382 4138/262/1772 3452/1359/2346
f 3013/524/2281 4133/434/2486 4139/1409/2381 3449/1470/2421
f 3449/1470/2421 4139/1409/2381 4137/1410/2382 3436/1465/2416
f 3421/1105/1896 4135/1100/1895 4136/1101/1909 3420/1104/1915
f 2962/1085/2159 4131/1080/1773 4134/1081/2157 3399/1084/2160
f 3420/466/1915 4136/451/1909 2751/452/680 1569/465/691
f 3419/525/1950 4135/433/1895 4133/434/1898 3013/524/1951
f 4010/333/1826 1533/334/585 4127/349/1835 4141/346/1834
f 4230/285/1791 4262/286/1794 4132/287/1797 2963/284/1792
f 3452/1359/2346 4138/262/1772 4131/263/1773 2962/1147/2159
f 4127/349/1835 1533/334/585 2745/1903/1649
f 1530/1904/575 2986/1896/1820 4126/1897/2693 2744/1902/1652
f 2943/1788/2656 4029/1333/2329 2632/1334/1259 2634/1791/1609
f 3496/1905/2632 4199/1908/2694 4197/1907/2695 4002/1906/2631
f 3613/1909/1755 4202/1909/2696 4201/1911/2697 3959/1910/1756
f 2943/1912/2656 4195/1915/2698 4200/1914/2699 4029/1913/2329
f 4042/1801/2662 4040/498/2661 3008/403/1882 3007/418/1882
f 4155/1916/564 4154/1919/2700 4147/1918/2701 4151/1917/2702
f 4051/493/564 4150/1921/564 4153/1920/564
f 3971/398/564 4151/1922/564 4147/1755/564 4050/397/564
f 4004/492/564 4149/1924/564 4152/1923/564
f 4153/1925/2703 4150/1926/2704 4154/1919/2700 4155/1916/564
f 4149/1927/2705 4153/1925/2703 4155/1916/564 4152/1928/2706
f 4152/1928/2706 4155/1916/564 4151/1917/2702 4148/1929/2707
f 3603/1315/754 3624/1483/754 3457/1489/754
f 4152/1923/564 4148/1930/564 3971/398/564 4004/492/564
f 4153/1920/564 4149/1924/564 4004/492/564 4051/493/564
f 4154/1754/564 4150/1921/564 4051/493/564 4050/397/564
f 4151/1922/564 3971/398/564 4148/1930/564
f 4164/1931/564 4163/1934/2700 4156/1933/2701 4160/1932/2702
f 4162/1935/2703 4159/1926/2704 4163/1934/2700 4164/1931/564
f 4158/1936/2705 4162/1935/2703 4164/1931/564 4161/1928/2706
f 4161/1928/2706 4164/1931/564 4160/1932/2702 4157/1937/2707
f 4158/1938/564 4161/1939/564 4051/493/564
f 4157/1940/564 4160/1941/564 4050/397/564
f 3996/496/564 4156/1943/564 4163/1942/564
f 4025/1743/564 4159/1945/564 4162/1944/564
f 4025/1743/564 4162/1944/564 4158/1938/564 4051/493/564
f 4051/493/564 4161/1939/564 4157/1940/564 4050/397/564
f 4050/397/564 4160/1941/564 4156/1943/564 3996/496/564
f 4025/1743/564 3996/496/564 4163/1942/564 4159/1945/564
f 4165/1946/2708 4167/628/2000 4166/1947/2709
f 4168/632/2004 4170/1948/2710 4169/629/2003
f 4171/1949/2711 4166/1950/2712 4172/631/2001
f 4173/1951/2005 4174/630/2002 4170/1952/2713
f 2784/1953/1673 2785/1954/1673 4165/1946/2708 4166/1947/2709
f 2789/633/1674 2790/1955/1674 4170/1948/2710 4168/632/2004
f 4169/629/2003 4170/1948/2710 4166/1947/2709 4167/628/2000
f 2794/1956/1675 2784/1957/1675 4166/1950/2712 4171/1949/2711
f 2790/1958/1676 2797/1959/1676 4173/1951/2005 4170/1952/2713
f 4170/1952/2713 4174/630/2002 4172/631/2001 4166/1950/2712
f 4168/632/2004 4169/629/2003 4174/630/2002 4173/1951/2005
f 4171/1949/2711 4172/631/2001 4167/628/2000 4165/1946/2708
f 2785/1954/1677 2794/1961/1677 4171/1960/2711 4165/1946/2708
f 4194/1962/754 4193/1965/754 4179/1964/754 4180/1963/754
f 4176/1966/754 4178/1968/754 4177/1967/754 4175/569/754
f 2979/560/1965 4178/1970/1965 4176/1969/2714 2978/563/2714
f 4192/1971/2714 4194/1973/2714 4180/1972/2715 3052/1972/2716
f 3052/570/2716 4180/1975/2715 4179/1974/2717 3053/566/2718
f 2976/550/1970 4175/569/1969 4177/1967/1964 2977/551/1963
f 3863/1976/755 2809/1979/755 2813/1978/755 3866/1977/755
f 4103/1980/755 3864/1983/755 2810/1982/755 2714/1981/755
f 2947/1984/755 2806/1987/755 2811/1986/755 3865/1985/755
f 3863/1976/755 3865/1985/755 2811/1986/755 2809/1979/755
f 3864/1983/755 3866/1977/755 2813/1978/755 2810/1982/755
f 2980/1988/1866 2807/1990/755 3260/1989/1863
f 4056/1991/755 2815/1994/755 2816/1993/755 4065/1992/755
f 4065/1992/755 2816/1993/755 2817/1996/755 4070/1995/755
f 3260/1989/1863 2807/1990/755 2995/1997/2055
f 2995/1997/2055 2807/1990/755 2815/1994/755 4056/1991/755
f 4185/1998/567 3863/1976/567 3866/1977/567 4186/1999/567
f 4182/2000/755 3864/1983/755 4103/1980/755 4181/2001/755
f 3864/1983/755 4183/2003/755 4184/2002/755 3866/1977/755
f 3700/2004/755 2808/2005/755 2806/1987/755 2947/1984/755
f 2985/2006/1874 3970/2007/1873 2807/1990/755 2980/1988/1866
f 4070/1995/755 2817/1996/755 2808/2005/755 3700/2004/755
f 3970/2007/1873 4031/2009/1589 1524/2008/1605 2807/1990/755
f 4103/1980/755 4101/2010/755 4181/2001/755
f 4188/2011/755 3865/1985/755 3863/1976/755 4187/2012/755
f 2978/563/2714 4176/1969/2714 4194/1973/2714 4192/1971/2714
f 4176/1966/754 4175/569/754 4193/1965/754 4194/1962/754
f 3053/566/2718 4179/1974/2717 4193/565/1968 4189/565/1967
f 2976/550/1683 3056/548/1683 4190/568/759 4189/565/759
f 3057/2013/755 2978/2014/755 4192/559/755 4191/556/755
f 3056/548/743 3057/549/743 4191/555/743 4190/552/743
f 4195/2015/2698 4196/2018/2719 4199/2017/2694 4200/2016/2699
f 4197/2019/2695 4199/2017/2694 4196/2018/2719 4201/2020/2697
f 4197/2019/2695 4201/2020/2697 4202/2022/2696 4198/2021/2720
f 3958/564/2466 4198/564/2720 4202/564/2696 3613/564/1755
f 3579/2023/2655 4196/2024/2719 4195/1915/2698 2943/1912/2656
f 4002/1906/2631 4197/1907/2695 4198/2026/2720 3958/2025/2466
f 3959/1910/1756 4201/1911/2697 4196/2024/2719 3579/2023/2655
f 4029/1913/2329 4200/1914/2699 4199/1908/2694 3496/1905/2632
f 4206/1115/2173 4205/1116/2065 4208/943/972 4207/947/2068
f 4210/946/2066 4209/937/2060 4204/938/754 4203/2027/754
f 4207/947/2068 4208/943/972 4209/937/2060 4210/946/2066
f 4203/1119/1099 4204/944/979 4205/945/2065 4206/1118/2173
f 4214/960/2075 4213/1120/2174 4216/967/2081 4215/959/2076
f 4218/963/2079 4217/965/2080 4212/1117/754 4211/1122/754
f 4215/959/2076 4216/967/2081 4217/965/2080 4218/963/2079
f 4211/964/998 4212/1121/1101 4213/1120/2174 4214/960/2075
f 4203/2027/754 3336/950/754 3334/948/2067 4210/946/2066
f 4303/2028/2721 4278/2031/2722 4223/2030/2723 4288/2029/2724
f 4302/2032/2725 4277/2035/2726 4222/2034/2727 4287/2033/2728
f 4301/2036/2729 4287/2039/2730 4222/2038/2731 4283/2037/2732
f 4300/2040/2733 4277/2043/2734 4223/2042/2735 4282/2041/2736
f 4299/2044/2737 4273/2047/2738 4219/2046/2739 4284/2045/2740
f 4298/2048/2741 4279/2051/2742 4221/2050/2743 4280/2049/2744
f 4297/2052/2745 4289/2055/2746 4265/2054/2747 4290/2053/2748
f 4296/2056/2749 4275/2059/2750 4263/2058/2751 4291/2057/2752
f 4295/2060/2753 4292/2063/2754 4263/2062/2755 4275/2061/2756
f 4294/2064/2757 4293/2067/2758 4264/2066/2759 4276/2065/2760
f 3399/1084/2160 4134/1081/2157 4262/286/1794 4230/285/1791
f 4118/479/1923 4119/1746/2638 4261/1763/2645 4260/478/1924
f 4107/1880/2683 4114/1083/2161 4259/282/1790 4257/1883/2685
f 4110/1879/2684 4107/1880/2683 4257/1883/2685 4258/1795/2657
f 3398/1885/2163 4110/1879/2684 4258/1795/2657 4229/1792/1787
f 4000/1736/564 4255/1773/564 4256/316/564 4028/1066/564
f 3407/1067/564 4248/313/564 4255/1773/564 4000/1736/564
f 3410/1052/2132 4120/1061/2143 4261/1763/2645 4238/485/1929
f 2946/1015/1757 4243/1012/2106 4272/2069/2761 3721/2068/1754
f 1574/1134/755 2871/1135/755 4252/1136/755 2974/1133/755
f 3414/1040/2122 4240/1032/2108 4246/1016/2109 3405/1039/2123
f 3405/1039/2123 4246/1016/2109 4251/302/1809 3415/1042/2125
f 3386/1455/2119 4243/1012/2106 4240/1013/2108 3414/2070/2122
f 3395/1044/564 4245/886/564 4250/305/564 3413/1043/564
f 3396/1046/2130 3412/1047/2129 4239/481/1925 4227/277/1784
f 3410/1052/2132 4238/485/1929 4249/484/1926 3411/1051/2133
f 3409/1056/2136 4237/467/1916 4236/477/1921 3408/1055/2137
f 3412/1047/2129 3411/1051/2133 4249/484/1926 4239/481/1925
f 3408/1055/2137 4236/477/1921 4260/478/1924 4121/1189/2217
f 3409/1056/2136 3397/1063/2145 4228/278/1786 4237/467/1916
f 3043/1128/2176 4241/421/1886 4252/422/1886 3389/1127/2177
f 3391/2071/1842 3383/2072/1841 4241/364/1845 4242/299/1808
f 4028/1066/564 4256/316/564 2885/317/564 2010/1065/564
f 3406/1068/2146 4247/312/1815 4248/313/1815 3407/1067/2146
f 3413/1043/564 4250/305/564 4247/306/564 3406/1069/564
f 3404/1071/2148 3415/1042/2125 4251/302/1809 4235/297/1804
f 3508/2073/2465 4268/2074/2762 2945/362/1847
f 3403/1073/2150 3404/1071/2148 4235/297/1804 4234/295/1802
f 3402/1075/2152 3403/1073/2150 4234/295/1802 4233/293/1800
f 3401/1077/2154 3402/1075/2152 4233/293/1800 4232/291/1798
f 3400/1079/2156 3401/1077/2154 4232/291/1798 4231/289/1795
f 4134/1081/2157 3400/1079/2156 4231/289/1795 4262/286/1794
f 4114/1083/2161 3399/1084/2160 4230/285/1791 4259/282/1790
f 3397/1063/2145 3398/1086/2163 4229/281/1787 4228/278/1786
f 3394/1089/2165 3396/1046/2130 4227/277/1784 4226/273/1780
f 3395/1091/2169 3392/1092/2168 4244/268/1776 4245/274/1782
f 3393/1095/2171 3394/1089/2165 4226/273/1780 4225/271/1777
f 3392/1092/2168 3393/1095/2171 4225/271/1777 4244/268/1776
f 4279/2075/2763 4265/2076/2764 4293/2067/2758 4294/2064/2757
f 4221/2077/2765 4279/2075/2763 4294/2064/2757 4274/2078/2766
f 4274/2078/2766 4294/2064/2757 4276/2065/2760 4220/2079/2767
f 4276/2065/2760 4264/2066/2759 4292/2063/2754 4295/2060/2753
f 4220/2079/2767 4276/2065/2760 4295/2060/2753 4273/2080/2768
f 4273/2080/2768 4295/2060/2753 4275/2061/2756 4219/2081/2769
f 4284/2045/2740 4219/2046/2739 4275/2059/2750 4296/2056/2749
f 3508/2082/2770 4284/2045/2740 4296/2056/2749 4268/2083/2771
f 4268/2083/2771 4296/2056/2749 4291/2057/2752 4253/2084/2772
f 4281/1491/2439 4224/1492/2438 4289/2055/2746 4297/2052/2745
f 3965/2085/2773 4281/1491/2439 4297/2052/2745 4286/2086/2774
f 4286/2086/2774 4297/2052/2745 4290/2053/2748 4254/2087/2775
f 4290/2053/2748 4265/2054/2747 4279/2051/2742 4298/2048/2741
f 4254/2087/2775 4290/2053/2748 4298/2048/2741 4272/2088/2776
f 4272/2088/2776 4298/2048/2741 4280/2049/2744 3721/2089/2777
f 4269/1552/2490 4220/1553/2489 4273/2047/2738 4299/2044/2737
f 3616/2090/2778 4269/1552/2490 4299/2044/2737 4266/2091/2779
f 4266/2091/2779 4299/2044/2737 4284/2045/2740 3508/2082/2770
f 4283/2037/2732 4222/2038/2731 4277/2043/2734 4300/2040/2733
f 3643/2092/2780 4283/2037/2732 4300/2040/2733 4270/2093/2781
f 4270/2093/2781 4300/2040/2733 4282/2041/2736 3459/2094/2782
f 4291/2057/2752 4263/2058/2751 4287/2039/2730 4301/2036/2729
f 4253/2084/2772 4291/2057/2752 4301/2036/2729 4285/2095/2783
f 4285/2095/2783 4301/2036/2729 4283/2037/2732 3643/2092/2780
f 4288/2029/2724 4223/2030/2723 4277/2035/2726 4302/2032/2725
f 4264/2066/2759 4288/2029/2724 4302/2032/2725 4292/2063/2754
f 4292/2063/2754 4302/2032/2725 4287/2033/2728 4263/2062/2755
f 4289/2096/2784 4224/2097/2785 4278/2031/2722 4303/2028/2721
f 4265/2076/2764 4289/2096/2784 4303/2028/2721 4293/2067/2758
f 4293/2067/2758 4303/2028/2721 4288/2029/2724 4264/2066/2759
f 4280/2049/2744 4221/2050/2743 4274/1554/2488 4304/1551/2487
f 3721/2089/2777 4280/2049/2744 4304/1551/2487 4267/2098/2786
f 4267/2098/2786 4304/1551/2487 4269/1552/2490 3616/2090/2778
f 4282/2041/2736 4223/2042/2735 4278/1493/2437 4305/1490/2436
f 3459/2094/2782 4282/2041/2736 4305/1490/2436 4271/2099/2787
f 4271/2099/2787 4305/1490/2436 4281/1491/2439 3965/2085/2773
f 4243/1012/2106 4254/2100/2788 4272/2069/2761
f 4286/1453/2410 4254/2100/2788 4243/1012/2106
f 4271/1468/2419 3965/1030/2118 3966/1018/2111
f 4270/1478/2428 3459/1467/2418 3434/1421/2388 3664/1418/2387
f 4285/300/1807 3643/2101/2427 3391/2071/1842 4242/299/1808
f 4268/2074/2762 4253/298/1806 4242/299/1808 2945/362/1847
f 3703/1498/2444 3616/1496/2443 4266/1527/2467
f 3613/247/1755 3721/244/1754 4267/1497/2445
o Truck_Inside
v 0.759051 1.046376 -0.240435
v 0.759051 1.796775 -0.240435
v 0.759051 1.046376 -0.739385
v 0.759051 1.796775 -0.739385
v 0.889419 1.046376 -0.240435
v 0.889419 1.796775 -0.240435
v 0.889419 1.046376 -0.739385
v 0.889419 1.796775 -0.739385
v 0.783020 1.796775 -0.278938
v 0.783020 1.796775 -0.700881
v 0.867102 1.796775 -0.700881
v 0.867102 1.796775 -0.278938
v 0.783020 1.912603 -0.278938
v 0.783020 1.912603 -0.700881
v 0.867102 1.912603 -0.700881
v 0.867102 1.912603 -0.278938
v 1.415876 1.972655 -0.965778
v 1.455526 2.170513 -0.925214
v 1.506972 1.916611 -0.926982
v 1.528467 2.068060 -0.868409
v 1.502222 1.423887 -0.937443
v 1.455526 2.231971 0.000888
v 1.520924 2.192260 -0.036157
v 1.684363 1.629299 -0.035794
v 1.198649 2.046829 -0.965433
v 1.229732 2.260166 -0.925214
v 1.229737 2.321625 0.000000
v 1.347632 2.017510 -0.965667
v 1.383410 2.201788 -0.925214
v 1.383380 2.263257 0.000000
v 0.774182 2.156323 -0.961989
v 0.543398 2.299036 -0.960650
v 0.787172 2.321678 -0.925214
v 0.543398 2.438431 -0.925214
v 0.543398 2.499873 0.000888
v 0.787177 2.383130 0.000888
v 1.446049 2.107622 -0.979879
v 1.514612 2.005804 -0.939514
v 1.225006 2.203905 -0.979879
v 1.372673 2.151011 -0.979879
v 0.781625 2.270580 -0.979879
v 0.543398 2.393461 -0.979879
v 1.499942 1.155741 -0.943780
v 1.487649 1.514843 -0.965859
v 0.760983 1.518014 -0.966440
v 1.435058 1.358406 -0.966440
v 0.789035 1.965385 -0.966440
v 1.308347 1.943108 -0.968348
v 1.266463 1.373340 -0.966440
v 1.349894 1.202040 -0.936584
v 1.183095 1.950287 -0.966440
v 1.560976 1.790441 -0.928968
v 1.493981 1.295534 -0.942144
v 0.790166 1.989432 -0.971178
v 1.462239 1.619543 -0.966413
v 1.486143 1.195352 -0.982673
v 1.315464 1.295564 -0.927039
v 1.469501 1.295564 -0.976747
v 1.153796 1.388850 -0.972954
v 1.202592 1.382133 -0.972954
v 1.192425 1.220991 -0.936584
v 1.241417 1.171489 -0.936584
v 1.126534 1.952390 -0.972954
v 1.061722 1.946491 -0.971795
v 1.176165 1.295564 -0.928270
v 1.225005 1.295564 -0.928270
v 1.058630 1.998502 -0.971847
v 1.203599 1.513638 -0.972954
v 1.154867 1.514112 -0.972954
v 1.141538 1.629165 -0.972954
v 1.190179 1.628717 -0.972954
v 0.543398 1.481628 -0.976667
v 0.543398 1.261301 -0.936584
v 0.857922 1.235211 -0.936584
v 1.185015 1.980277 -0.967921
v 0.767248 1.943416 -0.968828
v 1.346249 1.925668 -0.967374
v 0.785498 1.190871 -0.936584
v 0.942741 1.231605 -0.936584
v 0.967053 1.958613 -0.966440
v 1.480304 1.639637 -0.968959
v 1.515619 1.158429 -0.977884
v 1.407871 1.812280 -0.966440
v 0.837093 1.971818 -0.971178
v 0.943930 1.971775 -0.970697
v 0.831471 1.295564 -0.927056
v 0.930070 1.295564 -0.927039
v 1.463082 1.369941 -0.966440
v 1.481486 1.449899 -0.966287
v 0.776433 1.476351 -0.966440
v 0.543398 1.632008 -0.976667
v 0.750243 1.632865 -0.971553
v 0.543398 1.295564 -0.929217
v 0.772774 1.295564 -0.928145
v 0.543398 2.011060 -0.972491
v 0.756979 2.008120 -0.971353
v 1.503986 1.295553 -0.974764
v 0.835966 1.962362 -0.966440
v 1.043826 1.403989 -0.966440
v 1.504145 1.550848 -0.968089
v 1.318726 1.967597 -0.969166
v 1.500567 1.327721 -0.971830
v 0.897916 1.430006 -0.966440
v 1.041898 1.179971 -0.936584
v 1.043206 1.295564 -0.927039
v 1.120208 1.983589 -0.971709
v 1.206190 1.397361 -0.972954
v 1.157331 1.402923 -0.972954
v 1.076685 1.930103 -0.972954
v 1.127514 1.929707 -0.972954
v 1.206715 1.463113 -0.972954
v 1.157889 1.465554 -0.972954
v 1.102873 1.824754 -0.972954
v 1.151611 1.823987 -0.972954
v 1.026471 1.985522 -0.971914
v 1.121860 1.393247 -0.969697
v 1.130935 1.295564 -0.927654
v 1.138186 1.223297 -0.936584
v 1.042355 1.956244 -0.969697
v 1.368179 1.940782 -0.968679
v 1.502729 1.489201 -0.968333
v 1.434345 1.834836 -0.967921
v 0.543398 1.997294 -0.976621
v 0.762358 1.910337 -0.969255
v 0.543398 1.942109 -0.976621
v 0.543398 1.818916 -0.976667
v 0.747141 1.824166 -0.971553
v 0.759434 1.994051 -0.973863
v 1.497938 1.394025 -0.969084
v 1.174139 1.709925 -0.972954
v 1.125458 1.710505 -0.972954
v 0.543398 1.709738 -0.976667
v 0.748953 1.712422 -0.971553
v 1.535887 2.115190 -0.729676
v 1.455526 2.179838 -0.786583
v 1.229733 2.274094 -0.718157
v 1.383406 2.211115 -0.786583
v 0.787176 2.359927 -0.718170
v 0.543398 2.485581 -0.718175
v 1.455526 2.205904 -0.399073
v 1.229735 2.295558 -0.399073
v 1.383393 2.237186 -0.399073
v 0.787177 2.374592 -0.399073
v 1.535887 2.153725 -0.370619
v 0.543398 2.497754 -0.399073
v 1.602167 1.694902 -0.924635
v 1.648633 1.873636 -0.036157
v 1.604025 2.013009 -0.036157
v 1.626320 1.637286 -0.922266
v 1.683546 1.747866 -0.036124
v 1.082815 2.067305 -0.965650
v 1.148344 2.051642 -0.965926
v 1.155154 2.276334 -0.925214
v 1.089520 2.287840 -0.925214
v 1.155105 2.337803 0.000888
v 1.089539 2.349295 0.000888
v 1.089706 2.227874 -0.979879
v 1.155412 2.216525 -0.979879
v 1.089532 2.301766 -0.718157
v 1.155123 2.290269 -0.718157
v 1.089537 2.323229 -0.399073
v 1.155111 2.311735 -0.399073
v 1.488674 2.192260 0.000888
v 1.643922 1.626673 0.000888
v 1.601420 1.873636 0.000888
v 1.556812 2.013009 0.000888
v 1.636523 1.747099 0.000888
v 1.450795 2.139120 -0.952501
v 1.521551 2.036984 -0.903902
v 1.227373 2.232082 -0.952501
v 1.378051 2.176442 -0.952501
v 0.784403 2.296171 -0.952501
v 0.543398 2.415984 -0.952501
v 1.155283 2.246479 -0.952501
v 1.089613 2.257907 -0.952501
v 1.503829 1.517210 -0.904072
v 1.484728 1.153134 -0.910684
v 1.484272 1.295515 -0.910488
v 1.541390 1.599534 -0.905694
v 1.473475 1.532382 -0.046740
v 1.485864 1.153134 -0.052311
v 1.485546 1.295685 -0.052311
v 1.495947 1.623946 -0.048272
v 1.528900 2.042813 -0.906668
v 1.535816 2.073889 -0.871175
v 1.543237 2.121019 -0.732442
v 1.611375 2.018838 -0.038119
v 1.544455 2.198089 -0.044201
v 1.541269 1.949819 -0.948155
v 1.521962 2.011633 -0.942279
v 1.543237 2.159554 -0.373385
v 1.594549 1.819102 -0.946724
v 1.690985 1.753334 -0.038098
v 1.655982 1.879465 -0.038119
v 1.641149 1.723625 -0.943648
v 1.663076 1.638569 -0.949031
v 1.706935 1.621863 -0.035954
v 1.690907 1.575455 -0.879150
v 1.493652 1.510170 -0.990942
v 0.752858 1.511265 -0.992449
v 1.439313 1.348532 -0.991542
v 0.782100 1.977613 -0.992449
v 1.308388 1.952675 -0.993514
v 1.265112 1.363961 -0.991542
v 1.178973 1.960092 -0.991542
v 1.467398 1.618351 -0.991515
v 1.162334 1.376622 -0.999239
v 1.199118 1.373047 -0.998273
v 1.120531 1.962265 -0.998273
v 1.066354 1.957917 -0.998031
v 1.200158 1.508924 -0.998273
v 1.163451 1.507197 -0.999239
v 1.149556 1.627131 -0.999239
v 1.186291 1.627830 -0.998273
v 0.759389 1.954712 -0.994938
v 1.347551 1.934654 -0.992508
v 0.967669 1.970554 -0.992449
v 1.411222 1.817496 -0.991543
v 1.468269 1.360450 -0.991542
v 1.487285 1.443066 -0.991384
v 0.768964 1.467834 -0.992449
v 0.741663 1.630988 -0.997779
v 0.831023 1.974462 -0.992449
v 1.047699 1.392404 -0.992449
v 0.895599 1.419524 -0.992449
v 1.202835 1.388781 -0.998273
v 1.166019 1.391292 -0.999239
v 1.081952 1.940835 -0.999239
v 1.121543 1.938828 -0.998273
v 1.203378 1.456720 -0.998273
v 1.166601 1.456580 -0.999239
v 1.109251 1.831017 -0.999239
v 1.146441 1.829593 -0.998273
v 1.129044 1.381205 -0.995844
v 1.046166 1.968084 -0.995844
v 0.754291 1.920230 -0.995383
v 0.738429 1.830404 -0.997779
v 1.169719 1.711738 -0.998273
v 1.132795 1.711922 -0.999239
v 0.740318 1.713920 -0.997779
v 0.759051 0.950193 -0.240435
v 0.759051 0.950193 -0.739385
v 0.889419 0.950193 -0.240435
v 0.889419 0.950193 -0.739385
v 1.362023 1.046376 -0.240435
v 1.362023 1.046376 -0.739385
v 1.362023 0.950193 -0.240435
v 1.362023 0.950193 -0.739385
v 1.791467 1.118010 -0.968794
v 1.837792 1.118010 -0.910684
v 1.838929 1.118010 -0.052311
v 1.837792 1.118010 -0.910684
v 1.838929 1.118010 -0.052311
v 1.518491 0.803132 -0.948598
v 0.785498 0.803132 -0.965159
v 1.515619 0.803132 -0.977884
v 1.791467 0.803132 -0.968794
v 1.837792 0.803132 -0.910684
v 1.841151 0.919340 -0.052311
v 1.499210 1.608211 -0.481497
v 1.474155 1.597152 -0.481497
v 1.476929 1.569906 -0.481497
v 1.503700 1.564125 -0.481497
v 1.517470 1.587798 -0.481497
v 1.494806 1.587816 -0.572911
v 1.470087 1.578316 -0.565927
v 1.473406 1.553591 -0.554625
v 1.500177 1.547810 -0.554625
v 1.513403 1.568962 -0.565927
v 1.482466 1.530672 -0.646220
v 1.458690 1.525538 -0.633634
v 1.463534 1.507877 -0.613269
v 1.490305 1.502096 -0.613269
v 1.502005 1.516184 -0.633634
v 1.464634 1.448096 -0.686903
v 1.442221 1.449271 -0.671209
v 1.449270 1.441819 -0.645815
v 1.476040 1.436038 -0.645815
v 1.485536 1.439917 -0.671209
v 1.444843 1.356443 -0.686903
v 1.423941 1.364622 -0.671209
v 1.433437 1.368501 -0.645815
v 1.460207 1.362720 -0.645815
v 1.467256 1.355268 -0.671209
v 1.427011 1.273867 -0.646220
v 1.407471 1.288355 -0.633634
v 1.419172 1.302443 -0.613269
v 1.445942 1.296662 -0.613269
v 1.450787 1.279001 -0.633634
v 1.414671 1.216723 -0.572911
v 1.396074 1.235577 -0.565927
v 1.409300 1.256729 -0.554625
v 1.436071 1.250948 -0.554625
v 1.439390 1.226223 -0.565927
v 1.410266 1.196328 -0.481497
v 1.392007 1.216741 -0.481497
v 1.405777 1.240414 -0.481497
v 1.432548 1.234633 -0.481497
v 1.435322 1.207387 -0.481497
v 1.414671 1.216723 -0.390083
v 1.396074 1.235577 -0.397068
v 1.409300 1.256729 -0.408369
v 1.436071 1.250948 -0.408369
v 1.439390 1.226223 -0.397068
v 1.427011 1.273867 -0.316775
v 1.407471 1.288355 -0.329361
v 1.419172 1.302443 -0.349725
v 1.445942 1.296662 -0.349725
v 1.450787 1.279001 -0.329361
v 1.444843 1.356443 -0.276092
v 1.423941 1.364622 -0.291786
v 1.433437 1.368501 -0.317180
v 1.460207 1.362720 -0.317180
v 1.467256 1.355268 -0.291786
v 1.464634 1.448096 -0.276092
v 1.442221 1.449271 -0.291786
v 1.449270 1.441819 -0.317180
v 1.476040 1.436038 -0.317180
v 1.485536 1.439917 -0.291786
v 1.482466 1.530671 -0.316775
v 1.458690 1.525538 -0.329361
v 1.463534 1.507877 -0.349725
v 1.490305 1.502096 -0.349725
v 1.502005 1.516184 -0.329361
v 1.494806 1.587816 -0.390083
v 1.470087 1.578316 -0.397068
v 1.473406 1.553591 -0.408369
v 1.500177 1.547810 -0.408369
v 1.513403 1.568962 -0.397068
v 1.436458 1.444586 -0.536891
v 1.476040 1.436038 -0.536891
v 1.413166 1.336729 -0.536891
v 1.452749 1.328182 -0.536891
v 1.413166 1.336729 -0.426104
v 1.452749 1.328182 -0.426104
v 1.436458 1.444586 -0.426104
v 1.476040 1.436038 -0.426104
v 1.436458 1.444586 -0.481497
v 1.476040 1.436038 -0.481497
v 1.413436 1.337978 -0.481497
v 1.453018 1.329430 -0.481497
v 1.413313 1.301809 -0.542326
v 1.444927 1.291958 -0.536891
v 1.413313 1.301809 -0.420669
v 1.444927 1.291958 -0.426104
v 1.412348 1.297341 -0.481497
v 1.444927 1.291958 -0.481497
v 1.491212 1.530032 -0.179567
v 1.498383 1.295658 -0.185269
v 1.498723 1.153134 -0.185299
v 1.516022 1.620164 -0.181113
v 1.708154 1.618081 -0.183878
v 1.851787 1.118010 -0.185299
v 1.851787 1.118010 -0.185299
v 1.837791 0.803132 -0.173363
v -0.411577 0.870780 0.921971
v -0.441310 0.870780 0.898799
v -0.448787 0.870780 0.884731
v -0.461103 0.870780 0.828789
v -0.461103 1.148754 0.828789
v -0.448787 1.148754 0.884731
v -0.441310 1.148754 0.898799
v -0.411577 1.148754 0.921971
v -0.461103 0.870780 -0.828788
v -0.448787 0.870780 -0.884731
v -0.441310 0.870780 -0.898799
v -0.411577 0.870780 -0.921971
v -0.411577 1.148754 -0.921971
v -0.441310 1.148754 -0.898799
v -0.448787 1.148754 -0.884731
v -0.461103 1.148754 -0.828788
v 0.461103 0.870780 0.828789
v 0.448788 0.870780 0.884731
v 0.441310 0.870780 0.898799
v 0.411577 0.870780 0.921971
v 0.411577 1.148754 0.921971
v 0.441310 1.148754 0.898799
v 0.448788 1.148754 0.884731
v 0.461103 1.148754 0.828789
v 0.411577 0.870780 -0.921971
v 0.441310 0.870780 -0.898799
v 0.448788 0.870780 -0.884731
v 0.461103 0.870780 -0.828788
v 0.461103 1.148754 -0.828788
v 0.448788 1.148754 -0.884731
v 0.441310 1.148754 -0.898799
v 0.411577 1.148754 -0.921971
v 0.215662 2.521010 -0.960650
v 0.215662 2.660405 -0.925214
v 0.215662 2.721847 0.000888
v 0.215662 2.615435 -0.979879
v 0.062055 1.421284 -0.959991
v 0.215662 1.261301 -0.936584
v -0.034223 1.467529 -0.977505
v 0.215662 1.295564 -0.929217
v -0.034223 1.825316 -0.974278
v -0.012476 1.802868 -0.974547
v -0.008242 1.736642 -0.975116
v -0.008242 1.626312 -0.976064
v -0.012476 1.527988 -0.976909
v 0.215662 2.707555 -0.718175
v 0.215662 2.719728 -0.399073
v 0.215662 2.637958 -0.952501
v -0.093020 0.803132 -0.965159
v -0.401703 2.686087 -0.961025
v -0.401703 2.825483 -0.925214
v -0.401703 2.886924 0.000888
v -0.401703 2.780513 -0.961025
v -0.512390 1.421284 -0.961025
v -0.401703 1.193929 -0.961025
v -0.617606 1.467529 -0.961025
v -0.401703 1.295564 -0.961025
v -0.617606 1.825316 -0.961025
v -0.640745 1.802868 -0.961025
v -0.645752 1.736642 -0.961025
v -0.645752 1.626313 -0.961025
v -0.640745 1.527988 -0.961025
v -0.401703 2.872632 -0.718175
v -0.401703 2.884806 -0.399073
v -0.401703 2.803035 -0.952501
v -0.806904 0.803132 -0.965159
v -0.806904 2.686087 -0.961025
v -0.806904 2.825483 -0.925214
v -0.806904 2.884806 0.000888
v -0.806904 2.780513 -0.961025
v -0.806904 1.481628 -0.961025
v -0.806904 1.193929 -0.961025
v -0.806904 1.632008 -0.961025
v -0.806904 1.295564 -0.961025
v -0.806904 2.011060 -0.961025
v -0.806904 1.997294 -0.961025
v -0.806904 1.942109 -0.961025
v -0.806904 1.818916 -0.961025
v -0.806904 1.709738 -0.961025
v -0.806904 2.872632 -0.718175
v -0.806904 2.884806 -0.399073
v -0.806904 2.803035 -0.952501
v -0.401703 0.803132 -0.965159
v -0.093020 1.193929 -0.936584
v -0.093020 1.295564 -0.929217
v -0.093020 2.790093 -0.718175
v -0.093020 2.802267 -0.399073
v -0.225168 1.417686 -0.960031
v -0.326626 1.465315 -0.977576
v -0.093020 2.804385 0.000888
v -0.093020 2.720497 -0.952501
v -0.093020 2.742944 -0.925214
v -0.093020 2.603549 -0.960650
v -0.093020 2.697974 -0.979879
v -0.326626 1.827530 -0.974207
v -0.034223 1.825316 -1.000634
v -0.012476 1.802868 -1.000908
v -0.008242 1.736642 -1.001487
v -0.012476 1.527988 -1.003312
v -0.034223 1.467529 -1.003918
v -0.008242 1.626312 -1.002452
v -0.617606 1.825316 -1.000634
v -0.640745 1.802868 -1.000908
v -0.645752 1.736642 -1.001487
v -0.640745 1.527988 -1.003311
v -0.617606 1.467529 -1.003918
v -0.645752 1.626313 -1.002452
v -0.326626 1.465315 -1.003990
v -0.326626 1.721327 -1.003018
v -0.326626 1.762651 -1.003018
v -0.326626 1.547320 -1.003065
v -0.326626 1.629076 -1.003065
v -0.326626 1.827530 -1.000562
v 1.415876 1.972655 0.967553
v 1.455526 2.170513 0.926990
v 1.506972 1.916611 0.928758
v 1.528467 2.068060 0.870185
v 1.502222 1.423887 0.939218
v 1.520924 2.192260 0.037932
v 1.687648 1.629392 0.037600
v 1.198649 2.046829 0.967208
v 1.229732 2.260166 0.926990
v 1.347631 2.017510 0.967442
v 1.383410 2.201788 0.926990
v 0.774182 2.156323 0.963765
v 0.543398 2.299036 0.962425
v 0.787172 2.321678 0.926990
v 0.543398 2.438431 0.926990
v 1.446049 2.107622 0.981655
v 1.514612 2.005804 0.941289
v 1.225006 2.203905 0.981655
v 1.372673 2.151011 0.981655
v 0.781625 2.270580 0.981655
v 0.543398 2.393461 0.981655
v 1.499941 1.155741 0.945555
v 1.487649 1.514843 0.967634
v 0.760983 1.518014 0.968216
v 1.435058 1.358406 0.968216
v 0.789035 1.965385 0.968216
v 1.308347 1.943108 0.970124
v 1.266463 1.373340 0.968216
v 1.315464 1.295564 0.930485
v 1.183095 1.950287 0.968216
v 1.560976 1.790441 0.930743
v 1.493981 1.295534 0.943919
v 0.790166 1.989432 0.972954
v 1.462239 1.619543 0.968189
v 1.486142 1.195352 0.986119
v 1.469501 1.295564 0.978523
v 1.153796 1.388850 0.974729
v 1.202592 1.382133 0.974729
v 1.349894 1.202040 0.940030
v 1.126534 1.952390 0.974729
v 1.061722 1.946491 0.973571
v 1.176165 1.295564 0.931716
v 1.225005 1.295564 0.930045
v 1.058630 1.998502 0.973622
v 1.203599 1.513638 0.974729
v 1.154867 1.514112 0.974729
v 1.141538 1.629165 0.974729
v 1.190178 1.628717 0.974729
v 0.543398 1.481628 0.978442
v 1.185015 1.980277 0.969697
v 0.767248 1.943416 0.970604
v 1.346249 1.925668 0.969150
v 0.967053 1.958613 0.968216
v 1.480304 1.639637 0.970734
v 1.515619 1.158429 0.979660
v 1.407871 1.812280 0.968216
v 0.837093 1.971818 0.972954
v 0.943930 1.971775 0.972473
v 0.831471 1.295564 0.930502
v 0.930070 1.295564 0.928815
v 1.463082 1.369942 0.968216
v 1.481486 1.449899 0.968062
v 0.776433 1.476351 0.968216
v 0.543398 1.632008 0.978442
v 0.750243 1.632865 0.973329
v 0.543398 1.295564 0.932663
v 0.772774 1.295564 0.931591
v 0.543398 2.011060 0.974266
v 0.756979 2.008120 0.973129
v 1.503986 1.295554 0.976539
v 0.835966 1.962362 0.968216
v 1.043826 1.403989 0.968216
v 1.504145 1.550848 0.969864
v 1.318726 1.967597 0.970942
v 1.500567 1.327721 0.973606
v 0.897915 1.430006 0.968216
v 1.043206 1.295564 0.930485
v 1.120208 1.983589 0.973485
v 1.206190 1.397361 0.974729
v 1.157331 1.402923 0.974729
v 1.076685 1.930103 0.974729
v 1.127514 1.929707 0.974729
v 1.206715 1.463113 0.974729
v 1.157889 1.465554 0.974729
v 1.102873 1.824754 0.974729
v 1.151611 1.823987 0.974729
v 1.026471 1.985522 0.973690
v 1.121860 1.393247 0.971473
v 1.130935 1.295564 0.929430
v 1.042355 1.956244 0.971472
v 1.368179 1.940782 0.970455
v 1.502729 1.489201 0.970109
v 1.434344 1.834836 0.969697
v 0.543398 1.997294 0.978396
v 0.762358 1.910337 0.971031
v 0.543398 1.942109 0.978396
v 0.543398 1.818916 0.978442
v 0.747141 1.824166 0.973329
v 0.759434 1.994051 0.975639
v 1.497938 1.394025 0.970859
v 1.174139 1.709925 0.974729
v 1.125458 1.710506 0.974729
v 0.543398 1.709738 0.978442
v 0.748953 1.712422 0.973329
v 1.535887 2.115190 0.731452
v 1.455526 2.179838 0.788359
v 1.229733 2.274094 0.719932
v 1.383406 2.211115 0.788359
v 0.787175 2.359927 0.719945
v 0.543398 2.485580 0.719950
v 1.455526 2.205904 0.400848
v 1.229735 2.295558 0.400848
v 1.383393 2.237186 0.400848
v 0.787177 2.374592 0.400848
v 1.535887 2.153725 0.372394
v 0.543398 2.497754 0.400848
v 1.602167 1.694902 0.926410
v 1.648633 1.873636 0.037932
v 1.604025 2.013009 0.037932
v 1.626319 1.637286 0.924042
v 1.683546 1.747866 0.037900
v 1.082815 2.067305 0.967426
v 1.148344 2.051642 0.967701
v 1.155154 2.276334 0.926990
v 1.089520 2.287840 0.926990
v 1.089706 2.227874 0.981655
v 1.155412 2.216525 0.981655
v 1.089532 2.301766 0.719932
v 1.155123 2.290269 0.719932
v 1.089537 2.323229 0.400848
v 1.155110 2.311735 0.400848
v 1.450795 2.139120 0.954277
v 1.521551 2.036984 0.905678
v 1.227373 2.232082 0.954277
v 1.378051 2.176442 0.954277
v 0.784403 2.296171 0.954277
v 0.543398 2.415984 0.954277
v 1.155282 2.246479 0.954277
v 1.089613 2.257907 0.954277
v 1.623582 1.517210 0.905848
v 1.604481 1.153134 0.912459
v 1.604025 1.295515 0.912263
v 1.661144 1.599534 0.907469
v 1.605505 1.532382 0.048516
v 1.617894 1.153134 0.054086
v 1.617576 1.295685 0.054086
v 1.627977 1.623946 0.050048
v 1.528900 2.042813 0.908443
v 1.535816 2.073889 0.872950
v 1.543237 2.121019 0.734217
v 1.611375 2.018838 0.039894
v 1.544455 2.198089 0.045976
v 1.541269 1.949819 0.949931
v 1.521962 2.011633 0.944055
v 1.543237 2.159554 0.375160
v 1.594549 1.819102 0.948500
v 1.690985 1.753334 0.039874
v 1.655982 1.879465 0.039894
v 1.641149 1.723625 0.945423
v 1.663076 1.638569 0.950806
v 1.706935 1.621863 0.037729
v 1.690907 1.575455 0.880925
v 1.493652 1.510170 0.992717
v 0.752858 1.511265 0.994224
v 1.439313 1.348532 0.993318
v 0.782100 1.977613 0.994224
v 1.308388 1.952675 0.995290
v 1.265112 1.363961 0.993318
v 1.178973 1.960092 0.993318
v 1.467398 1.618351 0.993290
v 1.162334 1.376622 1.001014
v 1.199118 1.373047 1.000048
v 1.120531 1.962265 1.000048
v 1.066354 1.957917 0.999806
v 1.200158 1.508924 1.000048
v 1.163451 1.507197 1.001014
v 1.149556 1.627131 1.001014
v 1.186291 1.627830 1.000048
v 0.759389 1.954712 0.996713
v 1.347551 1.934654 0.994283
v 0.967669 1.970554 0.994224
v 1.411222 1.817496 0.993318
v 1.468269 1.360450 0.993318
v 1.487285 1.443066 0.993159
v 0.768964 1.467834 0.994224
v 0.741663 1.630988 0.999554
v 0.831023 1.974462 0.994224
v 1.047699 1.392404 0.994224
v 0.895599 1.419524 0.994224
v 1.202835 1.388781 1.000048
v 1.166019 1.391292 1.001014
v 1.081952 1.940835 1.001014
v 1.121543 1.938828 1.000048
v 1.203378 1.456720 1.000048
v 1.166601 1.456580 1.001014
v 1.109251 1.831017 1.001014
v 1.146441 1.829593 1.000048
v 1.129044 1.381205 0.997619
v 1.046166 1.968084 0.997619
v 0.754291 1.920230 0.997159
v 0.738429 1.830404 0.999554
v 1.169719 1.711738 1.000048
v 1.132795 1.711922 1.001014
v 0.740318 1.713920 0.999554
v 1.791467 1.118010 0.970569
v 1.837792 1.118010 0.912459
v 1.838928 1.118010 0.054086
v 1.837792 1.118010 0.912459
v 1.838928 1.118010 0.054086
v 1.509036 0.803132 0.954387
v 1.791467 0.803132 0.970569
v 1.837791 0.803132 0.912459
v 1.841151 0.919340 0.054086
v 1.610965 1.530032 0.181343
v 1.618137 1.295659 0.187044
v 1.618476 1.153134 0.187075
v 1.635775 1.620164 0.182888
v 1.708154 1.618081 0.185654
v 1.851787 1.118010 0.187075
v 1.851787 1.118010 0.187075
v 1.837791 0.803132 0.185958
v 0.215662 2.521010 0.962425
v 0.215662 2.660405 0.926990
v 0.215662 2.615435 0.981655
v 0.062055 1.421284 0.961766
v -0.034223 1.467529 0.979280
v 0.215662 1.295564 0.932663
v -0.034223 1.825316 0.976054
v -0.012476 1.802868 0.976323
v -0.008242 1.736642 0.976892
v -0.008242 1.626312 0.977840
v -0.012476 1.527988 0.978684
v 0.215662 2.707555 0.719950
v 0.215662 2.719728 0.400848
v 0.215662 2.637958 0.954277
v -0.401703 2.686087 0.962800
v -0.401703 2.825482 0.926990
v -0.401703 2.780513 0.962800
v -0.512390 1.421284 0.962800
v -0.617606 1.467529 0.962800
v -0.401703 1.295564 0.964471
v -0.617606 1.825316 0.962800
v -0.640745 1.802868 0.962800
v -0.645752 1.736642 0.962800
v -0.645752 1.626313 0.962800
v -0.640745 1.527988 0.962800
v -0.401703 2.872632 0.719950
v -0.401703 2.884806 0.400848
v -0.401703 2.803035 0.954277
v -0.806904 2.686087 0.962800
v -0.806904 2.825482 0.926990
v -0.806904 2.780513 0.962800
v -0.806904 1.481628 0.962800
v -0.806904 1.632008 0.962800
v -0.806904 1.295564 0.962800
v -0.806904 2.011060 0.962800
v -0.806904 1.997294 0.962800
v -0.806904 1.942109 0.962800
v -0.806904 1.818916 0.962800
v -0.806904 1.709738 0.962800
v -0.806904 2.872632 0.719950
v -0.806904 2.884806 0.400848
v -0.806904 2.803035 0.954277
v -0.093020 1.295564 0.932663
v -0.093020 2.790093 0.719950
v -0.093020 2.802267 0.400848
v -0.225168 1.417686 0.961806
v -0.326626 1.465315 0.979351
v -0.093020 2.720497 0.954277
v -0.093020 2.742944 0.926990
v -0.093020 2.603549 0.962425
v -0.093020 2.697974 0.981655
v -0.326626 1.827530 0.975983
v -0.034223 1.825316 1.002410
v -0.012476 1.802868 1.002684
v -0.008242 1.736642 1.003263
v -0.012476 1.527988 1.005087
v -0.034223 1.467529 1.005693
v -0.008242 1.626312 1.004227
v -0.617606 1.825316 1.002410
v -0.640745 1.802868 1.002683
v -0.645752 1.736642 1.003263
v -0.640745 1.527988 1.005087
v -0.617606 1.467529 1.005693
v -0.645752 1.626313 1.004227
v -0.326626 1.465315 1.005765
v -0.326626 1.721327 1.004794
v -0.326626 1.762651 1.004794
v -0.326626 1.547321 1.004840
v -0.326626 1.629076 1.004840
v -0.326626 1.827530 1.002337
v 1.241417 0.803132 -0.965159
v 1.041898 0.803132 -0.965159
v 1.192425 1.220991 0.940030
v 1.241417 1.171489 0.940030
v 0.543398 1.261301 0.940030
v 0.857922 1.235211 0.940030
v 0.785498 1.190871 0.940030
v 0.942741 1.231605 0.940030
v 0.930070 1.295564 0.930485
v 1.041898 1.179971 0.940030
v 1.138186 1.223297 0.940030
v 0.785498 0.803132 0.968605
v 1.515619 0.803132 0.981330
v 0.215662 1.261301 0.940030
v -0.093020 0.803132 0.968605
v -0.401703 1.193929 0.964471
v -0.806904 0.803132 0.968605
v -0.806904 1.193929 0.964471
v -0.401703 0.803132 0.968605
v -0.093020 1.193929 0.940030
v 1.241417 0.803132 0.968605
v 1.041898 0.803132 0.968605
v -0.806904 1.193929 0.001723
v -0.806904 0.803132 0.001723
v -0.806904 1.295564 0.000888
v -0.806904 1.481628 0.000888
v -0.806904 1.632008 0.000888
v -0.806904 1.709738 0.000888
v -0.806904 1.818916 0.000888
v -0.806904 1.942109 0.000888
v -0.806904 1.997294 0.000888
v -0.806904 2.011060 0.000888
v -0.806904 2.686087 0.000888
v -0.806904 2.780513 0.000888
v -0.806904 2.803035 0.000888
v -0.806904 2.825482 0.000888
v -0.806904 2.872632 0.000888
v 1.089539 2.346695 -0.039017
v 0.759051 1.796775 0.716641
v -0.401703 0.803132 -0.183101
v -0.093020 0.803132 -0.183101
v 0.785498 0.803132 -0.183101
v 1.041898 0.803132 -0.183101
v 1.241417 0.803132 -0.183101
v 1.515619 0.803132 -0.185533
v 1.514668 0.803132 -0.178987
v 1.791467 0.803132 -0.184471
v 0.759051 1.046376 0.217692
v 0.759051 1.046376 0.716641
v -0.401703 0.803132 0.198023
v -0.093020 0.803132 0.198023
v 0.785498 0.803132 0.198023
v 1.041898 0.803132 0.198023
v 1.241417 0.803132 0.198023
v 1.515619 0.803132 0.200606
v 1.512804 0.803132 0.196070
v 1.791467 0.803132 0.197756
v 0.759051 1.796775 0.217692
v 0.889419 1.046376 0.716641
v 0.889419 1.796775 0.716641
v 0.889419 1.046376 0.217692
v 0.889419 1.796775 0.217692
v 0.783020 1.796775 0.678138
v 0.783020 1.796775 0.256195
v 0.867102 1.796775 0.256195
v 0.867102 1.796775 0.678138
v 0.783020 1.912603 0.678138
v 0.783020 1.912603 0.256195
v 0.867102 1.912603 0.256195
v 0.867102 1.912603 0.678138
v 0.759051 0.950193 0.716641
v 0.759051 0.950193 0.217692
v 0.889419 0.950193 0.716641
v 0.889419 0.950193 0.217692
v 1.362023 1.046376 0.716641
v 1.362023 1.046376 0.217692
v 1.362023 0.950193 0.716641
v 1.362023 0.950193 0.217692
vn -0.9669 -0.0000 0.2552
vn -0.9668 0.0392 0.2526
vn -0.9668 0.0391 -0.2526
vn -0.9669 -0.0000 -0.2552
vn 0.9669 0.0372 -0.2526
vn -0.0000 0.8499 -0.5269
vn 1.0000 -0.0000 -0.0000
vn 0.9669 0.0372 0.2526
vn -0.0000 0.8499 0.5269
vn -1.0000 -0.0001 0.0087
vn -0.2829 0.9592 0.0013
vn -0.2828 0.9592 -0.0013
vn -1.0000 -0.0000 -0.0087
vn -0.0000 1.0000 -0.0000
vn 0.9807 -0.0000 0.1955
vn 0.9807 0.0002 -0.1955
vn 0.7990 0.5799 -0.1592
vn 0.7989 0.5800 0.1592
vn -0.7990 0.5799 -0.1592
vn -0.7990 0.5799 0.1592
vn -0.9807 -0.0000 -0.1955
vn -0.9807 -0.0000 0.1955
vn 0.2876 0.9543 -0.0808
vn 0.9623 0.0001 -0.2721
vn 0.7074 -0.0000 -0.7068
vn 0.2920 0.9108 -0.2918
vn -0.2921 0.9108 -0.2918
vn -0.7074 -0.0000 -0.7068
vn -0.9623 -0.0000 -0.2721
vn -0.2876 0.9543 -0.0808
vn 0.2921 0.9108 0.2918
vn 0.7074 -0.0000 0.7068
vn 0.9623 -0.0000 0.2721
vn 0.2876 0.9543 0.0808
vn -0.6678 -0.4563 0.5881
vn -0.9143 -0.1822 0.3617
vn -0.9143 -0.3174 0.2518
vn -0.6719 -0.7012 0.2385
vn -0.8338 -0.5514 0.0272
vn -0.6234 -0.7507 -0.2185
vn -0.5481 -0.8345 -0.0559
vn -0.4922 -0.8681 0.0639
vn -0.4607 -0.8869 -0.0344
vn -0.3688 -0.9275 0.0614
vn -0.2740 -0.6584 0.7011
vn -0.3615 -0.9119 0.1941
vn -0.3112 -0.9483 0.0628
vn -0.2019 -0.9776 -0.0596
vn -0.0615 -0.9981 0.0029
vn -0.1918 -0.9793 0.0649
vn -0.1656 -0.9839 0.0673
vn -0.2119 -0.9753 0.0618
vn -0.1571 -0.9861 -0.0543
vn -0.2940 -0.9552 0.0354
vn -0.1858 -0.9804 0.0648
vn -0.2125 -0.6760 0.7056
vn -0.2995 -0.9365 0.1823
vn -0.1899 -0.9651 0.1805
vn -0.1259 -0.6732 0.7286
vn -0.1813 -0.6988 0.6920
vn -0.2765 -0.9335 0.2283
vn -0.2306 -0.9306 0.2842
vn -0.4080 -0.6912 0.5964
vn -0.5040 -0.8637 -0.0000
vn -0.5046 -0.8631 0.0213
vn 0.0500 0.1193 0.9916
vn 0.0236 -0.0654 0.9976
vn -0.1510 -0.4708 0.8692
vn 0.0527 0.0735 0.9959
vn 0.0239 0.0546 0.9982
vn -0.0349 -0.0765 0.9965
vn -0.0306 -0.0809 0.9963
vn 0.0113 0.0520 0.9986
vn 0.0132 0.0281 0.9995
vn -0.0067 -0.0614 0.9981
vn 0.0046 -0.0587 0.9983
vn -0.0038 -0.0598 0.9982
vn -0.0000 -0.0709 0.9975
vn -0.1494 0.0648 0.9867
vn -0.3096 -0.0394 0.9501
vn -0.2155 -0.0192 0.9763
vn -0.6453 0.5241 0.5558
vn -0.7238 -0.0467 0.6884
vn -0.9193 -0.0268 0.3927
vn -0.9392 0.2755 0.2049
vn 0.0950 -0.0170 0.9953
vn 0.0929 -0.0877 0.9918
vn -0.5103 -0.0340 0.8593
vn -0.9524 -0.0533 0.3002
vn -0.1608 -0.0297 0.9865
vn -0.2404 -0.0560 0.9691
vn 0.0098 0.0536 0.9985
vn -0.0151 0.0238 0.9996
vn 0.0698 -0.0903 0.9935
vn 0.0130 -0.0386 0.9992
vn 0.1112 0.1536 0.9819
vn 0.0429 0.4013 0.9149
vn -0.0100 0.2541 0.9671
vn -0.0080 0.1922 0.9813
vn -0.0160 -0.0818 0.9965
vn 0.0017 0.0411 0.9992
vn 0.0177 0.1221 0.9924
vn 0.0123 0.0824 0.9965
vn 0.0031 -0.0685 0.9976
vn 0.0011 -0.0321 0.9995
vn 0.0118 0.1740 0.9847
vn 0.0243 0.3350 0.9419
vn 0.0108 0.2582 0.9660
vn 0.0064 0.1580 0.9874
vn -0.4362 0.0692 0.8972
vn 0.1154 -0.0173 0.9932
vn 0.0905 -0.0389 0.9951
vn 0.0356 0.3394 0.9400
vn 0.0324 0.1470 0.9886
vn 0.0526 0.3889 0.9198
vn 0.0159 0.1730 0.9848
vn 0.0379 0.3104 0.9499
vn 0.1576 -0.0489 0.9863
vn 0.0787 -0.0351 0.9963
vn -0.0157 -0.0275 0.9995
vn -0.0046 -0.0244 0.9997
vn -0.0001 -0.0724 0.9974
vn 0.0448 0.0641 0.9969
vn 0.3795 0.1959 0.9042
vn 0.1055 0.2128 0.9714
vn 0.3123 -0.3217 0.8939
vn -0.0104 -0.0026 0.9999
vn -0.0124 -0.0044 0.9999
vn 0.4545 -0.0610 0.8887
vn 0.0020 -0.0417 0.9991
vn -0.0000 -0.0000 1.0000
vn 0.0020 -0.0045 1.0000
vn 0.0179 -0.0670 0.9976
vn 0.0787 0.0207 0.9967
vn 0.1044 0.0164 0.9944
vn -0.2716 -0.0662 0.9601
vn -0.2630 -0.0810 0.9614
vn -0.0227 -0.0122 0.9997
vn 0.0147 -0.0053 0.9999
vn 0.0239 0.1178 0.9928
vn 0.0083 0.0462 0.9989
vn 0.0257 0.2762 0.9607
vn -0.1188 -0.0011 0.9929
vn -0.1946 -0.0244 0.9806
vn 0.0474 0.2724 0.9610
vn 0.1239 0.1791 0.9760
vn 0.0574 0.0217 0.9981
vn -0.0190 0.0248 0.9995
vn 0.0132 0.0409 0.9991
vn -0.0001 -0.1819 0.9833
vn 0.1751 -0.1275 0.9763
vn -0.0747 0.0045 0.9972
vn -0.9609 0.0212 -0.2762
vn 0.4325 0.0075 0.9016
vn -0.0119 -0.0022 0.9999
vn 0.0287 0.0330 0.9990
vn -0.0293 -0.0466 0.9985
vn -0.0900 0.1351 0.9867
vn 0.0019 0.0444 0.9990
vn 0.4095 0.0716 0.9095
vn -0.0163 0.0189 0.9997
vn -0.0199 0.1423 0.9896
vn -0.9560 -0.0376 -0.2910
vn 0.6283 -0.4730 0.6177
vn -0.3098 -0.9487 0.0639
vn -0.1933 -0.9789 0.0659
vn -0.3683 -0.9276 0.0624
vn -0.3563 -0.9228 0.1463
vn -0.5049 -0.8580 0.0938
vn -0.1638 -0.9605 0.2250
vn -0.1865 -0.9799 0.0702
vn -0.0983 -0.6905 0.7166
vn -0.5572 -0.8265 0.0804
vn -0.8496 -0.5116 0.1284
vn -0.3120 -0.8559 0.4124
vn -0.6917 -0.7135 0.1120
vn -0.9771 -0.2126 -0.0034
vn 0.0608 0.0657 0.9960
vn -0.4068 -0.1311 -0.9041
vn -0.9806 -0.1779 -0.0829
vn -0.6287 -0.2421 -0.7390
vn 0.0835 0.9917 0.0974
vn -0.1122 0.9933 -0.0268
vn -0.9657 -0.1685 -0.1975
vn -0.4948 -0.1176 -0.8610
vn -0.9344 -0.0058 -0.3562
vn -0.8919 0.0653 -0.4475
vn -0.9819 0.1598 -0.1017
vn 0.6110 0.2488 -0.7515
vn -0.9753 0.1804 0.1277
vn -0.9887 -0.0032 0.1497
vn -0.9224 0.2896 0.2557
vn -0.9912 0.1028 -0.0837
vn -0.9931 -0.0955 0.0681
vn -0.9063 -0.4225 0.0082
vn -0.9971 0.0522 -0.0559
vn -0.5094 0.6300 -0.5862
vn -0.1335 0.8082 -0.5736
vn 0.0685 0.9967 0.0427
vn 0.2702 0.9627 0.0156
vn 0.2045 0.3775 0.9032
vn 0.7080 -0.3387 0.6196
vn 0.6556 -0.6268 0.4211
vn -0.2360 -0.0917 -0.9674
vn -0.2182 -0.0608 -0.9740
vn 0.6481 -0.7469 0.1487
vn 0.5382 -0.8366 0.1019
vn -0.9851 -0.1712 0.0141
vn 0.4127 0.1527 0.8980
vn 0.3586 0.1749 0.9169
vn -0.0354 -0.6843 -0.7283
vn -0.1561 -0.0079 -0.9877
vn 0.6598 -0.6869 0.3047
vn 0.1468 0.9112 -0.3850
vn 0.1013 0.9139 -0.3931
vn 0.0936 0.9138 -0.3952
vn 0.1370 0.9119 -0.3868
vn 0.0634 0.9252 -0.3741
vn -0.8448 0.4350 -0.3117
vn -0.8570 0.4144 -0.3064
vn -0.0103 0.9227 -0.3853
vn 0.9278 -0.1496 -0.3419
vn 0.8254 -0.3944 -0.4039
vn -0.0527 0.9258 -0.3743
vn -0.9432 0.0206 -0.3316
vn -0.9379 0.0509 -0.3431
vn -0.2775 0.8631 -0.4219
vn -0.1365 -0.9275 -0.3480
vn -0.0361 -0.9327 -0.3590
vn -0.0232 -0.9323 -0.3610
vn -0.1268 -0.9290 -0.3478
vn 0.9500 0.0154 -0.3119
vn 0.9423 -0.0639 -0.3286
vn 0.3851 0.8346 -0.3939
vn 0.5118 0.7578 -0.4048
vn 0.9358 0.1418 -0.3227
vn -0.9522 0.1585 -0.2612
vn -0.9500 0.1679 -0.2634
vn -0.9381 -0.2078 -0.2772
vn -0.9157 -0.2824 -0.2858
vn -0.9115 -0.2922 -0.2894
vn -0.9378 -0.2090 -0.2773
vn 0.1100 0.9290 -0.3534
vn 0.1143 0.9284 -0.3534
vn 0.5742 0.8181 0.0312
vn 0.4071 0.9047 0.1258
vn -0.9678 -0.1370 -0.2113
vn -0.9710 -0.0928 -0.2205
vn 0.4016 -0.9072 -0.1250
vn 0.9609 0.2152 -0.1740
vn 0.9669 0.1683 -0.1917
vn 0.4068 -0.9056 -0.1196
vn -0.9486 -0.2576 -0.1838
vn -0.9497 -0.2532 -0.1842
vn -0.0304 -0.9091 -0.4155
vn 0.1450 -0.8725 -0.4666
vn 0.3104 -0.8174 -0.4854
vn -0.0371 -0.9094 -0.4143
vn 0.2355 0.8938 -0.3816
vn 0.2460 0.8911 -0.3814
vn 0.9481 0.0534 -0.3135
vn 0.9772 0.1453 -0.1550
vn 0.9834 0.1009 -0.1510
vn 0.9839 0.0963 -0.1503
vn 0.9768 0.1476 -0.1550
vn -0.7805 -0.5747 -0.2462
vn -0.7627 -0.5958 -0.2517
vn -0.1076 -0.8958 -0.4312
vn -0.0354 -0.9079 -0.4177
vn -0.0366 -0.9079 -0.4177
vn -0.1566 -0.8867 -0.4350
vn -0.9522 -0.1018 -0.2882
vn -0.9497 -0.1466 -0.2766
vn -0.9509 -0.1367 -0.2777
vn -0.9524 -0.0919 -0.2908
vn 0.9691 0.1914 -0.1555
vn 0.9946 -0.0275 -0.1005
vn 0.9936 -0.0771 -0.0831
vn 0.9900 0.0268 -0.1384
vn 0.9906 0.0169 -0.1360
vn -0.5654 -0.7148 -0.4115
vn -0.5830 -0.7018 -0.4094
vn -0.9522 -0.0272 -0.3043
vn -0.9511 -0.0139 -0.3085
vn -0.9178 -0.3464 -0.1941
vn -0.9170 -0.3483 -0.1943
vn -0.9436 -0.1865 -0.2734
vn 0.9674 0.2022 -0.1526
vn 0.9664 0.2081 -0.1511
vn -0.0001 -0.9721 -0.2345
vn -0.9668 -0.0000 -0.2554
vn -0.9668 -0.0001 0.2554
vn -0.0001 -0.9721 0.2345
vn 0.1754 0.9673 -0.1834
vn 0.1755 0.9672 0.1834
vn 0.1804 -0.9659 0.1857
vn 0.1805 -0.9659 -0.1856
vn -0.4022 -0.8939 -0.1978
vn 0.3999 -0.9157 0.0394
vn -0.2401 0.9707 -0.0134
vn -0.8373 0.5466 0.0113
vn 0.0838 -0.9965 0.0050
vn -0.1120 -0.9937 0.0098
vn -0.9991 -0.0000 -0.0425
vn -0.9371 -0.0558 0.3447
vn -0.8881 0.4459 -0.1115
vn -0.4463 0.8769 0.1786
vn -0.1779 -0.0016 0.9840
vn -0.3253 0.7157 0.6180
vn -0.9945 0.0046 0.1042
vn -0.8054 0.3875 0.4486
vn -0.9996 0.0143 -0.0233
vn -0.9987 -0.0308 0.0402
vn 0.2111 0.9775 -0.0000
vn 0.1902 0.8807 -0.4339
vn -0.8526 0.5008 -0.1492
vn -0.8454 0.5341 -0.0000
vn -0.7488 -0.5671 0.3431
vn -0.7653 -0.6437 0.0002
vn 0.4492 -0.8251 0.3426
vn 0.4328 -0.9015 -0.0000
vn 0.9828 0.1073 -0.1504
vn 0.9900 0.1408 -0.0000
vn 0.1316 0.6094 -0.7818
vn -0.8727 0.4076 -0.2689
vn -0.7025 -0.3525 0.6182
vn 0.4952 -0.6111 0.6176
vn 0.9625 0.0133 -0.2710
vn 0.0470 0.2175 -0.9749
vn -0.9017 0.2727 -0.3355
vn -0.8045 -0.0542 0.5915
vn 0.7084 -0.3819 0.5935
vn 0.9339 -0.1229 -0.3356
vn -0.0470 -0.2175 -0.9749
vn -0.9339 0.1229 -0.3356
vn -0.7084 0.3819 0.5935
vn 0.8856 -0.4478 -0.1233
vn 0.9903 0.1391 -0.0002
vn 0.9903 0.1390 -0.0000
vn 0.9061 -0.3796 -0.1869
vn 0.8045 0.0542 0.5915
vn 0.9017 -0.2727 -0.3355
vn -0.1316 -0.6094 -0.7818
vn -0.9625 -0.0133 -0.2710
vn -0.4952 0.6111 0.6176
vn 0.7025 0.3525 0.6182
vn 0.8727 -0.4076 -0.2689
vn -0.1902 -0.8807 -0.4339
vn -0.9828 -0.1073 -0.1504
vn -0.8306 0.5546 0.0503
vn 0.9791 0.1869 0.0805
vn 0.8526 -0.5008 -0.1492
vn -0.2111 -0.9775 -0.0000
vn -0.9900 -0.1408 -0.0000
vn -0.9598 0.2805 -0.0001
vn -0.8741 0.1084 0.4735
vn -0.9981 0.0610 -0.0000
vn -0.8306 0.5546 -0.0503
vn 0.9962 -0.0874 -0.0000
vn 0.8454 -0.5341 -0.0000
vn -0.1902 -0.8807 0.4339
vn -0.9828 -0.1073 0.1504
vn 0.9791 0.1869 -0.0805
vn 0.8526 -0.5008 0.1492
vn -0.1316 -0.6094 0.7818
vn -0.9625 -0.0133 0.2710
vn -0.4952 0.6111 -0.6176
vn 0.7025 0.3525 -0.6182
vn 0.8727 -0.4076 0.2689
vn -0.0470 -0.2175 0.9749
vn -0.9339 0.1229 0.3356
vn -0.7084 0.3819 -0.5935
vn 0.8047 0.0545 -0.5912
vn 0.9017 -0.2727 0.3355
vn 0.0470 0.2175 0.9749
vn -0.9017 0.2727 0.3355
vn -0.8047 -0.0545 -0.5912
vn -0.8009 0.5904 -0.0999
vn -0.8590 0.5104 -0.0412
vn 0.7084 -0.3819 -0.5935
vn 0.9339 -0.1229 0.3356
vn 0.1316 0.6094 0.7818
vn -0.8727 0.4076 0.2689
vn -0.7025 -0.3525 -0.6182
vn 0.4952 -0.6111 -0.6176
vn 0.9625 0.0133 0.2710
vn 0.1902 0.8807 0.4339
vn -0.8526 0.5008 0.1492
vn -0.7488 -0.5671 -0.3431
vn 0.4492 -0.8251 -0.3426
vn 0.9828 0.1073 0.1504
vn -0.8441 0.5362 -0.0000
vn -0.9938 0.1114 -0.0000
vn -0.9576 0.0915 0.2732
vn -0.8589 0.5100 0.0476
vn 0.9903 0.1390 -0.0001
vn -0.9491 -0.1070 -0.2964
vn -0.9880 0.0110 -0.1543
vn -0.8009 0.5904 0.0997
vn 0.9903 0.1391 -0.0000
vn 0.8856 -0.4478 0.1233
vn 0.8980 -0.3633 0.2481
vn -0.9491 -0.1070 0.2964
vn 0.9775 -0.2111 -0.0000
vn 0.9160 -0.1306 -0.3793
vn -0.8716 0.1058 -0.4786
vn 0.9175 -0.1265 0.3771
vn -0.8841 0.4659 -0.0378
vn -0.9997 -0.0076 -0.0246
vn -0.8909 -0.4326 0.1380
vn 0.0327 -0.0000 0.9995
vn 0.0257 0.0798 0.9965
vn -0.0258 0.0798 0.9965
vn -0.0327 -0.0000 0.9995
vn -0.0327 -0.0000 -0.9995
vn -0.0257 0.0798 -0.9965
vn 0.0258 0.0798 -0.9965
vn 0.0327 -0.0000 -0.9995
vn 1.0000 -0.0000 -0.0087
vn 0.2829 0.9592 -0.0013
vn 0.2828 0.9592 0.0013
vn 1.0000 -0.0000 0.0087
vn -0.2921 0.9108 0.2918
vn -0.7074 -0.0000 0.7068
vn -0.9623 -0.0000 0.2721
vn -0.2876 0.9543 0.0809
vn -0.1104 -0.0090 0.9938
vn 0.8820 -0.0163 0.4709
vn 0.7909 0.4221 0.4431
vn -0.0502 0.7035 0.7089
vn 0.0007 0.1792 0.9838
vn 0.0179 0.0432 0.9989
vn -0.1495 -0.9478 0.2817
vn -0.3420 -0.7257 0.5971
vn -0.8773 0.0168 0.4797
vn -0.8184 0.1499 0.5547
vn -0.4215 0.6007 0.6793
vn -0.4228 -0.9061 0.0181
vn -0.3926 -0.9120 0.1189
vn -0.1552 -0.5115 0.8452
vn 0.0522 0.0961 0.9940
vn -0.1284 -0.6664 0.7345
vn -0.5608 -0.3669 0.7422
vn -0.8738 -0.0359 0.4849
vn 0.1046 -0.0813 0.9912
vn -0.4231 -0.9061 -0.0000
vn -0.0398 -0.0192 0.9990
vn -0.0388 0.0721 0.9966
vn -0.0453 0.0130 0.9989
vn -0.2558 -0.9561 0.1432
vn -0.2583 -0.9658 0.0210
vn -0.1311 -0.9911 0.0208
vn -0.0986 -0.9867 0.1292
vn -0.0258 0.2150 0.9763
vn 0.0078 0.7940 0.6079
vn 0.4828 0.4940 0.7231
vn 0.0096 0.1229 0.9924
vn -0.2583 -0.9661 -0.0000
vn -0.1306 -0.9914 -0.0000
vn -0.8878 0.0169 0.4600
vn -0.8869 0.1633 0.4322
vn -0.1869 -0.7234 0.6646
vn -0.5133 -0.8115 0.2794
vn 0.1264 -0.9525 0.2772
vn -0.0893 -0.6447 0.7592
vn -0.0057 0.7042 0.7100
vn 0.5871 0.6024 0.5408
vn 0.0306 0.0696 0.9971
vn -0.3774 -0.2638 0.8876
vn -0.0252 -0.4390 0.8981
vn 0.0213 0.0236 0.9995
vn -0.0274 0.6558 0.7544
vn 0.6039 -0.3640 0.7091
vn 0.8762 -0.0330 0.4809
vn 0.8909 -0.0323 0.4531
vn 0.8346 -0.2885 0.4692
vn -0.8896 -0.0339 0.4554
vn -0.6042 0.5936 0.5315
vn 0.1227 -0.6536 0.7469
vn 0.4367 -0.5707 0.6954
vn 0.8764 0.0223 0.4811
vn 0.8830 -0.0036 0.4693
vn 0.8830 -0.0000 0.4693
vn 0.8711 -0.4881 0.0540
vn 0.9090 -0.3383 0.2435
vn 0.8838 -0.0002 0.4679
vn 0.8851 -0.0000 0.4654
vn 0.8516 -0.3055 0.4260
vn 0.9177 -0.0715 0.3907
vn 0.8132 0.1626 0.5589
vn 0.8823 -0.0408 0.4689
vn 0.8933 -0.0524 0.4465
vn 0.8807 -0.4736 0.0111
vn 0.8830 -0.0020 0.4693
vn 0.4065 -0.7229 0.5587
vn -0.0249 0.6374 0.7701
vn 0.3046 -0.6772 0.6698
vn 0.8844 0.1745 0.4329
vn 0.8885 0.0204 0.4584
vn -0.8480 -0.3506 0.3974
vn -0.0000 -0.6758 0.7371
vn -0.0000 0.0016 1.0000
vn -0.1745 0.0394 0.9839
vn -0.0000 -0.0077 1.0000
vn -0.0000 -0.0049 1.0000
vn -0.4328 -0.6799 0.5919
vn -0.5821 -0.5114 -0.6322
vn -0.5722 -0.5579 -0.6011
vn 0.6402 -0.6528 -0.4050
vn 0.5503 -0.6719 -0.4957
vn 0.6142 -0.7842 -0.0884
vn -0.4947 -0.8667 -0.0645
vn -0.3905 -0.9183 -0.0648
vn -0.1507 -0.9856 -0.0766
vn -0.3344 -0.9344 -0.1225
vn -0.3398 -0.9400 -0.0308
vn -0.1573 -0.9854 -0.0645
vn -0.2986 -0.6424 -0.7058
vn -0.3111 -0.6983 -0.6447
vn -0.2485 -0.9661 -0.0701
vn -0.1772 -0.9818 -0.0678
vn -0.1726 -0.6768 -0.7156
vn -0.1259 -0.6732 -0.7286
vn -0.1332 -0.7046 -0.6970
vn -0.1830 -0.7193 -0.6702
vn -0.2594 -0.7054 -0.6596
vn -0.4051 -0.6923 -0.5972
vn -0.6504 -0.5934 -0.4742
vn -0.2399 -0.7166 -0.6550
vn -0.5091 -0.8604 -0.0213
vn 0.0749 0.1621 -0.9839
vn 0.0527 0.0735 -0.9959
vn -0.1892 -0.0572 -0.9803
vn -0.2180 -0.5668 -0.7945
vn -0.0005 0.0018 -1.0000
vn -0.0117 -0.0084 -0.9999
vn -0.1724 -0.6330 -0.7547
vn -0.2738 -0.6150 -0.7395
vn -0.0016 -0.0060 -1.0000
vn 0.0150 -0.0045 -0.9999
vn -0.0462 -0.1219 -0.9915
vn -0.0133 -0.0569 -0.9983
vn -0.0901 -0.6184 -0.7807
vn -0.6160 -0.4768 -0.6271
vn -0.2189 0.0078 -0.9757
vn 0.7859 -0.0964 -0.6109
vn 0.1111 0.0732 -0.9911
vn -0.6728 0.0602 -0.7374
vn -0.9103 -0.0555 -0.4103
vn -0.9030 -0.0403 -0.4278
vn 0.0095 -0.0375 -0.9992
vn -0.0027 -0.1287 -0.9917
vn -0.0230 -0.0647 -0.9976
vn -0.0121 -0.1327 -0.9911
vn -0.0712 -0.0093 -0.9974
vn 0.0619 0.0016 -0.9981
vn 0.3108 0.0021 -0.9505
vn -0.0399 -0.0110 -0.9991
vn -0.0032 0.3383 -0.9410
vn -0.1369 0.5174 -0.8447
vn -0.0216 -0.0160 -0.9996
vn -0.1109 -0.6052 -0.7883
vn 0.0219 0.2112 -0.9772
vn 0.0004 0.2417 -0.9704
vn 0.0189 0.1129 -0.9934
vn 0.0445 0.2963 -0.9541
vn -0.2277 0.1776 -0.9574
vn 0.0735 -0.0630 -0.9953
vn 0.1062 -0.0187 -0.9942
vn 0.0406 0.3394 -0.9397
vn 0.0593 0.3950 -0.9167
vn 0.0189 -0.0280 -0.9994
vn 0.0446 0.3282 -0.9435
vn 0.0018 -0.0260 -0.9997
vn 0.0371 -0.0670 -0.9971
vn -0.0088 -0.1261 -0.9920
vn -0.0849 -0.0776 -0.9934
vn 0.0097 -0.1062 -0.9943
vn 0.0016 0.0130 -0.9999
vn -0.0422 -0.0030 -0.9991
vn 0.1370 -0.0074 -0.9905
vn -0.7633 -0.0806 -0.6410
vn -0.2810 0.0545 -0.9582
vn 0.0905 -0.0869 -0.9921
vn 0.9630 0.2686 -0.0224
vn 0.1714 0.2470 -0.9537
vn -0.0032 -0.0652 -0.9979
vn 0.9972 -0.0739 -0.0070
vn 0.9979 -0.0532 -0.0357
vn -0.0124 -0.0044 -0.9999
vn -0.0104 0.0112 -0.9999
vn -0.0000 -0.0000 -1.0000
vn 0.0136 -0.0307 -0.9994
vn 0.0076 -0.0169 -0.9998
vn 0.0852 0.0265 -0.9960
vn 0.0442 0.0160 -0.9989
vn -0.0007 0.0167 -0.9999
vn 0.1430 -0.0168 -0.9896
vn 0.0220 0.0096 -0.9997
vn -0.0349 -0.0134 -0.9993
vn 0.0405 0.0148 -0.9991
vn 0.0173 0.0898 -0.9958
vn 0.0857 0.1477 -0.9853
vn 0.1636 0.2430 -0.9561
vn 0.1750 0.1406 -0.9745
vn 0.0455 0.2772 -0.9597
vn 0.0207 0.1038 -0.9944
vn 0.1757 0.3202 -0.9309
vn 0.0475 0.0247 -0.9986
vn 0.0122 0.0420 -0.9990
vn -0.0559 0.0096 -0.9984
vn -0.0773 -0.0203 -0.9968
vn -0.1888 -0.0240 -0.9817
vn -0.0001 -0.0228 -0.9997
vn -0.9701 -0.0173 -0.2422
vn 0.9997 0.0123 -0.0193
vn -0.0119 -0.0022 -0.9999
vn 0.0035 0.0502 -0.9987
vn -0.0222 -0.0313 -0.9993
vn -0.0170 0.1196 -0.9927
vn -0.0372 0.1575 -0.9868
vn 0.9990 0.0436 -0.0132
vn -0.0229 0.1504 -0.9884
vn -0.0163 0.0269 -0.9995
vn -0.9869 -0.0556 -0.1512
vn 0.9088 -0.2530 0.3319
vn -0.1904 -0.9795 -0.0659
vn -0.2587 -0.9638 -0.0647
vn -0.3837 -0.9214 -0.0620
vn -0.5063 -0.8531 -0.1259
vn -0.0968 -0.7344 -0.6717
vn -0.1059 -0.6762 -0.7291
vn -0.6104 -0.7848 -0.1077
vn 0.6687 -0.7278 -0.1521
vn 0.0404 0.0257 0.9989
vn 0.2538 -0.0042 0.9673
vn -0.6504 0.7581 -0.0469
vn -0.8019 0.2694 -0.5332
vn -0.8009 0.0275 -0.5982
vn -0.9144 -0.0943 -0.3937
vn -0.2245 0.3597 -0.9057
vn -0.9735 0.0862 0.2117
vn -0.7661 0.2532 0.5908
vn -0.9919 -0.0375 0.1210
vn -0.9741 -0.0054 0.2261
vn -0.6399 -0.5881 0.4946
vn -0.9880 0.1042 0.1140
vn 0.4186 0.9015 0.1097
vn 0.2651 0.9640 -0.0191
vn 0.1627 0.9754 0.1489
vn -0.8449 0.2111 0.4915
vn 0.3730 0.5766 -0.7269
vn 0.2913 0.8501 -0.4386
vn 0.6556 -0.6268 -0.4211
vn 0.5768 -0.3039 -0.7582
vn -0.2040 -0.0649 0.9768
vn -0.2280 -0.0946 0.9691
vn 0.5334 -0.8408 -0.0921
vn 0.6489 -0.7457 -0.1512
vn 0.3656 -0.0694 0.9282
vn 0.4126 0.1588 -0.8969
vn 0.3370 0.1714 -0.9258
vn 0.3714 -0.7085 0.6001
vn -0.3272 -0.0857 0.9411
vn 0.6595 -0.6882 -0.3022
vn 0.1349 0.9128 0.3855
vn 0.1257 0.9134 0.3872
vn 0.0936 0.9138 0.3952
vn 0.1013 0.9139 0.3931
vn -0.2891 0.8854 0.3638
vn -0.3538 0.8609 0.3657
vn -0.6724 0.6505 0.3532
vn -0.6481 0.6730 0.3565
vn 0.8909 -0.2702 0.3651
vn 0.9304 -0.1363 0.3402
vn -0.9502 0.2541 0.1806
vn -0.9808 0.1496 0.1250
vn -0.9060 0.2278 0.3567
vn -0.9176 0.1941 0.3469
vn -0.3389 -0.8791 0.3353
vn -0.3289 -0.8821 0.3372
vn -0.0154 -0.9324 0.3610
vn -0.0290 -0.9329 0.3590
vn 0.9401 -0.0863 0.3297
vn 0.9500 0.0154 0.3119
vn 0.9046 0.2581 0.3393
vn 0.9168 0.3075 0.2548
vn 0.8878 0.3748 0.2671
vn -0.9538 0.1479 0.2614
vn -0.9559 0.1378 0.2592
vn -0.9378 -0.2088 0.2773
vn -0.9375 -0.2099 0.2775
vn -0.7341 -0.5833 0.3476
vn -0.7339 -0.5843 0.3464
vn 0.1308 0.9265 0.3527
vn 0.1366 0.9257 0.3527
vn 0.3186 -0.7739 -0.5473
vn 0.3134 -0.8149 -0.4875
vn -0.9767 0.0149 0.2141
vn -0.9780 -0.0296 0.2065
vn 0.9669 0.2088 -0.1464
vn 0.9408 0.2685 -0.2070
vn 0.9824 0.0383 0.1828
vn 0.9824 0.0833 0.1671
vn -0.9529 -0.2418 0.1831
vn -0.9519 -0.2460 0.1827
vn -0.0474 -0.9084 0.4153
vn -0.0541 -0.9086 0.4141
vn 0.5829 -0.6900 0.4291
vn 0.4358 -0.7861 0.4383
vn 0.2616 0.8871 0.3803
vn 0.2512 0.8900 0.3805
vn 0.9492 0.0353 0.3128
vn 0.9752 0.1571 0.1556
vn 0.9749 0.1594 0.1556
vn 0.9859 0.0747 0.1495
vn 0.9855 0.0793 0.1503
vn -0.5856 -0.7602 0.2814
vn -0.5452 -0.7871 0.2883
vn -0.3577 -0.8378 0.4125
vn -0.4188 -0.8113 0.4080
vn -0.0366 -0.9079 0.4177
vn -0.9549 -0.0773 0.2867
vn -0.9549 -0.0674 0.2893
vn -0.9485 -0.1501 0.2791
vn -0.9472 -0.1600 0.2779
vn 0.9691 0.1914 0.1555
vn 0.9835 -0.1477 0.1040
vn 0.9762 -0.1995 0.0855
vn 0.9904 0.0257 0.1361
vn 0.9897 0.0357 0.1385
vn -0.6149 -0.6787 0.4015
vn -0.5800 -0.7049 0.4083
vn -0.9509 -0.0240 0.3087
vn -0.9518 -0.0373 0.3044
vn -0.9037 -0.3794 0.1984
vn -0.9025 -0.3822 0.1987
vn -0.9436 -0.1865 0.2734
vn 0.9672 0.2029 0.1527
vn 0.9662 0.2087 0.1512
vn 0.2294 -0.9569 -0.1780
vn -0.9142 0.4048 -0.0220
vn -0.3163 0.9445 -0.0891
vn -0.4283 -0.8588 -0.2811
vn -0.1267 -0.9751 -0.1817
vn -0.0910 -0.9511 -0.2952
vn -0.7067 -0.0062 -0.7075
vn -0.5311 0.5548 -0.6405
vn -0.9143 -0.3022 -0.2698
vn -0.9654 0.2094 -0.1554
vn -0.7866 0.0053 -0.6174
vn -0.7009 0.3403 -0.6268
vn -0.9996 0.0036 0.0294
vn -0.9942 -0.1073 0.0096
vn -0.8849 0.4647 0.0317
vn -0.9994 -0.0179 0.0293
vn -0.9086 -0.3264 0.2608
vn 0.0047 -0.1061 -0.9943
vn 0.0262 0.3158 -0.9485
vn -0.3391 -0.7266 -0.5976
vn -0.5992 -0.6299 -0.4941
vn -0.8184 0.1499 -0.5547
vn -0.8773 0.0168 -0.4797
vn -0.4332 0.5965 -0.6757
vn -0.4463 -0.8872 -0.1171
vn -0.4228 -0.9060 -0.0213
vn 0.0522 0.0961 -0.9940
vn -0.1996 -0.1037 -0.9744
vn -0.7633 -0.2437 -0.5983
vn -0.3833 -0.5781 -0.7203
vn -0.8740 -0.0266 -0.4851
vn -0.2566 -0.9604 -0.1083
vn -0.1650 -0.9779 -0.1287
vn -0.1317 -0.9910 -0.0221
vn -0.2583 -0.9658 -0.0210
vn -0.0312 0.2300 -0.9727
vn 0.0059 0.1191 -0.9929
vn 0.4723 0.4987 -0.7268
vn 0.0219 0.7941 -0.6074
vn -0.8869 0.1633 -0.4322
vn -0.8878 0.0169 -0.4600
vn -0.1872 -0.7225 -0.6656
vn -0.0875 -0.6448 -0.7594
vn -0.3855 -0.7289 -0.5657
vn 0.1585 -0.8177 -0.5534
vn 0.5896 0.6051 -0.5350
vn 0.0096 0.7041 -0.7100
vn 0.0306 0.0696 -0.9971
vn 0.0213 0.0236 -0.9995
vn -0.0281 -0.0184 -0.9994
vn 0.3861 -0.3186 -0.8657
vn 0.7504 -0.1940 -0.6319
vn 0.8551 -0.3858 -0.3463
vn 0.8901 -0.0414 -0.4538
vn 0.8705 -0.0327 -0.4912
vn 0.0843 0.3057 -0.9484
vn 0.0136 0.0058 -0.9999
vn -0.8898 -0.0248 -0.4556
vn -0.5953 0.5987 -0.5359
vn -0.0630 -0.7461 -0.6628
vn 0.1731 -0.6209 -0.7645
vn 0.8764 0.0223 -0.4811
vn 0.8830 -0.0000 -0.4693
vn 0.8822 -0.0033 -0.4708
vn 0.8276 -0.4154 -0.3775
vn 0.8783 -0.4741 -0.0617
vn 0.8842 -0.0010 -0.4670
vn 0.8844 -0.0013 -0.4668
vn 0.7857 -0.0206 -0.6182
vn 0.8520 -0.3051 -0.4254
vn 0.8132 0.1626 -0.5589
vn 0.8816 0.0570 -0.4686
vn 0.9050 0.0007 -0.4253
vn 0.8807 -0.4736 -0.0112
vn 0.8832 0.0020 -0.4690
vn 0.3442 -0.7632 -0.5469
vn 0.8885 0.0204 -0.4584
vn 0.8844 0.1745 -0.4329
vn -0.8482 -0.2200 -0.4818
vn -0.0000 -0.7833 -0.6217
vn -0.0000 -0.0122 -0.9999
vn 0.1773 -0.0754 -0.9813
vn -0.0000 -0.0077 -1.0000
vn -0.0000 -0.0049 -1.0000
vn -0.1720 -0.7439 -0.6457
vn -0.0024 0.7048 0.7094
vn -0.0013 0.6441 0.7649
vn 0.2521 -0.1228 -0.9599
vn -0.0273 -0.0986 -0.9948
vn 0.0081 -0.0777 -0.9969
vn 0.0137 -0.0747 -0.9971
vn -0.0537 -0.0465 -0.9975
vn 0.0464 -0.0353 -0.9983
vn -0.0539 0.6969 -0.7152
vn 0.7925 0.4196 -0.4425
vn 0.8896 -0.0043 -0.4567
vn -0.1045 -0.0813 -0.9912
vn -0.0202 -0.1055 -0.9942
vn -0.0930 0.6836 -0.7239
vn -0.1101 0.6764 -0.7283
vn -0.9906 0.1092 -0.0819
vn 0.0326 0.7087 -0.7048
vn -0.0907 0.6771 -0.7303
vn 0.9999 -0.0005 0.0139
vn -0.0153 0.9972 -0.0736
vn 1.0000 -0.0000 0.0030
vn 1.0000 -0.0004 0.0019
vn 1.0000 -0.0000 0.0021
vn 1.0000 -0.0000 0.0037
vn 0.9982 -0.0000 0.0592
vn 0.9991 -0.0000 0.0426
vn 0.9919 -0.0000 0.1269
vn 1.0000 -0.0000 0.0003
vn 0.9900 -0.0000 0.1407
vn 1.0000 -0.0000 0.0100
vn -0.0532 0.9986 -0.0000
vn -0.1062 0.9943 -0.0000
vn -0.1477 0.9890 -0.0000
vn -0.1209 0.9927 -0.0000
vn -0.0719 0.9974 -0.0000
vn -0.0000 -0.0000 -0.0000
vn -0.9963 0.0030 0.0863
vn -0.3155 0.9489 -0.0005
vn 0.3313 0.9433 0.0224
vn 0.1820 0.9833 -0.0010
vn -0.3768 0.5672 0.7323
vn 0.0726 0.9974 -0.0002
vn 0.1209 0.9927 -0.0000
vn 0.1477 0.9890 -0.0000
vn 0.1060 0.9944 -0.0000
vn 0.0532 0.9986 -0.0000
vn 0.9807 0.0001 -0.1955
vn -0.9807 -0.0001 0.1955
vn -0.9668 -0.0002 0.2554
vn 0.1807 -0.9659 0.1855
vt 0.430534 0.147527
vt 0.526397 0.147527
vt 0.526487 0.257772
vt 0.407544 0.257772
vt 0.553366 0.348358
vt 0.365035 0.348358
vt 0.556093 0.859423
vt 0.345609 0.859376
vt 0.531018 0.980946
vt 0.374319 0.980869
vt 0.954562 0.845277
vt 0.838757 0.845277
vt 0.838757 0.154723
vt 0.954562 0.154723
vt 0.573790 0.334857
vt 0.582189 0.865435
vt 0.649151 0.402042
vt 0.654427 0.778572
vt 0.537047 0.156929
vt 0.541355 0.260597
vt 0.553541 0.957421
vt 0.848619 0.534520
vt 0.848639 0.602209
vt 0.537047 0.156929
vt 0.553130 0.958181
vt 0.115903 0.129497
vt 0.000098 0.129497
vt 0.000098 0.121209
vt 0.115903 0.121209
vt 0.838757 0.121209
vt 0.954562 0.121209
vt 0.954562 0.129497
vt 0.838757 0.129497
vt 0.115903 0.878791
vt 0.000098 0.878791
vt 0.000098 0.870503
vt 0.115903 0.870503
vt 0.413917 0.863538
vt 0.414289 0.895827
vt 0.403394 0.895886
vt 0.407518 0.863223
vt 0.303975 0.897274
vt 0.239426 0.891028
vt 0.228967 0.866611
vt 0.308518 0.865968
vt 0.229320 0.838561
vt 0.308014 0.838885
vt 0.414523 0.838936
vt 0.407589 0.839452
vt 0.307928 0.781586
vt 0.229684 0.780505
vt 0.229690 0.752748
vt 0.308262 0.753984
vt 0.308657 0.729679
vt 0.237605 0.728485
vt 0.229937 0.728376
vt 0.230488 0.615059
vt 0.310688 0.616080
vt 0.416554 0.784772
vt 0.409137 0.784445
vt 0.410617 0.757666
vt 0.418377 0.758774
vt 0.425589 0.620023
vt 0.417652 0.620001
vt 0.418395 0.524162
vt 0.425449 0.525396
vt 0.231012 0.520102
vt 0.311312 0.520587
vt 0.456711 0.621617
vt 0.433507 0.620045
vt 0.432515 0.526632
vt 0.450986 0.532112
vt 0.448588 0.837450
vt 0.421539 0.838510
vt 0.424041 0.785132
vt 0.456186 0.782185
vt 0.350809 0.578023
vt 0.409607 0.594982
vt 0.412885 0.566748
vt 0.355417 0.564915
vt 0.459602 0.737789
vt 0.427677 0.735772
vt 0.447647 0.864839
vt 0.420489 0.863816
vt 0.441854 0.900403
vt 0.425140 0.894709
vt 0.271723 0.449755
vt 0.271222 0.437123
vt 0.270907 0.455444
vt 0.277141 0.430997
vt 0.273970 0.411906
vt 0.268355 0.404871
vt 0.270571 0.430995
vt 0.287357 0.559991
vt 0.296444 0.553919
vt 0.283838 0.533735
vt 0.270182 0.549136
vt 0.409876 0.430997
vt 0.453574 0.430997
vt 0.453574 0.424470
vt 0.407451 0.411052
vt 0.306487 0.430997
vt 0.315822 0.445814
vt 0.327990 0.447490
vt 0.323720 0.430997
vt 0.426203 0.759931
vt 0.458876 0.762981
vt 0.358355 0.430997
vt 0.379909 0.430997
vt 0.377495 0.418812
vt 0.358604 0.408975
vt 0.397622 0.559832
vt 0.397837 0.558030
vt 0.372863 0.557316
vt 0.377268 0.559824
vt 0.270810 0.467887
vt 0.274857 0.460400
vt 0.278364 0.445167
vt 0.358237 0.451654
vt 0.341641 0.430997
vt 0.343370 0.449607
vt 0.333025 0.430997
vt 0.337286 0.448769
vt 0.299927 0.413180
vt 0.320593 0.407360
vt 0.328741 0.574122
vt 0.331339 0.561443
vt 0.305865 0.559028
vt 0.300358 0.568537
vt 0.393654 0.419499
vt 0.398693 0.430997
vt 0.412122 0.473377
vt 0.409178 0.465439
vt 0.411860 0.548119
vt 0.453574 0.554172
vt 0.453574 0.530702
vt 0.414759 0.531702
vt 0.340260 0.417229
vt 0.327204 0.462917
vt 0.336507 0.463382
vt 0.336613 0.451450
vt 0.327305 0.450391
vt 0.346988 0.531814
vt 0.337703 0.531668
vt 0.342293 0.551809
vt 0.351977 0.551885
vt 0.329927 0.416790
vt 0.278524 0.492719
vt 0.273683 0.472773
vt 0.270541 0.479632
vt 0.275083 0.496547
vt 0.342685 0.510049
vt 0.333411 0.509938
vt 0.327798 0.472543
vt 0.337082 0.472633
vt 0.330355 0.494467
vt 0.339622 0.494552
vt 0.342480 0.556131
vt 0.354828 0.555007
vt 0.358517 0.556865
vt 0.361543 0.562442
vt 0.249433 0.496715
vt 0.252680 0.506918
vt 0.259922 0.525120
vt 0.386035 0.456610
vt 0.283702 0.442969
vt 0.288882 0.529438
vt 0.331704 0.555730
vt 0.307843 0.554362
vt 0.453574 0.567308
vt 0.453574 0.564685
vt 0.412417 0.564067
vt 0.272477 0.430992
vt 0.414414 0.510414
vt 0.453574 0.509902
vt 0.300622 0.551040
vt 0.343685 0.562074
vt 0.406778 0.558606
vt 0.406562 0.563187
vt 0.414168 0.495257
vt 0.453574 0.495094
vt 0.453574 0.466445
vt 0.271341 0.404359
vt 0.410928 0.554421
vt 0.453574 0.622171
vt 0.369685 0.782933
vt 0.370552 0.755713
vt 0.382242 0.839186
vt 0.375012 0.617630
vt 0.375611 0.521431
vt 0.412087 0.733683
vt 0.371462 0.731600
vt 0.419860 0.734718
vt 0.382983 0.865059
vt 0.374407 0.897133
vt 0.338325 0.575039
vt 0.218200 0.890919
vt 0.228860 0.882936
vt 0.228705 0.923787
vt 0.214477 0.932131
vt 0.242921 0.959051
vt 0.228738 0.952047
vt 0.242881 0.932132
vt 0.241937 0.998935
vt 0.229339 0.997373
vt 0.228957 0.977135
vt 0.244332 0.981042
vt 0.802252 0.012456
vt 0.893077 0.007350
vt 0.894463 0.032552
vt 0.742441 0.041469
vt 0.989705 0.000123
vt 0.991696 0.030598
vt 0.564945 -0.003147
vt 0.669791 0.034309
vt 0.740989 0.536532
vt 0.901640 0.527309
vt 0.904079 0.617983
vt 0.746163 0.629452
vt 0.998372 0.525483
vt 0.999877 0.616323
vt 0.669094 0.535349
vt 0.682300 0.628529
vt 0.443954 0.616534
vt 0.419041 0.618864
vt 0.426757 0.521271
vt 0.477717 0.046170
vt 0.514738 -0.010650
vt 0.730582 0.875917
vt 0.737968 0.876950
vt 0.737865 0.876630
vt 0.728001 0.875252
vt 0.053773 0.485383
vt 0.053640 0.510814
vt 0.051873 0.509196
vt 0.052275 0.483623
vt 0.650961 0.871737
vt 0.701525 0.872142
vt 0.699089 0.871382
vt 0.645427 0.868756
vt 0.744125 0.880129
vt 0.740578 0.878073
vt 0.195610 0.777543
vt 0.184710 0.766984
vt 0.179689 0.764388
vt 0.195968 0.778551
vt 0.203216 0.791000
vt 0.206506 0.791699
vt 0.599968 0.868960
vt 0.598697 0.869134
vt 0.053276 0.445174
vt 0.053363 0.462265
vt 0.051781 0.460068
vt 0.054838 0.450088
vt 0.723578 0.874520
vt 0.721124 0.873883
vt 0.204899 0.809198
vt 0.208893 0.810574
vt 0.053708 0.547985
vt 0.048915 0.541921
vt 0.341921 0.449407
vt 0.357406 0.451522
vt 0.210014 0.738575
vt 0.206506 0.739812
vt 0.206251 0.739442
vt 0.209512 0.738277
vt 0.411712 0.549035
vt 0.411169 0.554730
vt 0.336766 0.450842
vt 0.337468 0.448047
vt 0.226463 0.813879
vt 0.242588 0.814948
vt 0.243197 0.814988
vt 0.226535 0.814043
vt 0.414420 0.510793
vt 0.414758 0.532416
vt 0.409808 0.465751
vt 0.412178 0.473244
vt 0.204184 0.750079
vt 0.204134 0.749599
vt 0.351960 0.552217
vt 0.347030 0.532016
vt 0.231782 0.740494
vt 0.231959 0.740158
vt 0.240155 0.741334
vt 0.240516 0.740599
vt 0.203416 0.758448
vt 0.203195 0.757757
vt 0.249988 0.815288
vt 0.249914 0.812329
vt 0.250116 0.813714
vt 0.250412 0.815993
vt 0.206668 0.771925
vt 0.206425 0.771389
vt 0.407707 0.558387
vt 0.398808 0.558076
vt 0.386312 0.456682
vt 0.414174 0.495211
vt 0.241776 0.773226
vt 0.240034 0.758288
vt 0.239995 0.757830
vt 0.241802 0.773375
vt 0.221553 0.811610
vt 0.221641 0.811946
vt 0.372765 0.557313
vt 0.357979 0.556756
vt 0.339439 0.493428
vt 0.336921 0.470857
vt 0.243858 0.783768
vt 0.243969 0.784327
vt 0.239695 0.743216
vt 0.239850 0.741988
vt 0.239629 0.751729
vt 0.239612 0.750941
vt 0.354488 0.554788
vt 0.336450 0.461530
vt 0.213625 0.796958
vt 0.213593 0.797104
vt 0.342562 0.509426
vt 0.246783 0.798574
vt 0.247009 0.799634
vt 0.350217 0.347617
vt 0.386525 0.257772
vt 0.416505 0.147527
vt 0.343150 0.980865
vt 0.326097 0.860367
vt 0.307899 0.462630
vt 0.304231 0.706114
vt 0.288752 0.704261
vt 0.292976 0.464009
vt 0.010999 0.425120
vt 0.015836 0.194974
vt 0.224356 0.207681
vt 0.222053 0.435467
vt 0.025632 0.184300
vt 0.207532 0.183083
vt 0.219468 0.210055
vt 0.221402 0.435135
vt 0.268355 0.337183
vt 0.267807 0.337183
vt 0.173289 0.002429
vt 0.291655 0.000115
vt 0.311989 0.170626
vt 0.316133 0.205377
vt 0.321304 0.435190
vt 0.296174 0.731749
vt 0.190913 0.708265
vt 0.198956 0.697326
vt 0.296174 0.719016
vt 0.211969 0.668856
vt 0.296174 0.687642
vt 0.211969 0.662199
vt 0.296174 0.680986
vt 0.198956 0.686556
vt 0.296174 0.708245
vt 0.106501 0.642465
vt 0.120993 0.636554
vt 0.144442 0.616218
vt 0.144442 0.609562
vt 0.120993 0.625783
vt 0.059656 0.547382
vt 0.077727 0.548735
vt 0.106968 0.540155
vt 0.106968 0.533498
vt 0.077727 0.537965
vt 0.059656 0.441847
vt 0.077727 0.451264
vt 0.106968 0.455731
vt 0.106968 0.449074
vt 0.232390 0.533498
vt 0.232390 0.409305
vt 0.077727 0.440494
vt 0.106501 0.346764
vt 0.120993 0.363446
vt 0.144442 0.379668
vt 0.144442 0.373011
vt 0.120993 0.352675
vt 0.190913 0.280964
vt 0.198956 0.302674
vt 0.211969 0.327030
vt 0.211969 0.320373
vt 0.198956 0.291903
vt 0.296174 0.257480
vt 0.296174 0.280984
vt 0.296174 0.308244
vt 0.366216 0.374614
vt 0.296174 0.369470
vt 0.380378 0.327030
vt 0.296174 0.301587
vt 0.296174 0.270214
vt 0.401434 0.280964
vt 0.393392 0.302674
vt 0.380378 0.320373
vt 0.393392 0.291903
vt 0.485846 0.346764
vt 0.471354 0.363446
vt 0.447905 0.379668
vt 0.447905 0.373011
vt 0.471354 0.352675
vt 0.532692 0.441847
vt 0.514620 0.451264
vt 0.485380 0.455731
vt 0.485380 0.449074
vt 0.514620 0.440494
vt 0.532692 0.547382
vt 0.514620 0.548735
vt 0.485380 0.540155
vt 0.232390 0.533210
vt 0.485380 0.533498
vt 0.514620 0.537965
vt 0.485847 0.642465
vt 0.471354 0.636554
vt 0.447905 0.616218
vt 0.447905 0.609562
vt 0.471354 0.625783
vt 0.401434 0.708265
vt 0.393392 0.697326
vt 0.380378 0.668856
vt 0.380378 0.662199
vt 0.393392 0.686556
vt 0.296174 0.533210
vt 0.296174 0.410453
vt 0.359958 0.409016
vt 0.359958 0.533210
vt 0.296174 0.533498
vt 0.359958 0.533498
vt 0.232390 0.409016
vt 0.359958 0.409305
vt 0.296174 0.410742
vt 0.232390 0.367595
vt 0.226132 0.374614
vt 0.296174 0.367595
vt 0.359958 0.367595
vt 0.217454 0.477577
vt 0.283209 0.478745
vt 0.215684 0.477555
vt 0.000115 0.467874
vt 0.154723 0.999902
vt 0.154723 0.884097
vt 0.799937 0.884097
vt 0.799937 0.999902
vt 0.799937 0.000098
vt 0.799937 0.115903
vt 0.154723 0.115903
vt 0.154723 0.000098
vt 0.000098 0.154723
vt 0.115903 0.154723
vt 0.115903 0.845277
vt 0.000098 0.845277
vt 0.954562 0.904017
vt 0.838757 0.904017
vt 0.838757 0.878791
vt 0.954562 0.878791
vt 0.954562 0.870503
vt 0.838757 0.870503
vt 0.838757 0.095983
vt 0.954562 0.095983
vt 0.000098 0.095983
vt 0.115903 0.095983
vt 0.115903 0.904017
vt 0.000098 0.904017
vt 0.823242 0.125557
vt 0.131417 0.125557
vt 0.829103 0.131418
vt 0.125557 0.131417
vt 0.829103 0.868582
vt 0.125557 0.868582
vt 0.823243 0.874443
vt 0.131417 0.874443
vt 0.633627 0.411635
vt 0.710823 0.411635
vt 0.710823 0.337183
vt 0.633627 0.337183
vt 0.545276 0.454948
vt 0.516012 0.430997
vt 0.417114 0.392711
vt 0.423842 0.393829
vt 0.558668 0.494009
vt 0.559475 0.475304
vt 0.563619 0.463992
vt 0.311448 0.389413
vt 0.374977 0.390261
vt 0.430631 0.394959
vt 0.449402 0.399707
vt 0.563618 0.531920
vt 0.559475 0.527641
vt 0.558668 0.515028
vt 0.516012 0.424470
vt 0.231678 0.388946
vt 0.516012 0.664459
vt 0.574820 0.411635
vt 0.574820 0.430997
vt 0.633627 0.430997
vt 0.376546 0.272980
vt 0.312396 0.272126
vt 0.312995 0.154337
vt 0.377119 0.155008
vt 0.599995 0.454263
vt 0.619316 0.463505
vt 0.674760 0.463759
vt 0.654715 0.454948
vt 0.232205 0.271637
vt 0.232656 0.153912
vt 0.391985 0.764038
vt 0.393887 0.774358
vt 0.394172 0.773895
vt 0.394769 0.764913
vt 0.426628 0.275522
vt 0.419388 0.274777
vt 0.419832 0.156071
vt 0.426867 0.156465
vt 0.461062 0.748560
vt 0.426345 0.751918
vt 0.429120 0.766804
vt 0.457782 0.762225
vt 0.453457 0.279099
vt 0.433899 0.276295
vt 0.431635 0.156841
vt 0.450818 0.158201
vt 0.574820 0.337183
vt 0.479706 0.784426
vt 0.474067 0.784158
vt 0.472989 0.782329
vt 0.474684 0.779954
vt 0.397440 0.785943
vt 0.397815 0.785877
vt 0.391970 0.754152
vt 0.397262 0.766390
vt 0.619324 0.532342
vt 0.574820 0.680184
vt 0.633627 0.695909
vt 0.674760 0.531921
vt 0.680122 0.494009
vt 0.680122 0.515028
vt 0.710823 0.554172
vt 0.710823 0.530702
vt 0.378927 0.001012
vt 0.422096 0.001604
vt 0.710823 0.466445
vt 0.710823 0.430997
vt 0.429401 0.001717
vt 0.434422 0.001804
vt 0.679168 0.475277
vt 0.710823 0.509902
vt 0.679168 0.527645
vt 0.710823 0.567308
vt 0.710823 0.564685
vt 0.710823 0.695909
vt 0.314138 0.000362
vt 0.710823 0.495094
vt 0.233101 0.000068
vt 0.453748 0.002167
vt 0.407451 0.337183
vt 0.482796 0.782676
vt 0.473790 0.778888
vt 0.467367 0.773785
vt 0.462057 0.758974
vt 0.459867 0.763942
vt 0.466685 0.773879
vt 0.398784 0.787220
vt 0.399006 0.789123
vt 0.438861 0.783439
vt 0.437007 0.778392
vt 0.585078 0.503370
vt 0.585078 0.511238
vt 0.644917 0.518902
vt 0.645872 0.506288
vt 0.585078 0.454579
vt 0.585078 0.470202
vt 0.644921 0.466538
vt 0.640513 0.455000
vt 0.585078 0.485796
vt 0.645872 0.485269
vt 0.585078 0.523512
vt 0.640512 0.523092
vt 0.525233 0.518902
vt 0.529373 0.523092
vt 0.525229 0.466538
vt 0.524425 0.485269
vt 0.524425 0.506288
vt 0.529372 0.455000
vt 0.399266 0.787102
vt 0.400747 0.787049
vt 0.044129 0.861215
vt 0.050527 0.860981
vt 0.054233 0.893675
vt 0.043346 0.893477
vt 0.153579 0.896330
vt 0.149438 0.864977
vt 0.150284 0.837908
vt 0.088194 0.729900
vt 0.086011 0.615991
vt 0.150305 0.615182
vt 0.150974 0.728734
vt 0.043835 0.836622
vt 0.050757 0.837226
vt 0.151079 0.780628
vt 0.151077 0.753034
vt 0.042485 0.782475
vt 0.040987 0.756477
vt 0.048754 0.755466
vt 0.049900 0.782239
vt 0.035463 0.617794
vt 0.036678 0.523311
vt 0.043734 0.522156
vt 0.043391 0.617865
vt 0.150738 0.519737
vt 0.004368 0.619020
vt 0.011111 0.529736
vt 0.029610 0.524468
vt 0.027556 0.617723
vt 0.009815 0.834706
vt 0.002923 0.779393
vt 0.035001 0.782741
vt 0.036829 0.836108
vt 0.350809 0.578023
vt 0.355417 0.564915
vt 0.412885 0.566748
vt 0.409607 0.594982
vt 0.031980 0.733384
vt 0.000068 0.735007
vt 0.037558 0.861409
vt 0.010407 0.862087
vt 0.032517 0.892222
vt 0.015743 0.897698
vt 0.271723 0.449755
vt 0.270907 0.455444
vt 0.271222 0.437124
vt 0.358355 0.430997
vt 0.358604 0.408976
vt 0.377495 0.418812
vt 0.379909 0.430997
vt 0.287357 0.559991
vt 0.270182 0.549136
vt 0.283838 0.533735
vt 0.296444 0.553919
vt 0.306487 0.430997
vt 0.323720 0.430997
vt 0.327990 0.447490
vt 0.315822 0.445814
vt 0.000478 0.760177
vt 0.033155 0.757537
vt 0.397622 0.559832
vt 0.377268 0.559824
vt 0.372863 0.557316
vt 0.397837 0.558030
vt 0.278364 0.445167
vt 0.274857 0.460400
vt 0.358237 0.451654
vt 0.343370 0.449607
vt 0.341641 0.430997
vt 0.337286 0.448769
vt 0.333025 0.430997
vt 0.409876 0.430997
vt 0.407451 0.411052
vt 0.328741 0.574122
vt 0.300358 0.568537
vt 0.305865 0.559028
vt 0.331339 0.561443
vt 0.277141 0.430997
vt 0.270571 0.430995
vt 0.268355 0.404871
vt 0.273970 0.411906
vt 0.412122 0.473377
vt 0.409178 0.465439
vt 0.398693 0.430997
vt 0.411860 0.548119
vt 0.414759 0.531702
vt 0.453574 0.530702
vt 0.453574 0.554172
vt 0.327204 0.462917
vt 0.336613 0.451451
vt 0.336507 0.463382
vt 0.346988 0.531814
vt 0.351977 0.551885
vt 0.342293 0.551809
vt 0.337703 0.531668
vt 0.278524 0.492719
vt 0.275083 0.496547
vt 0.270541 0.479632
vt 0.273683 0.472773
vt 0.342685 0.510049
vt 0.333411 0.509938
vt 0.327798 0.472543
vt 0.337082 0.472633
vt 0.339622 0.494552
vt 0.330355 0.494467
vt 0.354828 0.555007
vt 0.342480 0.556131
vt 0.358517 0.556865
vt 0.361543 0.562443
vt 0.252680 0.506919
vt 0.249433 0.496715
vt 0.259922 0.525120
vt 0.386035 0.456610
vt 0.283702 0.442970
vt 0.288882 0.529438
vt 0.307843 0.554362
vt 0.331704 0.555730
vt 0.412417 0.564067
vt 0.453574 0.564685
vt 0.453574 0.567308
vt 0.272477 0.430992
vt 0.414414 0.510414
vt 0.300622 0.551040
vt 0.343685 0.562074
vt 0.406562 0.563188
vt 0.414168 0.495257
vt 0.453574 0.466445
vt 0.453574 0.495094
vt 0.271341 0.404359
vt 0.410928 0.554421
vt 0.453574 0.622171
vt 0.088808 0.754006
vt 0.089341 0.781217
vt 0.076090 0.837279
vt 0.086489 0.519892
vt 0.047581 0.731489
vt 0.039803 0.732427
vt 0.075023 0.863127
vt 0.083187 0.895291
vt 0.338325 0.575039
vt 0.214564 0.959237
vt 0.213536 0.981547
vt 0.215872 0.999789
vt 0.249306 0.933954
vt 0.161615 0.790143
vt 0.318261 0.794692
vt 0.332277 0.935589
vt 0.416108 0.791386
vt 0.423380 0.923068
vt 0.083021 0.820691
vt 0.090695 0.777910
vt 0.160468 0.283972
vt 0.157337 0.187444
vt 0.324880 0.199651
vt 0.323210 0.291199
vt 0.423380 0.200303
vt 0.421667 0.292399
vt 0.091956 0.288469
vt 0.089594 0.202306
vt 0.015119 0.292825
vt 0.001965 0.200901
vt 0.017678 0.201880
vt 0.057294 0.795393
vt 0.076745 0.749074
vt -2.196715 0.250362
vt -1.840951 -0.118937
vt 0.633512 -2.005274
vt -0.706818 -0.965412
vt 0.863257 2.513641
vt 1.022116 4.286893
vt -5.072664 0.594708
vt -3.344733 0.763035
vt 0.810572 0.920139
vt 0.564235 0.882366
vt 1.144156 0.971875
vt 1.899455 1.047389
vt 2.061790 -2.175440
vt -0.659704 0.385680
vt 0.197173 0.779228
vt 0.164838 0.770607
vt 0.174380 0.735161
vt 0.217545 0.757269
vt 0.199295 0.788557
vt 0.201204 0.782515
vt 0.636656 0.870702
vt 0.373879 0.835161
vt 0.710512 1.041782
vt 0.124816 0.634640
vt -2.950261 -3.708397
vt -1.106686 -1.359126
vt -1.601280 0.673702
vt -0.962633 0.746467
vt 0.206620 0.800340
vt 0.216165 0.779358
vt -9.128521 1.663748
vt -1.714672 0.792601
vt 0.357406 0.451522
vt 0.341920 0.449407
vt 0.141366 1.827017
vt 0.140442 1.816885
vt 0.175213 1.069536
vt 0.175104 1.091323
vt 0.411169 0.554730
vt 0.411712 0.549035
vt 0.337468 0.448048
vt 0.336766 0.450842
vt 0.228523 0.826593
vt 0.228589 0.827129
vt 0.244751 0.804132
vt 0.248374 0.801068
vt 0.414758 0.532416
vt 0.414420 0.510793
vt 0.412178 0.473244
vt 0.409808 0.465750
vt 0.201221 0.753652
vt 0.201792 0.745498
vt 0.347030 0.532016
vt 0.351960 0.552216
vt 0.189948 2.089271
vt 0.188912 2.029931
vt 0.221097 1.007890
vt 0.215469 0.932637
vt 0.189350 0.741910
vt 0.189932 0.742900
vt 0.226997 0.821051
vt 0.219316 0.826291
vt 0.230851 0.824295
vt 0.237383 0.819540
vt 0.196067 0.772259
vt 0.196928 0.773318
vt 0.398808 0.558076
vt 0.407707 0.558387
vt 0.386312 0.456682
vt 0.414174 0.495211
vt 0.241775 0.773230
vt 0.241791 0.773470
vt 0.239220 0.771665
vt 0.239765 0.759815
vt 0.223856 0.833103
vt 0.223984 0.834342
vt 0.357979 0.556756
vt 0.372765 0.557313
vt 0.336921 0.470857
vt 0.339439 0.493428
vt 0.243602 0.785513
vt 0.243662 0.786293
vt 0.218722 1.201051
vt 0.212953 1.027418
vt 0.233207 0.857687
vt 0.236666 0.822408
vt 0.354488 0.554788
vt 0.336450 0.461530
vt 0.218314 0.809290
vt 0.218377 0.810066
vt 0.342562 0.509426
vt 0.245731 0.804394
vt 0.244974 0.806195
vt 0.077670 0.551148
vt 0.218295 0.554472
vt 0.205102 0.781856
vt 0.067221 0.782113
vt 0.186833 0.805466
vt 0.000115 0.792103
vt 0.217808 0.554617
vt 0.200505 0.779216
vt 0.290376 0.825066
vt 0.257284 0.999885
vt 0.140218 0.983662
vt 0.296897 0.790619
vt 0.318130 0.561146
vt 0.216520 0.511993
vt 0.282960 0.514759
vt 0.214742 0.511962
vt 0.077419 0.506984
vt 0.545276 0.454948
vt 0.039651 0.391980
vt 0.046378 0.390930
vt 0.559475 0.475304
vt 0.558668 0.494009
vt 0.563619 0.463992
vt 0.088471 0.388893
vt 0.151939 0.388654
vt 0.014083 0.397596
vt 0.032864 0.393042
vt 0.563618 0.531920
vt 0.558668 0.515028
vt 0.516012 0.664459
vt 0.087974 0.271778
vt 0.088324 0.154011
vt 0.152361 0.153795
vt 0.152049 0.271462
vt 0.599995 0.454263
vt 0.654715 0.454948
vt 0.674760 0.463759
vt 0.619316 0.463505
vt 12.735745 36.929436
vt -23.221819 -69.801849
vt -14.917024 -31.030277
vt 8.051748 15.868583
vt 0.037964 0.273891
vt 0.038664 0.155108
vt 0.045687 0.154765
vt 0.045196 0.273209
vt 0.691974 2.707880
vt 0.149097 -2.264884
vt -16.002487 -98.861328
vt 9.192368 54.614353
vt 0.011165 0.277229
vt 0.014755 0.156666
vt 0.033903 0.155448
vt 0.030702 0.274600
vt 0.138594 0.076251
vt 0.923570 1.557587
vt 0.645562 0.989352
vt 0.401543 0.666220
vt 0.633627 0.430997
vt -8.632107 -9.795325
vt 5.227008 5.321453
vt -28.080338 -102.779556
vt 15.039396 54.833588
vt 0.674760 0.531921
vt 0.633627 0.695909
vt 0.574820 0.680184
vt 0.680122 0.494009
vt 0.710823 0.530702
vt 0.710823 0.554172
vt 0.680122 0.515028
vt 0.044423 0.000621
vt 0.087500 0.000308
vt 0.710823 0.430997
vt 0.710823 0.466445
vt 0.032127 0.000742
vt 0.037135 0.000688
vt 0.679168 0.475277
vt 0.710823 0.509902
vt 0.679168 0.527645
vt 0.710823 0.564685
vt 0.710823 0.567308
vt 0.710823 0.695909
vt 0.152154 0.000068
vt 0.710823 0.495094
vt 0.012844 0.000979
vt -0.271768 -1.013551
vt 1.317182 2.964279
vt 0.466787 0.803596
vt 0.508122 0.631130
vt 0.462265 -0.059277
vt 0.535516 1.412188
vt -0.860131 6.535960
vt 1.972779 -3.291558
vt -6.105598 -30.706371
vt 12.225852 57.642292
vt 0.585078 0.503370
vt 0.645872 0.506288
vt 0.644917 0.518902
vt 0.585078 0.511238
vt 0.585078 0.454579
vt 0.640513 0.455000
vt 0.644921 0.466538
vt 0.585078 0.470202
vt 0.585078 0.485796
vt 0.645872 0.485269
vt 0.640512 0.523092
vt 0.525233 0.518902
vt 0.529373 0.523092
vt 0.525229 0.466538
vt 0.524425 0.485269
vt 0.524425 0.506288
vt 0.529372 0.455000
vt -1.619033 2.339272
vt 1.206127 -6.881649
vt 0.051844 0.207085
vt 0.097516 0.026165
vt 0.051635 0.266574
vt 0.159523 0.000123
vt 0.323791 0.011733
vt 0.423133 0.011984
vt 0.320594 0.337183
vt 0.358604 0.337183
vt 0.299927 0.413180
vt 0.320593 0.407360
vt 0.393654 0.419499
vt 0.340260 0.417229
vt 0.329927 0.416790
vt 0.633627 0.411635
vt 0.710823 0.411635
vt 0.574820 0.411635
vt 0.268355 0.337183
vt 0.534710 0.520878
vt 0.413180 0.520878
vt 0.412658 0.471547
vt 0.534710 0.471547
vt 0.534815 0.533708
vt 0.413391 0.533708
vt 0.534815 0.557195
vt 0.413391 0.557195
vt 0.534815 0.576178
vt 0.413391 0.576178
vt 0.534815 0.585990
vt 0.413391 0.585990
vt 0.534815 0.599772
vt 0.413391 0.599772
vt 0.534815 0.615323
vt 0.413391 0.615323
vt 0.534815 0.622289
vt 0.413391 0.622289
vt 0.534815 0.624027
vt 0.413391 0.624027
vt 0.534815 0.709237
vt 0.413391 0.709237
vt 0.534815 0.721157
vt 0.413391 0.721157
vt 0.534815 0.724000
vt 0.414467 0.724000
vt 0.534815 0.726833
vt 0.417911 0.726833
vt 0.534815 0.732785
vt 0.444046 0.732785
vt 0.534815 0.734322
vt 0.484327 0.734322
vt 0.585303 0.734322
vt 0.625584 0.732785
vt 0.651720 0.726833
vt 0.655164 0.724000
vt 0.656240 0.721157
vt 0.656240 0.709237
vt 0.656240 0.624027
vt 0.656240 0.622289
vt 0.656240 0.615323
vt 0.656240 0.599772
vt 0.656240 0.585990
vt 0.656240 0.576178
vt 0.656240 0.557195
vt 0.656240 0.533708
vt 0.656240 0.520878
vt 0.656762 0.471547
vt 0.269609 0.337183
vt 0.009161 0.242988
vt 0.216241 0.534710
vt 0.216241 0.412658
vt 0.267391 0.412658
vt 0.267391 0.509930
vt 0.306357 0.412658
vt 0.306357 0.509930
vt 0.417254 0.412658
vt 0.417254 0.509930
vt 0.449620 0.412658
vt 0.449620 0.509930
vt 0.474806 0.412658
vt 0.474806 0.509930
vt 0.509419 0.411052
vt 0.509419 0.509604
vt 0.508588 0.414453
vt 0.509064 0.510177
vt 0.544240 0.412410
vt 0.544240 0.509964
vt 0.550088 0.419745
vt 0.550088 0.511453
vt 0.544240 0.657221
vt 0.544240 0.558214
vt 0.550088 0.556812
vt 0.550088 0.649885
vt 0.509782 0.654671
vt 0.509299 0.557521
vt 0.509419 0.658368
vt 0.509419 0.558348
vt 0.474806 0.656762
vt 0.474806 0.558041
vt 0.449620 0.656762
vt 0.449620 0.558041
vt 0.417254 0.656762
vt 0.417254 0.558041
vt 0.306357 0.656762
vt 0.306357 0.558041
vt 0.267391 0.656762
vt 0.267391 0.558041
vt 0.216241 0.656762
vt 0.466434 -0.063942
vt 0.540132 -0.068586
vt 0.532759 0.043813
vt 0.448025 0.046303
vt 0.552751 1.351498
vt 0.337038 1.265427
vt 0.588625 1.436383
vt -0.022477 1.068686
vt 0.660268 1.194240
vt 0.530908 -0.069257
vt 0.533789 0.030891
vt -0.040131 1.148678
vt 0.852889 0.936294
vt 0.855690 1.167334
vt 0.527275 -0.078217
vt 0.531583 0.025451
vt 0.439714 0.046303
vt 0.465935 -0.063942
vt 0.296970 0.991846
vt 0.285217 0.926853
s 1
f 4306/2102/2789 4307/2103/2790 4309/2104/2791 4308/2105/2792
f 4308/2105/2792 4309/2104/2791 4313/2106/2793 4312/2107/2794
f 4312/2107/2795 4313/2106/2793 4311/2108/2796 4310/2109/2795
f 4310/2109/2797 4311/2108/2796 4307/2110/2790 4306/2111/2789
f 4664/2112/2798 4665/2113/2799 4676/2114/2800 4669/2115/2801
f 4311/2108/2796 4313/2106/2793 4316/2116/2802 4317/2117/2802
f 4317/2117/2803 4316/2116/2804 4320/2118/2805 4321/2119/2806
f 4309/2104/2791 4307/2103/2790 4314/2120/2802 4315/2121/2802
f 4307/2110/2790 4311/2108/2796 4317/2117/2802 4314/2122/2802
f 4313/2106/2793 4309/2104/2791 4315/2121/2802 4316/2116/2802
f 4320/2118/2805 4319/2123/2807 4318/2124/2808 4321/2119/2806
f 4315/2121/2809 4314/2120/2810 4318/2125/2808 4319/2121/2807
f 4314/2122/2810 4317/2117/2803 4321/2119/2806 4318/2126/2808
f 4316/2116/2804 4315/2121/2809 4319/2121/2807 4320/2118/2805
f 4690/2127/2811 4687/2128/2812 4686/2129/2813 4691/2130/2814
f 4674/2131/2815 4671/2132/2816 4670/2133/2817 4675/2134/2818
f 4682/2135/2819 4679/2136/2820 4678/2137/2821 4683/2138/2822
f 4473/2139/2823 4474/2140/2824 4325/2141/2825 4323/2142/2826
f 4449/2143/2827 4328/2144/2828 4327/2145/2829 4445/2146/2830
f 4445/2146/2830 4327/2145/2829 4335/2147/2831 4447/2148/2832
f 4476/2149/2833 4473/2139/2823 4323/2142/2826 4334/2150/2834
f 4446/2151/2835 4332/2152/2836 4460/2153/2837 4467/2154/2838
f 4466/2155/2839 5102/2156/2840 4461/2157/2841 4341/2158/2842 4448/2159/2843
f 4475/2160/2844 4331/2161/2845 4458/2162/2846 4479/2163/2847
f 4476/2149/2833 4334/2150/2834 4331/2161/2845 4475/2160/2844
f 4477/2164/2848 4338/2165/2849 4339/2166/2850 4478/2167/2851
f 4448/2159/2843 4341/2158/2842 4340/2168/2852 4450/2169/2853
f 4447/2148/2832 4335/2147/2831 4332/2152/2836 4446/2151/2835
f 4336/2170/2854 4346/2171/2855 4347/2172/2856 4337/2173/2857
f 4333/2174/2858 4345/2175/2859 4344/2176/2860 4330/2177/2861
f 4456/2178/2862 4336/2179/2863 4401/2180/2864 4372/2181/2865
f 4336/2170/2854 4456/2182/2862 4462/2183/2866 4346/2171/2855
f 4333/2174/2858 4322/2184/2867 4342/2185/2868 4345/2175/2859
f 4322/2184/2867 4324/2186/2869 4343/2187/2870 4342/2185/2868
f 4434/2188/2871 4407/2189/2872 4326/2190/2873
f 4363/2191/2874 4361/2192/2875 4387/2193/2876 4402/2194/2877
f 4322/2195/2867 4425/2196/2878 4427/2197/2879 4324/2198/2869
f 4399/2199/2880 4398/2200/2881 4378/2201/2882 4383/2202/2883
f 4362/2203/2884 4354/2204/2885 4365/2205/2886 4371/2206/2887
f 4330/2177/2861 4344/2176/2860 4463/2207/2888 4457/2208/2889
f 4410/2209/2890 4392/2210/2891 4384/2211/2892 4409/2212/2893
f 4389/2213/2894 4403/2214/2895 4385/2215/2896 4390/2216/2897
f 4426/2217/2898 4394/2218/2899 4393/2219/2900 4434/2188/2871
f 4404/2220/2901 4410/2209/2890 4422/2221/2902 4421/2222/2903
f 4421/2222/2903 4422/2221/2902 4370/2223/2904 4364/2224/2905
f 4355/2225/2906 4362/2203/2884 4371/2206/2887 4367/2226/2907
f 4330/2227/2861 4380/2228/2908 4406/2229/2909 4333/2230/2858
f 4399/2199/2880 4383/2202/2883 4379/2231/2910 4391/2232/2911
f 4361/2192/2875 4363/2191/2874 4362/2203/2884 4355/2225/2906
f 4350/2233/2912 4399/2199/2880 4391/2232/2911 4395/2234/2913
f 4429/2235/2914 4430/2236/2915 4431/2237/2916 4432/2238/2917
f 4410/2209/2890 4409/2212/2893 4423/2239/2918 4422/2221/2902
f 4416/2240/2919 4417/2241/2919 4413/2242/2919 4412/2243/2919
f 4418/2244/2919 4419/2245/2919 4415/2246/2920 4414/2247/2920
f 4367/2226/2907 4371/2206/2887 4370/2223/2904 4366/2248/2921
f 4360/2249/2922 4349/2250/2923 4405/2251/2924 4386/2252/2925
f 4436/2253/2919 4435/2254/2919 4419/2245/2919 4418/2244/2919
f 4373/2255/2919 4374/2256/2919 4417/2241/2919 4416/2240/2919
f 4373/2255/2919 4376/2257/2919 4375/2258/2919 4374/2256/2919
f 4414/2247/2920 4415/2246/2920 4368/2259/2926 4369/2260/2927
f 4412/2243/2919 4413/2242/2919 4364/2224/2905 4365/2205/2886
f 4424/2261/2928 4369/2260/2927 4372/2181/2865 4420/2262/2929
f 4391/2232/2911 4379/2231/2910 4384/2211/2892 4392/2210/2891
f 4349/2250/2923 4394/2218/2899 4426/2217/2898 4405/2251/2924
f 4426/2217/2898 4454/2263/2930 4451/2264/2931 4405/2251/2924
f 4405/2251/2924 4451/2264/2931 4357/2265/2932 4386/2252/2925
f 4408/2266/2933 4395/2234/2913 4391/2232/2911 4392/2210/2891
f 4363/2191/2874 4351/2267/2934 4354/2204/2885 4362/2203/2884
f 4427/2197/2879 4388/2268/2935 4360/2249/2922 4386/2252/2925
f 4351/2267/2934 4363/2191/2874 4402/2194/2877 4407/2189/2872
f 4380/2228/2908 4356/2269/2936 4353/2270/2937 4406/2229/2909
f 4401/2180/2864 4400/2271/2938 4428/2272/2939 4433/2273/2940
f 4407/2189/2872 4402/2194/2877 4358/2274/2941 4326/2190/2873
f 4422/2221/2902 4423/2239/2918 4366/2248/2921 4370/2223/2904
f 4438/2275/2942 4432/2238/2917 4431/2237/2916 4437/2276/2943
f 4425/2196/2878 4382/2277/2944 4388/2268/2935 4427/2197/2879
f 4411/2278/2945 4368/2259/2926 4356/2269/2936 4380/2228/2908
f 4401/2180/2864 4433/2273/2940 4352/2279/2946 4359/2280/2947
f 4359/2280/2947 4352/2279/2946 4403/2214/2895 4389/2213/2894
f 4397/2281/2948 4396/2282/2949 4377/2283/2950 4350/2233/2912
f 4402/2194/2877 4387/2193/2876 4348/2284/2951 4358/2274/2941
f 4393/2219/2900 4351/2267/2934 4407/2189/2872 4434/2188/2871
f 4326/2190/2873 4454/2263/2930 4426/2217/2898 4434/2188/2871
f 4353/2270/2937 4382/2277/2944 4425/2196/2878 4406/2229/2909
f 4406/2229/2909 4425/2196/2878 4322/2195/2867 4333/2230/2858
f 4433/2273/2940 4429/2235/2914 4381/2285/2952 4352/2279/2946
f 4371/2206/2887 4365/2205/2886 4364/2224/2905 4370/2223/2904
f 4404/2220/2901 4408/2266/2933 4392/2210/2891 4410/2209/2890
f 4377/2283/2950 4398/2200/2881 4399/2199/2880 4350/2233/2912
f 4357/2265/2932 4324/2198/2869 4427/2197/2879 4386/2252/2925
f 4397/2281/2948 4438/2275/2942 4437/2276/2943 4396/2282/2949
f 4375/2258/2919 4376/2257/2919 4435/2254/2919 4436/2253/2919
f 4337/2286/2857 4400/2271/2938 4401/2180/2864 4336/2179/2863
f 4389/2213/2894 4390/2216/2897 4420/2262/2929 4359/2280/2947
f 4359/2280/2947 4420/2262/2929 4372/2181/2865 4401/2180/2864
f 4331/2161/2845 4441/2287/2953 4465/2288/2954 4458/2162/2846
f 4429/2235/2914 4433/2273/2940 4428/2272/2939 4430/2236/2915
f 4334/2150/2834 4442/2289/2955 4441/2287/2953 4331/2161/2845
f 4338/2165/2849 4443/2290/2956 4444/2291/2957 4339/2166/2850
f 4459/2292/2958 4464/2293/2959 4443/2290/2956 4338/2165/2849
f 4477/2164/2848 4480/2294/2960 4459/2292/2958 4338/2165/2849
f 4323/2142/2826 4440/2295/2961 4442/2289/2955 4334/2150/2834
f 4325/2141/2825 4439/2296/2962 4440/2295/2961 4323/2142/2826
f 4442/2289/2955 4447/2148/2832 4446/2151/2835 4441/2287/2953
f 4443/2290/2956 4448/2159/2843 4450/2169/2853 4444/2291/2957
f 4441/2287/2953 4446/2151/2835 4467/2154/2838 4465/2288/2954
f 4440/2295/2961 4445/2146/2830 4447/2148/2832 4442/2289/2955
f 4439/2296/2962 4449/2143/2827 4445/2146/2830 4440/2295/2961
f 4420/2262/2929 4390/2216/2897 4385/2215/2896 4424/2261/2928
f 4411/2278/2945 4372/2181/2865 4369/2260/2927 4368/2259/2926
f 4456/2178/2862 4372/2181/2865 4411/2278/2945 4457/2297/2889
f 4463/2207/2888 4462/2183/2866 4456/2182/2862 4457/2208/2889
f 4465/2288/2954 4464/2293/2959 4459/2292/2958 4458/2162/2846
f 4479/2163/2847 4480/2294/2960 4462/2183/2866 4463/2207/2888
f 4467/2154/2838 4466/2155/2839 4464/2293/2959 4465/2288/2954
f 4460/2153/2837 4461/2157/2841 5102/2156/2840 4466/2155/2839 4467/2154/2838
f 4411/2278/2945 4380/2228/2908 4330/2227/2861 4457/2297/2889
f 4779/2298/2963 4468/2299/2964 4471/2300/2965 4892/2301/2966
f 4452/2302/2967 4470/2303/2968 4471/2300/2965 4453/2304/2969
f 4329/2305/2970 4469/2306/2971 4472/2307/2972 4455/2308/2973
f 4455/2308/2973 4472/2307/2972 4470/2303/2968 4452/2302/2967
f 4458/2162/2846 4459/2292/2958 4480/2294/2960 4479/2163/2847
f 4346/2171/2855 4462/2183/2866 4480/2294/2960 4477/2164/2848
f 4346/2171/2855 4477/2164/2848 4478/2167/2851 4347/2172/2856
f 4345/2175/2859 4476/2149/2833 4475/2160/2844 4344/2176/2860
f 4344/2176/2860 4475/2160/2844 4479/2163/2847 4463/2207/2888
f 4345/2175/2859 4342/2185/2868 4473/2139/2823 4476/2149/2833
f 4342/2185/2868 4343/2187/2870 4474/2140/2824 4473/2139/2823
f 4326/2309/2873 4358/2310/2941 4483/2311/2974 4481/2312/2975
f 4358/2310/2941 4348/2313/2951 4482/2314/2976 4483/2311/2974
f 4454/2315/2930 4326/2309/2873 4481/2312/2975 4484/2316/2977
f 4653/2317/2978 4654/2318/2979 4487/2319/2980 4485/2320/2981
f 4654/2318/2979 4655/2321/2982 4486/2322/2983 4487/2319/2980
f 4656/2323/2984 4653/2317/2978 4485/2320/2981 4488/2324/2985
f 4656/2323/2984 4329/2325/2970 4502/2326/2986 4657/2327/2987
f 4454/2315/2930 4484/2316/2977 4503/2328/2988 4501/2329/2989
f 4474/2330/2824 4343/2331/2870 4495/2332/2990 4489/2333/2991
f 4452/2334/2967 4453/2335/2969 4492/2336/2992 4499/2337/2993
f 4449/2338/2827 4439/2339/2962 4491/2340/2994 4496/2341/2995
f 4343/2331/2870 4324/2342/2869 4494/2343/2996 4495/2332/2990
f 4451/2344/2931 4454/2345/2930 4501/2346/2989 4500/2347/2997
f 4357/2348/2932 4451/2344/2931 4500/2347/2997 4497/2349/2998
f 4328/2350/2828 4449/2338/2827 4496/2341/2995 4493/2351/2999
f 4329/2352/2970 4455/2353/2973 4498/2354/3000 4502/2355/2986
f 4439/2339/2962 4325/2356/2825 4490/2357/3001 4491/2340/2994
f 4324/2358/2869 4357/2348/2932 4497/2349/2998 4494/2359/2996
f 4325/2356/2825 4474/2330/2824 4489/2333/2991 4490/2357/3001
f 4453/2335/2969 4328/2360/2828 4493/2361/2999 4492/2336/2992
f 4455/2353/2973 4452/2334/2967 4499/2337/2993 4498/2354/3000
f 4404/2220/3002 4421/2222/3003 4539/2362/3004 4529/2363/3005
f 4351/2364/3006 4393/2365/3007 4524/2366/3008 4506/2367/3009
f 4381/2285/2952 4429/2235/2914 4541/2368/3010 4520/2369/3011
f 4364/2224/3012 4413/2242/3013 4532/2370/3014 4512/2371/3015
f 4353/2372/3016 4356/2373/3017 4510/2374/3018 4508/2375/3019
f 4432/2238/2917 4438/2275/2942 4545/2376/3020 4542/2377/3021
f 4350/2233/2912 4395/2234/3022 4526/2378/3023 4505/2379/3024
f 4393/2365/3007 4394/2380/3025 4525/2381/3026 4524/2366/3008
f 4418/2244/3027 4414/2247/3028 4533/2382/3029 4537/2383/3030
f 4354/2384/3031 4351/2364/3006 4506/2367/3009 4509/2385/3032
f 4365/2386/3033 4354/2384/3031 4509/2385/3032 4513/2387/3034
f 4394/2380/3025 4349/2388/3035 4504/2389/3036 4525/2381/3026
f 4368/2390/3037 4415/2391/3038 4534/2392/3039 4514/2393/3040
f 4349/2388/3035 4360/2394/3041 4511/2395/3042 4504/2389/3036
f 4403/2214/3043 4352/2279/3044 4507/2396/3045 4528/2397/3046
f 4395/2234/3022 4408/2266/3047 4530/2398/3048 4526/2378/3023
f 4408/2266/3047 4404/2220/3002 4529/2363/3005 4530/2398/3048
f 4397/2281/2948 4350/2233/2912 4505/2379/3024 4527/2399/3049
f 4376/2400/3050 4373/2401/3051 4516/2402/3052 4519/2403/3053
f 4382/2404/3054 4353/2372/3016 4508/2375/3019 4521/2405/3055
f 4424/2261/3056 4385/2215/3057 4522/2406/3058 4540/2407/3059
f 4374/2256/3060 4375/2258/3061 4518/2408/3062 4517/2409/3063
f 4356/2373/3017 4368/2390/3037 4514/2393/3040 4510/2374/3018
f 4435/2410/3064 4376/2400/3050 4519/2403/3053 4543/2411/3064
f 4412/2412/3065 4365/2386/3033 4513/2387/3034 4531/2413/3066
f 4373/2401/3051 4416/2414/3067 4535/2415/3068 4516/2402/3052
f 4414/2247/3028 4369/2260/3069 4515/2416/3070 4533/2382/3029
f 4413/2242/3013 4417/2241/3071 4536/2417/3072 4532/2370/3014
f 4352/2279/3044 4381/2285/2952 4520/2369/3011 4507/2396/3045
f 4388/2418/3073 4382/2404/3054 4521/2405/3055 4523/2419/3074
f 4417/2241/3071 4374/2256/3060 4517/2409/3063 4536/2417/3072
f 4438/2275/2942 4397/2281/2948 4527/2399/3049 4545/2376/3020
f 4360/2394/3041 4388/2418/3073 4523/2419/3074 4511/2395/3042
f 4436/2253/3075 4418/2244/3027 4537/2383/3030 4544/2420/3075
f 4421/2222/3003 4364/2224/3012 4512/2371/3015 4539/2362/3004
f 4429/2235/2914 4432/2238/2917 4542/2377/3021 4541/2368/3010
f 4419/2421/3076 4435/2410/3064 4543/2411/3064 4538/2422/3077
f 4415/2391/3038 4419/2421/3076 4538/2422/3077 4534/2392/3039
f 4369/2260/3069 4424/2261/3056 4540/2407/3059 4515/2416/3070
f 4385/2215/3057 4403/2214/3043 4528/2397/3046 4522/2406/3058
f 4375/2258/3061 4436/2253/3075 4544/2420/3075 4518/2408/3062
f 4416/2414/3067 4412/2412/3065 4531/2413/3066 4535/2415/3068
f 4308/2105/2792 4312/2107/2794 4549/2423/3078 4547/2424/3079
f 4306/2102/2789 4308/2105/2792 4547/2424/3079 4546/2425/3080
f 4310/2109/2797 4306/2111/2789 4546/2426/3080 4548/2427/3081
f 4551/2428/3082 4550/2429/3083 4552/2430/3084 4553/2431/3085
f 4312/2107/2794 4310/2109/2797 4550/2429/3083 4551/2428/3082
f 4310/2109/2797 4548/2427/3081 4552/2430/3084 4550/2429/3083
f 4549/2423/3078 4312/2107/2794 4551/2428/3082 4553/2431/3085
f 4655/2432/3086 4482/2433/3087 4555/2434/3088 4658/2435/3089
f 4482/2433/3087 4348/2436/3090 4554/2437/3091 4555/2434/3088
f 4658/2435/3089 4555/2434/3088 4557/2438/3092 4659/2439/2802
f 4555/2434/3088 4554/2437/3091 4557/2438/3092
f 4348/2284/3093 4387/2193/2876 4561/2440/3094 4559/2441/3095
f 4554/2437/3096 4348/2442/3093 4559/2443/3095 4562/2444/3097
f 4557/2438/3098 4554/2437/3096 4562/2444/3097 4563/2445/3099
f 4659/2439/3100 4557/2438/3098 4563/2445/3099 4660/2446/3101
f 4565/2447/3102 4570/2448/3103 4571/2449/3104 4566/2450/3105
f 4566/2450/3105 4571/2449/3104 4572/2451/3106 4567/2452/3107
f 4567/2452/3107 4572/2451/3106 4573/2453/3108 4568/2454/3109
f 4568/2454/3109 4573/2453/3108 4574/2455/3110 4569/2456/3111
f 4569/2456/3111 4574/2455/3110 4570/2448/3103 4565/2447/3102
f 4570/2448/3103 4575/2457/3112 4576/2458/3113 4571/2449/3104
f 4571/2449/3104 4576/2458/3113 4577/2459/3114 4572/2451/3106
f 4572/2451/3106 4577/2459/3114 4578/2460/3115 4573/2453/3108
f 4573/2453/3108 4578/2460/3115 4579/2461/3116 4574/2455/3110
f 4574/2455/3110 4579/2461/3116 4575/2457/3112 4570/2448/3103
f 4575/2457/3112 4580/2462/3117 4581/2463/3118 4576/2458/3113
f 4576/2458/3113 4581/2463/3118 4582/2464/3119 4577/2459/3114
f 4577/2459/3114 4582/2464/3119 4583/2465/3120 4578/2460/3115
f 4578/2460/3115 4583/2465/3120 4584/2466/3121 4579/2461/3116
f 4579/2461/3116 4584/2466/3121 4580/2462/3117 4575/2457/3112
f 4580/2462/3117 4585/2467/3122 4586/2468/3123 4581/2463/3118
f 4581/2463/3118 4586/2468/3123 4587/2469/3124 4582/2464/3119
f 4588/2470/3125 4583/2465/3126 4636/2471/3127 4638/2472/3128
f 4583/2465/3120 4588/2470/3129 4589/2473/3130 4584/2466/3121
f 4584/2466/3121 4589/2473/3130 4585/2467/3122 4580/2462/3117
f 4585/2467/3122 4590/2474/3131 4591/2475/3132 4586/2468/3123
f 4586/2468/3123 4591/2475/3132 4592/2476/3133 4587/2469/3124
f 4587/2469/3124 4592/2476/3133 4593/2477/3134 4588/2470/3129
f 4588/2470/3129 4593/2477/3134 4594/2478/3135 4589/2473/3130
f 4589/2473/3130 4594/2478/3135 4590/2474/3131 4585/2467/3122
f 4590/2474/3131 4595/2479/3136 4596/2480/3137 4591/2475/3132
f 4591/2475/3132 4596/2480/3137 4597/2481/3138 4592/2476/3133
f 4592/2476/3133 4597/2481/3138 4598/2482/3139 4593/2477/3134
f 4593/2477/3134 4598/2482/3139 4599/2483/3140 4594/2478/3135
f 4594/2478/3135 4599/2483/3140 4595/2479/3136 4590/2474/3131
f 4595/2479/3136 4600/2484/3141 4601/2485/3142 4596/2480/3137
f 4596/2480/3137 4601/2485/3142 4602/2486/3143 4597/2481/3138
f 4649/2487/3144 4651/2488/3145 4602/2486/3143 4607/2489/3146
f 4598/2482/3139 4603/2490/3147 4604/2491/3148 4599/2483/3140
f 4599/2483/3140 4604/2491/3148 4600/2484/3141 4595/2479/3136
f 4600/2484/3141 4605/2492/3149 4606/2493/3150 4601/2485/3142
f 4601/2485/3142 4606/2493/3150 4607/2489/3146 4602/2486/3143
f 4603/2490/3147 4608/2494/3151 4609/2495/3152 4604/2491/3148
f 4604/2491/3148 4609/2495/3152 4605/2492/3149 4600/2484/3141
f 4605/2492/3149 4610/2496/3153 4611/2497/3154 4606/2493/3150
f 4606/2493/3150 4611/2497/3154 4612/2498/3155 4607/2489/3146
f 4607/2489/3146 4612/2498/3155 4613/2499/3156 4608/2494/3151
f 4608/2494/3151 4613/2499/3156 4614/2500/3157 4609/2495/3152
f 4609/2495/3152 4614/2500/3157 4610/2496/3153 4605/2492/3149
f 4610/2496/3153 4615/2501/3158 4616/2502/3159 4611/2497/3154
f 4611/2497/3154 4616/2502/3159 4617/2503/3160 4612/2498/3155
f 4612/2498/3155 4617/2503/3160 4618/2504/3161 4613/2499/3156
f 4613/2499/3156 4618/2504/3161 4619/2505/3162 4614/2500/3157
f 4614/2500/3157 4619/2505/3162 4615/2501/3158 4610/2496/3153
f 4615/2501/3158 4620/2506/3163 4621/2507/3164 4616/2502/3159
f 4616/2502/3159 4621/2507/3164 4622/2508/3165 4617/2503/3160
f 4583/2465/3126 4582/2464/3166 4635/2509/3167 4636/2471/3127
f 4618/2504/3161 4623/2510/3168 4624/2511/3169 4619/2505/3162
f 4619/2505/3162 4624/2511/3169 4620/2506/3163 4615/2501/3158
f 4620/2506/3163 4625/2512/3170 4626/2513/3171 4621/2507/3164
f 4621/2507/3164 4626/2513/3171 4627/2514/3172 4622/2508/3165
f 4622/2508/3165 4627/2514/3172 4628/2515/3173 4623/2510/3168
f 4623/2510/3168 4628/2515/3173 4629/2516/3174 4624/2511/3169
f 4624/2511/3169 4629/2516/3174 4625/2512/3170 4620/2506/3163
f 4625/2512/3170 4630/2517/3175 4631/2518/3176 4626/2513/3171
f 4626/2513/3171 4631/2518/3176 4632/2519/3177 4627/2514/3172
f 4627/2514/3172 4632/2519/3177 4633/2520/3178 4628/2515/3173
f 4628/2515/3173 4633/2520/3178 4634/2521/3179 4629/2516/3174
f 4629/2516/3174 4634/2521/3179 4630/2517/3175 4625/2512/3170
f 4630/2517/3175 4565/2447/3102 4566/2450/3105 4631/2518/3176
f 4631/2518/3176 4566/2450/3105 4567/2452/3107 4632/2519/3177
f 4632/2519/3177 4567/2452/3107 4568/2454/3109 4633/2520/3178
f 4633/2520/3178 4568/2454/3109 4569/2456/3111 4634/2521/3179
f 4634/2521/3179 4569/2456/3111 4565/2447/3102 4630/2517/3175
f 4643/2522/3180 4645/2523/3181 4639/2524/3182 4641/2525/3183
f 4644/2526/3184 4643/2522/3180 4641/2525/3183 4642/2527/3127
f 4582/2464/3166 4587/2469/3185 4637/2528/3186 4635/2509/3167
f 4622/2508/3187 4623/2510/3188 4642/2527/3127 4641/2525/3183
f 4587/2469/3185 4588/2470/3125 4638/2472/3128 4637/2528/3186
f 4623/2510/3188 4618/2504/3189 4640/2529/3190 4642/2527/3127
f 4618/2504/3189 4617/2503/3191 4639/2524/3182 4640/2529/3190
f 4617/2503/3191 4622/2508/3187 4641/2525/3183 4639/2524/3182
f 4644/2526/3184 4642/2527/3127 4640/2529/3190 4646/2530/3192
f 4636/2471/3127 4644/2526/3184 4646/2530/3192 4638/2472/3128
f 4636/2471/3127 4635/2509/3167 4643/2522/3180 4644/2526/3184
f 4635/2509/3167 4637/2528/3186 4645/2523/3181 4643/2522/3180
f 4637/2528/3186 4638/2472/3128 4648/2531/3193 4647/2532/3194
f 4651/2488/3145 4647/2532/3194 4597/2481/3138 4602/2486/3143
f 4645/2523/3181 4637/2528/3186 4647/2532/3194 4651/2488/3145
f 4639/2524/3182 4645/2523/3181 4651/2488/3145 4649/2487/3144
f 4638/2472/3128 4646/2530/3192 4652/2533/3192 4648/2531/3193
f 4646/2530/3192 4640/2529/3190 4650/2534/3195 4652/2533/3192
f 4640/2529/3190 4639/2524/3182 4649/2487/3144 4650/2534/3195
f 4647/2532/3194 4648/2531/3193 4598/2482/3139 4597/2481/3138
f 4648/2531/3193 4652/2533/3192 4603/2490/3147 4598/2482/3139
f 4652/2533/3192 4650/2534/3195 4608/2494/3151 4603/2490/3147
f 4650/2534/3195 4649/2487/3144 4607/2489/3146 4608/2494/3151
f 4558/2535/3196 4659/2439/3100 4660/2446/3101 4564/2536/3197
f 4556/2537/3198 4658/2435/3089 4659/2439/2802 4558/2535/3196
f 4486/2538/2983 4655/2432/3086 4658/2435/3089 4556/2537/3198
f 4484/2316/2977 4656/2323/2984 4657/2327/2987 4503/2328/2988
f 4484/2316/2977 4481/2312/2975 4653/2317/2978 4656/2323/2984
f 4483/2311/2974 4482/2314/2976 4655/2321/2982 4654/2318/2979
f 4481/2312/2975 4483/2311/2974 4654/2318/2979 4653/2317/2978
f 4680/2539/3199 4681/2540/3200 4668/2541/3201 4661/2542/3202
f 4672/2543/3203 4673/2544/3204 4692/2545/3205 4685/2546/3206
f 4688/2547/3207 4689/2548/3208 4684/2549/3209 4677/2550/3210
f 4689/2548/3208 4676/2114/2800 4665/2113/2799 4684/2549/3209
f 4661/2551/3202 4668/2552/3201 4667/2553/3211 4662/2554/3212
f 4665/2113/2799 4664/2112/2798 4663/2555/3213 4666/2556/3214
f 4673/2557/3204 4672/2558/3203 4671/2132/2816 4674/2131/2815
f 4669/2115/2801 4676/2114/2800 4675/2134/2818 4670/2133/2817
f 4689/2548/3208 4688/2547/3207 4687/2128/2812 4690/2127/2811
f 4685/2559/3206 4692/2560/3205 4691/2130/2814 4686/2129/2813
f 4681/2561/3200 4680/2562/3199 4679/2136/2820 4682/2135/2819
f 4677/2550/3210 4684/2549/3209 4683/2138/2822 4678/2137/2821
f 4662/2554/3212 4667/2553/3211 4666/2556/3214 4663/2555/3213
f 4674/2563/2815 4691/2564/2814 4692/2545/3205 4673/2544/3204
f 4675/2565/2818 4690/2566/2811 4691/2564/2814 4674/2563/2815
f 4676/2114/2800 4689/2548/3208 4690/2566/2811 4675/2565/2818
f 4684/2549/3209 4665/2113/2799 4666/2567/3214 4683/2568/2822
f 4683/2568/2822 4666/2567/3214 4667/2569/3211 4682/2570/2819
f 4682/2570/2819 4667/2569/3211 4668/2541/3201 4681/2540/3200
f 4715/2571/3215 4732/2572/3216 4726/2573/3217 4743/2574/3218
f 4398/2200/2881 4377/2283/2950 4697/2575/3219 4700/2576/3220
f 4478/2167/2851 4339/2166/2850 4694/2577/3221 4708/2578/3222
f 4437/2276/2943 4431/2237/2916 4704/2579/3223 4705/2580/3224
f 4396/2282/2949 4437/2276/2943 4705/2580/3224 4699/2581/3225
f 4444/2291/2957 4450/2169/2853 4707/2582/3226 4706/2583/3227
f 4337/2173/2857 4347/2172/2856 4696/2584/3228 4693/2585/3229
f 4428/2272/2939 4400/2271/2938 4701/2586/3230 4702/2587/3231
f 4431/2237/2916 4430/2236/2915 4703/2588/3232 4704/2579/3223
f 4378/2201/2882 4398/2200/2881 4700/2576/3220 4698/2589/3233
f 4450/2169/2853 4340/2168/2852 4695/2590/3234 4707/2582/3226
f 4377/2283/2950 4396/2282/2949 4699/2581/3225 4697/2575/3219
f 4339/2166/2850 4444/2291/2957 4706/2583/3227 4694/2577/3221
f 4347/2172/2856 4478/2167/2851 4708/2578/3222 4696/2584/3228
f 4430/2236/2915 4428/2272/2939 4702/2587/3231 4703/2588/3232
f 4400/2271/2938 4337/2286/2857 4693/2591/3229 4701/2586/3230
f 4744/2592/3235 4745/2593/3236 4717/2594/3237 4715/2571/3215
f 4746/2595/3238 4747/2596/3239 4724/2597/3240 4723/2598/3241
f 4748/2599/3242 4749/2600/3243 4716/2601/3244 4714/2602/3245
f 4747/2596/3239 4750/2603/3246 4712/2604/3247 4724/2597/3240
f 4705/2605/3224 4704/2606/3223 4761/2607/3248 4759/2608/3249
f 4751/2609/3250 4752/2610/3251 4711/2611/3252 4725/2612/3253
f 4716/2613/3244 4749/2614/3243 4768/2615/3254 4766/2616/3255
f 4753/2617/3256 4754/2618/3257 4713/2619/3258 4710/2620/3259
f 4744/2592/3235 4715/2571/3215 4743/2574/3218 4709/2621/3260
f 4719/2622/3261 4720/2623/3262 4764/2624/3263 4763/2625/3264
f 4752/2610/3251 4746/2595/3238 4723/2598/3241 4711/2611/3252
f 4745/2593/3236 4748/2599/3242 4714/2602/3245 4717/2594/3237
f 4754/2618/3257 4751/2609/3250 4725/2612/3253 4713/2619/3258
f 4704/2606/3223 4703/2626/3232 4758/2627/3265 4761/2607/3248
f 4749/2614/3243 4699/2628/3225 4760/2629/3266 4768/2615/3254
f 4755/2630/3267 4753/2631/3256 4710/2632/3259 4718/2633/3268
f 4721/2634/3269 4720/2635/3262 4737/2636/3270 4738/2637/3271
f 4711/2611/3252 4723/2598/3241 4740/2638/3272 4728/2639/3273
f 4717/2594/3237 4714/2602/3245 4731/2640/3274 4734/2641/3275
f 4713/2619/3258 4725/2612/3253 4742/2642/3276 4730/2643/3277
f 4722/2644/3278 4721/2634/3269 4738/2637/3271 4739/2645/3271
f 4719/2646/3261 4718/2633/3268 4735/2647/3279 4736/2648/3280
f 4718/2633/3268 4710/2632/3259 4727/2649/3271 4735/2647/3279
f 4715/2571/3215 4717/2594/3237 4734/2641/3275 4732/2572/3216
f 4723/2598/3241 4724/2597/3240 4741/2650/3281 4740/2638/3272
f 4714/2602/3245 4716/2601/3244 4733/2651/3282 4731/2640/3274
f 4724/2597/3240 4712/2604/3247 4729/2652/3283 4741/2650/3281
f 4720/2635/3262 4719/2646/3261 4736/2648/3280 4737/2636/3270
f 4725/2612/3253 4711/2611/3252 4728/2639/3273 4742/2642/3276
f 4716/2601/3244 4722/2644/3278 4739/2645/3271 4733/2651/3282
f 4710/2620/3259 4713/2619/3258 4730/2643/3277 4727/2653/3271
f 4383/2202/2883 4744/2592/3235 4709/2621/3260 4560/2654/3284
f 4701/2586/3230 4693/2591/3229 4753/2631/3256 4755/2630/3267
f 4699/2628/3225 4705/2605/3224 4759/2608/3249 4760/2629/3266
f 4718/2655/3268 4719/2622/3261 4763/2625/3264 4762/2656/3285
f 4696/2584/3228 4708/2578/3222 4751/2609/3250 4754/2618/3257
f 4700/2576/3220 4697/2575/3219 4748/2599/3242 4745/2593/3236
f 4694/2577/3221 4706/2583/3227 4746/2595/3238 4752/2610/3251
f 4721/2657/3269 4722/2658/3278 4765/2659/3286 4767/2660/3287
f 4378/2201/2882 4698/2589/3233 4744/2592/3235 4383/2202/2883
f 4693/2585/3229 4696/2584/3228 4754/2618/3257 4753/2617/3256
f 4703/2626/3232 4702/2661/3231 4757/2662/3288 4758/2627/3265
f 4708/2578/3222 4694/2577/3221 4752/2610/3251 4751/2609/3250
f 4755/2663/3267 4718/2655/3268 4762/2656/3285 4773/2664/3289
f 4707/2582/3226 4695/2590/3234 4750/2603/3246 4747/2596/3239
f 4697/2575/3219 4699/2581/3225 4749/2600/3243 4748/2599/3242
f 4706/2583/3227 4707/2582/3226 4747/2596/3239 4746/2595/3238
f 4698/2589/3233 4700/2576/3220 4745/2593/3236 4744/2592/3235
f 4769/2665/3290 4770/2666/3291 4763/2667/3264 4764/2668/3263
f 4768/2669/3254 4771/2670/3292 4765/2671/3286 4766/2672/3255
f 4772/2673/3293 4769/2665/3290 4764/2668/3263 4767/2674/3287
f 4771/2670/3292 4772/2673/3293 4767/2674/3287 4765/2671/3286
f 4770/2666/3291 4773/2675/3289 4762/2676/3285 4763/2667/3264
f 4757/2677/3288 4756/2678/3294 4773/2675/3289 4770/2666/3291
f 4759/2679/3249 4761/2680/3248 4772/2673/3293 4771/2670/3292
f 4761/2680/3248 4758/2681/3265 4769/2665/3290 4772/2673/3293
f 4760/2682/3266 4759/2679/3249 4771/2670/3292 4768/2669/3254
f 4758/2681/3265 4757/2677/3288 4770/2666/3291 4769/2665/3290
f 4702/2661/3231 4701/2683/3230 4756/2684/3294 4757/2662/3288
f 4722/2658/3278 4716/2613/3244 4766/2616/3255 4765/2659/3286
f 4701/2683/3230 4755/2663/3267 4773/2664/3289 4756/2684/3294
f 4720/2623/3262 4721/2657/3269 4767/2660/3287 4764/2624/3263
f 4905/2685/3295 4775/2686/3296 4777/2687/3297 4906/2688/3298
f 4888/2689/3299 4884/2690/3300 4327/2145/2829 4779/2298/2963
f 4884/2690/3300 4886/2691/3301 4335/2147/2831 4327/2145/2829
f 4901/2692/3302 4882/2693/3303 4887/2694/3304 4903/2695/3305
f 4908/2696/3306 4784/2697/3307 4775/2686/3296 4905/2685/3295
f 4885/2698/3308 4904/2699/3309 4460/2153/2837 4332/2152/2836
f 4903/2695/3305 4887/2694/3304 4341/2158/2842 4461/2157/2841
f 4907/2700/3310 4911/2701/3311 4897/2702/3312 4782/2703/3313
f 4908/2696/3306 4907/2700/3310 4782/2703/3313 4784/2697/3307
f 4909/2704/3314 4910/2705/3315 4788/2706/3316 4787/2707/3317
f 4887/2694/3304 4889/2708/3318 4340/2168/2852 4341/2158/2842
f 4886/2691/3301 4885/2698/3308 4332/2152/2836 4335/2147/2831
f 4785/2709/3319 4786/2710/3320 4794/2711/3321 4793/2712/3322
f 4783/2713/3323 4781/2714/3324 4791/2715/3325 4792/2716/3326
f 4895/2717/3327 4817/2718/3328 4842/2719/3329 4785/2720/3330
f 4785/2709/3319 4793/2712/3322 4899/2721/3331 4895/2722/3327
f 4783/2713/3323 4792/2716/3326 4789/2723/3332 4774/2724/3333
f 4774/2724/3333 4789/2723/3332 4790/2725/3334 4776/2726/3335
f 4873/2727/3336 4778/2728/3337 4848/2729/3338
f 4850/2730/3339 5074/2731/3340 5072/2732/3341 5073/2733/3342
f 4774/2734/3333 4776/2735/3335 4866/2736/3343 4864/2737/3344
f 4802/2738/3345 4816/2739/3346 4811/2740/3347 4801/2741/3348
f 4781/2714/3324 4896/2742/3349 4900/2743/3350 4791/2715/3325
f 4830/2744/3351 4831/2745/3352 4826/2746/3353 4844/2747/3354
f 4865/2217/3355 4873/2727/3336 4834/2748/3356 4835/2749/3357
f 4845/2750/3358 4861/2751/3359 4862/2752/3360 4850/2730/3339
f 4861/2751/3359 4810/2753/3361 4815/2754/3362 4862/2752/3360
f 4840/2755/3363 5071/2756/3364 5069/2201/3365 4839/2200/3366
f 4781/2757/3324 4783/2758/3323 4847/2759/3367 4823/2760/3368
f 4809/2761/3369 4843/2762/3370 4828/2763/3371 4808/2764/3372
f 4797/2765/3373 4836/2766/3374 4832/2767/3375 4840/2755/3363
f 4868/2768/3376 4871/2769/3377 4870/2770/3378 4869/2771/3379
f 4856/2772/3380 4852/2243/3380 4853/2773/3380 4857/2774/3380
f 4858/2775/3380 4854/2776/3381 4855/2777/3382 4859/2778/3380
f 4807/2779/3383 4827/2780/3384 4846/2781/3385 4796/2782/3386
f 4875/2783/3380 4858/2775/3380 4859/2778/3380 4874/2784/3380
f 4818/2785/3380 4856/2772/3380 4857/2774/3380 4819/2786/3380
f 4818/2785/3380 4819/2786/3380 4820/2787/3380 4821/2788/3380
f 4854/2776/3381 4814/2789/3387 4813/2790/3388 4855/2777/3382
f 4852/2243/3380 4811/2740/3347 4810/2753/3361 4853/2773/3380
f 4863/2791/3389 4860/2792/3390 4817/2718/3328 4814/2789/3387
f 4796/2782/3386 4846/2781/3385 4865/2217/3355 4835/2749/3357
f 4865/2217/3355 4846/2781/3385 4890/2793/3391 4893/2794/3392
f 4846/2781/3385 4827/2780/3384 4804/2795/3393 4890/2793/3391
f 4849/2796/3394 4833/2733/3395 4832/2767/3375 4836/2766/3374
f 4809/2761/3369 4802/2738/3345 4801/2741/3348 4798/2797/3396
f 4866/2736/3343 4827/2780/3384 4807/2779/3383 4829/2798/3397
f 4798/2797/3396 4848/2729/3338 4843/2762/3370 4809/2761/3369
f 4823/2760/3368 4847/2759/3367 4800/2799/3398 4803/2800/3399
f 4842/2719/3329 4872/2801/3400 4867/2802/3401 4841/2803/3402
f 4848/2729/3338 4778/2728/3337 4805/2804/3403 4843/2762/3370
f 4877/2805/3404 4876/2276/3405 4870/2770/3378 4871/2769/3377
f 4864/2737/3344 4866/2736/3343 4829/2798/3397 4825/2806/3406
f 4851/2807/3407 4823/2760/3368 4803/2800/3399 4813/2790/3388
f 4842/2719/3329 4806/2808/3408 4799/2279/3409 4872/2801/3400
f 4806/2808/3408 4830/2744/3351 4844/2747/3354 4799/2279/3409
f 4838/2809/3410 4797/2765/3373 4822/2810/3411 4837/2811/3412
f 4843/2762/3370 4805/2804/3403 4795/2812/3413 4828/2763/3371
f 4834/2748/3356 4873/2727/3336 4848/2729/3338 4798/2797/3396
f 4778/2728/3337 4873/2727/3336 4865/2217/3355 4893/2794/3392
f 4800/2799/3398 4847/2759/3367 4864/2737/3344 4825/2806/3406
f 4847/2759/3367 4783/2758/3323 4774/2734/3333 4864/2737/3344
f 4872/2801/3400 4799/2279/3409 4824/2813/3414 4868/2768/3376
f 4816/2739/3346 4815/2754/3362 4810/2753/3361 4811/2740/3347
f 4845/2750/3358 4850/2730/3339 4833/2733/3395 4849/2796/3394
f 4822/2810/3411 4797/2765/3373 4840/2755/3363 4839/2200/3366
f 4804/2795/3393 4827/2780/3384 4866/2736/3343 4776/2735/3335
f 4838/2809/3410 4837/2811/3412 4876/2276/3405 4877/2805/3404
f 4820/2787/3380 4875/2783/3380 4874/2784/3380 4821/2788/3380
f 4786/2814/3320 4785/2720/3330 4842/2719/3329 4841/2803/3402
f 4830/2744/3351 4806/2808/3408 4860/2792/3390 4831/2745/3352
f 4806/2808/3408 4842/2719/3329 4817/2718/3328 4860/2792/3390
f 4782/2703/3313 4897/2702/3312 4902/2815/3415 4880/2816/3416
f 4868/2768/3376 4869/2771/3379 4867/2802/3401 4872/2801/3400
f 4784/2697/3307 4782/2703/3313 4880/2816/3416 4881/2817/3417
f 4787/2707/3317 4788/2706/3316 4883/2818/3418 4882/2693/3303
f 4898/2819/3419 4787/2707/3317 4882/2693/3303 4901/2692/3302
f 4909/2704/3314 4787/2707/3317 4898/2819/3419 4912/2820/3420
f 4775/2686/3296 4784/2697/3307 4881/2817/3417 4879/2821/3421
f 4777/2687/3297 4775/2686/3296 4879/2821/3421 4878/2822/3422
f 4881/2817/3417 4880/2816/3416 4885/2698/3308 4886/2691/3301
f 4882/2693/3303 4883/2818/3418 4889/2708/3318 4887/2694/3304
f 4880/2816/3416 4902/2815/3415 4904/2699/3309 4885/2698/3308
f 4879/2821/3421 4881/2817/3417 4886/2691/3301 4884/2690/3300
f 4878/2822/3422 4879/2821/3421 4884/2690/3300 4888/2689/3299
f 4860/2792/3390 4863/2791/3389 4826/2746/3353 4831/2745/3352
f 4851/2807/3407 4813/2790/3388 4814/2789/3387 4817/2718/3328
f 4895/2717/3327 4896/2823/3349 4851/2807/3407 4817/2718/3328
f 4900/2743/3350 4896/2742/3349 4895/2722/3327 4899/2721/3331
f 4902/2815/3415 4897/2702/3312 4898/2819/3419 4901/2692/3302
f 4911/2701/3311 4900/2743/3350 4899/2721/3331 4912/2820/3420
f 4904/2699/3309 4902/2815/3415 4901/2692/3302 4903/2695/3305
f 4460/2153/2837 4904/2699/3309 4903/2695/3305 4461/2157/2841
f 4851/2807/3407 4896/2823/3349 4781/2757/3324 4823/2760/3368
f 4468/2299/2964 4779/2298/2963 4327/2145/2829 4328/2144/2828
f 4892/2301/2966 4471/2300/2965 4470/2303/2968 4891/2824/3423
f 4894/2825/3424 4472/2307/2972 4469/2306/2971 4780/2826/3425
f 4891/2824/3423 4470/2303/2968 4472/2307/2972 4894/2825/3424
f 4897/2702/3312 4911/2701/3311 4912/2820/3420 4898/2819/3419
f 4793/2712/3322 4909/2704/3314 4912/2820/3420 4899/2721/3331
f 4793/2712/3322 4794/2711/3321 4910/2705/3315 4909/2704/3314
f 4792/2716/3326 4791/2715/3325 4907/2700/3310 4908/2696/3306
f 4791/2715/3325 4900/2743/3350 4911/2701/3311 4907/2700/3310
f 4792/2716/3326 4908/2696/3306 4905/2685/3295 4789/2723/3332
f 4789/2723/3332 4905/2685/3295 4906/2688/3298 4790/2725/3334
f 4778/2827/3337 4913/2828/3426 4915/2829/3427 4805/2830/3403
f 4805/2830/3403 4915/2829/3427 4914/2831/3428 4795/2832/3413
f 4893/2833/3392 4916/2834/3429 4913/2828/3426 4778/2827/3337
f 4987/2835/3430 4917/2836/3431 4919/2837/3432 4988/2838/3433
f 4988/2838/3433 4919/2837/3432 4918/2839/3434 4989/2840/3435
f 4990/2841/3436 4920/2842/3437 4917/2836/3431 4987/2835/3430
f 4990/2841/3436 4991/2843/3438 4934/2844/3439 4780/2845/3425
f 4893/2833/3392 4933/2846/3440 4935/2847/3441 4916/2834/3429
f 4906/2848/3298 4921/2849/3442 4927/2850/3443 4790/2851/3334
f 4891/2852/3423 4931/2853/3444 4924/2854/3445 4892/2855/2966
f 4888/2856/3299 4928/2857/3446 4923/2858/3447 4878/2859/3422
f 4790/2851/3334 4927/2850/3443 4926/2860/3448 4776/2861/3335
f 4890/2862/3391 4932/2863/3449 4933/2864/3440 4893/2865/3392
f 4804/2866/3393 4929/2867/3450 4932/2863/3449 4890/2862/3391
f 4779/2868/2963 4925/2869/3451 4928/2857/3446 4888/2856/3299
f 4780/2870/3425 4934/2871/3439 4930/2872/3452 4894/2873/3424
f 4878/2859/3422 4923/2858/3447 4922/2874/3453 4777/2875/3297
f 4776/2876/3335 4926/2877/3448 4929/2867/3450 4804/2866/3393
f 4777/2875/3297 4922/2874/3453 4921/2849/3442 4906/2848/3298
f 4892/2855/2966 4924/2854/3445 4925/2878/3451 4779/2879/2963
f 4894/2873/3424 4930/2872/3452 4931/2853/3444 4891/2852/3423
f 4845/2750/3454 4961/2880/3455 4971/2881/3456 4861/2751/3457
f 4798/2882/3458 4938/2883/3459 4956/2884/3460 4834/2885/3461
f 4824/2813/3414 4952/2886/3462 4973/2887/3463 4868/2768/3376
f 4810/2753/3464 4944/2888/3465 4964/2889/3466 4853/2773/3467
f 4800/2890/3468 4940/2891/3469 4942/2892/3470 4803/2893/3471
f 4871/2769/3377 4974/2894/3472 4977/2895/3473 4877/2805/3404
f 4797/2765/3373 4937/2896/3474 4958/2897/3475 4836/2766/3476
f 4834/2885/3461 4956/2884/3460 4957/2898/3477 4835/2899/3478
f 4858/2775/3479 4969/2900/3480 4965/2901/3481 4854/2776/3482
f 4801/2902/3483 4941/2903/3484 4938/2883/3459 4798/2882/3458
f 4811/2904/3485 4945/2905/3486 4941/2903/3484 4801/2902/3483
f 4835/2899/3478 4957/2898/3477 4936/2906/3487 4796/2907/3488
f 4813/2908/3489 4946/2909/3490 4966/2910/3491 4855/2911/3492
f 4796/2907/3488 4936/2906/3487 4943/2912/3493 4807/2913/3494
f 4844/2747/3495 4960/2914/3496 4939/2915/3497 4799/2279/3498
f 4836/2766/3476 4958/2897/3475 4962/2916/3499 4849/2796/3500
f 4849/2796/3500 4962/2916/3499 4961/2880/3455 4845/2750/3454
f 4838/2809/3410 4959/2917/3501 4937/2896/3474 4797/2765/3373
f 4821/2918/3502 4951/2919/3503 4948/2920/3504 4818/2921/3505
f 4825/2922/3506 4953/2923/3507 4940/2891/3469 4800/2890/3468
f 4863/2791/3508 4972/2924/3509 4954/2925/3510 4826/2746/3510
f 4819/2786/3511 4949/2926/3512 4950/2927/3513 4820/2787/3514
f 4803/2893/3471 4942/2892/3470 4946/2909/3490 4813/2908/3489
f 4874/2928/3515 4975/2929/3515 4951/2919/3503 4821/2918/3502
f 4852/2930/3516 4963/2931/3517 4945/2905/3486 4811/2904/3485
f 4818/2921/3505 4948/2920/3504 4967/2932/3518 4856/2933/3519
f 4854/2776/3482 4965/2901/3481 4947/2934/3520 4814/2789/3521
f 4853/2773/3467 4964/2889/3466 4968/2935/3522 4857/2774/3523
f 4799/2279/3498 4939/2915/3497 4952/2886/3462 4824/2813/3414
f 4829/2936/3524 4955/2937/3525 4953/2923/3507 4825/2922/3506
f 4857/2774/3523 4968/2935/3522 4949/2926/3512 4819/2786/3511
f 4877/2805/3404 4977/2895/3473 4959/2917/3501 4838/2809/3410
f 4807/2913/3494 4943/2912/3493 4955/2937/3525 4829/2936/3524
f 4875/2783/3526 4976/2938/3526 4969/2900/3480 4858/2775/3479
f 4861/2751/3457 4971/2881/3456 4944/2888/3465 4810/2753/3464
f 4868/2768/3376 4973/2887/3463 4974/2894/3472 4871/2769/3377
f 4859/2939/3527 4970/2940/3528 4975/2929/3515 4874/2928/3515
f 4855/2911/3492 4966/2910/3491 4970/2940/3528 4859/2939/3527
f 4814/2789/3521 4947/2934/3520 4972/2924/3509 4863/2791/3508
f 4826/2746/3510 4954/2925/3510 4960/2914/3496 4844/2747/3495
f 4820/2787/3514 4950/2927/3513 4976/2938/3526 4875/2783/3526
f 4856/2933/3519 4967/2932/3518 4963/2931/3517 4852/2930/3516
f 4989/2941/3529 4992/2942/3530 4979/2943/3531 4914/2944/3532
f 4914/2944/3532 4979/2943/3531 4978/2945/3533 4795/2946/3534
f 4992/2942/3530 4993/2947/2802 4981/2948/2802 4979/2943/3531
f 4979/2943/3531 4981/2948/2802 4978/2945/3533
f 4978/2945/3535 4984/2949/3536 4983/2950/3537 4795/2951/3538
f 4981/2948/3539 4985/2952/3540 4984/2949/3536 4978/2945/3535
f 4993/2947/3541 4994/2953/3542 4985/2952/3540 4981/2948/3539
f 4982/2954/3543 4986/2955/3544 4994/2953/3542 4993/2947/3541
f 4980/2956/3545 4982/2954/3543 4993/2947/2802 4992/2942/3530
f 4918/2957/3434 4980/2956/3545 4992/2942/3530 4989/2941/3529
f 4916/2834/3429 4935/2847/3441 4991/2843/3438 4990/2841/3436
f 4916/2834/3429 4990/2841/3436 4987/2835/3430 4913/2828/3426
f 4915/2829/3427 4988/2838/3433 4989/2840/3435 4914/2831/3428
f 4913/2828/3426 4987/2835/3430 4988/2838/3433 4915/2829/3427
f 4839/2200/3366 5000/2576/3546 4998/2958/3547 4822/2810/3411
f 4910/2705/3315 5008/2959/3548 4996/2960/3549 4788/2706/3316
f 4876/2276/3405 5005/2961/3550 5004/2962/3551 4870/2770/3378
f 4837/2811/3412 4999/2963/3552 5005/2961/3550 4876/2276/3405
f 4883/2818/3418 5006/2964/3553 5007/2965/3554 4889/2708/3318
f 4786/2710/3320 4995/2966/3555 4997/2967/3556 4794/2711/3321
f 4867/2802/3401 5002/2587/3557 5001/2968/3558 4841/2803/3402
f 4870/2770/3378 5004/2962/3551 5003/2969/3559 4869/2771/3379
f 4889/2708/3318 5007/2965/3554 4695/2590/3234 4340/2168/2852
f 4822/2810/3411 4998/2958/3547 4999/2963/3552 4837/2811/3412
f 4788/2706/3316 4996/2960/3549 5006/2964/3553 4883/2818/3418
f 4794/2711/3321 4997/2967/3556 5008/2959/3548 4910/2705/3315
f 4869/2771/3379 5003/2969/3559 5002/2587/3557 4867/2802/3401
f 4841/2803/3402 5001/2968/3558 4995/2970/3555 4786/2814/3320
f 5038/2971/3560 5020/2972/3561 5021/2973/3562 5039/2974/3563
f 5040/2975/3564 5012/2976/3565 5013/2977/3566 5041/2978/3567
f 5039/2974/3563 5021/2973/3562 4712/2604/3247 4750/2603/3246
f 5005/2979/3550 5050/2980/3568 5052/2981/3569 5004/2982/3551
f 5042/2983/3570 5022/2984/3571 5010/2985/3572 5043/2986/3573
f 5013/2987/3566 5057/2988/3574 5059/2989/3575 5041/2990/3567
f 5044/2991/3576 5009/2992/3577 5011/2993/3578 5045/2994/3579
f 5016/2995/3580 5054/2996/3581 5055/2997/3582 5017/2998/3583
f 5043/2986/3573 5010/2985/3572 5020/2972/3561 5038/2971/3560
f 5037/2593/3584 5014/2999/3585 5012/2976/3565 5040/2975/3564
f 5045/2994/3579 5011/2993/3578 5022/2984/3571 5042/2983/3570
f 5004/2982/3551 5052/2981/3569 5049/3000/3586 5003/3001/3559
f 5041/2990/3567 5059/2989/3575 5051/3002/3587 4999/3003/3552
f 5046/2630/3588 5015/3004/3589 5009/3005/3577 5044/3006/3576
f 5018/3007/3590 5032/3008/3591 5031/3009/3592 5017/3010/3583
f 5010/2985/3572 5024/3011/3593 5034/3012/3594 5020/2972/3561
f 5014/2999/3585 5028/3013/3595 5026/3014/3596 5012/2976/3565
f 5011/2993/3578 5025/3015/3597 5036/3016/3598 5022/2984/3571
f 5019/3017/3599 5033/3018/3591 5032/3008/3591 5018/3007/3590
f 5016/3019/3580 5030/3020/3600 5029/3021/3601 5015/3004/3589
f 5015/3004/3589 5029/3021/3601 5023/3022/3591 5009/3005/3577
f 5020/2972/3561 5034/3012/3594 5035/3023/3602 5021/2973/3562
f 5012/2976/3565 5026/3014/3596 5027/3024/3603 5013/2977/3566
f 5021/2973/3562 5035/3023/3602 4729/2652/3283 4712/2604/3247
f 5017/3010/3583 5031/3009/3592 5030/3020/3600 5016/3019/3580
f 5022/2984/3571 5036/3016/3598 5024/3011/3593 5010/2985/3572
f 5013/2977/3566 5027/3024/3603 5033/3018/3591 5019/3017/3599
f 5009/2992/3577 5023/3025/3591 5025/3015/3597 5011/2993/3578
f 5001/2968/3558 5046/2630/3588 5044/3006/3576 4995/2970/3555
f 4999/3003/3552 5051/3002/3587 5050/2980/3568 5005/2979/3550
f 5015/3026/3589 5053/3027/3604 5054/2996/3581 5016/2995/3580
f 4997/2967/3556 5045/2994/3579 5042/2983/3570 5008/2959/3548
f 5000/2576/3546 5037/2593/3584 5040/2975/3564 4998/2958/3547
f 4996/2960/3549 5043/2986/3573 5038/2971/3560 5006/2964/3553
f 5018/3028/3590 5058/3029/3605 5056/3030/3606 5019/3031/3599
f 4995/2966/3555 5044/2991/3576 5045/2994/3579 4997/2967/3556
f 5003/3001/3559 5049/3000/3586 5048/3032/3607 5002/3033/3557
f 5008/2959/3548 5042/2983/3570 5043/2986/3573 4996/2960/3549
f 5046/3034/3588 5064/3035/3608 5053/3027/3604 5015/3026/3589
f 5007/2965/3554 5039/2974/3563 4750/2603/3246 4695/2590/3234
f 4998/2958/3547 5040/2975/3564 5041/2978/3567 4999/2963/3552
f 5006/2964/3553 5038/2971/3560 5039/2974/3563 5007/2965/3554
f 5060/3036/3609 5055/3037/3582 5054/3038/3581 5061/3039/3610
f 5059/3040/3575 5057/3041/3574 5056/3042/3606 5062/3043/3611
f 5063/3044/3612 5058/3045/3605 5055/3037/3582 5060/3036/3609
f 5062/3043/3611 5056/3042/3606 5058/3045/3605 5063/3044/3612
f 5061/3039/3610 5054/3038/3581 5053/3046/3604 5064/2675/3608
f 5048/3047/3607 5061/3039/3610 5064/2675/3608 5047/3048/3613
f 5050/3049/3568 5062/3043/3611 5063/3044/3612 5052/3050/3569
f 5052/3050/3569 5063/3044/3612 5060/3036/3609 5049/3051/3586
f 5051/3052/3587 5059/3040/3575 5062/3043/3611 5050/3049/3568
f 5049/3051/3586 5060/3036/3609 5061/3039/3610 5048/3047/3607
f 5002/3033/3557 5048/3032/3607 5047/3053/3613 5001/3054/3558
f 5019/3031/3599 5056/3030/3606 5057/2988/3574 5013/2987/3566
f 5001/3054/3558 5047/3053/3613 5064/3035/3608 5046/3034/3588
f 5017/2998/3583 5055/2997/3582 5058/3029/3605 5018/3028/3590
f 4453/2304/2969 4471/2300/2965 4468/2299/2964 4328/2144/2828
f 4469/3055/2971 4488/3056/2985 4920/2842/3437 4780/3057/3425
f 4780/2845/3425 4920/2842/3437 4990/2841/3436
f 4485/3058/2981 4917/2836/3431 4920/2842/3437 4488/3056/2985
f 4487/3059/2980 4919/2837/3432 4917/2836/3431 4485/3058/2981
f 4486/3060/2983 4918/2839/3434 4919/2837/3432 4487/3059/2980
f 4556/2537/3198 4980/2956/3545 4918/2957/3434 4486/2538/2983
f 4558/2535/3196 4982/2954/3543 4980/2956/3545 4556/2537/3198
f 4564/2536/3197 4986/2955/3544 4982/2954/3543 4558/2535/3196
f 4409/2212/2893 4367/2226/2907 4366/2248/2921 4423/2239/2918
f 4384/2211/2892 4379/2231/2910 4383/2202/2883 4409/2212/2893
f 4361/2192/2875 4355/2225/2906 4367/2226/2907 4387/2193/2876
f 4387/2193/2876 4367/2226/2907 5065/3061/3614 4561/2440/3094
f 4409/2212/2893 4383/2202/2883 4560/2654/3284 5066/3062/3615
f 4367/2226/2907 4409/2212/2893 5066/3062/3615 5065/3061/3614
f 4812/3063/3616 5068/3064/3617 4816/2739/3346 4802/2738/3345
f 4840/2755/3363 4832/2767/3375 5070/3065/3618 5071/2756/3364
f 4808/2764/3372 4812/3063/3616 4802/2738/3345 4809/2761/3369
f 4850/2730/3339 4862/2752/3360 5075/3066/3619 5074/2731/3340
f 5068/3064/3617 5067/3067/3620 4815/2754/3362 4816/2739/3346
f 4832/2767/3375 5073/2733/3342 5072/2732/3341 5070/3065/3618
f 4862/2752/3360 4815/2754/3362 5067/3067/3620 5075/3066/3619
f 5080/3068/3621 5083/2574/3622 5081/2573/3623 5082/3069/3624
f 5069/2201/3365 5078/2589/3625 5000/2576/3546 4839/2200/3366
f 5084/3070/3626 5080/3068/3621 5014/2999/3585 5037/2593/3584
f 5084/3070/3626 5079/2621/3627 5083/2574/3622 5080/3068/3621
f 5080/3068/3621 5082/3069/3624 5028/3013/3595 5014/2999/3585
f 5071/2756/3364 5076/2654/3628 5079/2621/3627 5084/3070/3626
f 5069/2201/3365 5071/2756/3364 5084/3070/3626 5078/2589/3625
f 5078/2589/3625 5084/3070/3626 5037/2593/3584 5000/2576/3546
f 5074/2731/3340 5075/3066/3619 5067/3067/3620 5068/3064/3617
f 5072/2732/3341 5074/2731/3340 5071/2756/3364 5070/3065/3618
f 4808/2764/3372 4828/2763/3371 5068/3064/3617 4812/3063/3616
f 4828/2763/3371 5077/3071/3629 5085/3061/3630 5068/3064/3617
f 5074/2731/3340 5086/3062/3631 5076/2654/3628 5071/2756/3364
f 5068/3064/3617 5085/3061/3630 5086/3062/3631 5074/2731/3340
f 5087/3072/3632 5082/3073/3624 5081/3074/3623 5088/3075/3633
f 5089/3076/3634 5028/3077/3595 5082/3073/3624 5087/3072/3632
f 5090/3078/3635 5026/3079/3596 5028/3077/3595 5089/3076/3634
f 5091/3080/3636 5027/3081/3603 5026/3079/3596 5090/3078/3635
f 5092/3082/2795 5033/3083/3591 5027/3081/3603 5091/3080/3636
f 5093/3084/2795 5032/3085/3591 5033/3083/3591 5092/3082/2795
f 5094/3086/3637 5031/3087/3592 5032/3085/3591 5093/3084/2795
f 5095/3088/3638 5030/3089/3600 5031/3087/3592 5094/3086/3637
f 5096/3090/3639 5029/3091/3601 5030/3089/3600 5095/3088/3638
f 5097/3092/2795 5023/3093/3591 5029/3091/3601 5096/3090/3639
f 5098/3094/3640 5025/3095/3597 5023/3093/3591 5097/3092/2795
f 5099/3096/3641 5036/3097/3598 5025/3095/3597 5098/3094/3640
f 5100/3098/3642 5024/3099/3593 5036/3097/3598 5099/3096/3641
f 5101/3100/3643 5034/3101/3594 5024/3099/3593 5100/3098/3642
f 4729/3102/3283 5035/3103/3602 5034/3101/3594 5101/3100/3643
f 4741/3104/3281 4729/3102/3283 5101/3100/3643 4740/3105/3272
f 4740/3105/3272 5101/3100/3643 5100/3098/3642 4728/3106/3273
f 4728/3106/3273 5100/3098/3642 5099/3096/3641 4742/3107/3276
f 4742/3107/3276 5099/3096/3641 5098/3094/3640 4730/3108/3277
f 4730/3108/3277 5098/3094/3640 5097/3092/2795 4727/3109/3271
f 4727/3109/3271 5097/3092/2795 5096/3090/3639 4735/3110/3279
f 4735/3110/3279 5096/3090/3639 5095/3088/3638 4736/3111/3280
f 4736/3111/3280 5095/3088/3638 5094/3086/3637 4737/3112/3270
f 4737/3112/3270 5094/3086/3637 5093/3084/2795 4738/3113/3271
f 4738/3113/3271 5093/3084/2795 5092/3082/2795 4739/3114/3271
f 4739/3114/3271 5092/3082/2795 5091/3080/3636 4733/3115/3282
f 4733/3115/3282 5091/3080/3636 5090/3078/3635 4731/3116/3274
f 4731/3116/3274 5090/3078/3635 5089/3076/3634 4734/3117/3275
f 4734/3117/3275 5089/3076/3634 5087/3072/3632 4732/3118/3216
f 4732/3118/3216 5087/3072/3632 5088/3075/3633 4726/3119/3217
f 4828/2763/3371 4795/2812/3538 4983/3120/3537 5077/3071/3629
f 4329/2325/2970 4656/2323/2984 4488/2324/2985
f 4488/3056/2985 4469/3055/2971 4329/3121/2970
f 5088/3122/3633 5081/3123/3623 5083/3124/3622 5114/3125/3644
f 5114/3125/3644 5083/3124/3622 5079/3126/3627 5115/3127/3645
f 5115/3127/3645 5079/3126/3627 5076/3128/3628 5116/3129/3646
f 5116/3129/3646 5076/3128/3628 5086/3130/3631 5117/3131/3647
f 5117/3131/3647 5086/3130/3631 5085/3132/3630 5118/3133/3648
f 5118/3133/3648 5085/3132/3630 5077/3134/3629 5119/3135/3649
f 5119/3135/3649 5077/3134/3629 4983/3136/3537 5120/3137/3650
f 5120/3137/3650 4983/3136/3537 4984/3138/3536 5121/3139/3651
f 5121/3139/3651 4984/3138/3536 4985/3140/3540 4994/3141/3542
f 4660/2446/3101 4994/2953/3542 4986/2955/3544 4564/2536/3197
f 4562/3142/3097 5111/3143/3652 4660/3144/3101 4563/3145/3099
f 4559/3146/3095 5110/3147/3653 5111/3143/3652 4562/3142/3097
f 4561/3148/3094 5109/3149/3654 5110/3147/3653 4559/3146/3095
f 5065/3150/3614 5108/3151/3655 5109/3149/3654 4561/3148/3094
f 5066/3152/3615 5107/3153/3656 5108/3151/3655 5065/3150/3614
f 4560/3154/3284 5106/3155/3657 5107/3153/3656 5066/3152/3615
f 4709/3156/3260 5105/3157/3658 5106/3155/3657 4560/3154/3284
f 4743/3158/3218 5104/3159/3659 5105/3157/3658 4709/3156/3260
f 4726/3160/3217 5088/3122/3633 5104/3159/3659 4743/3158/3218
f 5111/3143/3652 5121/3139/3651 4994/3141/3542 4660/3144/3101
f 5110/3147/3653 5120/3137/3650 5121/3139/3651 5111/3143/3652
f 5109/3149/3654 5119/3135/3649 5120/3137/3650 5110/3147/3653
f 5108/3151/3655 5118/3133/3648 5119/3135/3649 5109/3149/3654
f 5107/3153/3656 5117/3131/3647 5118/3133/3648 5108/3151/3655
f 5106/3155/3657 5116/3129/3646 5117/3131/3647 5107/3153/3656
f 5105/3157/3658 5115/3127/3645 5116/3129/3646 5106/3155/3657
f 5104/3159/3659 5114/3125/3644 5115/3127/3645 5105/3157/3658
f 5088/3122/3633 5114/3125/3644 5104/3159/3659
f 5113/3161/2789 5103/3162/2790 5122/3163/2791 5112/3164/2792
f 5112/3164/2792 5122/3163/2791 5126/3165/2793 5125/3166/2794
f 5125/3166/2795 5126/3165/2793 5124/2108/2796 5123/2109/2795
f 5123/2109/2797 5124/2108/2796 5103/2110/2790 5113/2111/2789
f 5124/2108/2796 5126/3165/2793 5129/3167/2802 5130/3168/2802
f 5130/3168/2803 5129/3167/3660 5133/3169/2805 5134/2119/2806
f 5122/3163/2791 5103/3162/2790 5127/3170/2802 5128/3171/2802
f 5103/2110/2790 5124/2108/2796 5130/3168/2802 5127/3172/2802
f 5126/3165/2793 5122/3163/2791 5128/3171/2802 5129/3167/2802
f 5133/3169/2805 5132/3173/2807 5131/3174/2808 5134/2119/2806
f 5128/3171/2809 5127/3170/3661 5131/3175/2808 5132/3176/2807
f 5127/3172/3661 5130/3168/2803 5134/2119/2806 5131/2126/2808
f 5129/3167/3660 5128/3171/2809 5132/3176/2807 5133/3169/2805
f 5112/3164/2792 5125/3166/2794 5138/2423/3078 5136/3177/3079
f 5113/3161/2789 5112/3164/2792 5136/3177/3079 5135/3178/3662
f 5123/2109/2797 5113/2111/2789 5135/2426/3662 5137/2427/3081
f 5140/3179/3082 5139/2429/3083 5141/2430/3663 5142/3180/3085
f 5125/3166/2794 5123/2109/2797 5139/2429/3083 5140/3179/3082
f 5123/2109/2797 5137/2427/3081 5141/2430/3663 5139/2429/3083
f 5138/2423/3078 5125/3166/2794 5140/3179/3082 5142/3180/3085
f 4448/2159/2843 4443/2290/2956 4464/2293/2959 4466/2155/2839
