# Blender 4.4.0
# www.blender.org
o Truck_Inside
v 0.759051 1.046376 -0.240435
v 0.759051 1.796775 -0.240435
v 0.759051 1.046376 -0.739385
v 0.759051 1.796775 -0.739385
v 0.889419 1.046376 -0.240435
v 0.889419 1.796775 -0.240435
v 0.889419 1.046376 -0.739385
v 0.889419 1.796775 -0.739385
v 0.783020 1.796775 -0.278938
v 0.783020 1.796775 -0.700881
v 0.867102 1.796775 -0.700881
v 0.867102 1.796775 -0.278938
v 0.783020 1.912603 -0.278938
v 0.783020 1.912603 -0.700881
v 0.867102 1.912603 -0.700881
v 0.867102 1.912603 -0.278938
v 1.415876 1.972655 -0.965778
v 1.455526 2.170513 -0.925214
v 1.506972 1.916611 -0.926982
v 1.528467 2.068060 -0.868409
v 1.502222 1.423887 -0.937443
v 1.455526 2.231971 0.000888
v 1.520924 2.192260 -0.036157
v 1.684363 1.629299 -0.035794
v 1.198649 2.046829 -0.965433
v 1.229732 2.260166 -0.925214
v 1.229737 2.321625 0.000000
v 1.347632 2.017510 -0.965667
v 1.383410 2.201788 -0.925214
v 1.383380 2.263257 0.000000
v 0.774182 2.156323 -0.961989
v 0.543398 2.299036 -0.960650
v 0.787172 2.321678 -0.925214
v 0.543398 2.438431 -0.925214
v 0.543398 2.499873 0.000888
v 0.787177 2.383130 0.000888
v 1.446049 2.107622 -0.979879
v 1.514612 2.005804 -0.939514
v 1.225006 2.203905 -0.979879
v 1.372673 2.151011 -0.979879
v 0.781625 2.270580 -0.979879
v 0.543398 2.393461 -0.979879
v 1.499942 1.155741 -0.943780
v 1.487649 1.514843 -0.965859
v 0.760983 1.518014 -0.966440
v 1.435058 1.358406 -0.966440
v 0.789035 1.965385 -0.966440
v 1.308347 1.943108 -0.968348
v 1.266463 1.373340 -0.966440
v 1.349894 1.202040 -0.936584
v 1.183095 1.950287 -0.966440
v 1.560976 1.790441 -0.928968
v 1.493981 1.295534 -0.942144
v 0.790166 1.989432 -0.971178
v 1.462239 1.619543 -0.966413
v 1.486143 1.195352 -0.982673
v 1.315464 1.295564 -0.927039
v 1.469501 1.295564 -0.976747
v 1.153796 1.388850 -0.972954
v 1.202592 1.382133 -0.972954
v 1.192425 1.220991 -0.936584
v 1.241417 1.171489 -0.936584
v 1.126534 1.952390 -0.972954
v 1.061722 1.946491 -0.971795
v 1.176165 1.295564 -0.928270
v 1.225005 1.295564 -0.928270
v 1.058630 1.998502 -0.971847
v 1.203599 1.513638 -0.972954
v 1.154867 1.514112 -0.972954
v 1.141538 1.629165 -0.972954
v 1.190179 1.628717 -0.972954
v 0.543398 1.481628 -0.976667
v 0.543398 1.261301 -0.936584
v 0.857922 1.235211 -0.936584
v 1.185015 1.980277 -0.967921
v 0.767248 1.943416 -0.968828
v 1.346249 1.925668 -0.967374
v 0.785498 1.190871 -0.936584
v 0.942741 1.231605 -0.936584
v 0.967053 1.958613 -0.966440
v 1.480304 1.639637 -0.968959
v 1.515619 1.158429 -0.977884
v 1.407871 1.812280 -0.966440
v 0.837093 1.971818 -0.971178
v 0.943930 1.971775 -0.970697
v 0.831471 1.295564 -0.927056
v 0.930070 1.295564 -0.927039
v 1.463082 1.369941 -0.966440
v 1.481486 1.449899 -0.966287
v 0.776433 1.476351 -0.966440
v 0.543398 1.632008 -0.976667
v 0.750243 1.632865 -0.971553
v 0.543398 1.295564 -0.929217
v 0.772774 1.295564 -0.928145
v 0.543398 2.011060 -0.972491
v 0.756979 2.008120 -0.971353
v 1.503986 1.295553 -0.974764
v 0.835966 1.962362 -0.966440
v 1.043826 1.403989 -0.966440
v 1.504145 1.550848 -0.968089
v 1.318726 1.967597 -0.969166
v 1.500567 1.327721 -0.971830
v 0.897916 1.430006 -0.966440
v 1.041898 1.179971 -0.936584
v 1.043206 1.295564 -0.927039
v 1.120208 1.983589 -0.971709
v 1.206190 1.397361 -0.972954
v 1.157331 1.402923 -0.972954
v 1.076685 1.930103 -0.972954
v 1.127514 1.929707 -0.972954
v 1.206715 1.463113 -0.972954
v 1.157889 1.465554 -0.972954
v 1.102873 1.824754 -0.972954
v 1.151611 1.823987 -0.972954
v 1.026471 1.985522 -0.971914
v 1.121860 1.393247 -0.969697
v 1.130935 1.295564 -0.927654
v 1.138186 1.223297 -0.936584
v 1.042355 1.956244 -0.969697
v 1.368179 1.940782 -0.968679
v 1.502729 1.489201 -0.968333
v 1.434345 1.834836 -0.967921
v 0.543398 1.997294 -0.976621
v 0.762358 1.910337 -0.969255
v 0.543398 1.942109 -0.976621
v 0.543398 1.818916 -0.976667
v 0.747141 1.824166 -0.971553
v 0.759434 1.994051 -0.973863
v 1.497938 1.394025 -0.969084
v 1.174139 1.709925 -0.972954
v 1.125458 1.710505 -0.972954
v 0.543398 1.709738 -0.976667
v 0.748953 1.712422 -0.971553
v 1.535887 2.115190 -0.729676
v 1.455526 2.179838 -0.786583
v 1.229733 2.274094 -0.718157
v 1.383406 2.211115 -0.786583
v 0.787176 2.359927 -0.718170
v 0.543398 2.485581 -0.718175
v 1.455526 2.205904 -0.399073
v 1.229735 2.295558 -0.399073
v 1.383393 2.237186 -0.399073
v 0.787177 2.374592 -0.399073
v 1.535887 2.153725 -0.370619
v 0.543398 2.497754 -0.399073
v 1.602167 1.694902 -0.924635
v 1.648633 1.873636 -0.036157
v 1.604025 2.013009 -0.036157
v 1.626320 1.637286 -0.922266
v 1.683546 1.747866 -0.036124
v 1.082815 2.067305 -0.965650
v 1.148344 2.051642 -0.965926
v 1.155154 2.276334 -0.925214
v 1.089520 2.287840 -0.925214
v 1.155105 2.337803 0.000888
v 1.089539 2.349295 0.000888
v 1.089706 2.227874 -0.979879
v 1.155412 2.216525 -0.979879
v 1.089532 2.301766 -0.718157
v 1.155123 2.290269 -0.718157
v 1.089537 2.323229 -0.399073
v 1.155111 2.311735 -0.399073
v 1.488674 2.192260 0.000888
v 1.643922 1.626673 0.000888
v 1.601420 1.873636 0.000888
v 1.556812 2.013009 0.000888
v 1.636523 1.747099 0.000888
v 1.450795 2.139120 -0.952501
v 1.521551 2.036984 -0.903902
v 1.227373 2.232082 -0.952501
v 1.378051 2.176442 -0.952501
v 0.784403 2.296171 -0.952501
v 0.543398 2.415984 -0.952501
v 1.155283 2.246479 -0.952501
v 1.089613 2.257907 -0.952501
v 1.503829 1.517210 -0.904072
v 1.484728 1.153134 -0.910684
v 1.484272 1.295515 -0.910488
v 1.541390 1.599534 -0.905694
v 1.473475 1.532382 -0.046740
v 1.485864 1.153134 -0.052311
v 1.485546 1.295685 -0.052311
v 1.495947 1.623946 -0.048272
v 1.528900 2.042813 -0.906668
v 1.535816 2.073889 -0.871175
v 1.543237 2.121019 -0.732442
v 1.611375 2.018838 -0.038119
v 1.544455 2.198089 -0.044201
v 1.541269 1.949819 -0.948155
v 1.521962 2.011633 -0.942279
v 1.543237 2.159554 -0.373385
v 1.594549 1.819102 -0.946724
v 1.690985 1.753334 -0.038098
v 1.655982 1.879465 -0.038119
v 1.641149 1.723625 -0.943648
v 1.663076 1.638569 -0.949031
v 1.706935 1.621863 -0.035954
v 1.690907 1.575455 -0.879150
v 1.493652 1.510170 -0.990942
v 0.752858 1.511265 -0.992449
v 1.439313 1.348532 -0.991542
v 0.782100 1.977613 -0.992449
v 1.308388 1.952675 -0.993514
v 1.265112 1.363961 -0.991542
v 1.178973 1.960092 -0.991542
v 1.467398 1.618351 -0.991515
v 1.162334 1.376622 -0.999239
v 1.199118 1.373047 -0.998273
v 1.120531 1.962265 -0.998273
v 1.066354 1.957917 -0.998031
v 1.200158 1.508924 -0.998273
v 1.163451 1.507197 -0.999239
v 1.149556 1.627131 -0.999239
v 1.186291 1.627830 -0.998273
v 0.759389 1.954712 -0.994938
v 1.347551 1.934654 -0.992508
v 0.967669 1.970554 -0.992449
v 1.411222 1.817496 -0.991543
v 1.468269 1.360450 -0.991542
v 1.487285 1.443066 -0.991384
v 0.768964 1.467834 -0.992449
v 0.741663 1.630988 -0.997779
v 0.831023 1.974462 -0.992449
v 1.047699 1.392404 -0.992449
v 0.895599 1.419524 -0.992449
v 1.202835 1.388781 -0.998273
v 1.166019 1.391292 -0.999239
v 1.081952 1.940835 -0.999239
v 1.121543 1.938828 -0.998273
v 1.203378 1.456720 -0.998273
v 1.166601 1.456580 -0.999239
v 1.109251 1.831017 -0.999239
v 1.146441 1.829593 -0.998273
v 1.129044 1.381205 -0.995844
v 1.046166 1.968084 -0.995844
v 0.754291 1.920230 -0.995383
v 0.738429 1.830404 -0.997779
v 1.169719 1.711738 -0.998273
v 1.132795 1.711922 -0.999239
v 0.740318 1.713920 -0.997779
v 0.759051 0.950193 -0.240435
v 0.759051 0.950193 -0.739385
v 0.889419 0.950193 -0.240435
v 0.889419 0.950193 -0.739385
v 1.362023 1.046376 -0.240435
v 1.362023 1.046376 -0.739385
v 1.362023 0.950193 -0.240435
v 1.362023 0.950193 -0.739385
v 1.791467 1.118010 -0.968794
v 1.837792 1.118010 -0.910684
v 1.838929 1.118010 -0.052311
v 1.837792 1.118010 -0.910684
v 1.838929 1.118010 -0.052311
v 1.518491 0.803132 -0.948598
v 0.785498 0.803132 -0.965159
v 1.515619 0.803132 -0.977884
v 1.791467 0.803132 -0.968794
v 1.837792 0.803132 -0.910684
v 1.841151 0.919340 -0.052311
v 1.499210 1.608211 -0.481497
v 1.474155 1.597152 -0.481497
v 1.476929 1.569906 -0.481497
v 1.503700 1.564125 -0.481497
v 1.517470 1.587798 -0.481497
v 1.494806 1.587816 -0.572911
v 1.470087 1.578316 -0.565927
v 1.473406 1.553591 -0.554625
v 1.500177 1.547810 -0.554625
v 1.513403 1.568962 -0.565927
v 1.482466 1.530672 -0.646220
v 1.458690 1.525538 -0.633634
v 1.463534 1.507877 -0.613269
v 1.490305 1.502096 -0.613269
v 1.502005 1.516184 -0.633634
v 1.464634 1.448096 -0.686903
v 1.442221 1.449271 -0.671209
v 1.449270 1.441819 -0.645815
v 1.476040 1.436038 -0.645815
v 1.485536 1.439917 -0.671209
v 1.444843 1.356443 -0.686903
v 1.423941 1.364622 -0.671209
v 1.433437 1.368501 -0.645815
v 1.460207 1.362720 -0.645815
v 1.467256 1.355268 -0.671209
v 1.427011 1.273867 -0.646220
v 1.407471 1.288355 -0.633634
v 1.419172 1.302443 -0.613269
v 1.445942 1.296662 -0.613269
v 1.450787 1.279001 -0.633634
v 1.414671 1.216723 -0.572911
v 1.396074 1.235577 -0.565927
v 1.409300 1.256729 -0.554625
v 1.436071 1.250948 -0.554625
v 1.439390 1.226223 -0.565927
v 1.410266 1.196328 -0.481497
v 1.392007 1.216741 -0.481497
v 1.405777 1.240414 -0.481497
v 1.432548 1.234633 -0.481497
v 1.435322 1.207387 -0.481497
v 1.414671 1.216723 -0.390083
v 1.396074 1.235577 -0.397068
v 1.409300 1.256729 -0.408369
v 1.436071 1.250948 -0.408369
v 1.439390 1.226223 -0.397068
v 1.427011 1.273867 -0.316775
v 1.407471 1.288355 -0.329361
v 1.419172 1.302443 -0.349725
v 1.445942 1.296662 -0.349725
v 1.450787 1.279001 -0.329361
v 1.444843 1.356443 -0.276092
v 1.423941 1.364622 -0.291786
v 1.433437 1.368501 -0.317180
v 1.460207 1.362720 -0.317180
v 1.467256 1.355268 -0.291786
v 1.464634 1.448096 -0.276092
v 1.442221 1.449271 -0.291786
v 1.449270 1.441819 -0.317180
v 1.476040 1.436038 -0.317180
v 1.485536 1.439917 -0.291786
v 1.482466 1.530671 -0.316775
v 1.458690 1.525538 -0.329361
v 1.463534 1.507877 -0.349725
v 1.490305 1.502096 -0.349725
v 1.502005 1.516184 -0.329361
v 1.494806 1.587816 -0.390083
v 1.470087 1.578316 -0.397068
v 1.473406 1.553591 -0.408369
v 1.500177 1.547810 -0.408369
v 1.513403 1.568962 -0.397068
v 1.436458 1.444586 -0.536891
v 1.476040 1.436038 -0.536891
v 1.413166 1.336729 -0.536891
v 1.452749 1.328182 -0.536891
v 1.413166 1.336729 -0.426104
v 1.452749 1.328182 -0.426104
v 1.436458 1.444586 -0.426104
v 1.476040 1.436038 -0.426104
v 1.436458 1.444586 -0.481497
v 1.476040 1.436038 -0.481497
v 1.413436 1.337978 -0.481497
v 1.453018 1.329430 -0.481497
v 1.413313 1.301809 -0.542326
v 1.444927 1.291958 -0.536891
v 1.413313 1.301809 -0.420669
v 1.444927 1.291958 -0.426104
v 1.412348 1.297341 -0.481497
v 1.444927 1.291958 -0.481497
v 1.491212 1.530032 -0.179567
v 1.498383 1.295658 -0.185269
v 1.498723 1.153134 -0.185299
v 1.516022 1.620164 -0.181113
v 1.708154 1.618081 -0.183878
v 1.851787 1.118010 -0.185299
v 1.851787 1.118010 -0.185299
v 1.837791 0.803132 -0.173363
v -0.411577 0.870780 0.921971
v -0.441310 0.870780 0.898799
v -0.448787 0.870780 0.884731
v -0.461103 0.870780 0.828789
v -0.461103 1.148754 0.828789
v -0.448787 1.148754 0.884731
v -0.441310 1.148754 0.898799
v -0.411577 1.148754 0.921971
v -0.461103 0.870780 -0.828788
v -0.448787 0.870780 -0.884731
v -0.441310 0.870780 -0.898799
v -0.411577 0.870780 -0.921971
v -0.411577 1.148754 -0.921971
v -0.441310 1.148754 -0.898799
v -0.448787 1.148754 -0.884731
v -0.461103 1.148754 -0.828788
v 0.461103 0.870780 0.828789
v 0.448788 0.870780 0.884731
v 0.441310 0.870780 0.898799
v 0.411577 0.870780 0.921971
v 0.411577 1.148754 0.921971
v 0.441310 1.148754 0.898799
v 0.448788 1.148754 0.884731
v 0.461103 1.148754 0.828789
v 0.411577 0.870780 -0.921971
v 0.441310 0.870780 -0.898799
v 0.448788 0.870780 -0.884731
v 0.461103 0.870780 -0.828788
v 0.461103 1.148754 -0.828788
v 0.448788 1.148754 -0.884731
v 0.441310 1.148754 -0.898799
v 0.411577 1.148754 -0.921971
v 0.215662 2.521010 -0.960650
v 0.215662 2.660405 -0.925214
v 0.215662 2.721847 0.000888
v 0.215662 2.615435 -0.979879
v 0.062055 1.421284 -0.959991
v 0.215662 1.261301 -0.936584
v -0.034223 1.467529 -0.977505
v 0.215662 1.295564 -0.929217
v -0.034223 1.825316 -0.974278
v -0.012476 1.802868 -0.974547
v -0.008242 1.736642 -0.975116
v -0.008242 1.626312 -0.976064
v -0.012476 1.527988 -0.976909
v 0.215662 2.707555 -0.718175
v 0.215662 2.719728 -0.399073
v 0.215662 2.637958 -0.952501
v -0.093020 0.803132 -0.965159
v -0.401703 2.686087 -0.961025
v -0.401703 2.825483 -0.925214
v -0.401703 2.886924 0.000888
v -0.401703 2.780513 -0.961025
v -0.512390 1.421284 -0.961025
v -0.401703 1.193929 -0.961025
v -0.617606 1.467529 -0.961025
v -0.401703 1.295564 -0.961025
v -0.617606 1.825316 -0.961025
v -0.640745 1.802868 -0.961025
v -0.645752 1.736642 -0.961025
v -0.645752 1.626313 -0.961025
v -0.640745 1.527988 -0.961025
v -0.401703 2.872632 -0.718175
v -0.401703 2.884806 -0.399073
v -0.401703 2.803035 -0.952501
v -0.806904 0.803132 -0.965159
v -0.806904 2.686087 -0.961025
v -0.806904 2.825483 -0.925214
v -0.806904 2.884806 0.000888
v -0.806904 2.780513 -0.961025
v -0.806904 1.481628 -0.961025
v -0.806904 1.193929 -0.961025
v -0.806904 1.632008 -0.961025
v -0.806904 1.295564 -0.961025
v -0.806904 2.011060 -0.961025
v -0.806904 1.997294 -0.961025
v -0.806904 1.942109 -0.961025
v -0.806904 1.818916 -0.961025
v -0.806904 1.709738 -0.961025
v -0.806904 2.872632 -0.718175
v -0.806904 2.884806 -0.399073
v -0.806904 2.803035 -0.952501
v -0.401703 0.803132 -0.965159
v -0.093020 1.193929 -0.936584
v -0.093020 1.295564 -0.929217
v -0.093020 2.790093 -0.718175
v -0.093020 2.802267 -0.399073
v -0.225168 1.417686 -0.960031
v -0.326626 1.465315 -0.977576
v -0.093020 2.804385 0.000888
v -0.093020 2.720497 -0.952501
v -0.093020 2.742944 -0.925214
v -0.093020 2.603549 -0.960650
v -0.093020 2.697974 -0.979879
v -0.326626 1.827530 -0.974207
v -0.034223 1.825316 -1.000634
v -0.012476 1.802868 -1.000908
v -0.008242 1.736642 -1.001487
v -0.012476 1.527988 -1.003312
v -0.034223 1.467529 -1.003918
v -0.008242 1.626312 -1.002452
v -0.617606 1.825316 -1.000634
v -0.640745 1.802868 -1.000908
v -0.645752 1.736642 -1.001487
v -0.640745 1.527988 -1.003311
v -0.617606 1.467529 -1.003918
v -0.645752 1.626313 -1.002452
v -0.326626 1.465315 -1.003990
v -0.326626 1.721327 -1.003018
v -0.326626 1.762651 -1.003018
v -0.326626 1.547320 -1.003065
v -0.326626 1.629076 -1.003065
v -0.326626 1.827530 -1.000562
v 1.415876 1.972655 0.967553
v 1.455526 2.170513 0.926990
v 1.506972 1.916611 0.928758
v 1.528467 2.068060 0.870185
v 1.502222 1.423887 0.939218
v 1.520924 2.192260 0.037932
v 1.687648 1.629392 0.037600
v 1.198649 2.046829 0.967208
v 1.229732 2.260166 0.926990
v 1.347631 2.017510 0.967442
v 1.383410 2.201788 0.926990
v 0.774182 2.156323 0.963765
v 0.543398 2.299036 0.962425
v 0.787172 2.321678 0.926990
v 0.543398 2.438431 0.926990
v 1.446049 2.107622 0.981655
v 1.514612 2.005804 0.941289
v 1.225006 2.203905 0.981655
v 1.372673 2.151011 0.981655
v 0.781625 2.270580 0.981655
v 0.543398 2.393461 0.981655
v 1.499941 1.155741 0.945555
v 1.487649 1.514843 0.967634
v 0.760983 1.518014 0.968216
v 1.435058 1.358406 0.968216
v 0.789035 1.965385 0.968216
v 1.308347 1.943108 0.970124
v 1.266463 1.373340 0.968216
v 1.315464 1.295564 0.930485
v 1.183095 1.950287 0.968216
v 1.560976 1.790441 0.930743
v 1.493981 1.295534 0.943919
v 0.790166 1.989432 0.972954
v 1.462239 1.619543 0.968189
v 1.486142 1.195352 0.986119
v 1.469501 1.295564 0.978523
v 1.153796 1.388850 0.974729
v 1.202592 1.382133 0.974729
v 1.349894 1.202040 0.940030
v 1.126534 1.952390 0.974729
v 1.061722 1.946491 0.973571
v 1.176165 1.295564 0.931716
v 1.225005 1.295564 0.930045
v 1.058630 1.998502 0.973622
v 1.203599 1.513638 0.974729
v 1.154867 1.514112 0.974729
v 1.141538 1.629165 0.974729
v 1.190178 1.628717 0.974729
v 0.543398 1.481628 0.978442
v 1.185015 1.980277 0.969697
v 0.767248 1.943416 0.970604
v 1.346249 1.925668 0.969150
v 0.967053 1.958613 0.968216
v 1.480304 1.639637 0.970734
v 1.515619 1.158429 0.979660
v 1.407871 1.812280 0.968216
v 0.837093 1.971818 0.972954
v 0.943930 1.971775 0.972473
v 0.831471 1.295564 0.930502
v 0.930070 1.295564 0.928815
v 1.463082 1.369942 0.968216
v 1.481486 1.449899 0.968062
v 0.776433 1.476351 0.968216
v 0.543398 1.632008 0.978442
v 0.750243 1.632865 0.973329
v 0.543398 1.295564 0.932663
v 0.772774 1.295564 0.931591
v 0.543398 2.011060 0.974266
v 0.756979 2.008120 0.973129
v 1.503986 1.295554 0.976539
v 0.835966 1.962362 0.968216
v 1.043826 1.403989 0.968216
v 1.504145 1.550848 0.969864
v 1.318726 1.967597 0.970942
v 1.500567 1.327721 0.973606
v 0.897915 1.430006 0.968216
v 1.043206 1.295564 0.930485
v 1.120208 1.983589 0.973485
v 1.206190 1.397361 0.974729
v 1.157331 1.402923 0.974729
v 1.076685 1.930103 0.974729
v 1.127514 1.929707 0.974729
v 1.206715 1.463113 0.974729
v 1.157889 1.465554 0.974729
v 1.102873 1.824754 0.974729
v 1.151611 1.823987 0.974729
v 1.026471 1.985522 0.973690
v 1.121860 1.393247 0.971473
v 1.130935 1.295564 0.929430
v 1.042355 1.956244 0.971472
v 1.368179 1.940782 0.970455
v 1.502729 1.489201 0.970109
v 1.434344 1.834836 0.969697
v 0.543398 1.997294 0.978396
v 0.762358 1.910337 0.971031
v 0.543398 1.942109 0.978396
v 0.543398 1.818916 0.978442
v 0.747141 1.824166 0.973329
v 0.759434 1.994051 0.975639
v 1.497938 1.394025 0.970859
v 1.174139 1.709925 0.974729
v 1.125458 1.710506 0.974729
v 0.543398 1.709738 0.978442
v 0.748953 1.712422 0.973329
v 1.535887 2.115190 0.731452
v 1.455526 2.179838 0.788359
v 1.229733 2.274094 0.719932
v 1.383406 2.211115 0.788359
v 0.787175 2.359927 0.719945
v 0.543398 2.485580 0.719950
v 1.455526 2.205904 0.400848
v 1.229735 2.295558 0.400848
v 1.383393 2.237186 0.400848
v 0.787177 2.374592 0.400848
v 1.535887 2.153725 0.372394
v 0.543398 2.497754 0.400848
v 1.602167 1.694902 0.926410
v 1.648633 1.873636 0.037932
v 1.604025 2.013009 0.037932
v 1.626319 1.637286 0.924042
v 1.683546 1.747866 0.037900
v 1.082815 2.067305 0.967426
v 1.148344 2.051642 0.967701
v 1.155154 2.276334 0.926990
v 1.089520 2.287840 0.926990
v 1.089706 2.227874 0.981655
v 1.155412 2.216525 0.981655
v 1.089532 2.301766 0.719932
v 1.155123 2.290269 0.719932
v 1.089537 2.323229 0.400848
v 1.155110 2.311735 0.400848
v 1.450795 2.139120 0.954277
v 1.521551 2.036984 0.905678
v 1.227373 2.232082 0.954277
v 1.378051 2.176442 0.954277
v 0.784403 2.296171 0.954277
v 0.543398 2.415984 0.954277
v 1.155282 2.246479 0.954277
v 1.089613 2.257907 0.954277
v 1.623582 1.517210 0.905848
v 1.604481 1.153134 0.912459
v 1.604025 1.295515 0.912263
v 1.661144 1.599534 0.907469
v 1.605505 1.532382 0.048516
v 1.617894 1.153134 0.054086
v 1.617576 1.295685 0.054086
v 1.627977 1.623946 0.050048
v 1.528900 2.042813 0.908443
v 1.535816 2.073889 0.872950
v 1.543237 2.121019 0.734217
v 1.611375 2.018838 0.039894
v 1.544455 2.198089 0.045976
v 1.541269 1.949819 0.949931
v 1.521962 2.011633 0.944055
v 1.543237 2.159554 0.375160
v 1.594549 1.819102 0.948500
v 1.690985 1.753334 0.039874
v 1.655982 1.879465 0.039894
v 1.641149 1.723625 0.945423
v 1.663076 1.638569 0.950806
v 1.706935 1.621863 0.037729
v 1.690907 1.575455 0.880925
v 1.493652 1.510170 0.992717
v 0.752858 1.511265 0.994224
v 1.439313 1.348532 0.993318
v 0.782100 1.977613 0.994224
v 1.308388 1.952675 0.995290
v 1.265112 1.363961 0.993318
v 1.178973 1.960092 0.993318
v 1.467398 1.618351 0.993290
v 1.162334 1.376622 1.001014
v 1.199118 1.373047 1.000048
v 1.120531 1.962265 1.000048
v 1.066354 1.957917 0.999806
v 1.200158 1.508924 1.000048
v 1.163451 1.507197 1.001014
v 1.149556 1.627131 1.001014
v 1.186291 1.627830 1.000048
v 0.759389 1.954712 0.996713
v 1.347551 1.934654 0.994283
v 0.967669 1.970554 0.994224
v 1.411222 1.817496 0.993318
v 1.468269 1.360450 0.993318
v 1.487285 1.443066 0.993159
v 0.768964 1.467834 0.994224
v 0.741663 1.630988 0.999554
v 0.831023 1.974462 0.994224
v 1.047699 1.392404 0.994224
v 0.895599 1.419524 0.994224
v 1.202835 1.388781 1.000048
v 1.166019 1.391292 1.001014
v 1.081952 1.940835 1.001014
v 1.121543 1.938828 1.000048
v 1.203378 1.456720 1.000048
v 1.166601 1.456580 1.001014
v 1.109251 1.831017 1.001014
v 1.146441 1.829593 1.000048
v 1.129044 1.381205 0.997619
v 1.046166 1.968084 0.997619
v 0.754291 1.920230 0.997159
v 0.738429 1.830404 0.999554
v 1.169719 1.711738 1.000048
v 1.132795 1.711922 1.001014
v 0.740318 1.713920 0.999554
v 1.791467 1.118010 0.970569
v 1.837792 1.118010 0.912459
v 1.838928 1.118010 0.054086
v 1.837792 1.118010 0.912459
v 1.838928 1.118010 0.054086
v 1.509036 0.803132 0.954387
v 1.791467 0.803132 0.970569
v 1.837791 0.803132 0.912459
v 1.841151 0.919340 0.054086
v 1.610965 1.530032 0.181343
v 1.618137 1.295659 0.187044
v 1.618476 1.153134 0.187075
v 1.635775 1.620164 0.182888
v 1.708154 1.618081 0.185654
v 1.851787 1.118010 0.187075
v 1.851787 1.118010 0.187075
v 1.837791 0.803132 0.185958
v 0.215662 2.521010 0.962425
v 0.215662 2.660405 0.926990
v 0.215662 2.615435 0.981655
v 0.062055 1.421284 0.961766
v -0.034223 1.467529 0.979280
v 0.215662 1.295564 0.932663
v -0.034223 1.825316 0.976054
v -0.012476 1.802868 0.976323
v -0.008242 1.736642 0.976892
v -0.008242 1.626312 0.977840
v -0.012476 1.527988 0.978684
v 0.215662 2.707555 0.719950
v 0.215662 2.719728 0.400848
v 0.215662 2.637958 0.954277
v -0.401703 2.686087 0.962800
v -0.401703 2.825482 0.926990
v -0.401703 2.780513 0.962800
v -0.512390 1.421284 0.962800
v -0.617606 1.467529 0.962800
v -0.401703 1.295564 0.964471
v -0.617606 1.825316 0.962800
v -0.640745 1.802868 0.962800
v -0.645752 1.736642 0.962800
v -0.645752 1.626313 0.962800
v -0.640745 1.527988 0.962800
v -0.401703 2.872632 0.719950
v -0.401703 2.884806 0.400848
v -0.401703 2.803035 0.954277
v -0.806904 2.686087 0.962800
v -0.806904 2.825482 0.926990
v -0.806904 2.780513 0.962800
v -0.806904 1.481628 0.962800
v -0.806904 1.632008 0.962800
v -0.806904 1.295564 0.962800
v -0.806904 2.011060 0.962800
v -0.806904 1.997294 0.962800
v -0.806904 1.942109 0.962800
v -0.806904 1.818916 0.962800
v -0.806904 1.709738 0.962800
v -0.806904 2.872632 0.719950
v -0.806904 2.884806 0.400848
v -0.806904 2.803035 0.954277
v -0.093020 1.295564 0.932663
v -0.093020 2.790093 0.719950
v -0.093020 2.802267 0.400848
v -0.225168 1.417686 0.961806
v -0.326626 1.465315 0.979351
v -0.093020 2.720497 0.954277
v -0.093020 2.742944 0.926990
v -0.093020 2.603549 0.962425
v -0.093020 2.697974 0.981655
v -0.326626 1.827530 0.975983
v -0.034223 1.825316 1.002410
v -0.012476 1.802868 1.002684
v -0.008242 1.736642 1.003263
v -0.012476 1.527988 1.005087
v -0.034223 1.467529 1.005693
v -0.008242 1.626312 1.004227
v -0.617606 1.825316 1.002410
v -0.640745 1.802868 1.002683
v -0.645752 1.736642 1.003263
v -0.640745 1.527988 1.005087
v -0.617606 1.467529 1.005693
v -0.645752 1.626313 1.004227
v -0.326626 1.465315 1.005765
v -0.326626 1.721327 1.004794
v -0.326626 1.762651 1.004794
v -0.326626 1.547321 1.004840
v -0.326626 1.629076 1.004840
v -0.326626 1.827530 1.002337
v 1.241417 0.803132 -0.965159
v 1.041898 0.803132 -0.965159
v 1.192425 1.220991 0.940030
v 1.241417 1.171489 0.940030
v 0.543398 1.261301 0.940030
v 0.857922 1.235211 0.940030
v 0.785498 1.190871 0.940030
v 0.942741 1.231605 0.940030
v 0.930070 1.295564 0.930485
v 1.041898 1.179971 0.940030
v 1.138186 1.223297 0.940030
v 0.785498 0.803132 0.968605
v 1.515619 0.803132 0.981330
v 0.215662 1.261301 0.940030
v -0.093020 0.803132 0.968605
v -0.401703 1.193929 0.964471
v -0.806904 0.803132 0.968605
v -0.806904 1.193929 0.964471
v -0.401703 0.803132 0.968605
v -0.093020 1.193929 0.940030
v 1.241417 0.803132 0.968605
v 1.041898 0.803132 0.968605
v -0.806904 1.193929 0.001723
v -0.806904 0.803132 0.001723
v -0.806904 1.295564 0.000888
v -0.806904 1.481628 0.000888
v -0.806904 1.632008 0.000888
v -0.806904 1.709738 0.000888
v -0.806904 1.818916 0.000888
v -0.806904 1.942109 0.000888
v -0.806904 1.997294 0.000888
v -0.806904 2.011060 0.000888
v -0.806904 2.686087 0.000888
v -0.806904 2.780513 0.000888
v -0.806904 2.803035 0.000888
v -0.806904 2.825482 0.000888
v -0.806904 2.872632 0.000888
v 1.089539 2.346695 -0.039017
v 0.759051 1.796775 0.716641
v -0.401703 0.803132 -0.183101
v -0.093020 0.803132 -0.183101
v 0.785498 0.803132 -0.183101
v 1.041898 0.803132 -0.183101
v 1.241417 0.803132 -0.183101
v 1.515619 0.803132 -0.185533
v 1.514668 0.803132 -0.178987
v 1.791467 0.803132 -0.184471
v 0.759051 1.046376 0.217692
v 0.759051 1.046376 0.716641
v -0.401703 0.803132 0.198023
v -0.093020 0.803132 0.198023
v 0.785498 0.803132 0.198023
v 1.041898 0.803132 0.198023
v 1.241417 0.803132 0.198023
v 1.515619 0.803132 0.200606
v 1.512804 0.803132 0.196070
v 1.791467 0.803132 0.197756
v 0.759051 1.796775 0.217692
v 0.889419 1.046376 0.716641
v 0.889419 1.796775 0.716641
v 0.889419 1.046376 0.217692
v 0.889419 1.796775 0.217692
v 0.783020 1.796775 0.678138
v 0.783020 1.796775 0.256195
v 0.867102 1.796775 0.256195
v 0.867102 1.796775 0.678138
v 0.783020 1.912603 0.678138
v 0.783020 1.912603 0.256195
v 0.867102 1.912603 0.256195
v 0.867102 1.912603 0.678138
v 0.759051 0.950193 0.716641
v 0.759051 0.950193 0.217692
v 0.889419 0.950193 0.716641
v 0.889419 0.950193 0.217692
v 1.362023 1.046376 0.716641
v 1.362023 1.046376 0.217692
v 1.362023 0.950193 0.716641
v 1.362023 0.950193 0.217692
vn -0.9669 -0.0000 0.2552
vn -0.9668 0.0392 0.2526
vn -0.9668 0.0391 -0.2526
vn -0.9669 -0.0000 -0.2552
vn 0.9669 0.0372 -0.2526
vn -0.0000 0.8499 -0.5269
vn 1.0000 -0.0000 -0.0000
vn 0.9669 0.0372 0.2526
vn -0.0000 0.8499 0.5269
vn -1.0000 -0.0001 0.0087
vn -0.2829 0.9592 0.0013
vn -0.2828 0.9592 -0.0013
vn -1.0000 -0.0000 -0.0087
vn -0.0000 1.0000 -0.0000
vn 0.9807 -0.0000 0.1955
vn 0.9807 0.0002 -0.1955
vn 0.7990 0.5799 -0.1592
vn 0.7989 0.5800 0.1592
vn -0.7990 0.5799 -0.1592
vn -0.7990 0.5799 0.1592
vn -0.9807 -0.0000 -0.1955
vn -0.9807 -0.0000 0.1955
vn 0.2876 0.9543 -0.0808
vn 0.9623 0.0001 -0.2721
vn 0.7074 -0.0000 -0.7068
vn 0.2920 0.9108 -0.2918
vn -0.2921 0.9108 -0.2918
vn -0.7074 -0.0000 -0.7068
vn -0.9623 -0.0000 -0.2721
vn -0.2876 0.9543 -0.0808
vn 0.2921 0.9108 0.2918
vn 0.7074 -0.0000 0.7068
vn 0.9623 -0.0000 0.2721
vn 0.2876 0.9543 0.0808
vn -0.6678 -0.4563 0.5881
vn -0.9143 -0.1822 0.3617
vn -0.9143 -0.3174 0.2518
vn -0.6719 -0.7012 0.2385
vn -0.8338 -0.5514 0.0272
vn -0.6234 -0.7507 -0.2185
vn -0.5481 -0.8345 -0.0559
vn -0.4922 -0.8681 0.0639
vn -0.4607 -0.8869 -0.0344
vn -0.3688 -0.9275 0.0614
vn -0.2740 -0.6584 0.7011
vn -0.3615 -0.9119 0.1941
vn -0.3112 -0.9483 0.0628
vn -0.2019 -0.9776 -0.0596
vn -0.0615 -0.9981 0.0029
vn -0.1918 -0.9793 0.0649
vn -0.1656 -0.9839 0.0673
vn -0.2119 -0.9753 0.0618
vn -0.1571 -0.9861 -0.0543
vn -0.2940 -0.9552 0.0354
vn -0.1858 -0.9804 0.0648
vn -0.2125 -0.6760 0.7056
vn -0.2995 -0.9365 0.1823
vn -0.1899 -0.9651 0.1805
vn -0.1259 -0.6732 0.7286
vn -0.1813 -0.6988 0.6920
vn -0.2765 -0.9335 0.2283
vn -0.2306 -0.9306 0.2842
vn -0.4080 -0.6912 0.5964
vn -0.5040 -0.8637 -0.0000
vn -0.5046 -0.8631 0.0213
vn 0.0500 0.1193 0.9916
vn 0.0236 -0.0654 0.9976
vn -0.1510 -0.4708 0.8692
vn 0.0527 0.0735 0.9959
vn 0.0239 0.0546 0.9982
vn -0.0349 -0.0765 0.9965
vn -0.0306 -0.0809 0.9963
vn 0.0113 0.0520 0.9986
vn 0.0132 0.0281 0.9995
vn -0.0067 -0.0614 0.9981
vn 0.0046 -0.0587 0.9983
vn -0.0038 -0.0598 0.9982
vn -0.0000 -0.0709 0.9975
vn -0.1494 0.0648 0.9867
vn -0.3096 -0.0394 0.9501
vn -0.2155 -0.0192 0.9763
vn -0.6453 0.5241 0.5558
vn -0.7238 -0.0467 0.6884
vn -0.9193 -0.0268 0.3927
vn -0.9392 0.2755 0.2049
vn 0.0950 -0.0170 0.9953
vn 0.0929 -0.0877 0.9918
vn -0.5103 -0.0340 0.8593
vn -0.9524 -0.0533 0.3002
vn -0.1608 -0.0297 0.9865
vn -0.2404 -0.0560 0.9691
vn 0.0098 0.0536 0.9985
vn -0.0151 0.0238 0.9996
vn 0.0698 -0.0903 0.9935
vn 0.0130 -0.0386 0.9992
vn 0.1112 0.1536 0.9819
vn 0.0429 0.4013 0.9149
vn -0.0100 0.2541 0.9671
vn -0.0080 0.1922 0.9813
vn -0.0160 -0.0818 0.9965
vn 0.0017 0.0411 0.9992
vn 0.0177 0.1221 0.9924
vn 0.0123 0.0824 0.9965
vn 0.0031 -0.0685 0.9976
vn 0.0011 -0.0321 0.9995
vn 0.0118 0.1740 0.9847
vn 0.0243 0.3350 0.9419
vn 0.0108 0.2582 0.9660
vn 0.0064 0.1580 0.9874
vn -0.4362 0.0692 0.8972
vn 0.1154 -0.0173 0.9932
vn 0.0905 -0.0389 0.9951
vn 0.0356 0.3394 0.9400
vn 0.0324 0.1470 0.9886
vn 0.0526 0.3889 0.9198
vn 0.0159 0.1730 0.9848
vn 0.0379 0.3104 0.9499
vn 0.1576 -0.0489 0.9863
vn 0.0787 -0.0351 0.9963
vn -0.0157 -0.0275 0.9995
vn -0.0046 -0.0244 0.9997
vn -0.0001 -0.0724 0.9974
vn 0.0448 0.0641 0.9969
vn 0.3795 0.1959 0.9042
vn 0.1055 0.2128 0.9714
vn 0.3123 -0.3217 0.8939
vn -0.0104 -0.0026 0.9999
vn -0.0124 -0.0044 0.9999
vn 0.4545 -0.0610 0.8887
vn 0.0020 -0.0417 0.9991
vn -0.0000 -0.0000 1.0000
vn 0.0020 -0.0045 1.0000
vn 0.0179 -0.0670 0.9976
vn 0.0787 0.0207 0.9967
vn 0.1044 0.0164 0.9944
vn -0.2716 -0.0662 0.9601
vn -0.2630 -0.0810 0.9614
vn -0.0227 -0.0122 0.9997
vn 0.0147 -0.0053 0.9999
vn 0.0239 0.1178 0.9928
vn 0.0083 0.0462 0.9989
vn 0.0257 0.2762 0.9607
vn -0.1188 -0.0011 0.9929
vn -0.1946 -0.0244 0.9806
vn 0.0474 0.2724 0.9610
vn 0.1239 0.1791 0.9760
vn 0.0574 0.0217 0.9981
vn -0.0190 0.0248 0.9995
vn 0.0132 0.0409 0.9991
vn -0.0001 -0.1819 0.9833
vn 0.1751 -0.1275 0.9763
vn -0.0747 0.0045 0.9972
vn -0.9609 0.0212 -0.2762
vn 0.4325 0.0075 0.9016
vn -0.0119 -0.0022 0.9999
vn 0.0287 0.0330 0.9990
vn -0.0293 -0.0466 0.9985
vn -0.0900 0.1351 0.9867
vn 0.0019 0.0444 0.9990
vn 0.4095 0.0716 0.9095
vn -0.0163 0.0189 0.9997
vn -0.0199 0.1423 0.9896
vn -0.9560 -0.0376 -0.2910
vn 0.6283 -0.4730 0.6177
vn -0.3098 -0.9487 0.0639
vn -0.1933 -0.9789 0.0659
vn -0.3683 -0.9276 0.0624
vn -0.3563 -0.9228 0.1463
vn -0.5049 -0.8580 0.0938
vn -0.1638 -0.9605 0.2250
vn -0.1865 -0.9799 0.0702
vn -0.0983 -0.6905 0.7166
vn -0.5572 -0.8265 0.0804
vn -0.8496 -0.5116 0.1284
vn -0.3120 -0.8559 0.4124
vn -0.6917 -0.7135 0.1120
vn -0.9771 -0.2126 -0.0034
vn 0.0608 0.0657 0.9960
vn -0.4068 -0.1311 -0.9041
vn -0.9806 -0.1779 -0.0829
vn -0.6287 -0.2421 -0.7390
vn 0.0835 0.9917 0.0974
vn -0.1122 0.9933 -0.0268
vn -0.9657 -0.1685 -0.1975
vn -0.4948 -0.1176 -0.8610
vn -0.9344 -0.0058 -0.3562
vn -0.8919 0.0653 -0.4475
vn -0.9819 0.1598 -0.1017
vn 0.6110 0.2488 -0.7515
vn -0.9753 0.1804 0.1277
vn -0.9887 -0.0032 0.1497
vn -0.9224 0.2896 0.2557
vn -0.9912 0.1028 -0.0837
vn -0.9931 -0.0955 0.0681
vn -0.9063 -0.4225 0.0082
vn -0.9971 0.0522 -0.0559
vn -0.5094 0.6300 -0.5862
vn -0.1335 0.8082 -0.5736
vn 0.0685 0.9967 0.0427
vn 0.2702 0.9627 0.0156
vn 0.2045 0.3775 0.9032
vn 0.7080 -0.3387 0.6196
vn 0.6556 -0.6268 0.4211
vn -0.2360 -0.0917 -0.9674
vn -0.2182 -0.0608 -0.9740
vn 0.6481 -0.7469 0.1487
vn 0.5382 -0.8366 0.1019
vn -0.9851 -0.1712 0.0141
vn 0.4127 0.1527 0.8980
vn 0.3586 0.1749 0.9169
vn -0.0354 -0.6843 -0.7283
vn -0.1561 -0.0079 -0.9877
vn 0.6598 -0.6869 0.3047
vn 0.1468 0.9112 -0.3850
vn 0.1013 0.9139 -0.3931
vn 0.0936 0.9138 -0.3952
vn 0.1370 0.9119 -0.3868
vn 0.0634 0.9252 -0.3741
vn -0.8448 0.4350 -0.3117
vn -0.8570 0.4144 -0.3064
vn -0.0103 0.9227 -0.3853
vn 0.9278 -0.1496 -0.3419
vn 0.8254 -0.3944 -0.4039
vn -0.0527 0.9258 -0.3743
vn -0.9432 0.0206 -0.3316
vn -0.9379 0.0509 -0.3431
vn -0.2775 0.8631 -0.4219
vn -0.1365 -0.9275 -0.3480
vn -0.0361 -0.9327 -0.3590
vn -0.0232 -0.9323 -0.3610
vn -0.1268 -0.9290 -0.3478
vn 0.9500 0.0154 -0.3119
vn 0.9423 -0.0639 -0.3286
vn 0.3851 0.8346 -0.3939
vn 0.5118 0.7578 -0.4048
vn 0.9358 0.1418 -0.3227
vn -0.9522 0.1585 -0.2612
vn -0.9500 0.1679 -0.2634
vn -0.9381 -0.2078 -0.2772
vn -0.9157 -0.2824 -0.2858
vn -0.9115 -0.2922 -0.2894
vn -0.9378 -0.2090 -0.2773
vn 0.1100 0.9290 -0.3534
vn 0.1143 0.9284 -0.3534
vn 0.5742 0.8181 0.0312
vn 0.4071 0.9047 0.1258
vn -0.9678 -0.1370 -0.2113
vn -0.9710 -0.0928 -0.2205
vn 0.4016 -0.9072 -0.1250
vn 0.9609 0.2152 -0.1740
vn 0.9669 0.1683 -0.1917
vn 0.4068 -0.9056 -0.1196
vn -0.9486 -0.2576 -0.1838
vn -0.9497 -0.2532 -0.1842
vn -0.0304 -0.9091 -0.4155
vn 0.1450 -0.8725 -0.4666
vn 0.3104 -0.8174 -0.4854
vn -0.0371 -0.9094 -0.4143
vn 0.2355 0.8938 -0.3816
vn 0.2460 0.8911 -0.3814
vn 0.9481 0.0534 -0.3135
vn 0.9772 0.1453 -0.1550
vn 0.9834 0.1009 -0.1510
vn 0.9839 0.0963 -0.1503
vn 0.9768 0.1476 -0.1550
vn -0.7805 -0.5747 -0.2462
vn -0.7627 -0.5958 -0.2517
vn -0.1076 -0.8958 -0.4312
vn -0.0354 -0.9079 -0.4177
vn -0.0366 -0.9079 -0.4177
vn -0.1566 -0.8867 -0.4350
vn -0.9522 -0.1018 -0.2882
vn -0.9497 -0.1466 -0.2766
vn -0.9509 -0.1367 -0.2777
vn -0.9524 -0.0919 -0.2908
vn 0.9691 0.1914 -0.1555
vn 0.9946 -0.0275 -0.1005
vn 0.9936 -0.0771 -0.0831
vn 0.9900 0.0268 -0.1384
vn 0.9906 0.0169 -0.1360
vn -0.5654 -0.7148 -0.4115
vn -0.5830 -0.7018 -0.4094
vn -0.9522 -0.0272 -0.3043
vn -0.9511 -0.0139 -0.3085
vn -0.9178 -0.3464 -0.1941
vn -0.9170 -0.3483 -0.1943
vn -0.9436 -0.1865 -0.2734
vn 0.9674 0.2022 -0.1526
vn 0.9664 0.2081 -0.1511
vn -0.0001 -0.9721 -0.2345
vn -0.9668 -0.0000 -0.2554
vn -0.9668 -0.0001 0.2554
vn -0.0001 -0.9721 0.2345
vn 0.1754 0.9673 -0.1834
vn 0.1755 0.9672 0.1834
vn 0.1804 -0.9659 0.1857
vn 0.1805 -0.9659 -0.1856
vn -0.4022 -0.8939 -0.1978
vn 0.3999 -0.9157 0.0394
vn -0.2401 0.9707 -0.0134
vn -0.8373 0.5466 0.0113
vn 0.0838 -0.9965 0.0050
vn -0.1120 -0.9937 0.0098
vn -0.9991 -0.0000 -0.0425
vn -0.9371 -0.0558 0.3447
vn -0.8881 0.4459 -0.1115
vn -0.4463 0.8769 0.1786
vn -0.1779 -0.0016 0.9840
vn -0.3253 0.7157 0.6180
vn -0.9945 0.0046 0.1042
vn -0.8054 0.3875 0.4486
vn -0.9996 0.0143 -0.0233
vn -0.9987 -0.0308 0.0402
vn 0.2111 0.9775 -0.0000
vn 0.1902 0.8807 -0.4339
vn -0.8526 0.5008 -0.1492
vn -0.8454 0.5341 -0.0000
vn -0.7488 -0.5671 0.3431
vn -0.7653 -0.6437 0.0002
vn 0.4492 -0.8251 0.3426
vn 0.4328 -0.9015 -0.0000
vn 0.9828 0.1073 -0.1504
vn 0.9900 0.1408 -0.0000
vn 0.1316 0.6094 -0.7818
vn -0.8727 0.4076 -0.2689
vn -0.7025 -0.3525 0.6182
vn 0.4952 -0.6111 0.6176
vn 0.9625 0.0133 -0.2710
vn 0.0470 0.2175 -0.9749
vn -0.9017 0.2727 -0.3355
vn -0.8045 -0.0542 0.5915
vn 0.7084 -0.3819 0.5935
vn 0.9339 -0.1229 -0.3356
vn -0.0470 -0.2175 -0.9749
vn -0.9339 0.1229 -0.3356
vn -0.7084 0.3819 0.5935
vn 0.8856 -0.4478 -0.1233
vn 0.9903 0.1391 -0.0002
vn 0.9903 0.1390 -0.0000
vn 0.9061 -0.3796 -0.1869
vn 0.8045 0.0542 0.5915
vn 0.9017 -0.2727 -0.3355
vn -0.1316 -0.6094 -0.7818
vn -0.9625 -0.0133 -0.2710
vn -0.4952 0.6111 0.6176
vn 0.7025 0.3525 0.6182
vn 0.8727 -0.4076 -0.2689
vn -0.1902 -0.8807 -0.4339
vn -0.9828 -0.1073 -0.1504
vn -0.8306 0.5546 0.0503
vn 0.9791 0.1869 0.0805
vn 0.8526 -0.5008 -0.1492
vn -0.2111 -0.9775 -0.0000
vn -0.9900 -0.1408 -0.0000
vn -0.9598 0.2805 -0.0001
vn -0.8741 0.1084 0.4735
vn -0.9981 0.0610 -0.0000
vn -0.8306 0.5546 -0.0503
vn 0.9962 -0.0874 -0.0000
vn 0.8454 -0.5341 -0.0000
vn -0.1902 -0.8807 0.4339
vn -0.9828 -0.1073 0.1504
vn 0.9791 0.1869 -0.0805
vn 0.8526 -0.5008 0.1492
vn -0.1316 -0.6094 0.7818
vn -0.9625 -0.0133 0.2710
vn -0.4952 0.6111 -0.6176
vn 0.7025 0.3525 -0.6182
vn 0.8727 -0.4076 0.2689
vn -0.0470 -0.2175 0.9749
vn -0.9339 0.1229 0.3356
vn -0.7084 0.3819 -0.5935
vn 0.8047 0.0545 -0.5912
vn 0.9017 -0.2727 0.3355
vn 0.0470 0.2175 0.9749
vn -0.9017 0.2727 0.3355
vn -0.8047 -0.0545 -0.5912
vn -0.8009 0.5904 -0.0999
vn -0.8590 0.5104 -0.0412
vn 0.7084 -0.3819 -0.5935
vn 0.9339 -0.1229 0.3356
vn 0.1316 0.6094 0.7818
vn -0.8727 0.4076 0.2689
vn -0.7025 -0.3525 -0.6182
vn 0.4952 -0.6111 -0.6176
vn 0.9625 0.0133 0.2710
vn 0.1902 0.8807 0.4339
vn -0.8526 0.5008 0.1492
vn -0.7488 -0.5671 -0.3431
vn 0.4492 -0.8251 -0.3426
vn 0.9828 0.1073 0.1504
vn -0.8441 0.5362 -0.0000
vn -0.9938 0.1114 -0.0000
vn -0.9576 0.0915 0.2732
vn -0.8589 0.5100 0.0476
vn 0.9903 0.1390 -0.0001
vn -0.9491 -0.1070 -0.2964
vn -0.9880 0.0110 -0.1543
vn -0.8009 0.5904 0.0997
vn 0.9903 0.1391 -0.0000
vn 0.8856 -0.4478 0.1233
vn 0.8980 -0.3633 0.2481
vn -0.9491 -0.1070 0.2964
vn 0.9775 -0.2111 -0.0000
vn 0.9160 -0.1306 -0.3793
vn -0.8716 0.1058 -0.4786
vn 0.9175 -0.1265 0.3771
vn -0.8841 0.4659 -0.0378
vn -0.9997 -0.0076 -0.0246
vn -0.8909 -0.4326 0.1380
vn 0.0327 -0.0000 0.9995
vn 0.0257 0.0798 0.9965
vn -0.0258 0.0798 0.9965
vn -0.0327 -0.0000 0.9995
vn -0.0327 -0.0000 -0.9995
vn -0.0257 0.0798 -0.9965
vn 0.0258 0.0798 -0.9965
vn 0.0327 -0.0000 -0.9995
vn 1.0000 -0.0000 -0.0087
vn 0.2829 0.9592 -0.0013
vn 0.2828 0.9592 0.0013
vn 1.0000 -0.0000 0.0087
vn -0.2921 0.9108 0.2918
vn -0.7074 -0.0000 0.7068
vn -0.9623 -0.0000 0.2721
vn -0.2876 0.9543 0.0809
vn -0.1104 -0.0090 0.9938
vn 0.8820 -0.0163 0.4709
vn 0.7909 0.4221 0.4431
vn -0.0502 0.7035 0.7089
vn 0.0007 0.1792 0.9838
vn 0.0179 0.0432 0.9989
vn -0.1495 -0.9478 0.2817
vn -0.3420 -0.7257 0.5971
vn -0.8773 0.0168 0.4797
vn -0.8184 0.1499 0.5547
vn -0.4215 0.6007 0.6793
vn -0.4228 -0.9061 0.0181
vn -0.3926 -0.9120 0.1189
vn -0.1552 -0.5115 0.8452
vn 0.0522 0.0961 0.9940
vn -0.1284 -0.6664 0.7345
vn -0.5608 -0.3669 0.7422
vn -0.8738 -0.0359 0.4849
vn 0.1046 -0.0813 0.9912
vn -0.4231 -0.9061 -0.0000
vn -0.0398 -0.0192 0.9990
vn -0.0388 0.0721 0.9966
vn -0.0453 0.0130 0.9989
vn -0.2558 -0.9561 0.1432
vn -0.2583 -0.9658 0.0210
vn -0.1311 -0.9911 0.0208
vn -0.0986 -0.9867 0.1292
vn -0.0258 0.2150 0.9763
vn 0.0078 0.7940 0.6079
vn 0.4828 0.4940 0.7231
vn 0.0096 0.1229 0.9924
vn -0.2583 -0.9661 -0.0000
vn -0.1306 -0.9914 -0.0000
vn -0.8878 0.0169 0.4600
vn -0.8869 0.1633 0.4322
vn -0.1869 -0.7234 0.6646
vn -0.5133 -0.8115 0.2794
vn 0.1264 -0.9525 0.2772
vn -0.0893 -0.6447 0.7592
vn -0.0057 0.7042 0.7100
vn 0.5871 0.6024 0.5408
vn 0.0306 0.0696 0.9971
vn -0.3774 -0.2638 0.8876
vn -0.0252 -0.4390 0.8981
vn 0.0213 0.0236 0.9995
vn -0.0274 0.6558 0.7544
vn 0.6039 -0.3640 0.7091
vn 0.8762 -0.0330 0.4809
vn 0.8909 -0.0323 0.4531
vn 0.8346 -0.2885 0.4692
vn -0.8896 -0.0339 0.4554
vn -0.6042 0.5936 0.5315
vn 0.1227 -0.6536 0.7469
vn 0.4367 -0.5707 0.6954
vn 0.8764 0.0223 0.4811
vn 0.8830 -0.0036 0.4693
vn 0.8830 -0.0000 0.4693
vn 0.8711 -0.4881 0.0540
vn 0.9090 -0.3383 0.2435
vn 0.8838 -0.0002 0.4679
vn 0.8851 -0.0000 0.4654
vn 0.8516 -0.3055 0.4260
vn 0.9177 -0.0715 0.3907
vn 0.8132 0.1626 0.5589
vn 0.8823 -0.0408 0.4689
vn 0.8933 -0.0524 0.4465
vn 0.8807 -0.4736 0.0111
vn 0.8830 -0.0020 0.4693
vn 0.4065 -0.7229 0.5587
vn -0.0249 0.6374 0.7701
vn 0.3046 -0.6772 0.6698
vn 0.8844 0.1745 0.4329
vn 0.8885 0.0204 0.4584
vn -0.8480 -0.3506 0.3974
vn -0.0000 -0.6758 0.7371
vn -0.0000 0.0016 1.0000
vn -0.1745 0.0394 0.9839
vn -0.0000 -0.0077 1.0000
vn -0.0000 -0.0049 1.0000
vn -0.4328 -0.6799 0.5919
vn -0.5821 -0.5114 -0.6322
vn -0.5722 -0.5579 -0.6011
vn 0.6402 -0.6528 -0.4050
vn 0.5503 -0.6719 -0.4957
vn 0.6142 -0.7842 -0.0884
vn -0.4947 -0.8667 -0.0645
vn -0.3905 -0.9183 -0.0648
vn -0.1507 -0.9856 -0.0766
vn -0.3344 -0.9344 -0.1225
vn -0.3398 -0.9400 -0.0308
vn -0.1573 -0.9854 -0.0645
vn -0.2986 -0.6424 -0.7058
vn -0.3111 -0.6983 -0.6447
vn -0.2485 -0.9661 -0.0701
vn -0.1772 -0.9818 -0.0678
vn -0.1726 -0.6768 -0.7156
vn -0.1259 -0.6732 -0.7286
vn -0.1332 -0.7046 -0.6970
vn -0.1830 -0.7193 -0.6702
vn -0.2594 -0.7054 -0.6596
vn -0.4051 -0.6923 -0.5972
vn -0.6504 -0.5934 -0.4742
vn -0.2399 -0.7166 -0.6550
vn -0.5091 -0.8604 -0.0213
vn 0.0749 0.1621 -0.9839
vn 0.0527 0.0735 -0.9959
vn -0.1892 -0.0572 -0.9803
vn -0.2180 -0.5668 -0.7945
vn -0.0005 0.0018 -1.0000
vn -0.0117 -0.0084 -0.9999
vn -0.1724 -0.6330 -0.7547
vn -0.2738 -0.6150 -0.7395
vn -0.0016 -0.0060 -1.0000
vn 0.0150 -0.0045 -0.9999
vn -0.0462 -0.1219 -0.9915
vn -0.0133 -0.0569 -0.9983
vn -0.0901 -0.6184 -0.7807
vn -0.6160 -0.4768 -0.6271
vn -0.2189 0.0078 -0.9757
vn 0.7859 -0.0964 -0.6109
vn 0.1111 0.0732 -0.9911
vn -0.6728 0.0602 -0.7374
vn -0.9103 -0.0555 -0.4103
vn -0.9030 -0.0403 -0.4278
vn 0.0095 -0.0375 -0.9992
vn -0.0027 -0.1287 -0.9917
vn -0.0230 -0.0647 -0.9976
vn -0.0121 -0.1327 -0.9911
vn -0.0712 -0.0093 -0.9974
vn 0.0619 0.0016 -0.9981
vn 0.3108 0.0021 -0.9505
vn -0.0399 -0.0110 -0.9991
vn -0.0032 0.3383 -0.9410
vn -0.1369 0.5174 -0.8447
vn -0.0216 -0.0160 -0.9996
vn -0.1109 -0.6052 -0.7883
vn 0.0219 0.2112 -0.9772
vn 0.0004 0.2417 -0.9704
vn 0.0189 0.1129 -0.9934
vn 0.0445 0.2963 -0.9541
vn -0.2277 0.1776 -0.9574
vn 0.0735 -0.0630 -0.9953
vn 0.1062 -0.0187 -0.9942
vn 0.0406 0.3394 -0.9397
vn 0.0593 0.3950 -0.9167
vn 0.0189 -0.0280 -0.9994
vn 0.0446 0.3282 -0.9435
vn 0.0018 -0.0260 -0.9997
vn 0.0371 -0.0670 -0.9971
vn -0.0088 -0.1261 -0.9920
vn -0.0849 -0.0776 -0.9934
vn 0.0097 -0.1062 -0.9943
vn 0.0016 0.0130 -0.9999
vn -0.0422 -0.0030 -0.9991
vn 0.1370 -0.0074 -0.9905
vn -0.7633 -0.0806 -0.6410
vn -0.2810 0.0545 -0.9582
vn 0.0905 -0.0869 -0.9921
vn 0.9630 0.2686 -0.0224
vn 0.1714 0.2470 -0.9537
vn -0.0032 -0.0652 -0.9979
vn 0.9972 -0.0739 -0.0070
vn 0.9979 -0.0532 -0.0357
vn -0.0124 -0.0044 -0.9999
vn -0.0104 0.0112 -0.9999
vn -0.0000 -0.0000 -1.0000
vn 0.0136 -0.0307 -0.9994
vn 0.0076 -0.0169 -0.9998
vn 0.0852 0.0265 -0.9960
vn 0.0442 0.0160 -0.9989
vn -0.0007 0.0167 -0.9999
vn 0.1430 -0.0168 -0.9896
vn 0.0220 0.0096 -0.9997
vn -0.0349 -0.0134 -0.9993
vn 0.0405 0.0148 -0.9991
vn 0.0173 0.0898 -0.9958
vn 0.0857 0.1477 -0.9853
vn 0.1636 0.2430 -0.9561
vn 0.1750 0.1406 -0.9745
vn 0.0455 0.2772 -0.9597
vn 0.0207 0.1038 -0.9944
vn 0.1757 0.3202 -0.9309
vn 0.0475 0.0247 -0.9986
vn 0.0122 0.0420 -0.9990
vn -0.0559 0.0096 -0.9984
vn -0.0773 -0.0203 -0.9968
vn -0.1888 -0.0240 -0.9817
vn -0.0001 -0.0228 -0.9997
vn -0.9701 -0.0173 -0.2422
vn 0.9997 0.0123 -0.0193
vn -0.0119 -0.0022 -0.9999
vn 0.0035 0.0502 -0.9987
vn -0.0222 -0.0313 -0.9993
vn -0.0170 0.1196 -0.9927
vn -0.0372 0.1575 -0.9868
vn 0.9990 0.0436 -0.0132
vn -0.0229 0.1504 -0.9884
vn -0.0163 0.0269 -0.9995
vn -0.9869 -0.0556 -0.1512
vn 0.9088 -0.2530 0.3319
vn -0.1904 -0.9795 -0.0659
vn -0.2587 -0.9638 -0.0647
vn -0.3837 -0.9214 -0.0620
vn -0.5063 -0.8531 -0.1259
vn -0.0968 -0.7344 -0.6717
vn -0.1059 -0.6762 -0.7291
vn -0.6104 -0.7848 -0.1077
vn 0.6687 -0.7278 -0.1521
vn 0.0404 0.0257 0.9989
vn 0.2538 -0.0042 0.9673
vn -0.6504 0.7581 -0.0469
vn -0.8019 0.2694 -0.5332
vn -0.8009 0.0275 -0.5982
vn -0.9144 -0.0943 -0.3937
vn -0.2245 0.3597 -0.9057
vn -0.9735 0.0862 0.2117
vn -0.7661 0.2532 0.5908
vn -0.9919 -0.0375 0.1210
vn -0.9741 -0.0054 0.2261
vn -0.6399 -0.5881 0.4946
vn -0.9880 0.1042 0.1140
vn 0.4186 0.9015 0.1097
vn 0.2651 0.9640 -0.0191
vn 0.1627 0.9754 0.1489
vn -0.8449 0.2111 0.4915
vn 0.3730 0.5766 -0.7269
vn 0.2913 0.8501 -0.4386
vn 0.6556 -0.6268 -0.4211
vn 0.5768 -0.3039 -0.7582
vn -0.2040 -0.0649 0.9768
vn -0.2280 -0.0946 0.9691
vn 0.5334 -0.8408 -0.0921
vn 0.6489 -0.7457 -0.1512
vn 0.3656 -0.0694 0.9282
vn 0.4126 0.1588 -0.8969
vn 0.3370 0.1714 -0.9258
vn 0.3714 -0.7085 0.6001
vn -0.3272 -0.0857 0.9411
vn 0.6595 -0.6882 -0.3022
vn 0.1349 0.9128 0.3855
vn 0.1257 0.9134 0.3872
vn 0.0936 0.9138 0.3952
vn 0.1013 0.9139 0.3931
vn -0.2891 0.8854 0.3638
vn -0.3538 0.8609 0.3657
vn -0.6724 0.6505 0.3532
vn -0.6481 0.6730 0.3565
vn 0.8909 -0.2702 0.3651
vn 0.9304 -0.1363 0.3402
vn -0.9502 0.2541 0.1806
vn -0.9808 0.1496 0.1250
vn -0.9060 0.2278 0.3567
vn -0.9176 0.1941 0.3469
vn -0.3389 -0.8791 0.3353
vn -0.3289 -0.8821 0.3372
vn -0.0154 -0.9324 0.3610
vn -0.0290 -0.9329 0.3590
vn 0.9401 -0.0863 0.3297
vn 0.9500 0.0154 0.3119
vn 0.9046 0.2581 0.3393
vn 0.9168 0.3075 0.2548
vn 0.8878 0.3748 0.2671
vn -0.9538 0.1479 0.2614
vn -0.9559 0.1378 0.2592
vn -0.9378 -0.2088 0.2773
vn -0.9375 -0.2099 0.2775
vn -0.7341 -0.5833 0.3476
vn -0.7339 -0.5843 0.3464
vn 0.1308 0.9265 0.3527
vn 0.1366 0.9257 0.3527
vn 0.3186 -0.7739 -0.5473
vn 0.3134 -0.8149 -0.4875
vn -0.9767 0.0149 0.2141
vn -0.9780 -0.0296 0.2065
vn 0.9669 0.2088 -0.1464
vn 0.9408 0.2685 -0.2070
vn 0.9824 0.0383 0.1828
vn 0.9824 0.0833 0.1671
vn -0.9529 -0.2418 0.1831
vn -0.9519 -0.2460 0.1827
vn -0.0474 -0.9084 0.4153
vn -0.0541 -0.9086 0.4141
vn 0.5829 -0.6900 0.4291
vn 0.4358 -0.7861 0.4383
vn 0.2616 0.8871 0.3803
vn 0.2512 0.8900 0.3805
vn 0.9492 0.0353 0.3128
vn 0.9752 0.1571 0.1556
vn 0.9749 0.1594 0.1556
vn 0.9859 0.0747 0.1495
vn 0.9855 0.0793 0.1503
vn -0.5856 -0.7602 0.2814
vn -0.5452 -0.7871 0.2883
vn -0.3577 -0.8378 0.4125
vn -0.4188 -0.8113 0.4080
vn -0.0366 -0.9079 0.4177
vn -0.9549 -0.0773 0.2867
vn -0.9549 -0.0674 0.2893
vn -0.9485 -0.1501 0.2791
vn -0.9472 -0.1600 0.2779
vn 0.9691 0.1914 0.1555
vn 0.9835 -0.1477 0.1040
vn 0.9762 -0.1995 0.0855
vn 0.9904 0.0257 0.1361
vn 0.9897 0.0357 0.1385
vn -0.6149 -0.6787 0.4015
vn -0.5800 -0.7049 0.4083
vn -0.9509 -0.0240 0.3087
vn -0.9518 -0.0373 0.3044
vn -0.9037 -0.3794 0.1984
vn -0.9025 -0.3822 0.1987
vn -0.9436 -0.1865 0.2734
vn 0.9672 0.2029 0.1527
vn 0.9662 0.2087 0.1512
vn 0.2294 -0.9569 -0.1780
vn -0.9142 0.4048 -0.0220
vn -0.3163 0.9445 -0.0891
vn -0.4283 -0.8588 -0.2811
vn -0.1267 -0.9751 -0.1817
vn -0.0910 -0.9511 -0.2952
vn -0.7067 -0.0062 -0.7075
vn -0.5311 0.5548 -0.6405
vn -0.9143 -0.3022 -0.2698
vn -0.9654 0.2094 -0.1554
vn -0.7866 0.0053 -0.6174
vn -0.7009 0.3403 -0.6268
vn -0.9996 0.0036 0.0294
vn -0.9942 -0.1073 0.0096
vn -0.8849 0.4647 0.0317
vn -0.9994 -0.0179 0.0293
vn -0.9086 -0.3264 0.2608
vn 0.0047 -0.1061 -0.9943
vn 0.0262 0.3158 -0.9485
vn -0.3391 -0.7266 -0.5976
vn -0.5992 -0.6299 -0.4941
vn -0.8184 0.1499 -0.5547
vn -0.8773 0.0168 -0.4797
vn -0.4332 0.5965 -0.6757
vn -0.4463 -0.8872 -0.1171
vn -0.4228 -0.9060 -0.0213
vn 0.0522 0.0961 -0.9940
vn -0.1996 -0.1037 -0.9744
vn -0.7633 -0.2437 -0.5983
vn -0.3833 -0.5781 -0.7203
vn -0.8740 -0.0266 -0.4851
vn -0.2566 -0.9604 -0.1083
vn -0.1650 -0.9779 -0.1287
vn -0.1317 -0.9910 -0.0221
vn -0.2583 -0.9658 -0.0210
vn -0.0312 0.2300 -0.9727
vn 0.0059 0.1191 -0.9929
vn 0.4723 0.4987 -0.7268
vn 0.0219 0.7941 -0.6074
vn -0.8869 0.1633 -0.4322
vn -0.8878 0.0169 -0.4600
vn -0.1872 -0.7225 -0.6656
vn -0.0875 -0.6448 -0.7594
vn -0.3855 -0.7289 -0.5657
vn 0.1585 -0.8177 -0.5534
vn 0.5896 0.6051 -0.5350
vn 0.0096 0.7041 -0.7100
vn 0.0306 0.0696 -0.9971
vn 0.0213 0.0236 -0.9995
vn -0.0281 -0.0184 -0.9994
vn 0.3861 -0.3186 -0.8657
vn 0.7504 -0.1940 -0.6319
vn 0.8551 -0.3858 -0.3463
vn 0.8901 -0.0414 -0.4538
vn 0.8705 -0.0327 -0.4912
vn 0.0843 0.3057 -0.9484
vn 0.0136 0.0058 -0.9999
vn -0.8898 -0.0248 -0.4556
vn -0.5953 0.5987 -0.5359
vn -0.0630 -0.7461 -0.6628
vn 0.1731 -0.6209 -0.7645
vn 0.8764 0.0223 -0.4811
vn 0.8830 -0.0000 -0.4693
vn 0.8822 -0.0033 -0.4708
vn 0.8276 -0.4154 -0.3775
vn 0.8783 -0.4741 -0.0617
vn 0.8842 -0.0010 -0.4670
vn 0.8844 -0.0013 -0.4668
vn 0.7857 -0.0206 -0.6182
vn 0.8520 -0.3051 -0.4254
vn 0.8132 0.1626 -0.5589
vn 0.8816 0.0570 -0.4686
vn 0.9050 0.0007 -0.4253
vn 0.8807 -0.4736 -0.0112
vn 0.8832 0.0020 -0.4690
vn 0.3442 -0.7632 -0.5469
vn 0.8885 0.0204 -0.4584
vn 0.8844 0.1745 -0.4329
vn -0.8482 -0.2200 -0.4818
vn -0.0000 -0.7833 -0.6217
vn -0.0000 -0.0122 -0.9999
vn 0.1773 -0.0754 -0.9813
vn -0.0000 -0.0077 -1.0000
vn -0.0000 -0.0049 -1.0000
vn -0.1720 -0.7439 -0.6457
vn -0.0024 0.7048 0.7094
vn -0.0013 0.6441 0.7649
vn 0.2521 -0.1228 -0.9599
vn -0.0273 -0.0986 -0.9948
vn 0.0081 -0.0777 -0.9969
vn 0.0137 -0.0747 -0.9971
vn -0.0537 -0.0465 -0.9975
vn 0.0464 -0.0353 -0.9983
vn -0.0539 0.6969 -0.7152
vn 0.7925 0.4196 -0.4425
vn 0.8896 -0.0043 -0.4567
vn -0.1045 -0.0813 -0.9912
vn -0.0202 -0.1055 -0.9942
vn -0.0930 0.6836 -0.7239
vn -0.1101 0.6764 -0.7283
vn -0.9906 0.1092 -0.0819
vn 0.0326 0.7087 -0.7048
vn -0.0907 0.6771 -0.7303
vn 0.9999 -0.0005 0.0139
vn -0.0153 0.9972 -0.0736
vn 1.0000 -0.0000 0.0030
vn 1.0000 -0.0004 0.0019
vn 1.0000 -0.0000 0.0021
vn 1.0000 -0.0000 0.0037
vn 0.9982 -0.0000 0.0592
vn 0.9991 -0.0000 0.0426
vn 0.9919 -0.0000 0.1269
vn 1.0000 -0.0000 0.0003
vn 0.9900 -0.0000 0.1407
vn 1.0000 -0.0000 0.0100
vn -0.0532 0.9986 -0.0000
vn -0.1062 0.9943 -0.0000
vn -0.1477 0.9890 -0.0000
vn -0.1209 0.9927 -0.0000
vn -0.0719 0.9974 -0.0000
vn -0.0000 -0.0000 -0.0000
vn -0.9963 0.0030 0.0863
vn -0.3155 0.9489 -0.0005
vn 0.3313 0.9433 0.0224
vn 0.1820 0.9833 -0.0010
vn -0.3768 0.5672 0.7323
vn 0.0726 0.9974 -0.0002
vn 0.1209 0.9927 -0.0000
vn 0.1477 0.9890 -0.0000
vn 0.1060 0.9944 -0.0000
vn 0.0532 0.9986 -0.0000
vn 0.9807 0.0001 -0.1955
vn -0.9807 -0.0001 0.1955
vn -0.9668 -0.0002 0.2554
vn 0.1807 -0.9659 0.1855
vt 0.430534 0.147527
vt 0.526397 0.147527
vt 0.526487 0.257772
vt 0.407544 0.257772
vt 0.553366 0.348358
vt 0.365035 0.348358
vt 0.556093 0.859423
vt 0.345609 0.859376
vt 0.531018 0.980946
vt 0.374319 0.980869
vt 0.954562 0.845277
vt 0.838757 0.845277
vt 0.838757 0.154723
vt 0.954562 0.154723
vt 0.573790 0.334857
vt 0.582189 0.865435
vt 0.649151 0.402042
vt 0.654427 0.778572
vt 0.537047 0.156929
vt 0.541355 0.260597
vt 0.553541 0.957421
vt 0.848619 0.534520
vt 0.848639 0.602209
vt 0.537047 0.156929
vt 0.553130 0.958181
vt 0.115903 0.129497
vt 0.000098 0.129497
vt 0.000098 0.121209
vt 0.115903 0.121209
vt 0.838757 0.121209
vt 0.954562 0.121209
vt 0.954562 0.129497
vt 0.838757 0.129497
vt 0.115903 0.878791
vt 0.000098 0.878791
vt 0.000098 0.870503
vt 0.115903 0.870503
vt 0.413917 0.863538
vt 0.414289 0.895827
vt 0.403394 0.895886
vt 0.407518 0.863223
vt 0.303975 0.897274
vt 0.239426 0.891028
vt 0.228967 0.866611
vt 0.308518 0.865968
vt 0.229320 0.838561
vt 0.308014 0.838885
vt 0.414523 0.838936
vt 0.407589 0.839452
vt 0.307928 0.781586
vt 0.229684 0.780505
vt 0.229690 0.752748
vt 0.308262 0.753984
vt 0.308657 0.729679
vt 0.237605 0.728485
vt 0.229937 0.728376
vt 0.230488 0.615059
vt 0.310688 0.616080
vt 0.416554 0.784772
vt 0.409137 0.784445
vt 0.410617 0.757666
vt 0.418377 0.758774
vt 0.425589 0.620023
vt 0.417652 0.620001
vt 0.418395 0.524162
vt 0.425449 0.525396
vt 0.231012 0.520102
vt 0.311312 0.520587
vt 0.456711 0.621617
vt 0.433507 0.620045
vt 0.432515 0.526632
vt 0.450986 0.532112
vt 0.448588 0.837450
vt 0.421539 0.838510
vt 0.424041 0.785132
vt 0.456186 0.782185
vt 0.350809 0.578023
vt 0.409607 0.594982
vt 0.412885 0.566748
vt 0.355417 0.564915
vt 0.459602 0.737789
vt 0.427677 0.735772
vt 0.447647 0.864839
vt 0.420489 0.863816
vt 0.441854 0.900403
vt 0.425140 0.894709
vt 0.271723 0.449755
vt 0.271222 0.437123
vt 0.270907 0.455444
vt 0.277141 0.430997
vt 0.273970 0.411906
vt 0.268355 0.404871
vt 0.270571 0.430995
vt 0.287357 0.559991
vt 0.296444 0.553919
vt 0.283838 0.533735
vt 0.270182 0.549136
vt 0.409876 0.430997
vt 0.453574 0.430997
vt 0.453574 0.424470
vt 0.407451 0.411052
vt 0.306487 0.430997
vt 0.315822 0.445814
vt 0.327990 0.447490
vt 0.323720 0.430997
vt 0.426203 0.759931
vt 0.458876 0.762981
vt 0.358355 0.430997
vt 0.379909 0.430997
vt 0.377495 0.418812
vt 0.358604 0.408975
vt 0.397622 0.559832
vt 0.397837 0.558030
vt 0.372863 0.557316
vt 0.377268 0.559824
vt 0.270810 0.467887
vt 0.274857 0.460400
vt 0.278364 0.445167
vt 0.358237 0.451654
vt 0.341641 0.430997
vt 0.343370 0.449607
vt 0.333025 0.430997
vt 0.337286 0.448769
vt 0.299927 0.413180
vt 0.320593 0.407360
vt 0.328741 0.574122
vt 0.331339 0.561443
vt 0.305865 0.559028
vt 0.300358 0.568537
vt 0.393654 0.419499
vt 0.398693 0.430997
vt 0.412122 0.473377
vt 0.409178 0.465439
vt 0.411860 0.548119
vt 0.453574 0.554172
vt 0.453574 0.530702
vt 0.414759 0.531702
vt 0.340260 0.417229
vt 0.327204 0.462917
vt 0.336507 0.463382
vt 0.336613 0.451450
vt 0.327305 0.450391
vt 0.346988 0.531814
vt 0.337703 0.531668
vt 0.342293 0.551809
vt 0.351977 0.551885
vt 0.329927 0.416790
vt 0.278524 0.492719
vt 0.273683 0.472773
vt 0.270541 0.479632
vt 0.275083 0.496547
vt 0.342685 0.510049
vt 0.333411 0.509938
vt 0.327798 0.472543
vt 0.337082 0.472633
vt 0.330355 0.494467
vt 0.339622 0.494552
vt 0.342480 0.556131
vt 0.354828 0.555007
vt 0.358517 0.556865
vt 0.361543 0.562442
vt 0.249433 0.496715
vt 0.252680 0.506918
vt 0.259922 0.525120
vt 0.386035 0.456610
vt 0.283702 0.442969
vt 0.288882 0.529438
vt 0.331704 0.555730
vt 0.307843 0.554362
vt 0.453574 0.567308
vt 0.453574 0.564685
vt 0.412417 0.564067
vt 0.272477 0.430992
vt 0.414414 0.510414
vt 0.453574 0.509902
vt 0.300622 0.551040
vt 0.343685 0.562074
vt 0.406778 0.558606
vt 0.406562 0.563187
vt 0.414168 0.495257
vt 0.453574 0.495094
vt 0.453574 0.466445
vt 0.271341 0.404359
vt 0.410928 0.554421
vt 0.453574 0.622171
vt 0.369685 0.782933
vt 0.370552 0.755713
vt 0.382242 0.839186
vt 0.375012 0.617630
vt 0.375611 0.521431
vt 0.412087 0.733683
vt 0.371462 0.731600
vt 0.419860 0.734718
vt 0.382983 0.865059
vt 0.374407 0.897133
vt 0.338325 0.575039
vt 0.218200 0.890919
vt 0.228860 0.882936
vt 0.228705 0.923787
vt 0.214477 0.932131
vt 0.242921 0.959051
vt 0.228738 0.952047
vt 0.242881 0.932132
vt 0.241937 0.998935
vt 0.229339 0.997373
vt 0.228957 0.977135
vt 0.244332 0.981042
vt 0.802252 0.012456
vt 0.893077 0.007350
vt 0.894463 0.032552
vt 0.742441 0.041469
vt 0.989705 0.000123
vt 0.991696 0.030598
vt 0.564945 -0.003147
vt 0.669791 0.034309
vt 0.740989 0.536532
vt 0.901640 0.527309
vt 0.904079 0.617983
vt 0.746163 0.629452
vt 0.998372 0.525483
vt 0.999877 0.616323
vt 0.669094 0.535349
vt 0.682300 0.628529
vt 0.443954 0.616534
vt 0.419041 0.618864
vt 0.426757 0.521271
vt 0.477717 0.046170
vt 0.514738 -0.010650
vt 0.730582 0.875917
vt 0.737968 0.876950
vt 0.737865 0.876630
vt 0.728001 0.875252
vt 0.053773 0.485383
vt 0.053640 0.510814
vt 0.051873 0.509196
vt 0.052275 0.483623
vt 0.650961 0.871737
vt 0.701525 0.872142
vt 0.699089 0.871382
vt 0.645427 0.868756
vt 0.744125 0.880129
vt 0.740578 0.878073
vt 0.195610 0.777543
vt 0.184710 0.766984
vt 0.179689 0.764388
vt 0.195968 0.778551
vt 0.203216 0.791000
vt 0.206506 0.791699
vt 0.599968 0.868960
vt 0.598697 0.869134
vt 0.053276 0.445174
vt 0.053363 0.462265
vt 0.051781 0.460068
vt 0.054838 0.450088
vt 0.723578 0.874520
vt 0.721124 0.873883
vt 0.204899 0.809198
vt 0.208893 0.810574
vt 0.053708 0.547985
vt 0.048915 0.541921
vt 0.341921 0.449407
vt 0.357406 0.451522
vt 0.210014 0.738575
vt 0.206506 0.739812
vt 0.206251 0.739442
vt 0.209512 0.738277
vt 0.411712 0.549035
vt 0.411169 0.554730
vt 0.336766 0.450842
vt 0.337468 0.448047
vt 0.226463 0.813879
vt 0.242588 0.814948
vt 0.243197 0.814988
vt 0.226535 0.814043
vt 0.414420 0.510793
vt 0.414758 0.532416
vt 0.409808 0.465751
vt 0.412178 0.473244
vt 0.204184 0.750079
vt 0.204134 0.749599
vt 0.351960 0.552217
vt 0.347030 0.532016
vt 0.231782 0.740494
vt 0.231959 0.740158
vt 0.240155 0.741334
vt 0.240516 0.740599
vt 0.203416 0.758448
vt 0.203195 0.757757
vt 0.249988 0.815288
vt 0.249914 0.812329
vt 0.250116 0.813714
vt 0.250412 0.815993
vt 0.206668 0.771925
vt 0.206425 0.771389
vt 0.407707 0.558387
vt 0.398808 0.558076
vt 0.386312 0.456682
vt 0.414174 0.495211
vt 0.241776 0.773226
vt 0.240034 0.758288
vt 0.239995 0.757830
vt 0.241802 0.773375
vt 0.221553 0.811610
vt 0.221641 0.811946
vt 0.372765 0.557313
vt 0.357979 0.556756
vt 0.339439 0.493428
vt 0.336921 0.470857
vt 0.243858 0.783768
vt 0.243969 0.784327
vt 0.239695 0.743216
vt 0.239850 0.741988
vt 0.239629 0.751729
vt 0.239612 0.750941
vt 0.354488 0.554788
vt 0.336450 0.461530
vt 0.213625 0.796958
vt 0.213593 0.797104
vt 0.342562 0.509426
vt 0.246783 0.798574
vt 0.247009 0.799634
vt 0.350217 0.347617
vt 0.386525 0.257772
vt 0.416505 0.147527
vt 0.343150 0.980865
vt 0.326097 0.860367
vt 0.307899 0.462630
vt 0.304231 0.706114
vt 0.288752 0.704261
vt 0.292976 0.464009
vt 0.010999 0.425120
vt 0.015836 0.194974
vt 0.224356 0.207681
vt 0.222053 0.435467
vt 0.025632 0.184300
vt 0.207532 0.183083
vt 0.219468 0.210055
vt 0.221402 0.435135
vt 0.268355 0.337183
vt 0.267807 0.337183
vt 0.173289 0.002429
vt 0.291655 0.000115
vt 0.311989 0.170626
vt 0.316133 0.205377
vt 0.321304 0.435190
vt 0.296174 0.731749
vt 0.190913 0.708265
vt 0.198956 0.697326
vt 0.296174 0.719016
vt 0.211969 0.668856
vt 0.296174 0.687642
vt 0.211969 0.662199
vt 0.296174 0.680986
vt 0.198956 0.686556
vt 0.296174 0.708245
vt 0.106501 0.642465
vt 0.120993 0.636554
vt 0.144442 0.616218
vt 0.144442 0.609562
vt 0.120993 0.625783
vt 0.059656 0.547382
vt 0.077727 0.548735
vt 0.106968 0.540155
vt 0.106968 0.533498
vt 0.077727 0.537965
vt 0.059656 0.441847
vt 0.077727 0.451264
vt 0.106968 0.455731
vt 0.106968 0.449074
vt 0.232390 0.533498
vt 0.232390 0.409305
vt 0.077727 0.440494
vt 0.106501 0.346764
vt 0.120993 0.363446
vt 0.144442 0.379668
vt 0.144442 0.373011
vt 0.120993 0.352675
vt 0.190913 0.280964
vt 0.198956 0.302674
vt 0.211969 0.327030
vt 0.211969 0.320373
vt 0.198956 0.291903
vt 0.296174 0.257480
vt 0.296174 0.280984
vt 0.296174 0.308244
vt 0.366216 0.374614
vt 0.296174 0.369470
vt 0.380378 0.327030
vt 0.296174 0.301587
vt 0.296174 0.270214
vt 0.401434 0.280964
vt 0.393392 0.302674
vt 0.380378 0.320373
vt 0.393392 0.291903
vt 0.485846 0.346764
vt 0.471354 0.363446
vt 0.447905 0.379668
vt 0.447905 0.373011
vt 0.471354 0.352675
vt 0.532692 0.441847
vt 0.514620 0.451264
vt 0.485380 0.455731
vt 0.485380 0.449074
vt 0.514620 0.440494
vt 0.532692 0.547382
vt 0.514620 0.548735
vt 0.485380 0.540155
vt 0.232390 0.533210
vt 0.485380 0.533498
vt 0.514620 0.537965
vt 0.485847 0.642465
vt 0.471354 0.636554
vt 0.447905 0.616218
vt 0.447905 0.609562
vt 0.471354 0.625783
vt 0.401434 0.708265
vt 0.393392 0.697326
vt 0.380378 0.668856
vt 0.380378 0.662199
vt 0.393392 0.686556
vt 0.296174 0.533210
vt 0.296174 0.410453
vt 0.359958 0.409016
vt 0.359958 0.533210
vt 0.296174 0.533498
vt 0.359958 0.533498
vt 0.232390 0.409016
vt 0.359958 0.409305
vt 0.296174 0.410742
vt 0.232390 0.367595
vt 0.226132 0.374614
vt 0.296174 0.367595
vt 0.359958 0.367595
vt 0.217454 0.477577
vt 0.283209 0.478745
vt 0.215684 0.477555
vt 0.000115 0.467874
vt 0.154723 0.999902
vt 0.154723 0.884097
vt 0.799937 0.884097
vt 0.799937 0.999902
vt 0.799937 0.000098
vt 0.799937 0.115903
vt 0.154723 0.115903
vt 0.154723 0.000098
vt 0.000098 0.154723
vt 0.115903 0.154723
vt 0.115903 0.845277
vt 0.000098 0.845277
vt 0.954562 0.904017
vt 0.838757 0.904017
vt 0.838757 0.878791
vt 0.954562 0.878791
vt 0.954562 0.870503
vt 0.838757 0.870503
vt 0.838757 0.095983
vt 0.954562 0.095983
vt 0.000098 0.095983
vt 0.115903 0.095983
vt 0.115903 0.904017
vt 0.000098 0.904017
vt 0.823242 0.125557
vt 0.131417 0.125557
vt 0.829103 0.131418
vt 0.125557 0.131417
vt 0.829103 0.868582
vt 0.125557 0.868582
vt 0.823243 0.874443
vt 0.131417 0.874443
vt 0.633627 0.411635
vt 0.710823 0.411635
vt 0.710823 0.337183
vt 0.633627 0.337183
vt 0.545276 0.454948
vt 0.516012 0.430997
vt 0.417114 0.392711
vt 0.423842 0.393829
vt 0.558668 0.494009
vt 0.559475 0.475304
vt 0.563619 0.463992
vt 0.311448 0.389413
vt 0.374977 0.390261
vt 0.430631 0.394959
vt 0.449402 0.399707
vt 0.563618 0.531920
vt 0.559475 0.527641
vt 0.558668 0.515028
vt 0.516012 0.424470
vt 0.231678 0.388946
vt 0.516012 0.664459
vt 0.574820 0.411635
vt 0.574820 0.430997
vt 0.633627 0.430997
vt 0.376546 0.272980
vt 0.312396 0.272126
vt 0.312995 0.154337
vt 0.377119 0.155008
vt 0.599995 0.454263
vt 0.619316 0.463505
vt 0.674760 0.463759
vt 0.654715 0.454948
vt 0.232205 0.271637
vt 0.232656 0.153912
vt 0.391985 0.764038
vt 0.393887 0.774358
vt 0.394172 0.773895
vt 0.394769 0.764913
vt 0.426628 0.275522
vt 0.419388 0.274777
vt 0.419832 0.156071
vt 0.426867 0.156465
vt 0.461062 0.748560
vt 0.426345 0.751918
vt 0.429120 0.766804
vt 0.457782 0.762225
vt 0.453457 0.279099
vt 0.433899 0.276295
vt 0.431635 0.156841
vt 0.450818 0.158201
vt 0.574820 0.337183
vt 0.479706 0.784426
vt 0.474067 0.784158
vt 0.472989 0.782329
vt 0.474684 0.779954
vt 0.397440 0.785943
vt 0.397815 0.785877
vt 0.391970 0.754152
vt 0.397262 0.766390
vt 0.619324 0.532342
vt 0.574820 0.680184
vt 0.633627 0.695909
vt 0.674760 0.531921
vt 0.680122 0.494009
vt 0.680122 0.515028
vt 0.710823 0.554172
vt 0.710823 0.530702
vt 0.378927 0.001012
vt 0.422096 0.001604
vt 0.710823 0.466445
vt 0.710823 0.430997
vt 0.429401 0.001717
vt 0.434422 0.001804
vt 0.679168 0.475277
vt 0.710823 0.509902
vt 0.679168 0.527645
vt 0.710823 0.567308
vt 0.710823 0.564685
vt 0.710823 0.695909
vt 0.314138 0.000362
vt 0.710823 0.495094
vt 0.233101 0.000068
vt 0.453748 0.002167
vt 0.407451 0.337183
vt 0.482796 0.782676
vt 0.473790 0.778888
vt 0.467367 0.773785
vt 0.462057 0.758974
vt 0.459867 0.763942
vt 0.466685 0.773879
vt 0.398784 0.787220
vt 0.399006 0.789123
vt 0.438861 0.783439
vt 0.437007 0.778392
vt 0.585078 0.503370
vt 0.585078 0.511238
vt 0.644917 0.518902
vt 0.645872 0.506288
vt 0.585078 0.454579
vt 0.585078 0.470202
vt 0.644921 0.466538
vt 0.640513 0.455000
vt 0.585078 0.485796
vt 0.645872 0.485269
vt 0.585078 0.523512
vt 0.640512 0.523092
vt 0.525233 0.518902
vt 0.529373 0.523092
vt 0.525229 0.466538
vt 0.524425 0.485269
vt 0.524425 0.506288
vt 0.529372 0.455000
vt 0.399266 0.787102
vt 0.400747 0.787049
vt 0.044129 0.861215
vt 0.050527 0.860981
vt 0.054233 0.893675
vt 0.043346 0.893477
vt 0.153579 0.896330
vt 0.149438 0.864977
vt 0.150284 0.837908
vt 0.088194 0.729900
vt 0.086011 0.615991
vt 0.150305 0.615182
vt 0.150974 0.728734
vt 0.043835 0.836622
vt 0.050757 0.837226
vt 0.151079 0.780628
vt 0.151077 0.753034
vt 0.042485 0.782475
vt 0.040987 0.756477
vt 0.048754 0.755466
vt 0.049900 0.782239
vt 0.035463 0.617794
vt 0.036678 0.523311
vt 0.043734 0.522156
vt 0.043391 0.617865
vt 0.150738 0.519737
vt 0.004368 0.619020
vt 0.011111 0.529736
vt 0.029610 0.524468
vt 0.027556 0.617723
vt 0.009815 0.834706
vt 0.002923 0.779393
vt 0.035001 0.782741
vt 0.036829 0.836108
vt 0.350809 0.578023
vt 0.355417 0.564915
vt 0.412885 0.566748
vt 0.409607 0.594982
vt 0.031980 0.733384
vt 0.000068 0.735007
vt 0.037558 0.861409
vt 0.010407 0.862087
vt 0.032517 0.892222
vt 0.015743 0.897698
vt 0.271723 0.449755
vt 0.270907 0.455444
vt 0.271222 0.437124
vt 0.358355 0.430997
vt 0.358604 0.408976
vt 0.377495 0.418812
vt 0.379909 0.430997
vt 0.287357 0.559991
vt 0.270182 0.549136
vt 0.283838 0.533735
vt 0.296444 0.553919
vt 0.306487 0.430997
vt 0.323720 0.430997
vt 0.327990 0.447490
vt 0.315822 0.445814
vt 0.000478 0.760177
vt 0.033155 0.757537
vt 0.397622 0.559832
vt 0.377268 0.559824
vt 0.372863 0.557316
vt 0.397837 0.558030
vt 0.278364 0.445167
vt 0.274857 0.460400
vt 0.358237 0.451654
vt 0.343370 0.449607
vt 0.341641 0.430997
vt 0.337286 0.448769
vt 0.333025 0.430997
vt 0.409876 0.430997
vt 0.407451 0.411052
vt 0.328741 0.574122
vt 0.300358 0.568537
vt 0.305865 0.559028
vt 0.331339 0.561443
vt 0.277141 0.430997
vt 0.270571 0.430995
vt 0.268355 0.404871
vt 0.273970 0.411906
vt 0.412122 0.473377
vt 0.409178 0.465439
vt 0.398693 0.430997
vt 0.411860 0.548119
vt 0.414759 0.531702
vt 0.453574 0.530702
vt 0.453574 0.554172
vt 0.327204 0.462917
vt 0.336613 0.451451
vt 0.336507 0.463382
vt 0.346988 0.531814
vt 0.351977 0.551885
vt 0.342293 0.551809
vt 0.337703 0.531668
vt 0.278524 0.492719
vt 0.275083 0.496547
vt 0.270541 0.479632
vt 0.273683 0.472773
vt 0.342685 0.510049
vt 0.333411 0.509938
vt 0.327798 0.472543
vt 0.337082 0.472633
vt 0.339622 0.494552
vt 0.330355 0.494467
vt 0.354828 0.555007
vt 0.342480 0.556131
vt 0.358517 0.556865
vt 0.361543 0.562443
vt 0.252680 0.506919
vt 0.249433 0.496715
vt 0.259922 0.525120
vt 0.386035 0.456610
vt 0.283702 0.442970
vt 0.288882 0.529438
vt 0.307843 0.554362
vt 0.331704 0.555730
vt 0.412417 0.564067
vt 0.453574 0.564685
vt 0.453574 0.567308
vt 0.272477 0.430992
vt 0.414414 0.510414
vt 0.300622 0.551040
vt 0.343685 0.562074
vt 0.406562 0.563188
vt 0.414168 0.495257
vt 0.453574 0.466445
vt 0.453574 0.495094
vt 0.271341 0.404359
vt 0.410928 0.554421
vt 0.453574 0.622171
vt 0.088808 0.754006
vt 0.089341 0.781217
vt 0.076090 0.837279
vt 0.086489 0.519892
vt 0.047581 0.731489
vt 0.039803 0.732427
vt 0.075023 0.863127
vt 0.083187 0.895291
vt 0.338325 0.575039
vt 0.214564 0.959237
vt 0.213536 0.981547
vt 0.215872 0.999789
vt 0.249306 0.933954
vt 0.161615 0.790143
vt 0.318261 0.794692
vt 0.332277 0.935589
vt 0.416108 0.791386
vt 0.423380 0.923068
vt 0.083021 0.820691
vt 0.090695 0.777910
vt 0.160468 0.283972
vt 0.157337 0.187444
vt 0.324880 0.199651
vt 0.323210 0.291199
vt 0.423380 0.200303
vt 0.421667 0.292399
vt 0.091956 0.288469
vt 0.089594 0.202306
vt 0.015119 0.292825
vt 0.001965 0.200901
vt 0.017678 0.201880
vt 0.057294 0.795393
vt 0.076745 0.749074
vt -2.196715 0.250362
vt -1.840951 -0.118937
vt 0.633512 -2.005274
vt -0.706818 -0.965412
vt 0.863257 2.513641
vt 1.022116 4.286893
vt -5.072664 0.594708
vt -3.344733 0.763035
vt 0.810572 0.920139
vt 0.564235 0.882366
vt 1.144156 0.971875
vt 1.899455 1.047389
vt 2.061790 -2.175440
vt -0.659704 0.385680
vt 0.197173 0.779228
vt 0.164838 0.770607
vt 0.174380 0.735161
vt 0.217545 0.757269
vt 0.199295 0.788557
vt 0.201204 0.782515
vt 0.636656 0.870702
vt 0.373879 0.835161
vt 0.710512 1.041782
vt 0.124816 0.634640
vt -2.950261 -3.708397
vt -1.106686 -1.359126
vt -1.601280 0.673702
vt -0.962633 0.746467
vt 0.206620 0.800340
vt 0.216165 0.779358
vt -9.128521 1.663748
vt -1.714672 0.792601
vt 0.357406 0.451522
vt 0.341920 0.449407
vt 0.141366 1.827017
vt 0.140442 1.816885
vt 0.175213 1.069536
vt 0.175104 1.091323
vt 0.411169 0.554730
vt 0.411712 0.549035
vt 0.337468 0.448048
vt 0.336766 0.450842
vt 0.228523 0.826593
vt 0.228589 0.827129
vt 0.244751 0.804132
vt 0.248374 0.801068
vt 0.414758 0.532416
vt 0.414420 0.510793
vt 0.412178 0.473244
vt 0.409808 0.465750
vt 0.201221 0.753652
vt 0.201792 0.745498
vt 0.347030 0.532016
vt 0.351960 0.552216
vt 0.189948 2.089271
vt 0.188912 2.029931
vt 0.221097 1.007890
vt 0.215469 0.932637
vt 0.189350 0.741910
vt 0.189932 0.742900
vt 0.226997 0.821051
vt 0.219316 0.826291
vt 0.230851 0.824295
vt 0.237383 0.819540
vt 0.196067 0.772259
vt 0.196928 0.773318
vt 0.398808 0.558076
vt 0.407707 0.558387
vt 0.386312 0.456682
vt 0.414174 0.495211
vt 0.241775 0.773230
vt 0.241791 0.773470
vt 0.239220 0.771665
vt 0.239765 0.759815
vt 0.223856 0.833103
vt 0.223984 0.834342
vt 0.357979 0.556756
vt 0.372765 0.557313
vt 0.336921 0.470857
vt 0.339439 0.493428
vt 0.243602 0.785513
vt 0.243662 0.786293
vt 0.218722 1.201051
vt 0.212953 1.027418
vt 0.233207 0.857687
vt 0.236666 0.822408
vt 0.354488 0.554788
vt 0.336450 0.461530
vt 0.218314 0.809290
vt 0.218377 0.810066
vt 0.342562 0.509426
vt 0.245731 0.804394
vt 0.244974 0.806195
vt 0.077670 0.551148
vt 0.218295 0.554472
vt 0.205102 0.781856
vt 0.067221 0.782113
vt 0.186833 0.805466
vt 0.000115 0.792103
vt 0.217808 0.554617
vt 0.200505 0.779216
vt 0.290376 0.825066
vt 0.257284 0.999885
vt 0.140218 0.983662
vt 0.296897 0.790619
vt 0.318130 0.561146
vt 0.216520 0.511993
vt 0.282960 0.514759
vt 0.214742 0.511962
vt 0.077419 0.506984
vt 0.545276 0.454948
vt 0.039651 0.391980
vt 0.046378 0.390930
vt 0.559475 0.475304
vt 0.558668 0.494009
vt 0.563619 0.463992
vt 0.088471 0.388893
vt 0.151939 0.388654
vt 0.014083 0.397596
vt 0.032864 0.393042
vt 0.563618 0.531920
vt 0.558668 0.515028
vt 0.516012 0.664459
vt 0.087974 0.271778
vt 0.088324 0.154011
vt 0.152361 0.153795
vt 0.152049 0.271462
vt 0.599995 0.454263
vt 0.654715 0.454948
vt 0.674760 0.463759
vt 0.619316 0.463505
vt 12.735745 36.929436
vt -23.221819 -69.801849
vt -14.917024 -31.030277
vt 8.051748 15.868583
vt 0.037964 0.273891
vt 0.038664 0.155108
vt 0.045687 0.154765
vt 0.045196 0.273209
vt 0.691974 2.707880
vt 0.149097 -2.264884
vt -16.002487 -98.861328
vt 9.192368 54.614353
vt 0.011165 0.277229
vt 0.014755 0.156666
vt 0.033903 0.155448
vt 0.030702 0.274600
vt 0.138594 0.076251
vt 0.923570 1.557587
vt 0.645562 0.989352
vt 0.401543 0.666220
vt 0.633627 0.430997
vt -8.632107 -9.795325
vt 5.227008 5.321453
vt -28.080338 -102.779556
vt 15.039396 54.833588
vt 0.674760 0.531921
vt 0.633627 0.695909
vt 0.574820 0.680184
vt 0.680122 0.494009
vt 0.710823 0.530702
vt 0.710823 0.554172
vt 0.680122 0.515028
vt 0.044423 0.000621
vt 0.087500 0.000308
vt 0.710823 0.430997
vt 0.710823 0.466445
vt 0.032127 0.000742
vt 0.037135 0.000688
vt 0.679168 0.475277
vt 0.710823 0.509902
vt 0.679168 0.527645
vt 0.710823 0.564685
vt 0.710823 0.567308
vt 0.710823 0.695909
vt 0.152154 0.000068
vt 0.710823 0.495094
vt 0.012844 0.000979
vt -0.271768 -1.013551
vt 1.317182 2.964279
vt 0.466787 0.803596
vt 0.508122 0.631130
vt 0.462265 -0.059277
vt 0.535516 1.412188
vt -0.860131 6.535960
vt 1.972779 -3.291558
vt -6.105598 -30.706371
vt 12.225852 57.642292
vt 0.585078 0.503370
vt 0.645872 0.506288
vt 0.644917 0.518902
vt 0.585078 0.511238
vt 0.585078 0.454579
vt 0.640513 0.455000
vt 0.644921 0.466538
vt 0.585078 0.470202
vt 0.585078 0.485796
vt 0.645872 0.485269
vt 0.640512 0.523092
vt 0.525233 0.518902
vt 0.529373 0.523092
vt 0.525229 0.466538
vt 0.524425 0.485269
vt 0.524425 0.506288
vt 0.529372 0.455000
vt -1.619033 2.339272
vt 1.206127 -6.881649
vt 0.051844 0.207085
vt 0.097516 0.026165
vt 0.051635 0.266574
vt 0.159523 0.000123
vt 0.323791 0.011733
vt 0.423133 0.011984
vt 0.320594 0.337183
vt 0.358604 0.337183
vt 0.299927 0.413180
vt 0.320593 0.407360
vt 0.393654 0.419499
vt 0.340260 0.417229
vt 0.329927 0.416790
vt 0.633627 0.411635
vt 0.710823 0.411635
vt 0.574820 0.411635
vt 0.268355 0.337183
vt 0.534710 0.520878
vt 0.413180 0.520878
vt 0.412658 0.471547
vt 0.534710 0.471547
vt 0.534815 0.533708
vt 0.413391 0.533708
vt 0.534815 0.557195
vt 0.413391 0.557195
vt 0.534815 0.576178
vt 0.413391 0.576178
vt 0.534815 0.585990
vt 0.413391 0.585990
vt 0.534815 0.599772
vt 0.413391 0.599772
vt 0.534815 0.615323
vt 0.413391 0.615323
vt 0.534815 0.622289
vt 0.413391 0.622289
vt 0.534815 0.624027
vt 0.413391 0.624027
vt 0.534815 0.709237
vt 0.413391 0.709237
vt 0.534815 0.721157
vt 0.413391 0.721157
vt 0.534815 0.724000
vt 0.414467 0.724000
vt 0.534815 0.726833
vt 0.417911 0.726833
vt 0.534815 0.732785
vt 0.444046 0.732785
vt 0.534815 0.734322
vt 0.484327 0.734322
vt 0.585303 0.734322
vt 0.625584 0.732785
vt 0.651720 0.726833
vt 0.655164 0.724000
vt 0.656240 0.721157
vt 0.656240 0.709237
vt 0.656240 0.624027
vt 0.656240 0.622289
vt 0.656240 0.615323
vt 0.656240 0.599772
vt 0.656240 0.585990
vt 0.656240 0.576178
vt 0.656240 0.557195
vt 0.656240 0.533708
vt 0.656240 0.520878
vt 0.656762 0.471547
vt 0.269609 0.337183
vt 0.009161 0.242988
vt 0.216241 0.534710
vt 0.216241 0.412658
vt 0.267391 0.412658
vt 0.267391 0.509930
vt 0.306357 0.412658
vt 0.306357 0.509930
vt 0.417254 0.412658
vt 0.417254 0.509930
vt 0.449620 0.412658
vt 0.449620 0.509930
vt 0.474806 0.412658
vt 0.474806 0.509930
vt 0.509419 0.411052
vt 0.509419 0.509604
vt 0.508588 0.414453
vt 0.509064 0.510177
vt 0.544240 0.412410
vt 0.544240 0.509964
vt 0.550088 0.419745
vt 0.550088 0.511453
vt 0.544240 0.657221
vt 0.544240 0.558214
vt 0.550088 0.556812
vt 0.550088 0.649885
vt 0.509782 0.654671
vt 0.509299 0.557521
vt 0.509419 0.658368
vt 0.509419 0.558348
vt 0.474806 0.656762
vt 0.474806 0.558041
vt 0.449620 0.656762
vt 0.449620 0.558041
vt 0.417254 0.656762
vt 0.417254 0.558041
vt 0.306357 0.656762
vt 0.306357 0.558041
vt 0.267391 0.656762
vt 0.267391 0.558041
vt 0.216241 0.656762
vt 0.466434 -0.063942
vt 0.540132 -0.068586
vt 0.532759 0.043813
vt 0.448025 0.046303
vt 0.552751 1.351498
vt 0.337038 1.265427
vt 0.588625 1.436383
vt -0.022477 1.068686
vt 0.660268 1.194240
vt 0.530908 -0.069257
vt 0.533789 0.030891
vt -0.040131 1.148678
vt 0.852889 0.936294
vt 0.855690 1.167334
vt 0.527275 -0.078217
vt 0.531583 0.025451
vt 0.439714 0.046303
vt 0.465935 -0.063942
vt 0.296970 0.991846
vt 0.285217 0.926853
s 1
f 1/1/1 2/2/2 4/3/3 3/4/4
f 3/4/4 4/3/3 8/5/5 7/6/6
f 7/6/7 8/5/5 6/7/8 5/8/7
f 5/8/9 6/7/8 2/9/2 1/10/1
f 359/11/10 360/12/11 371/13/12 364/14/13
f 6/7/8 8/5/5 11/15/14 12/16/14
f 12/16/15 11/15/16 15/17/17 16/18/18
f 4/3/3 2/2/2 9/19/14 10/20/14
f 2/9/2 6/7/8 12/16/14 9/21/14
f 8/5/5 4/3/3 10/20/14 11/15/14
f 15/17/17 14/22/19 13/23/20 16/18/18
f 10/20/21 9/19/22 13/24/20 14/20/19
f 9/21/22 12/16/15 16/18/18 13/25/20
f 11/15/16 10/20/21 14/20/19 15/17/17
f 385/26/23 382/27/24 381/28/25 386/29/26
f 369/30/27 366/31/28 365/32/29 370/33/30
f 377/34/31 374/35/32 373/36/33 378/37/34
f 168/38/35 169/39/36 20/40/37 18/41/38
f 144/42/39 23/43/40 22/44/41 140/45/42
f 140/45/42 22/44/41 30/46/43 142/47/44
f 171/48/45 168/38/35 18/41/38 29/49/46
f 141/50/47 27/51/48 155/52/49 162/53/50
f 161/54/51 797/55/52 156/56/53 36/57/54 143/58/55
f 170/59/56 26/60/57 153/61/58 174/62/59
f 171/48/45 29/49/46 26/60/57 170/59/56
f 172/63/60 33/64/61 34/65/62 173/66/63
f 143/58/55 36/57/54 35/67/64 145/68/65
f 142/47/44 30/46/43 27/51/48 141/50/47
f 31/69/66 41/70/67 42/71/68 32/72/69
f 28/73/70 40/74/71 39/75/72 25/76/73
f 151/77/74 31/78/75 96/79/76 67/80/77
f 31/69/66 151/81/74 157/82/78 41/70/67
f 28/73/70 17/83/79 37/84/80 40/74/71
f 17/83/79 19/85/81 38/86/82 37/84/80
f 129/87/83 102/88/84 21/89/85
f 58/90/86 56/91/87 82/92/88 97/93/89
f 17/94/79 120/95/90 122/96/91 19/97/81
f 94/98/92 93/99/93 73/100/94 78/101/95
f 57/102/96 49/103/97 60/104/98 66/105/99
f 25/76/73 39/75/72 158/106/100 152/107/101
f 105/108/102 87/109/103 79/110/104 104/111/105
f 84/112/106 98/113/107 80/114/108 85/115/109
f 121/116/110 89/117/111 88/118/112 129/87/83
f 99/119/113 105/108/102 117/120/114 116/121/115
f 116/121/115 117/120/114 65/122/116 59/123/117
f 50/124/118 57/102/96 66/105/99 62/125/119
f 25/126/73 75/127/120 101/128/121 28/129/70
f 94/98/92 78/101/95 74/130/122 86/131/123
f 56/91/87 58/90/86 57/102/96 50/124/118
f 45/132/124 94/98/92 86/131/123 90/133/125
f 124/134/126 125/135/127 126/136/128 127/137/129
f 105/108/102 104/111/105 118/138/130 117/120/114
f 111/139/131 112/140/131 108/141/131 107/142/131
f 113/143/131 114/144/131 110/145/132 109/146/132
f 62/125/119 66/105/99 65/122/116 61/147/133
f 55/148/134 44/149/135 100/150/136 81/151/137
f 131/152/131 130/153/131 114/144/131 113/143/131
f 68/154/131 69/155/131 112/140/131 111/139/131
f 68/154/131 71/156/131 70/157/131 69/155/131
f 109/146/132 110/145/132 63/158/138 64/159/139
f 107/142/131 108/141/131 59/123/117 60/104/98
f 119/160/140 64/159/139 67/80/77 115/161/141
f 86/131/123 74/130/122 79/110/104 87/109/103
f 44/149/135 89/117/111 121/116/110 100/150/136
f 121/116/110 149/162/142 146/163/143 100/150/136
f 100/150/136 146/163/143 52/164/144 81/151/137
f 103/165/145 90/133/125 86/131/123 87/109/103
f 58/90/86 46/166/146 49/103/97 57/102/96
f 122/96/91 83/167/147 55/148/134 81/151/137
f 46/166/146 58/90/86 97/93/89 102/88/84
f 75/127/120 51/168/148 48/169/149 101/128/121
f 96/79/76 95/170/150 123/171/151 128/172/152
f 102/88/84 97/93/89 53/173/153 21/89/85
f 117/120/114 118/138/130 61/147/133 65/122/116
f 133/174/154 127/137/129 126/136/128 132/175/155
f 120/95/90 77/176/156 83/167/147 122/96/91
f 106/177/157 63/158/138 51/168/148 75/127/120
f 96/79/76 128/172/152 47/178/158 54/179/159
f 54/179/159 47/178/158 98/113/107 84/112/106
f 92/180/160 91/181/161 72/182/162 45/132/124
f 97/93/89 82/92/88 43/183/163 53/173/153
f 88/118/112 46/166/146 102/88/84 129/87/83
f 21/89/85 149/162/142 121/116/110 129/87/83
f 48/169/149 77/176/156 120/95/90 101/128/121
f 101/128/121 120/95/90 17/94/79 28/129/70
f 128/172/152 124/134/126 76/184/164 47/178/158
f 66/105/99 60/104/98 59/123/117 65/122/116
f 99/119/113 103/165/145 87/109/103 105/108/102
f 72/182/162 93/99/93 94/98/92 45/132/124
f 52/164/144 19/97/81 122/96/91 81/151/137
f 92/180/160 133/174/154 132/175/155 91/181/161
f 70/157/131 71/156/131 130/153/131 131/152/131
f 32/185/69 95/170/150 96/79/76 31/78/75
f 84/112/106 85/115/109 115/161/141 54/179/159
f 54/179/159 115/161/141 67/80/77 96/79/76
f 26/60/57 136/186/165 160/187/166 153/61/58
f 124/134/126 128/172/152 123/171/151 125/135/127
f 29/49/46 137/188/167 136/186/165 26/60/57
f 33/64/61 138/189/168 139/190/169 34/65/62
f 154/191/170 159/192/171 138/189/168 33/64/61
f 172/63/60 175/193/172 154/191/170 33/64/61
f 18/41/38 135/194/173 137/188/167 29/49/46
f 20/40/37 134/195/174 135/194/173 18/41/38
f 137/188/167 142/47/44 141/50/47 136/186/165
f 138/189/168 143/58/55 145/68/65 139/190/169
f 136/186/165 141/50/47 162/53/50 160/187/166
f 135/194/173 140/45/42 142/47/44 137/188/167
f 134/195/174 144/42/39 140/45/42 135/194/173
f 115/161/141 85/115/109 80/114/108 119/160/140
f 106/177/157 67/80/77 64/159/139 63/158/138
f 151/77/74 67/80/77 106/177/157 152/196/101
f 158/106/100 157/82/78 151/81/74 152/107/101
f 160/187/166 159/192/171 154/191/170 153/61/58
f 174/62/59 175/193/172 157/82/78 158/106/100
f 162/53/50 161/54/51 159/192/171 160/187/166
f 155/52/49 156/56/53 797/55/52 161/54/51 162/53/50
f 106/177/157 75/127/120 25/126/73 152/196/101
f 474/197/175 163/198/176 166/199/177 587/200/178
f 147/201/179 165/202/180 166/199/177 148/203/181
f 24/204/182 164/205/183 167/206/184 150/207/185
f 150/207/185 167/206/184 165/202/180 147/201/179
f 153/61/58 154/191/170 175/193/172 174/62/59
f 41/70/67 157/82/78 175/193/172 172/63/60
f 41/70/67 172/63/60 173/66/63 42/71/68
f 40/74/71 171/48/45 170/59/56 39/75/72
f 39/75/72 170/59/56 174/62/59 158/106/100
f 40/74/71 37/84/80 168/38/35 171/48/45
f 37/84/80 38/86/82 169/39/36 168/38/35
f 21/208/85 53/209/153 178/210/186 176/211/187
f 53/209/153 43/212/163 177/213/188 178/210/186
f 149/214/142 21/208/85 176/211/187 179/215/189
f 348/216/190 349/217/191 182/218/192 180/219/193
f 349/217/191 350/220/194 181/221/195 182/218/192
f 351/222/196 348/216/190 180/219/193 183/223/197
f 351/222/196 24/224/182 197/225/198 352/226/199
f 149/214/142 179/215/189 198/227/200 196/228/201
f 169/229/36 38/230/82 190/231/202 184/232/203
f 147/233/179 148/234/181 187/235/204 194/236/205
f 144/237/39 134/238/174 186/239/206 191/240/207
f 38/230/82 19/241/81 189/242/208 190/231/202
f 146/243/143 149/244/142 196/245/201 195/246/209
f 52/247/144 146/243/143 195/246/209 192/248/210
f 23/249/40 144/237/39 191/240/207 188/250/211
f 24/251/182 150/252/185 193/253/212 197/254/198
f 134/238/174 20/255/37 185/256/213 186/239/206
f 19/257/81 52/247/144 192/248/210 189/258/208
f 20/255/37 169/229/36 184/232/203 185/256/213
f 148/234/181 23/259/40 188/260/211 187/235/204
f 150/252/185 147/233/179 194/236/205 193/253/212
f 99/119/214 116/121/215 234/261/216 224/262/217
f 46/263/218 88/264/219 219/265/220 201/266/221
f 76/184/164 124/134/126 236/267/222 215/268/223
f 59/123/224 108/141/225 227/269/226 207/270/227
f 48/271/228 51/272/229 205/273/230 203/274/231
f 127/137/129 133/174/154 240/275/232 237/276/233
f 45/132/124 90/133/234 221/277/235 200/278/236
f 88/264/219 89/279/237 220/280/238 219/265/220
f 113/143/239 109/146/240 228/281/241 232/282/242
f 49/283/243 46/263/218 201/266/221 204/284/244
f 60/285/245 49/283/243 204/284/244 208/286/246
f 89/279/237 44/287/247 199/288/248 220/280/238
f 63/289/249 110/290/250 229/291/251 209/292/252
f 44/287/247 55/293/253 206/294/254 199/288/248
f 98/113/255 47/178/256 202/295/257 223/296/258
f 90/133/234 103/165/259 225/297/260 221/277/235
f 103/165/259 99/119/214 224/262/217 225/297/260
f 92/180/160 45/132/124 200/278/236 222/298/261
f 71/299/262 68/300/263 211/301/264 214/302/265
f 77/303/266 48/271/228 203/274/231 216/304/267
f 119/160/268 80/114/269 217/305/270 235/306/271
f 69/155/272 70/157/273 213/307/274 212/308/275
f 51/272/229 63/289/249 209/292/252 205/273/230
f 130/309/276 71/299/262 214/302/265 238/310/276
f 107/311/277 60/285/245 208/286/246 226/312/278
f 68/300/263 111/313/279 230/314/280 211/301/264
f 109/146/240 64/159/281 210/315/282 228/281/241
f 108/141/225 112/140/283 231/316/284 227/269/226
f 47/178/256 76/184/164 215/268/223 202/295/257
f 83/317/285 77/303/266 216/304/267 218/318/286
f 112/140/283 69/155/272 212/308/275 231/316/284
f 133/174/154 92/180/160 222/298/261 240/275/232
f 55/293/253 83/317/285 218/318/286 206/294/254
f 131/152/287 113/143/239 232/282/242 239/319/287
f 116/121/215 59/123/224 207/270/227 234/261/216
f 124/134/126 127/137/129 237/276/233 236/267/222
f 114/320/288 130/309/276 238/310/276 233/321/289
f 110/290/250 114/320/288 233/321/289 229/291/251
f 64/159/281 119/160/268 235/306/271 210/315/282
f 80/114/269 98/113/255 223/296/258 217/305/270
f 70/157/273 131/152/287 239/319/287 213/307/274
f 111/313/279 107/311/277 226/312/278 230/314/280
f 3/4/4 7/6/6 244/322/290 242/323/291
f 1/1/1 3/4/4 242/323/291 241/324/292
f 5/8/9 1/10/1 241/325/292 243/326/293
f 246/327/294 245/328/295 247/329/296 248/330/297
f 7/6/6 5/8/9 245/328/295 246/327/294
f 5/8/9 243/326/293 247/329/296 245/328/295
f 244/322/290 7/6/6 246/327/294 248/330/297
f 350/331/298 177/332/299 250/333/300 353/334/301
f 177/332/299 43/335/302 249/336/303 250/333/300
f 353/334/301 250/333/300 252/337/304 354/338/14
f 250/333/300 249/336/303 252/337/304
f 43/183/305 82/92/88 256/339/306 254/340/307
f 249/336/308 43/341/305 254/342/307 257/343/309
f 252/337/310 249/336/308 257/343/309 258/344/311
f 354/338/312 252/337/310 258/344/311 355/345/313
f 260/346/314 265/347/315 266/348/316 261/349/317
f 261/349/317 266/348/316 267/350/318 262/351/319
f 262/351/319 267/350/318 268/352/320 263/353/321
f 263/353/321 268/352/320 269/354/322 264/355/323
f 264/355/323 269/354/322 265/347/315 260/346/314
f 265/347/315 270/356/324 271/357/325 266/348/316
f 266/348/316 271/357/325 272/358/326 267/350/318
f 267/350/318 272/358/326 273/359/327 268/352/320
f 268/352/320 273/359/327 274/360/328 269/354/322
f 269/354/322 274/360/328 270/356/324 265/347/315
f 270/356/324 275/361/329 276/362/330 271/357/325
f 271/357/325 276/362/330 277/363/331 272/358/326
f 272/358/326 277/363/331 278/364/332 273/359/327
f 273/359/327 278/364/332 279/365/333 274/360/328
f 274/360/328 279/365/333 275/361/329 270/356/324
f 275/361/329 280/366/334 281/367/335 276/362/330
f 276/362/330 281/367/335 282/368/336 277/363/331
f 283/369/337 278/364/338 331/370/339 333/371/340
f 278/364/332 283/369/341 284/372/342 279/365/333
f 279/365/333 284/372/342 280/366/334 275/361/329
f 280/366/334 285/373/343 286/374/344 281/367/335
f 281/367/335 286/374/344 287/375/345 282/368/336
f 282/368/336 287/375/345 288/376/346 283/369/341
f 283/369/341 288/376/346 289/377/347 284/372/342
f 284/372/342 289/377/347 285/373/343 280/366/334
f 285/373/343 290/378/348 291/379/349 286/374/344
f 286/374/344 291/379/349 292/380/350 287/375/345
f 287/375/345 292/380/350 293/381/351 288/376/346
f 288/376/346 293/381/351 294/382/352 289/377/347
f 289/377/347 294/382/352 290/378/348 285/373/343
f 290/378/348 295/383/353 296/384/354 291/379/349
f 291/379/349 296/384/354 297/385/355 292/380/350
f 344/386/356 346/387/357 297/385/355 302/388/358
f 293/381/351 298/389/359 299/390/360 294/382/352
f 294/382/352 299/390/360 295/383/353 290/378/348
f 295/383/353 300/391/361 301/392/362 296/384/354
f 296/384/354 301/392/362 302/388/358 297/385/355
f 298/389/359 303/393/363 304/394/364 299/390/360
f 299/390/360 304/394/364 300/391/361 295/383/353
f 300/391/361 305/395/365 306/396/366 301/392/362
f 301/392/362 306/396/366 307/397/367 302/388/358
f 302/388/358 307/397/367 308/398/368 303/393/363
f 303/393/363 308/398/368 309/399/369 304/394/364
f 304/394/364 309/399/369 305/395/365 300/391/361
f 305/395/365 310/400/370 311/401/371 306/396/366
f 306/396/366 311/401/371 312/402/372 307/397/367
f 307/397/367 312/402/372 313/403/373 308/398/368
f 308/398/368 313/403/373 314/404/374 309/399/369
f 309/399/369 314/404/374 310/400/370 305/395/365
f 310/400/370 315/405/375 316/406/376 311/401/371
f 311/401/371 316/406/376 317/407/377 312/402/372
f 278/364/338 277/363/378 330/408/379 331/370/339
f 313/403/373 318/409/380 319/410/381 314/404/374
f 314/404/374 319/410/381 315/405/375 310/400/370
f 315/405/375 320/411/382 321/412/383 316/406/376
f 316/406/376 321/412/383 322/413/384 317/407/377
f 317/407/377 322/413/384 323/414/385 318/409/380
f 318/409/380 323/414/385 324/415/386 319/410/381
f 319/410/381 324/415/386 320/411/382 315/405/375
f 320/411/382 325/416/387 326/417/388 321/412/383
f 321/412/383 326/417/388 327/418/389 322/413/384
f 322/413/384 327/418/389 328/419/390 323/414/385
f 323/414/385 328/419/390 329/420/391 324/415/386
f 324/415/386 329/420/391 325/416/387 320/411/382
f 325/416/387 260/346/314 261/349/317 326/417/388
f 326/417/388 261/349/317 262/351/319 327/418/389
f 327/418/389 262/351/319 263/353/321 328/419/390
f 328/419/390 263/353/321 264/355/323 329/420/391
f 329/420/391 264/355/323 260/346/314 325/416/387
f 338/421/392 340/422/393 334/423/394 336/424/395
f 339/425/396 338/421/392 336/424/395 337/426/339
f 277/363/378 282/368/397 332/427/398 330/408/379
f 317/407/399 318/409/400 337/426/339 336/424/395
f 282/368/397 283/369/337 333/371/340 332/427/398
f 318/409/400 313/403/401 335/428/402 337/426/339
f 313/403/401 312/402/403 334/423/394 335/428/402
f 312/402/403 317/407/399 336/424/395 334/423/394
f 339/425/396 337/426/339 335/428/402 341/429/404
f 331/370/339 339/425/396 341/429/404 333/371/340
f 331/370/339 330/408/379 338/421/392 339/425/396
f 330/408/379 332/427/398 340/422/393 338/421/392
f 332/427/398 333/371/340 343/430/405 342/431/406
f 346/387/357 342/431/406 292/380/350 297/385/355
f 340/422/393 332/427/398 342/431/406 346/387/357
f 334/423/394 340/422/393 346/387/357 344/386/356
f 333/371/340 341/429/404 347/432/404 343/430/405
f 341/429/404 335/428/402 345/433/407 347/432/404
f 335/428/402 334/423/394 344/386/356 345/433/407
f 342/431/406 343/430/405 293/381/351 292/380/350
f 343/430/405 347/432/404 298/389/359 293/381/351
f 347/432/404 345/433/407 303/393/363 298/389/359
f 345/433/407 344/386/356 302/388/358 303/393/363
f 253/434/408 354/338/312 355/345/313 259/435/409
f 251/436/410 353/334/301 354/338/14 253/434/408
f 181/437/195 350/331/298 353/334/301 251/436/410
f 179/215/189 351/222/196 352/226/199 198/227/200
f 179/215/189 176/211/187 348/216/190 351/222/196
f 178/210/186 177/213/188 350/220/194 349/217/191
f 176/211/187 178/210/186 349/217/191 348/216/190
f 375/438/411 376/439/412 363/440/413 356/441/414
f 367/442/415 368/443/416 387/444/417 380/445/418
f 383/446/419 384/447/420 379/448/421 372/449/422
f 384/447/420 371/13/12 360/12/11 379/448/421
f 356/450/414 363/451/413 362/452/423 357/453/424
f 360/12/11 359/11/10 358/454/425 361/455/426
f 368/456/416 367/457/415 366/31/28 369/30/27
f 364/14/13 371/13/12 370/33/30 365/32/29
f 384/447/420 383/446/419 382/27/24 385/26/23
f 380/458/418 387/459/417 386/29/26 381/28/25
f 376/460/412 375/461/411 374/35/32 377/34/31
f 372/449/422 379/448/421 378/37/34 373/36/33
f 357/453/424 362/452/423 361/455/426 358/454/425
f 369/462/27 386/463/26 387/444/417 368/443/416
f 370/464/30 385/465/23 386/463/26 369/462/27
f 371/13/12 384/447/420 385/465/23 370/464/30
f 379/448/421 360/12/11 361/466/426 378/467/34
f 378/467/34 361/466/426 362/468/423 377/469/31
f 377/469/31 362/468/423 363/440/413 376/439/412
f 410/470/427 427/471/428 421/472/429 438/473/430
f 93/99/93 72/182/162 392/474/431 395/475/432
f 173/66/63 34/65/62 389/476/433 403/477/434
f 132/175/155 126/136/128 399/478/435 400/479/436
f 91/181/161 132/175/155 400/479/436 394/480/437
f 139/190/169 145/68/65 402/481/438 401/482/439
f 32/72/69 42/71/68 391/483/440 388/484/441
f 123/171/151 95/170/150 396/485/442 397/486/443
f 126/136/128 125/135/127 398/487/444 399/478/435
f 73/100/94 93/99/93 395/475/432 393/488/445
f 145/68/65 35/67/64 390/489/446 402/481/438
f 72/182/162 91/181/161 394/480/437 392/474/431
f 34/65/62 139/190/169 401/482/439 389/476/433
f 42/71/68 173/66/63 403/477/434 391/483/440
f 125/135/127 123/171/151 397/486/443 398/487/444
f 95/170/150 32/185/69 388/490/441 396/485/442
f 439/491/447 440/492/448 412/493/449 410/470/427
f 441/494/450 442/495/451 419/496/452 418/497/453
f 443/498/454 444/499/455 411/500/456 409/501/457
f 442/495/451 445/502/458 407/503/459 419/496/452
f 400/504/436 399/505/435 456/506/460 454/507/461
f 446/508/462 447/509/463 406/510/464 420/511/465
f 411/512/456 444/513/455 463/514/466 461/515/467
f 448/516/468 449/517/469 408/518/470 405/519/471
f 439/491/447 410/470/427 438/473/430 404/520/472
f 414/521/473 415/522/474 459/523/475 458/524/476
f 447/509/463 441/494/450 418/497/453 406/510/464
f 440/492/448 443/498/454 409/501/457 412/493/449
f 449/517/469 446/508/462 420/511/465 408/518/470
f 399/505/435 398/525/444 453/526/477 456/506/460
f 444/513/455 394/527/437 455/528/478 463/514/466
f 450/529/479 448/530/468 405/531/471 413/532/480
f 416/533/481 415/534/474 432/535/482 433/536/483
f 406/510/464 418/497/453 435/537/484 423/538/485
f 412/493/449 409/501/457 426/539/486 429/540/487
f 408/518/470 420/511/465 437/541/488 425/542/489
f 417/543/490 416/533/481 433/536/483 434/544/483
f 414/545/473 413/532/480 430/546/491 431/547/492
f 413/532/480 405/531/471 422/548/483 430/546/491
f 410/470/427 412/493/449 429/540/487 427/471/428
f 418/497/453 419/496/452 436/549/493 435/537/484
f 409/501/457 411/500/456 428/550/494 426/539/486
f 419/496/452 407/503/459 424/551/495 436/549/493
f 415/534/474 414/545/473 431/547/492 432/535/482
f 420/511/465 406/510/464 423/538/485 437/541/488
f 411/500/456 417/543/490 434/544/483 428/550/494
f 405/519/471 408/518/470 425/542/489 422/552/483
f 78/101/95 439/491/447 404/520/472 255/553/496
f 396/485/442 388/490/441 448/530/468 450/529/479
f 394/527/437 400/504/436 454/507/461 455/528/478
f 413/554/480 414/521/473 458/524/476 457/555/497
f 391/483/440 403/477/434 446/508/462 449/517/469
f 395/475/432 392/474/431 443/498/454 440/492/448
f 389/476/433 401/482/439 441/494/450 447/509/463
f 416/556/481 417/557/490 460/558/498 462/559/499
f 73/100/94 393/488/445 439/491/447 78/101/95
f 388/484/441 391/483/440 449/517/469 448/516/468
f 398/525/444 397/560/443 452/561/500 453/526/477
f 403/477/434 389/476/433 447/509/463 446/508/462
f 450/562/479 413/554/480 457/555/497 468/563/501
f 402/481/438 390/489/446 445/502/458 442/495/451
f 392/474/431 394/480/437 444/499/455 443/498/454
f 401/482/439 402/481/438 442/495/451 441/494/450
f 393/488/445 395/475/432 440/492/448 439/491/447
f 464/564/502 465/565/503 458/566/476 459/567/475
f 463/568/466 466/569/504 460/570/498 461/571/467
f 467/572/505 464/564/502 459/567/475 462/573/499
f 466/569/504 467/572/505 462/573/499 460/570/498
f 465/565/503 468/574/501 457/575/497 458/566/476
f 452/576/500 451/577/506 468/574/501 465/565/503
f 454/578/461 456/579/460 467/572/505 466/569/504
f 456/579/460 453/580/477 464/564/502 467/572/505
f 455/581/478 454/578/461 466/569/504 463/568/466
f 453/580/477 452/576/500 465/565/503 464/564/502
f 397/560/443 396/582/442 451/583/506 452/561/500
f 417/557/490 411/512/456 461/515/467 460/558/498
f 396/582/442 450/562/479 468/563/501 451/583/506
f 415/522/474 416/556/481 462/559/499 459/523/475
f 600/584/507 470/585/508 472/586/509 601/587/510
f 583/588/511 579/589/512 22/44/41 474/197/175
f 579/589/512 581/590/513 30/46/43 22/44/41
f 596/591/514 577/592/515 582/593/516 598/594/517
f 603/595/518 479/596/519 470/585/508 600/584/507
f 580/597/520 599/598/521 155/52/49 27/51/48
f 598/594/517 582/593/516 36/57/54 156/56/53
f 602/599/522 606/600/523 592/601/524 477/602/525
f 603/595/518 602/599/522 477/602/525 479/596/519
f 604/603/526 605/604/527 483/605/528 482/606/529
f 582/593/516 584/607/530 35/67/64 36/57/54
f 581/590/513 580/597/520 27/51/48 30/46/43
f 480/608/531 481/609/532 489/610/533 488/611/534
f 478/612/535 476/613/536 486/614/537 487/615/538
f 590/616/539 512/617/540 537/618/541 480/619/542
f 480/608/531 488/611/534 594/620/543 590/621/539
f 478/612/535 487/615/538 484/622/544 469/623/545
f 469/623/545 484/622/544 485/624/546 471/625/547
f 568/626/548 473/627/549 543/628/550
f 545/629/551 769/630/552 767/631/553 768/632/554
f 469/633/545 471/634/547 561/635/555 559/636/556
f 497/637/557 511/638/558 506/639/559 496/640/560
f 476/613/536 591/641/561 595/642/562 486/614/537
f 525/643/563 526/644/564 521/645/565 539/646/566
f 560/116/567 568/626/548 529/647/568 530/648/569
f 540/649/570 556/650/571 557/651/572 545/629/551
f 556/650/571 505/652/573 510/653/574 557/651/572
f 535/654/575 766/655/576 764/100/577 534/99/578
f 476/656/536 478/657/535 542/658/579 518/659/580
f 504/660/581 538/661/582 523/662/583 503/663/584
f 492/664/585 531/665/586 527/666/587 535/654/575
f 563/667/588 566/668/589 565/669/590 564/670/591
f 551/671/592 547/142/592 548/672/592 552/673/592
f 553/674/592 549/675/593 550/676/594 554/677/592
f 502/678/595 522/679/596 541/680/597 491/681/598
f 570/682/592 553/674/592 554/677/592 569/683/592
f 513/684/592 551/671/592 552/673/592 514/685/592
f 513/684/592 514/685/592 515/686/592 516/687/592
f 549/675/593 509/688/599 508/689/600 550/676/594
f 547/142/592 506/639/559 505/652/573 548/672/592
f 558/690/601 555/691/602 512/617/540 509/688/599
f 491/681/598 541/680/597 560/116/567 530/648/569
f 560/116/567 541/680/597 585/692/603 588/693/604
f 541/680/597 522/679/596 499/694/605 585/692/603
f 544/695/606 528/632/607 527/666/587 531/665/586
f 504/660/581 497/637/557 496/640/560 493/696/608
f 561/635/555 522/679/596 502/678/595 524/697/609
f 493/696/608 543/628/550 538/661/582 504/660/581
f 518/659/580 542/658/579 495/698/610 498/699/611
f 537/618/541 567/700/612 562/701/613 536/702/614
f 543/628/550 473/627/549 500/703/615 538/661/582
f 572/704/616 571/175/617 565/669/590 566/668/589
f 559/636/556 561/635/555 524/697/609 520/705/618
f 546/706/619 518/659/580 498/699/611 508/689/600
f 537/618/541 501/707/620 494/178/621 567/700/612
f 501/707/620 525/643/563 539/646/566 494/178/621
f 533/708/622 492/664/585 517/709/623 532/710/624
f 538/661/582 500/703/615 490/711/625 523/662/583
f 529/647/568 568/626/548 543/628/550 493/696/608
f 473/627/549 568/626/548 560/116/567 588/693/604
f 495/698/610 542/658/579 559/636/556 520/705/618
f 542/658/579 478/657/535 469/633/545 559/636/556
f 567/700/612 494/178/621 519/712/626 563/667/588
f 511/638/558 510/653/574 505/652/573 506/639/559
f 540/649/570 545/629/551 528/632/607 544/695/606
f 517/709/623 492/664/585 535/654/575 534/99/578
f 499/694/605 522/679/596 561/635/555 471/634/547
f 533/708/622 532/710/624 571/175/617 572/704/616
f 515/686/592 570/682/592 569/683/592 516/687/592
f 481/713/532 480/619/542 537/618/541 536/702/614
f 525/643/563 501/707/620 555/691/602 526/644/564
f 501/707/620 537/618/541 512/617/540 555/691/602
f 477/602/525 592/601/524 597/714/627 575/715/628
f 563/667/588 564/670/591 562/701/613 567/700/612
f 479/596/519 477/602/525 575/715/628 576/716/629
f 482/606/529 483/605/528 578/717/630 577/592/515
f 593/718/631 482/606/529 577/592/515 596/591/514
f 604/603/526 482/606/529 593/718/631 607/719/632
f 470/585/508 479/596/519 576/716/629 574/720/633
f 472/586/509 470/585/508 574/720/633 573/721/634
f 576/716/629 575/715/628 580/597/520 581/590/513
f 577/592/515 578/717/630 584/607/530 582/593/516
f 575/715/628 597/714/627 599/598/521 580/597/520
f 574/720/633 576/716/629 581/590/513 579/589/512
f 573/721/634 574/720/633 579/589/512 583/588/511
f 555/691/602 558/690/601 521/645/565 526/644/564
f 546/706/619 508/689/600 509/688/599 512/617/540
f 590/616/539 591/722/561 546/706/619 512/617/540
f 595/642/562 591/641/561 590/621/539 594/620/543
f 597/714/627 592/601/524 593/718/631 596/591/514
f 606/600/523 595/642/562 594/620/543 607/719/632
f 599/598/521 597/714/627 596/591/514 598/594/517
f 155/52/49 599/598/521 598/594/517 156/56/53
f 546/706/619 591/722/561 476/656/536 518/659/580
f 163/198/176 474/197/175 22/44/41 23/43/40
f 587/200/178 166/199/177 165/202/180 586/723/635
f 589/724/636 167/206/184 164/205/183 475/725/637
f 586/723/635 165/202/180 167/206/184 589/724/636
f 592/601/524 606/600/523 607/719/632 593/718/631
f 488/611/534 604/603/526 607/719/632 594/620/543
f 488/611/534 489/610/533 605/604/527 604/603/526
f 487/615/538 486/614/537 602/599/522 603/595/518
f 486/614/537 595/642/562 606/600/523 602/599/522
f 487/615/538 603/595/518 600/584/507 484/622/544
f 484/622/544 600/584/507 601/587/510 485/624/546
f 473/726/549 608/727/638 610/728/639 500/729/615
f 500/729/615 610/728/639 609/730/640 490/731/625
f 588/732/604 611/733/641 608/727/638 473/726/549
f 682/734/642 612/735/643 614/736/644 683/737/645
f 683/737/645 614/736/644 613/738/646 684/739/647
f 685/740/648 615/741/649 612/735/643 682/734/642
f 685/740/648 686/742/650 629/743/651 475/744/637
f 588/732/604 628/745/652 630/746/653 611/733/641
f 601/747/510 616/748/654 622/749/655 485/750/546
f 586/751/635 626/752/656 619/753/657 587/754/178
f 583/755/511 623/756/658 618/757/659 573/758/634
f 485/750/546 622/749/655 621/759/660 471/760/547
f 585/761/603 627/762/661 628/763/652 588/764/604
f 499/765/605 624/766/662 627/762/661 585/761/603
f 474/767/175 620/768/663 623/756/658 583/755/511
f 475/769/637 629/770/651 625/771/664 589/772/636
f 573/758/634 618/757/659 617/773/665 472/774/509
f 471/775/547 621/776/660 624/766/662 499/765/605
f 472/774/509 617/773/665 616/748/654 601/747/510
f 587/754/178 619/753/657 620/777/663 474/778/175
f 589/772/636 625/771/664 626/752/656 586/751/635
f 540/649/666 656/779/667 666/780/668 556/650/669
f 493/781/670 633/782/671 651/783/672 529/784/673
f 519/712/626 647/785/674 668/786/675 563/667/588
f 505/652/676 639/787/677 659/788/678 548/672/679
f 495/789/680 635/790/681 637/791/682 498/792/683
f 566/668/589 669/793/684 672/794/685 572/704/616
f 492/664/585 632/795/686 653/796/687 531/665/688
f 529/784/673 651/783/672 652/797/689 530/798/690
f 553/674/691 664/799/692 660/800/693 549/675/694
f 496/801/695 636/802/696 633/782/671 493/781/670
f 506/803/697 640/804/698 636/802/696 496/801/695
f 530/798/690 652/797/689 631/805/699 491/806/700
f 508/807/701 641/808/702 661/809/703 550/810/704
f 491/806/700 631/805/699 638/811/705 502/812/706
f 539/646/707 655/813/708 634/814/709 494/178/710
f 531/665/688 653/796/687 657/815/711 544/695/712
f 544/695/712 657/815/711 656/779/667 540/649/666
f 533/708/622 654/816/713 632/795/686 492/664/585
f 516/817/714 646/818/715 643/819/716 513/820/717
f 520/821/718 648/822/719 635/790/681 495/789/680
f 558/690/720 667/823/721 649/824/722 521/645/722
f 514/685/723 644/825/724 645/826/725 515/686/726
f 498/792/683 637/791/682 641/808/702 508/807/701
f 569/827/727 670/828/727 646/818/715 516/817/714
f 547/829/728 658/830/729 640/804/698 506/803/697
f 513/820/717 643/819/716 662/831/730 551/832/731
f 549/675/694 660/800/693 642/833/732 509/688/733
f 548/672/679 659/788/678 663/834/734 552/673/735
f 494/178/710 634/814/709 647/785/674 519/712/626
f 524/835/736 650/836/737 648/822/719 520/821/718
f 552/673/735 663/834/734 644/825/724 514/685/723
f 572/704/616 672/794/685 654/816/713 533/708/622
f 502/812/706 638/811/705 650/836/737 524/835/736
f 570/682/738 671/837/738 664/799/692 553/674/691
f 556/650/669 666/780/668 639/787/677 505/652/676
f 563/667/588 668/786/675 669/793/684 566/668/589
f 554/838/739 665/839/740 670/828/727 569/827/727
f 550/810/704 661/809/703 665/839/740 554/838/739
f 509/688/733 642/833/732 667/823/721 558/690/720
f 521/645/722 649/824/722 655/813/708 539/646/707
f 515/686/726 645/826/725 671/837/738 570/682/738
f 551/832/731 662/831/730 658/830/729 547/829/728
f 684/840/741 687/841/742 674/842/743 609/843/744
f 609/843/744 674/842/743 673/844/745 490/845/746
f 687/841/742 688/846/14 676/847/14 674/842/743
f 674/842/743 676/847/14 673/844/745
f 673/844/747 679/848/748 678/849/749 490/850/750
f 676/847/751 680/851/752 679/848/748 673/844/747
f 688/846/753 689/852/754 680/851/752 676/847/751
f 677/853/755 681/854/756 689/852/754 688/846/753
f 675/855/757 677/853/755 688/846/14 687/841/742
f 613/856/646 675/855/757 687/841/742 684/840/741
f 611/733/641 630/746/653 686/742/650 685/740/648
f 611/733/641 685/740/648 682/734/642 608/727/638
f 610/728/639 683/737/645 684/739/647 609/730/640
f 608/727/638 682/734/642 683/737/645 610/728/639
f 534/99/578 695/475/758 693/857/759 517/709/623
f 605/604/527 703/858/760 691/859/761 483/605/528
f 571/175/617 700/860/762 699/861/763 565/669/590
f 532/710/624 694/862/764 700/860/762 571/175/617
f 578/717/630 701/863/765 702/864/766 584/607/530
f 481/609/532 690/865/767 692/866/768 489/610/533
f 562/701/613 697/486/769 696/867/770 536/702/614
f 565/669/590 699/861/763 698/868/771 564/670/591
f 584/607/530 702/864/766 390/489/446 35/67/64
f 517/709/623 693/857/759 694/862/764 532/710/624
f 483/605/528 691/859/761 701/863/765 578/717/630
f 489/610/533 692/866/768 703/858/760 605/604/527
f 564/670/591 698/868/771 697/486/769 562/701/613
f 536/702/614 696/867/770 690/869/767 481/713/532
f 733/870/772 715/871/773 716/872/774 734/873/775
f 735/874/776 707/875/777 708/876/778 736/877/779
f 734/873/775 716/872/774 407/503/459 445/502/458
f 700/878/762 745/879/780 747/880/781 699/881/763
f 737/882/782 717/883/783 705/884/784 738/885/785
f 708/886/778 752/887/786 754/888/787 736/889/779
f 739/890/788 704/891/789 706/892/790 740/893/791
f 711/894/792 749/895/793 750/896/794 712/897/795
f 738/885/785 705/884/784 715/871/773 733/870/772
f 732/492/796 709/898/797 707/875/777 735/874/776
f 740/893/791 706/892/790 717/883/783 737/882/782
f 699/881/763 747/880/781 744/899/798 698/900/771
f 736/889/779 754/888/787 746/901/799 694/902/764
f 741/529/800 710/903/801 704/904/789 739/905/788
f 713/906/802 727/907/803 726/908/804 712/909/795
f 705/884/784 719/910/805 729/911/806 715/871/773
f 709/898/797 723/912/807 721/913/808 707/875/777
f 706/892/790 720/914/809 731/915/810 717/883/783
f 714/916/811 728/917/803 727/907/803 713/906/802
f 711/918/792 725/919/812 724/920/813 710/903/801
f 710/903/801 724/920/813 718/921/803 704/904/789
f 715/871/773 729/911/806 730/922/814 716/872/774
f 707/875/777 721/913/808 722/923/815 708/876/778
f 716/872/774 730/922/814 424/551/495 407/503/459
f 712/909/795 726/908/804 725/919/812 711/918/792
f 717/883/783 731/915/810 719/910/805 705/884/784
f 708/876/778 722/923/815 728/917/803 714/916/811
f 704/891/789 718/924/803 720/914/809 706/892/790
f 696/867/770 741/529/800 739/905/788 690/869/767
f 694/902/764 746/901/799 745/879/780 700/878/762
f 710/925/801 748/926/816 749/895/793 711/894/792
f 692/866/768 740/893/791 737/882/782 703/858/760
f 695/475/758 732/492/796 735/874/776 693/857/759
f 691/859/761 738/885/785 733/870/772 701/863/765
f 713/927/802 753/928/817 751/929/818 714/930/811
f 690/865/767 739/890/788 740/893/791 692/866/768
f 698/900/771 744/899/798 743/931/819 697/932/769
f 703/858/760 737/882/782 738/885/785 691/859/761
f 741/933/800 759/934/820 748/926/816 710/925/801
f 702/864/766 734/873/775 445/502/458 390/489/446
f 693/857/759 735/874/776 736/877/779 694/862/764
f 701/863/765 733/870/772 734/873/775 702/864/766
f 755/935/821 750/936/794 749/937/793 756/938/822
f 754/939/787 752/940/786 751/941/818 757/942/823
f 758/943/824 753/944/817 750/936/794 755/935/821
f 757/942/823 751/941/818 753/944/817 758/943/824
f 756/938/822 749/937/793 748/945/816 759/574/820
f 743/946/819 756/938/822 759/574/820 742/947/825
f 745/948/780 757/942/823 758/943/824 747/949/781
f 747/949/781 758/943/824 755/935/821 744/950/798
f 746/951/799 754/939/787 757/942/823 745/948/780
f 744/950/798 755/935/821 756/938/822 743/946/819
f 697/932/769 743/931/819 742/952/825 696/953/770
f 714/930/811 751/929/818 752/887/786 708/886/778
f 696/953/770 742/952/825 759/934/820 741/933/800
f 712/897/795 750/896/794 753/928/817 713/927/802
f 148/203/181 166/199/177 163/198/176 23/43/40
f 164/954/183 183/955/197 615/741/649 475/956/637
f 475/744/637 615/741/649 685/740/648
f 180/957/193 612/735/643 615/741/649 183/955/197
f 182/958/192 614/736/644 612/735/643 180/957/193
f 181/959/195 613/738/646 614/736/644 182/958/192
f 251/436/410 675/855/757 613/856/646 181/437/195
f 253/434/408 677/853/755 675/855/757 251/436/410
f 259/435/409 681/854/756 677/853/755 253/434/408
f 104/111/105 62/125/119 61/147/133 118/138/130
f 79/110/104 74/130/122 78/101/95 104/111/105
f 56/91/87 50/124/118 62/125/119 82/92/88
f 82/92/88 62/125/119 760/960/826 256/339/306
f 104/111/105 78/101/95 255/553/496 761/961/827
f 62/125/119 104/111/105 761/961/827 760/960/826
f 507/962/828 763/963/829 511/638/558 497/637/557
f 535/654/575 527/666/587 765/964/830 766/655/576
f 503/663/584 507/962/828 497/637/557 504/660/581
f 545/629/551 557/651/572 770/965/831 769/630/552
f 763/963/829 762/966/832 510/653/574 511/638/558
f 527/666/587 768/632/554 767/631/553 765/964/830
f 557/651/572 510/653/574 762/966/832 770/965/831
f 775/967/833 778/473/834 776/472/835 777/968/836
f 764/100/577 773/488/837 695/475/758 534/99/578
f 779/969/838 775/967/833 709/898/797 732/492/796
f 779/969/838 774/520/839 778/473/834 775/967/833
f 775/967/833 777/968/836 723/912/807 709/898/797
f 766/655/576 771/553/840 774/520/839 779/969/838
f 764/100/577 766/655/576 779/969/838 773/488/837
f 773/488/837 779/969/838 732/492/796 695/475/758
f 769/630/552 770/965/831 762/966/832 763/963/829
f 767/631/553 769/630/552 766/655/576 765/964/830
f 503/663/584 523/662/583 763/963/829 507/962/828
f 523/662/583 772/970/841 780/960/842 763/963/829
f 769/630/552 781/961/843 771/553/840 766/655/576
f 763/963/829 780/960/842 781/961/843 769/630/552
f 782/971/844 777/972/836 776/973/835 783/974/845
f 784/975/846 723/976/807 777/972/836 782/971/844
f 785/977/847 721/978/808 723/976/807 784/975/846
f 786/979/848 722/980/815 721/978/808 785/977/847
f 787/981/7 728/982/803 722/980/815 786/979/848
f 788/983/7 727/984/803 728/982/803 787/981/7
f 789/985/849 726/986/804 727/984/803 788/983/7
f 790/987/850 725/988/812 726/986/804 789/985/849
f 791/989/851 724/990/813 725/988/812 790/987/850
f 792/991/7 718/992/803 724/990/813 791/989/851
f 793/993/852 720/994/809 718/992/803 792/991/7
f 794/995/853 731/996/810 720/994/809 793/993/852
f 795/997/854 719/998/805 731/996/810 794/995/853
f 796/999/855 729/1000/806 719/998/805 795/997/854
f 424/1001/495 730/1002/814 729/1000/806 796/999/855
f 436/1003/493 424/1001/495 796/999/855 435/1004/484
f 435/1004/484 796/999/855 795/997/854 423/1005/485
f 423/1005/485 795/997/854 794/995/853 437/1006/488
f 437/1006/488 794/995/853 793/993/852 425/1007/489
f 425/1007/489 793/993/852 792/991/7 422/1008/483
f 422/1008/483 792/991/7 791/989/851 430/1009/491
f 430/1009/491 791/989/851 790/987/850 431/1010/492
f 431/1010/492 790/987/850 789/985/849 432/1011/482
f 432/1011/482 789/985/849 788/983/7 433/1012/483
f 433/1012/483 788/983/7 787/981/7 434/1013/483
f 434/1013/483 787/981/7 786/979/848 428/1014/494
f 428/1014/494 786/979/848 785/977/847 426/1015/486
f 426/1015/486 785/977/847 784/975/846 429/1016/487
f 429/1016/487 784/975/846 782/971/844 427/1017/428
f 427/1017/428 782/971/844 783/974/845 421/1018/429
f 523/662/583 490/711/750 678/1019/749 772/970/841
f 24/224/182 351/222/196 183/223/197
f 183/955/197 164/954/183 24/1020/182
f 783/1021/845 776/1022/835 778/1023/834 809/1024/856
f 809/1024/856 778/1023/834 774/1025/839 810/1026/857
f 810/1026/857 774/1025/839 771/1027/840 811/1028/858
f 811/1028/858 771/1027/840 781/1029/843 812/1030/859
f 812/1030/859 781/1029/843 780/1031/842 813/1032/860
f 813/1032/860 780/1031/842 772/1033/841 814/1034/861
f 814/1034/861 772/1033/841 678/1035/749 815/1036/862
f 815/1036/862 678/1035/749 679/1037/748 816/1038/863
f 816/1038/863 679/1037/748 680/1039/752 689/1040/754
f 355/345/313 689/852/754 681/854/756 259/435/409
f 257/1041/309 806/1042/864 355/1043/313 258/1044/311
f 254/1045/307 805/1046/865 806/1042/864 257/1041/309
f 256/1047/306 804/1048/866 805/1046/865 254/1045/307
f 760/1049/826 803/1050/867 804/1048/866 256/1047/306
f 761/1051/827 802/1052/868 803/1050/867 760/1049/826
f 255/1053/496 801/1054/869 802/1052/868 761/1051/827
f 404/1055/472 800/1056/870 801/1054/869 255/1053/496
f 438/1057/430 799/1058/871 800/1056/870 404/1055/472
f 421/1059/429 783/1021/845 799/1058/871 438/1057/430
f 806/1042/864 816/1038/863 689/1040/754 355/1043/313
f 805/1046/865 815/1036/862 816/1038/863 806/1042/864
f 804/1048/866 814/1034/861 815/1036/862 805/1046/865
f 803/1050/867 813/1032/860 814/1034/861 804/1048/866
f 802/1052/868 812/1030/859 813/1032/860 803/1050/867
f 801/1054/869 811/1028/858 812/1030/859 802/1052/868
f 800/1056/870 810/1026/857 811/1028/858 801/1054/869
f 799/1058/871 809/1024/856 810/1026/857 800/1056/870
f 783/1021/845 809/1024/856 799/1058/871
f 808/1060/1 798/1061/2 817/1062/3 807/1063/4
f 807/1063/4 817/1062/3 821/1064/5 820/1065/6
f 820/1065/7 821/1064/5 819/7/8 818/8/7
f 818/8/9 819/7/8 798/9/2 808/10/1
f 819/7/8 821/1064/5 824/1066/14 825/1067/14
f 825/1067/15 824/1066/872 828/1068/17 829/18/18
f 817/1062/3 798/1061/2 822/1069/14 823/1070/14
f 798/9/2 819/7/8 825/1067/14 822/1071/14
f 821/1064/5 817/1062/3 823/1070/14 824/1066/14
f 828/1068/17 827/1072/19 826/1073/20 829/18/18
f 823/1070/21 822/1069/873 826/1074/20 827/1075/19
f 822/1071/873 825/1067/15 829/18/18 826/25/20
f 824/1066/872 823/1070/21 827/1075/19 828/1068/17
f 807/1063/4 820/1065/6 833/322/290 831/1076/291
f 808/1060/1 807/1063/4 831/1076/291 830/1077/874
f 818/8/9 808/10/1 830/325/874 832/326/293
f 835/1078/294 834/328/295 836/329/875 837/1079/297
f 820/1065/6 818/8/9 834/328/295 835/1078/294
f 818/8/9 832/326/293 836/329/875 834/328/295
f 833/322/290 820/1065/6 835/1078/294 837/1079/297
f 143/58/55 138/189/168 159/192/171 161/54/51
