# Blender 4.4.0
# www.blender.org
o Truck_Inside.001
v 1.415876 1.911055 -1.082574
v 1.455526 2.110992 -1.053973
v 1.506972 1.857443 -1.040480
v 1.528467 2.012138 -0.991114
v 1.502222 1.364981 -1.021313
v 1.455526 2.227991 -0.133237
v 1.520924 2.186126 -0.167829
v 1.684363 1.624204 -0.133637
v 1.198649 1.985115 -1.086686
v 1.229732 2.200484 -1.059360
v 1.229737 2.317430 -0.139511
v 1.347632 1.955835 -1.085158
v 1.383410 2.142211 -1.055852
v 1.383380 2.259167 -0.136004
v 0.774182 2.094618 -1.089828
v 0.543398 2.237154 -1.097068
v 0.787172 2.261884 -1.063056
v 0.543398 2.378426 -1.070072
v 0.543398 2.495409 -0.149336
v 0.787177 2.378877 -0.142321
v 1.446049 2.044930 -1.104760
v 1.514612 1.945722 -1.058349
v 1.225006 2.141039 -1.110545
v 1.372673 2.088241 -1.107367
v 0.781625 2.207594 -1.114552
v 0.543398 2.330253 -1.121936
v 1.499942 1.096939 -1.011525
v 1.487649 1.454065 -1.055144
v 0.760983 1.457195 -1.055914
v 1.435058 1.297876 -1.046323
v 0.789035 1.903758 -1.082798
v 1.308347 1.881406 -1.083363
v 1.266463 1.312783 -1.047220
v 1.349894 1.143587 -1.007125
v 1.183095 1.888687 -1.081890
v 1.560976 1.731382 -1.034881
v 1.493981 1.236577 -1.018293
v 0.790166 1.927477 -1.088972
v 1.462239 1.558542 -1.061988
v 1.486143 1.134141 -1.052728
v 1.315464 1.237515 -1.003217
v 1.469501 1.234528 -1.052835
v 1.153796 1.327873 -1.054655
v 1.202592 1.321169 -1.054251
v 1.192425 1.162503 -1.008263
v 1.241417 1.113091 -1.005289
v 1.126534 1.890395 -1.088519
v 1.061722 1.884576 -1.087008
v 1.176165 1.237441 -1.004446
v 1.225005 1.237441 -1.004446
v 1.058630 1.936490 -1.090185
v 1.203599 1.452436 -1.062153
v 1.154867 1.452909 -1.062182
v 1.141538 1.567754 -1.069096
v 1.190179 1.567307 -1.069069
v 0.543398 1.420260 -1.063936
v 0.543398 1.202740 -1.010686
v 0.857922 1.176698 -1.009118
v 1.185015 1.918534 -1.085171
v 0.767248 1.881685 -1.083861
v 1.346249 1.864057 -1.081343
v 0.785498 1.132438 -1.006453
v 0.942741 1.173098 -1.008901
v 0.967053 1.896998 -1.082391
v 1.480304 1.578447 -1.065737
v 1.515619 1.097573 -1.045729
v 1.407871 1.750930 -1.073597
v 0.837093 1.909894 -1.087914
v 0.943930 1.909881 -1.087431
v 0.831471 1.237514 -1.003234
v 0.930070 1.237515 -1.003217
v 1.463082 1.309390 -1.047016
v 1.481486 1.389213 -1.051668
v 0.776433 1.415608 -1.053411
v 0.543398 1.570369 -1.072973
v 0.750243 1.571532 -1.067919
v 0.543398 1.237384 -1.005391
v 0.772774 1.237449 -1.004321
v 0.543398 1.948987 -1.091582
v 0.756979 1.946121 -1.090270
v 1.503986 1.234636 -1.050855
v 0.835966 1.900740 -1.082616
v 1.043826 1.343376 -1.049062
v 1.504145 1.489871 -1.059533
v 1.318726 1.905802 -1.085652
v 1.500567 1.266922 -1.049859
v 0.897916 1.369346 -1.050626
v 1.041898 1.121557 -1.005798
v 1.043206 1.237515 -1.003217
v 1.120208 1.921612 -1.089151
v 1.206190 1.336369 -1.055166
v 1.157331 1.341921 -1.055500
v 1.076685 1.868148 -1.087180
v 1.127514 1.867753 -1.087156
v 1.206715 1.402002 -1.059117
v 1.157889 1.404439 -1.059264
v 1.102873 1.762990 -1.080849
v 1.151611 1.762224 -1.080803
v 1.026471 1.923530 -1.089472
v 1.121860 1.332458 -1.051668
v 1.130935 1.237478 -1.003831
v 1.138186 1.164805 -1.008402
v 1.042355 1.894438 -1.085499
v 1.368179 1.879065 -1.083554
v 1.502729 1.428321 -1.056072
v 1.434345 1.773356 -1.076431
v 0.543398 1.934997 -1.094878
v 0.762358 1.848640 -1.082299
v 0.543398 1.879912 -1.091561
v 0.543398 1.756939 -1.084204
v 0.747141 1.762487 -1.079415
v 0.759434 1.931926 -1.091930
v 1.497938 1.333272 -1.051103
v 1.174139 1.648368 -1.073949
v 1.125458 1.648947 -1.073983
v 0.543398 1.647958 -1.077644
v 0.748953 1.650945 -1.072700
v 1.535887 2.067520 -0.855464
v 1.455526 2.128631 -0.916152
v 1.229733 2.226829 -0.853514
v 1.383406 2.159852 -0.918032
v 0.787176 2.312506 -0.858685
v 0.543398 2.437932 -0.866241
v 1.455526 2.177937 -0.530909
v 1.229735 2.267428 -0.536297
v 1.383393 2.209162 -0.532789
v 0.787177 2.346320 -0.541046
v 1.535887 2.127562 -0.499371
v 0.543398 2.469259 -0.548447
v 1.602167 1.636276 -1.024814
v 1.648633 1.868077 -0.148682
v 1.604025 2.007199 -0.157058
v 1.626320 1.578906 -1.018987
v 1.683546 1.742537 -0.141092
v 1.082815 2.005541 -1.088134
v 1.148344 1.989890 -1.087468
v 1.155154 2.216622 -1.060332
v 1.089520 2.228107 -1.061023
v 1.155105 2.333632 -0.139597
v 1.089539 2.345103 -0.140288
v 1.089706 2.164965 -1.111986
v 1.155412 2.153636 -1.111304
v 1.089532 2.254451 -0.855177
v 1.155123 2.242975 -0.854486
v 1.089537 2.295050 -0.537959
v 1.155111 2.283576 -0.537269
v 1.488674 2.188352 -0.130851
v 1.643922 1.623787 -0.096864
v 1.601420 1.870304 -0.111704
v 1.556812 2.009425 -0.120079
v 1.636523 1.743995 -0.104100
v 1.450795 2.078017 -1.079324
v 1.521551 1.978985 -1.024675
v 1.227373 2.170810 -1.084910
v 1.378051 2.115271 -1.081567
v 0.784403 2.234784 -1.088761
v 0.543398 2.354380 -1.095961
v 1.155283 2.185181 -1.085775
v 1.089613 2.196589 -1.086462
v 1.503829 1.460141 -0.993610
v 1.484728 1.096325 -0.978332
v 1.484272 1.238461 -0.986693
v 1.541390 1.542218 -1.000177
v 1.473475 1.526804 -0.138740
v 1.485864 1.147907 -0.121511
v 1.485546 1.290200 -0.130077
v 1.495947 1.618111 -0.145771
v 1.528900 1.984638 -1.027786
v 1.535816 2.017790 -0.994225
v 1.543237 2.073172 -0.858575
v 1.611375 2.012899 -0.159366
v 1.544455 2.191460 -0.176209
v 1.541269 1.889319 -1.063610
v 1.521962 1.951374 -1.061459
v 1.543237 2.133214 -0.502482
v 1.594549 1.758924 -1.054327
v 1.690985 1.747876 -0.143391
v 1.655982 1.873778 -0.150991
v 1.641149 1.663804 -1.045519
v 1.663076 1.578579 -1.045781
v 1.706935 1.616771 -0.133350
v 1.690907 1.519778 -0.972234
v 1.493652 1.447893 -1.079901
v 0.752858 1.448896 -1.081470
v 1.439313 1.286511 -1.070786
v 0.782100 1.914401 -1.109494
v 1.308388 1.889444 -1.109059
v 1.265112 1.301912 -1.071713
v 1.178973 1.896966 -1.107536
v 1.467398 1.555844 -1.086973
v 1.162334 1.314088 -1.080157
v 1.199118 1.310577 -1.078978
v 1.120531 1.898731 -1.114385
v 1.066354 1.894405 -1.113883
v 1.200158 1.446209 -1.087143
v 1.163451 1.444427 -1.088004
v 1.149556 1.564144 -1.095211
v 1.186291 1.564900 -1.094289
v 0.759389 1.891392 -1.110603
v 1.347551 1.871516 -1.106972
v 0.967669 1.907355 -1.109070
v 1.411222 1.754628 -1.098968
v 1.468269 1.298408 -1.071502
v 1.487285 1.380884 -1.076309
v 0.768964 1.405543 -1.078861
v 0.741663 1.568082 -1.093985
v 0.831023 1.911256 -1.109305
v 1.047699 1.330249 -1.074328
v 0.895599 1.357320 -1.075958
v 1.202835 1.326283 -1.079924
v 1.166019 1.328731 -1.081039
v 1.081952 1.877281 -1.114062
v 1.121543 1.875336 -1.112977
v 1.203378 1.394099 -1.084006
v 1.166601 1.393901 -1.084962
v 1.109251 1.767662 -1.107463
v 1.146441 1.766298 -1.106413
v 1.129044 1.318867 -1.077044
v 1.046166 1.904685 -1.112311
v 0.754291 1.856945 -1.108975
v 0.738429 1.767138 -1.105969
v 1.169719 1.648656 -1.099331
v 1.132795 1.648782 -1.100306
v 0.740318 1.650864 -1.098969
v 1.791467 1.057773 -1.034227
v 1.837792 1.061265 -0.976222
v 1.838929 1.112846 -0.119400
v 1.837792 1.061265 -0.976222
v 1.838929 1.112846 -0.119400
v 1.517055 0.743797 -1.009762
v 0.785498 0.743682 -1.011677
v 1.791467 0.743464 -1.015305
v 1.837792 0.746956 -0.957300
v 1.841151 0.914535 -0.107462
v 1.468080 1.514164 -0.577268
v 1.443025 1.503125 -0.576603
v 1.445799 1.475929 -0.574966
v 1.472570 1.470158 -0.574618
v 1.486340 1.493788 -0.576041
v 1.463676 1.488313 -0.667291
v 1.438957 1.479250 -0.659749
v 1.442276 1.455249 -0.646981
v 1.469047 1.449478 -0.646634
v 1.482273 1.469913 -0.659186
v 1.451336 1.426867 -0.737033
v 1.427560 1.422499 -0.724162
v 1.432404 1.406093 -0.702772
v 1.459175 1.400323 -0.702425
v 1.470875 1.413162 -0.723600
v 1.433504 1.341996 -0.772681
v 1.411091 1.344111 -0.757086
v 1.418140 1.338199 -0.731290
v 1.444910 1.332428 -0.730942
v 1.454406 1.334774 -0.756524
v 1.413713 1.250508 -0.767173
v 1.392811 1.259615 -0.751999
v 1.402307 1.265013 -0.726884
v 1.429077 1.259243 -0.726537
v 1.436126 1.250278 -0.751437
v 1.395881 1.170526 -0.721601
v 1.376341 1.185744 -0.709909
v 1.388042 1.201031 -0.690427
v 1.414812 1.195260 -0.690080
v 1.419657 1.176407 -0.709347
v 1.383541 1.117891 -0.644991
v 1.364944 1.137130 -0.639153
v 1.378170 1.158923 -0.629142
v 1.404941 1.153153 -0.628795
v 1.408260 1.127793 -0.638591
v 1.379136 1.103026 -0.552517
v 1.360877 1.123402 -0.553743
v 1.374647 1.147032 -0.555166
v 1.401418 1.141261 -0.554819
v 1.404192 1.114065 -0.553181
v 1.383541 1.128877 -0.462493
v 1.364944 1.147277 -0.470599
v 1.378170 1.167712 -0.483150
v 1.404941 1.161941 -0.482803
v 1.408260 1.137940 -0.470037
v 1.395881 1.190323 -0.392752
v 1.376341 1.204029 -0.406186
v 1.388042 1.216867 -0.427360
v 1.414812 1.211097 -0.427012
v 1.419657 1.194691 -0.405624
v 1.413713 1.275195 -0.357105
v 1.392811 1.282416 -0.373262
v 1.402307 1.284762 -0.398843
v 1.429077 1.278991 -0.398495
v 1.436126 1.273079 -0.372700
v 1.433504 1.366682 -0.362612
v 1.411091 1.366912 -0.378348
v 1.418140 1.357947 -0.403249
v 1.444910 1.352177 -0.402901
v 1.454406 1.357575 -0.377786
v 1.451336 1.446663 -0.408184
v 1.427560 1.440783 -0.420439
v 1.432404 1.421930 -0.439704
v 1.459175 1.416160 -0.439357
v 1.470875 1.431446 -0.419876
v 1.463676 1.499300 -0.484793
v 1.438957 1.489397 -0.491195
v 1.442276 1.464038 -0.500990
v 1.469047 1.458267 -0.500642
v 1.482273 1.480060 -0.490633
v 1.405328 1.347506 -0.622729
v 1.444910 1.338974 -0.622215
v 1.382036 1.239844 -0.616248
v 1.421619 1.231313 -0.615734
v 1.382036 1.246502 -0.505661
v 1.421619 1.237970 -0.505147
v 1.405328 1.354164 -0.512142
v 1.444910 1.345631 -0.511628
v 1.405328 1.350835 -0.567435
v 1.444910 1.342303 -0.566921
v 1.382306 1.244420 -0.561029
v 1.421888 1.235887 -0.560515
v 1.382183 1.204661 -0.619574
v 1.413797 1.195154 -0.613557
v 1.382183 1.211971 -0.498137
v 1.413797 1.201812 -0.502970
v 1.381218 1.203856 -0.558587
v 1.413797 1.198483 -0.558263
v 1.491212 1.516476 -0.271185
v 1.498383 1.282183 -0.262793
v 1.498723 1.139915 -0.254258
v 1.516022 1.606353 -0.278145
v 1.708154 1.604107 -0.280780
v 1.851787 1.104855 -0.252148
v 1.851787 1.104855 -0.252148
v 1.837791 0.791263 -0.221312
v -0.411577 0.924609 0.867978
v -0.441310 0.923217 0.844848
v -0.448787 0.922372 0.830805
v -0.461103 0.919010 0.774964
v -0.461103 1.196482 0.758260
v -0.448787 1.199843 0.814101
v -0.441310 1.200689 0.828144
v -0.411577 1.202081 0.851274
v -0.461103 0.819403 -0.879617
v -0.448787 0.816041 -0.935459
v -0.441310 0.815196 -0.949502
v -0.411577 0.813803 -0.972632
v -0.411577 1.091275 -0.989336
v -0.441310 1.092667 -0.966206
v -0.448787 1.093513 -0.952163
v -0.461103 1.096874 -0.896321
v 0.461103 0.919010 0.774964
v 0.448788 0.922372 0.830805
v 0.441310 0.923217 0.844848
v 0.411577 0.924609 0.867978
v 0.411577 1.202081 0.851274
v 0.441310 1.200689 0.828144
v 0.448788 1.199843 0.814101
v 0.461103 1.196482 0.758260
v 0.411577 0.813803 -0.972632
v 0.441310 0.815196 -0.949502
v 0.448788 0.816041 -0.935459
v 0.461103 0.819403 -0.879617
v 0.461103 1.096874 -0.896321
v 0.448788 1.093513 -0.952163
v 0.441310 1.092667 -0.966206
v 0.411577 1.091275 -0.989336
v 0.215662 2.458727 -1.110407
v 0.215662 2.599999 -1.083411
v 0.215662 2.716982 -0.162675
v 0.215662 2.551826 -1.135275
v 0.062055 1.361028 -1.043664
v 0.215662 1.202740 -1.010686
v -0.034223 1.406137 -1.063925
v 0.215662 1.237384 -1.005391
v -0.034223 1.763471 -1.082204
v -0.012476 1.741047 -1.081124
v -0.008242 1.674907 -1.077712
v -0.008242 1.564719 -1.072029
v -0.012476 1.466522 -1.066964
v 0.215662 2.659505 -0.879580
v 0.215662 2.690832 -0.561786
v 0.215662 2.575953 -1.109300
v -0.093020 0.743682 -1.011677
v -0.401703 2.623483 -1.120701
v -0.401703 2.764779 -1.093331
v -0.401703 2.881760 -0.172595
v -0.401703 2.717738 -1.126375
v -0.512390 1.360965 -1.044696
v -0.401703 1.134021 -1.031034
v -0.617606 1.407127 -1.047475
v -0.401703 1.235473 -1.037141
v -0.617606 1.764267 -1.068975
v -0.640745 1.741860 -1.067626
v -0.645752 1.675754 -1.063647
v -0.645752 1.565624 -1.057017
v -0.640745 1.467477 -1.051108
v -0.401703 2.824284 -0.889500
v -0.401703 2.855612 -0.571706
v -0.401703 2.740732 -1.119220
v -0.781658 0.743682 -1.011677
v -0.781658 2.623483 -1.120701
v -0.781658 2.764778 -1.093331
v -0.781658 2.879646 -0.172468
v -0.781658 2.717738 -1.126375
v -0.781658 1.421200 -1.048322
v -0.781658 1.134021 -1.031034
v -0.781658 1.571309 -1.057359
v -0.781658 1.235473 -1.037141
v -0.781658 1.949676 -1.080137
v -0.781658 1.935935 -1.079310
v -0.781658 1.880849 -1.075994
v -0.781658 1.757879 -1.068591
v -0.781658 1.648898 -1.062030
v -0.781658 2.824284 -0.889500
v -0.781658 2.855612 -0.571706
v -0.781658 2.740732 -1.119220
v -0.401703 0.743682 -1.011677
v -0.093020 1.135490 -1.006637
v -0.093020 1.237384 -1.005391
v -0.093020 2.741894 -0.884540
v -0.093020 2.773222 -0.566746
v -0.225168 1.357434 -1.043488
v -0.326626 1.403922 -1.063863
v -0.093020 2.799370 -0.167635
v -0.093020 2.658343 -1.114260
v -0.093020 2.682389 -1.088371
v -0.093020 2.541117 -1.115367
v -0.093020 2.634215 -1.140235
v -0.326626 1.765685 -1.082266
v -0.034223 1.762373 -1.100448
v -0.012476 1.739949 -1.099373
v -0.008242 1.673808 -1.095971
v -0.012476 1.465592 -1.082413
v -0.034223 1.405206 -1.079385
v -0.008242 1.563619 -1.090304
v -0.617606 1.762373 -1.100448
v -0.640745 1.739949 -1.099373
v -0.645752 1.673808 -1.095971
v -0.640745 1.465592 -1.082413
v -0.617606 1.405206 -1.079385
v -0.645752 1.563620 -1.090304
v -0.326626 1.402992 -1.079324
v -0.326626 1.658428 -1.096579
v -0.326626 1.699678 -1.099062
v -0.326626 1.484904 -1.083329
v -0.326626 1.566341 -1.091082
v -0.326626 1.764587 -1.100510
v 1.415876 2.027232 0.847264
v 1.455526 2.222295 0.794884
v 1.506972 1.968958 0.811907
v 1.528467 2.116614 0.744339
v 1.502222 1.477753 0.851956
v 1.520924 2.190578 -0.093874
v 1.687648 1.628707 -0.060381
v 1.198649 2.101252 0.842462
v 1.229732 2.311786 0.789497
v 1.347631 2.072000 0.844457
v 1.383410 2.253514 0.793005
v 0.774182 2.210341 0.832446
v 0.543398 2.352715 0.822532
v 0.787172 2.373187 0.785800
v 0.543398 2.489729 0.778784
v 1.446049 2.162803 0.853230
v 1.514612 2.058743 0.819055
v 1.225006 2.258912 0.847444
v 1.372673 2.206114 0.850622
v 0.781625 2.325467 0.843437
v 0.543398 2.448125 0.836053
v 1.499941 1.210473 0.874395
v 1.487649 1.570253 0.874855
v 0.760983 1.573453 0.875246
v 1.435058 1.414133 0.884837
v 0.789035 2.020015 0.848362
v 1.308347 1.997893 0.851605
v 1.266463 1.429040 0.883940
v 1.315464 1.349138 0.850950
v 1.183095 2.004945 0.849270
v 1.560976 1.843136 0.821470
v 1.493981 1.349915 0.864362
v 0.790166 2.044304 0.851647
v 1.462239 1.674797 0.869118
v 1.486142 1.252450 0.912506
v 1.469501 1.352024 0.898902
v 1.153796 1.444914 0.889509
v 1.202592 1.438209 0.889912
v 1.349894 1.256356 0.866098
v 1.126534 2.007435 0.855644
v 1.061722 2.001477 0.854843
v 1.176165 1.349212 0.852179
v 1.225005 1.349111 0.850511
v 1.058630 2.053397 0.851768
v 1.203599 1.569476 0.882010
v 1.154867 1.569949 0.881981
v 1.141538 1.684794 0.875068
v 1.190178 1.684347 0.875095
v 0.543398 1.537747 0.887640
v 1.185015 2.034969 0.848946
v 0.767248 1.998230 0.852066
v 1.346249 1.980426 0.851681
v 0.967053 2.013256 0.848769
v 1.480304 1.695007 0.870451
v 1.515619 1.215205 0.908277
v 1.407871 1.867187 0.857563
v 0.837093 2.026721 0.852705
v 0.943930 2.026650 0.852228
v 0.831471 1.349139 0.850967
v 0.930070 1.349037 0.849283
v 1.463082 1.425648 0.884144
v 1.481486 1.505452 0.879185
v 0.776433 1.531865 0.877749
v 0.543398 1.687855 0.878603
v 0.750243 1.688403 0.873448
v 0.543398 1.349268 0.853124
v 0.772774 1.349204 0.852054
v 0.543398 2.065971 0.851657
v 0.756979 2.062968 0.850698
v 1.503986 1.351895 0.896922
v 0.835966 2.016998 0.848544
v 1.043826 1.459634 0.882098
v 1.504145 1.606327 0.874918
v 1.318726 2.022387 0.850950
v 1.500567 1.383828 0.892061
v 0.897915 1.485604 0.880534
v 1.043206 1.349138 0.850950
v 1.120208 2.038503 0.852528
v 1.206190 1.453409 0.888997
v 1.157331 1.458961 0.888663
v 1.076685 1.985188 0.856984
v 1.127514 1.984793 0.857007
v 1.206715 1.519042 0.885046
v 1.157889 1.521479 0.884899
v 1.102873 1.880030 0.863314
v 1.151611 1.879264 0.863360
v 1.026471 2.040445 0.852616
v 1.121860 1.449107 0.885994
v 1.130935 1.349074 0.849897
v 1.042355 2.011086 0.852162
v 1.368179 1.995591 0.852076
v 1.502729 1.544806 0.878867
v 1.434344 1.889791 0.857686
v 0.543398 2.052478 0.856606
v 0.762358 1.965236 0.854480
v 0.543398 1.997393 0.859923
v 0.543398 1.874426 0.867371
v 0.747141 1.879359 0.861952
v 0.759434 2.049076 0.854049
v 1.497938 1.449847 0.885335
v 1.174139 1.765408 0.870215
v 1.125458 1.765988 0.870180
v 0.543398 1.765445 0.873932
v 0.748953 1.767817 0.868667
v 1.535887 2.155322 0.603024
v 1.455526 2.223273 0.655943
v 1.229733 2.313247 0.581976
v 1.383406 2.254493 0.654064
v 0.787175 2.398925 0.576831
v 0.543398 2.524351 0.569285
v 1.455526 2.226005 0.267566
v 1.229735 2.315497 0.262179
v 1.383393 2.257231 0.265686
v 0.787177 2.394388 0.257429
v 1.535887 2.172211 0.242299
v 0.543398 2.517328 0.250028
v 1.602167 1.747509 0.822886
v 1.648633 1.872530 -0.074727
v 1.604025 2.011651 -0.083102
v 1.626319 1.689855 0.823984
v 1.683546 1.746985 -0.067201
v 1.082815 2.121704 0.841449
v 1.148344 2.106086 0.842665
v 1.155154 2.327925 0.788525
v 1.089520 2.339410 0.787834
v 1.089706 2.282838 0.846003
v 1.155412 2.271509 0.846685
v 1.089532 2.340868 0.580313
v 1.155123 2.329392 0.581004
v 1.089537 2.343118 0.260516
v 1.155110 2.331645 0.261207
v 1.450795 2.192599 0.824008
v 1.521551 2.087727 0.781635
v 1.227373 2.285393 0.818422
v 1.378051 2.229853 0.821766
v 0.784403 2.349366 0.814571
v 0.543398 2.468962 0.807371
v 1.155282 2.299764 0.817557
v 1.089613 2.311171 0.816870
v 1.623582 1.568902 0.813039
v 1.604481 1.205882 0.841516
v 1.604025 1.347994 0.832764
v 1.661144 1.651175 0.809710
v 1.605505 1.532528 -0.043656
v 1.617894 1.154300 -0.015306
v 1.617576 1.296594 -0.023872
v 1.627977 1.624019 -0.047629
v 1.528900 2.093712 0.784044
v 1.535816 2.122598 0.746748
v 1.543237 2.161306 0.605434
v 1.611375 2.017587 -0.081494
v 1.544455 2.196879 -0.086195
v 1.541269 2.003379 0.831046
v 1.521962 2.064728 0.821466
v 1.543237 2.178195 0.244710
v 1.594549 1.872812 0.837472
v 1.690985 1.752562 -0.065560
v 1.655982 1.878466 -0.073119
v 1.641149 1.777323 0.840138
v 1.663076 1.692744 0.850623
v 1.706935 1.621199 -0.059800
v 1.690907 1.625544 0.784661
v 1.493652 1.567095 0.900174
v 0.752858 1.568279 0.901612
v 1.439313 1.405785 0.910487
v 0.782100 2.033784 0.873588
v 1.308388 2.008955 0.876151
v 1.265112 1.421187 0.909560
v 1.178973 2.016240 0.873737
v 1.467398 1.675115 0.894245
v 1.162334 1.434287 0.916481
v 1.199118 1.430661 0.915732
v 1.120531 2.018814 0.880324
v 1.066354 2.014459 0.880344
v 1.200158 1.566292 0.907566
v 1.163451 1.564626 0.908634
v 1.149556 1.684344 0.901427
v 1.186291 1.684983 0.900421
v 0.759389 2.011074 0.877449
v 1.347551 1.990906 0.876229
v 0.967669 2.026738 0.874013
v 1.411222 1.873902 0.882306
v 1.468269 1.417682 0.909771
v 1.487285 1.500139 0.904647
v 0.768964 1.524926 0.904222
v 0.741663 1.688106 0.899738
v 0.831023 2.030639 0.873778
v 1.047699 1.449633 0.908755
v 0.895599 1.476704 0.907125
v 1.202835 1.446366 0.914786
v 1.166019 1.448931 0.915599
v 1.081952 1.997481 0.882576
v 1.121543 1.995419 0.881733
v 1.203378 1.514182 0.910704
v 1.166601 1.514101 0.911676
v 1.109251 1.887861 0.889175
v 1.146441 1.886382 0.888297
v 1.129044 1.438658 0.912817
v 1.046166 2.024476 0.877550
v 0.754291 1.976681 0.879966
v 0.738429 1.887161 0.887755
v 1.169719 1.768740 0.895379
v 1.132795 1.768981 0.896332
v 0.740318 1.770888 0.894755
v 1.791467 1.174313 0.901631
v 1.837792 1.170821 0.843626
v 1.838928 1.119240 -0.013195
v 1.837792 1.170821 0.843626
v 1.838928 1.119240 -0.013195
v 1.512328 0.859841 0.917847
v 1.791467 0.860004 0.920553
v 1.837791 0.856512 0.862548
v 1.841151 0.920929 -0.001257
v 1.610965 1.538164 0.089073
v 1.618137 1.304557 0.108847
v 1.618476 1.162292 0.117443
v 1.635775 1.628226 0.085198
v 1.708154 1.626313 0.088085
v 1.851787 1.127231 0.119553
v 1.851787 1.127231 0.119553
v 1.837791 0.812855 0.137360
v 0.215662 2.574288 0.809193
v 0.215662 2.711302 0.765446
v 0.215662 2.669698 0.822714
v 0.062055 1.476510 0.874620
v -0.034223 1.523724 0.889323
v 0.215662 1.349268 0.853124
v -0.034223 1.880670 0.864603
v -0.012476 1.858279 0.866221
v -0.008242 1.792207 0.870768
v -0.008242 1.682133 0.878344
v -0.012476 1.584038 0.885095
v 0.215662 2.745925 0.555946
v 0.215662 2.738901 0.236690
v 0.215662 2.690535 0.794032
v -0.401703 2.739089 0.799648
v -0.401703 2.876081 0.755526
v -0.401703 2.833345 0.793973
v -0.512390 1.476572 0.875652
v -0.617606 1.522734 0.872873
v -0.401703 1.351180 0.884875
v -0.617606 1.879874 0.851373
v -0.640745 1.857467 0.852722
v -0.645752 1.791360 0.856702
v -0.645752 1.681231 0.863332
v -0.640745 1.583083 0.869240
v -0.401703 2.910704 0.546027
v -0.401703 2.903680 0.226770
v -0.401703 2.855314 0.784112
v -0.781658 2.739089 0.799648
v -0.781658 2.876081 0.755526
v -0.781658 2.833345 0.793973
v -0.781658 1.536807 0.872026
v -0.781658 1.686915 0.862989
v -0.781658 1.351079 0.883207
v -0.781658 2.065282 0.840211
v -0.781658 2.051541 0.841039
v -0.781658 1.996456 0.844355
v -0.781658 1.873486 0.851758
v -0.781658 1.764505 0.858318
v -0.781658 2.910704 0.546027
v -0.781658 2.903680 0.226770
v -0.781658 2.855314 0.784112
v -0.093020 1.349268 0.853124
v -0.093020 2.828314 0.550987
v -0.093020 2.821291 0.231730
v -0.225168 1.472921 0.874876
v -0.326626 1.521518 0.889527
v -0.093020 2.772925 0.789072
v -0.093020 2.793692 0.760486
v -0.093020 2.656678 0.804233
v -0.093020 2.752088 0.817754
v -0.326626 1.882876 0.864399
v -0.034223 1.881769 0.882847
v -0.012476 1.859378 0.884469
v -0.008242 1.793306 0.889027
v -0.012476 1.584968 0.900545
v -0.034223 1.524655 0.904783
v -0.008242 1.683234 0.896619
v -0.617606 1.881769 0.882847
v -0.640745 1.859378 0.884469
v -0.645752 1.793306 0.889026
v -0.640745 1.584968 0.900545
v -0.617606 1.524655 0.904783
v -0.645752 1.683235 0.896619
v -0.326626 1.522449 0.904988
v -0.326626 1.778111 0.891476
v -0.326626 1.819360 0.888992
v -0.326626 1.604250 0.899137
v -0.326626 1.686029 0.897065
v -0.326626 1.883974 0.882641
v 1.241417 0.743682 -1.011677
v 1.041898 0.743682 -1.011677
v 1.192425 1.275273 0.864959
v 1.241417 1.225860 0.867934
v 0.543398 1.315510 0.862537
v 0.857922 1.289467 0.864105
v 0.785498 1.245207 0.866769
v 0.942741 1.285868 0.864321
v 0.930070 1.349138 0.850950
v 1.041898 1.234327 0.867424
v 1.138186 1.277575 0.864821
v 0.785498 0.859886 0.918593
v 0.215662 1.315510 0.862537
v -0.093020 0.859886 0.918593
v -0.401703 1.249728 0.890982
v -0.781658 0.859886 0.918593
v -0.781658 1.249728 0.890982
v -0.401703 0.859886 0.918593
v -0.093020 1.248260 0.866586
v 1.241417 0.859886 0.918593
v 1.041898 0.859886 0.918593
v -0.781658 1.191875 -0.070026
v -0.781658 0.801784 -0.046542
v -0.781658 1.293276 -0.076967
v -0.781658 1.479004 -0.088148
v -0.781658 1.629112 -0.097184
v -0.781658 1.706702 -0.101855
v -0.781658 1.815682 -0.108416
v -0.781658 1.938653 -0.115819
v -0.781658 1.993738 -0.119135
v -0.781658 2.007479 -0.119962
v -0.781658 2.681286 -0.160526
v -0.781658 2.775542 -0.166200
v -0.781658 2.798023 -0.167554
v -0.781658 2.820429 -0.168903
v -0.781658 2.867494 -0.171736
v 1.089539 2.340110 -0.179964
v -0.401703 0.790678 -0.231032
v -0.093020 0.790678 -0.231032
v 0.785498 0.790678 -0.231032
v 1.041898 0.790678 -0.231032
v 1.241417 0.790678 -0.231032
v 1.515143 0.790728 -0.230192
v 1.791467 0.790595 -0.232399
v -0.401703 0.813580 0.149403
v -0.093020 0.813580 0.149403
v 0.785498 0.813580 0.149403
v 1.041898 0.813580 0.149403
v 1.241417 0.813580 0.149403
v 1.512804 0.813463 0.147454
v 1.791467 0.813564 0.149137
vn -1.0000 0.0004 0.0089
vn -0.2823 0.9577 -0.0565
vn -0.2822 0.9575 -0.0589
vn -1.0000 -0.0005 -0.0089
vn 0.2871 0.9479 -0.1378
vn 0.9623 -0.0163 -0.2716
vn 0.7074 -0.0425 -0.7055
vn 0.2920 0.8916 -0.3460
vn -0.2921 0.8916 -0.3460
vn -0.7074 -0.0424 -0.7055
vn -0.9623 -0.0164 -0.2716
vn -0.2871 0.9479 -0.1378
vn 0.2921 0.9267 0.2365
vn 0.7074 0.0425 0.7055
vn 0.9623 0.0164 0.2716
vn 0.2871 0.9576 0.0231
vn -0.6678 -0.4201 0.6145
vn -0.9144 -0.1600 0.3718
vn -0.9143 -0.3015 0.2703
vn -0.6719 -0.6855 0.2805
vn -0.8340 -0.5485 0.0601
vn -0.6233 -0.7625 -0.1733
vn -0.5481 -0.8364 -0.0056
vn -0.4922 -0.8627 0.1160
vn -0.4607 -0.8874 0.0190
vn -0.3688 -0.9221 0.1170
vn -0.2740 -0.6150 0.7394
vn -0.3615 -0.8986 0.2488
vn -0.3112 -0.9428 0.1197
vn -0.2019 -0.9794 -0.0007
vn -0.0615 -0.9961 0.0629
vn -0.1918 -0.9736 0.1236
vn -0.1656 -0.9781 0.1263
vn -0.2119 -0.9699 0.1203
vn -0.1571 -0.9876 0.0051
vn -0.2940 -0.9513 0.0927
vn -0.1858 -0.9748 0.1236
vn -0.2125 -0.6324 0.7449
vn -0.2995 -0.9238 0.2386
vn -0.1899 -0.9524 0.2385
vn -0.1260 -0.6282 0.7678
vn -0.1813 -0.6559 0.7327
vn -0.2765 -0.9180 0.2843
vn -0.2310 -0.9117 0.3397
vn -0.4080 -0.6541 0.6369
vn -0.5040 -0.8621 0.0519
vn -0.5046 -0.8602 0.0731
vn 0.0500 0.1787 0.9826
vn 0.0235 -0.0056 0.9997
vn -0.1511 -0.4175 0.8960
vn 0.0526 0.1332 0.9897
vn 0.0239 0.1145 0.9931
vn -0.0350 -0.0167 0.9992
vn -0.0307 -0.0211 0.9993
vn 0.0113 0.1119 0.9937
vn 0.0132 0.0881 0.9960
vn -0.0067 -0.0013 1.0000
vn 0.0046 0.0014 1.0000
vn -0.0038 0.0003 1.0000
vn -0.0001 -0.0112 0.9999
vn -0.1494 0.1240 0.9810
vn -0.3097 0.0175 0.9507
vn -0.2150 0.0396 0.9758
vn -0.6453 0.5565 0.5233
vn -0.7238 -0.0053 0.6900
vn -0.9193 -0.0031 0.3936
vn -0.9392 0.2873 0.1879
vn 0.0950 0.0429 0.9946
vn 0.0929 -0.0279 0.9953
vn -0.5100 0.0178 0.8600
vn -0.9524 -0.0352 0.3029
vn -0.1608 0.0297 0.9865
vn -0.2404 0.0023 0.9707
vn 0.0098 0.1135 0.9935
vn -0.0151 0.0838 0.9964
vn 0.0698 -0.0304 0.9971
vn 0.0130 0.0215 0.9997
vn 0.1112 0.2123 0.9709
vn 0.0429 0.4556 0.8892
vn -0.0100 0.3118 0.9501
vn -0.0080 0.2508 0.9680
vn -0.0160 -0.0220 0.9996
vn 0.0017 0.1011 0.9949
vn 0.0177 0.1815 0.9832
vn 0.0123 0.1421 0.9898
vn 0.0031 -0.0084 1.0000
vn 0.0011 0.0280 0.9996
vn 0.0118 0.2329 0.9724
vn 0.0243 0.3910 0.9201
vn 0.0108 0.3158 0.9488
vn 0.0064 0.2171 0.9761
vn -0.4362 0.1230 0.8914
vn 0.1154 0.0424 0.9924
vn 0.0905 0.0210 0.9957
vn 0.0356 0.3952 0.9179
vn 0.0324 0.2061 0.9780
vn 0.0526 0.4435 0.8947
vn 0.0158 0.2320 0.9726
vn 0.0379 0.3669 0.9295
vn 0.1576 0.0104 0.9874
vn 0.0787 0.0248 0.9966
vn -0.0157 0.0326 0.9993
vn -0.0046 0.0357 0.9994
vn -0.0001 -0.0123 0.9999
vn 0.0448 0.1239 0.9913
vn 0.3791 0.2498 0.8910
vn 0.1055 0.2708 0.9568
vn 0.3117 -0.2674 0.9118
vn -0.0103 0.0575 0.9983
vn -0.0124 0.0557 0.9984
vn 0.4540 -0.0074 0.8910
vn 0.0020 0.0184 0.9998
vn -0.0000 0.0601 0.9982
vn 0.0020 0.0556 0.9985
vn 0.0179 -0.0069 0.9998
vn 0.0787 0.0806 0.9936
vn 0.1044 0.0761 0.9916
vn -0.2716 -0.0084 0.9624
vn -0.2626 -0.0229 0.9646
vn -0.0227 0.0479 0.9986
vn 0.0147 0.0548 0.9984
vn 0.0239 0.1772 0.9839
vn 0.0083 0.1061 0.9943
vn 0.0259 0.3338 0.9423
vn -0.1182 0.0588 0.9912
vn -0.1940 0.0348 0.9804
vn 0.0474 0.3297 0.9429
vn 0.1239 0.2374 0.9635
vn 0.0574 0.0816 0.9950
vn -0.0190 0.0848 0.9962
vn 0.0132 0.1009 0.9948
vn -0.0009 -0.1225 0.9925
vn 0.1747 -0.0685 0.9822
vn -0.0747 0.0644 0.9951
vn -0.9609 0.0046 -0.2770
vn 0.4319 0.0617 0.8998
vn -0.0119 0.0579 0.9983
vn 0.0287 0.0930 0.9953
vn -0.0293 0.0135 0.9995
vn -0.0900 0.1942 0.9768
vn 0.0019 0.1044 0.9945
vn 0.4090 0.1233 0.9042
vn -0.0163 0.0790 0.9967
vn -0.0199 0.2015 0.9793
vn -0.9559 -0.0550 -0.2885
vn 0.6281 -0.4350 0.6452
vn -0.3098 -0.9431 0.1211
vn -0.1932 -0.9732 0.1246
vn -0.3683 -0.9222 0.1180
vn -0.3563 -0.9124 0.2015
vn -0.5049 -0.8509 0.1452
vn -0.1638 -0.9452 0.2826
vn -0.1865 -0.9740 0.1290
vn -0.0983 -0.6462 0.7568
vn -0.5572 -0.8201 0.1299
vn -0.8497 -0.5028 0.1588
vn -0.3124 -0.8294 0.4632
vn -0.6920 -0.7052 0.1545
vn -0.9771 -0.2127 0.0094
vn 0.0603 0.1253 0.9903
vn -0.4068 -0.1852 -0.8945
vn -0.9805 -0.1827 -0.0718
vn -0.6284 -0.2860 -0.7234
vn 0.0836 0.9958 0.0379
vn -0.1127 0.9899 -0.0864
vn -0.9658 -0.1801 -0.1867
vn -0.4945 -0.1690 -0.8526
vn -0.9345 -0.0271 -0.3550
vn -0.8920 0.0384 -0.4505
vn -0.9819 0.1532 -0.1112
vn 0.6110 0.2032 -0.7651
vn -0.9753 0.1877 0.1164
vn -0.9887 0.0055 0.1495
vn -0.9224 0.3044 0.2378
vn -0.9918 0.0918 -0.0893
vn -0.9931 -0.0911 0.0736
vn -0.9063 -0.4212 0.0339
vn -0.9971 0.0487 -0.0590
vn -0.5058 0.5973 -0.6225
vn -0.1333 0.7722 -0.6212
vn 0.0684 0.9975 -0.0176
vn 0.2701 0.9619 -0.0420
vn 0.2047 0.4312 0.8787
vn 0.7078 -0.3010 0.6391
vn 0.6556 -0.6004 0.4580
vn -0.2360 -0.1497 -0.9602
vn -0.2182 -0.1192 -0.9686
vn 0.6484 -0.7361 0.1943
vn 0.5382 -0.8290 0.1520
vn -0.9851 -0.1700 0.0244
vn 0.4127 0.2064 0.8872
vn 0.3586 0.2297 0.9048
vn -0.0352 -0.7270 -0.6858
vn -0.1561 -0.0673 -0.9854
vn 0.6597 -0.6675 0.3452
vn 0.1468 0.8864 -0.4390
vn 0.1012 0.8886 -0.4473
vn 0.0935 0.8884 -0.4494
vn 0.1368 0.8871 -0.4409
vn 0.0628 0.9011 -0.4290
vn -0.8446 0.4157 -0.3374
vn -0.8568 0.3954 -0.3309
vn -0.0108 0.8979 -0.4401
vn 0.9278 -0.1699 -0.3323
vn 0.8254 -0.4180 -0.3795
vn -0.0530 0.9016 -0.4294
vn -0.9432 0.0008 -0.3323
vn -0.9379 0.0303 -0.3456
vn -0.2781 0.8361 -0.4729
vn -0.1365 -0.9467 -0.2916
vn -0.0361 -0.9525 -0.3023
vn -0.0232 -0.9523 -0.3043
vn -0.1268 -0.9482 -0.2913
vn 0.9500 -0.0034 -0.3123
vn 0.9423 -0.0835 -0.3242
vn 0.3854 0.8092 -0.4434
vn 0.5121 0.7319 -0.4496
vn 0.9358 0.1222 -0.3307
vn -0.9522 0.1425 -0.2703
vn -0.9500 0.1518 -0.2730
vn -0.9380 -0.2246 -0.2642
vn -0.9156 -0.2993 -0.2684
vn -0.9114 -0.3093 -0.2714
vn -0.9377 -0.2257 -0.2643
vn 0.1100 0.9061 -0.4086
vn 0.1143 0.9055 -0.4086
vn 0.5740 0.8187 -0.0179
vn 0.4068 0.9107 0.0713
vn -0.9678 -0.1494 -0.2027
vn -0.9710 -0.1057 -0.2146
vn 0.4014 -0.9132 -0.0702
vn 0.9610 0.2041 -0.1866
vn 0.9669 0.1564 -0.2015
vn 0.4066 -0.9113 -0.0649
vn -0.9486 -0.2682 -0.1680
vn -0.9497 -0.2638 -0.1687
vn -0.0304 -0.9324 -0.3601
vn 0.1450 -0.8990 -0.4133
vn 0.3108 -0.8449 -0.4354
vn -0.0371 -0.9326 -0.3589
vn 0.2355 0.8693 -0.4346
vn 0.2460 0.8667 -0.4339
vn 0.9481 0.0345 -0.3161
vn 0.9772 0.1357 -0.1634
vn 0.9834 0.0916 -0.1568
vn 0.9839 0.0871 -0.1558
vn 0.9768 0.1381 -0.1636
vn -0.7803 -0.5887 -0.2112
vn -0.7625 -0.6101 -0.2155
vn -0.1076 -0.9201 -0.3766
vn -0.0361 -0.9313 -0.3624
vn -0.0365 -0.9313 -0.3624
vn -0.1566 -0.9112 -0.3809
vn -0.9522 -0.1189 -0.2815
vn -0.9497 -0.1630 -0.2673
vn -0.9509 -0.1531 -0.2690
vn -0.9524 -0.1092 -0.2847
vn 0.9691 0.1817 -0.1667
vn 0.9946 -0.0336 -0.0987
vn 0.9936 -0.0821 -0.0779
vn 0.9900 0.0184 -0.1398
vn 0.9906 0.0087 -0.1368
vn -0.5654 -0.7383 -0.3678
vn -0.5830 -0.7251 -0.3665
vn -0.9522 -0.0454 -0.3021
vn -0.9511 -0.0324 -0.3071
vn -0.9178 -0.3575 -0.1729
vn -0.9170 -0.3593 -0.1730
vn -0.9436 -0.2026 -0.2617
vn 0.9674 0.1926 -0.1645
vn 0.9663 0.1990 -0.1634
vn -0.4019 -0.9044 -0.1435
vn 0.3995 -0.9119 0.0943
vn -0.2401 0.9681 -0.0717
vn -0.8371 0.5465 -0.0218
vn 0.0832 -0.9944 0.0649
vn -0.1119 -0.9913 0.0695
vn 0.4638 0.4854 -0.7411
vn -0.0000 -1.0000 -0.0000
vn 0.8017 -0.5975 -0.0155
vn -0.0000 1.0000 -0.0000
vn 0.5777 0.3148 -0.7531
vn -0.6439 -0.6490 0.4052
vn -0.9371 -0.0350 0.3472
vn -0.7185 0.6948 -0.0327
vn -0.1783 0.0575 0.9823
vn -0.3254 0.7514 0.5740
vn -0.9945 0.0109 0.1039
vn -0.8054 0.4138 0.4243
vn -0.9996 0.0129 -0.0241
vn -0.9987 -0.0285 0.0420
vn 0.2111 0.9757 -0.0587
vn 0.1902 0.8530 -0.4860
vn -0.8528 0.4907 -0.1789
vn -0.8456 0.5328 -0.0321
vn -0.7490 -0.5452 0.3765
vn -0.7655 -0.6422 0.0389
vn 0.4496 -0.8029 0.3914
vn 0.4332 -0.8997 0.0542
vn 0.9828 0.0981 -0.1566
vn 0.9900 0.1406 -0.0085
vn 0.1316 0.5614 -0.8170
vn -0.8728 0.3905 -0.2927
vn -0.7028 -0.3145 0.6381
vn 0.4956 -0.5728 0.6529
vn 0.9625 -0.0030 -0.2713
vn 0.0470 0.1585 -0.9862
vn -0.9018 0.2521 -0.3511
vn -0.8047 -0.0184 0.5934
vn 0.7084 -0.3456 0.6154
vn 0.9340 -0.1429 -0.3274
vn -0.0470 -0.2757 -0.9601
vn -0.9340 0.1026 -0.3422
vn -0.7084 0.4169 0.5695
vn 0.8854 -0.4547 -0.0962
vn 0.9902 0.1392 -0.0086
vn 0.9903 0.1390 -0.0084
vn 0.9061 -0.3901 -0.1638
vn 0.8047 0.0894 0.5870
vn 0.9018 -0.2924 -0.3183
vn -0.1316 -0.6553 -0.7438
vn -0.9625 -0.0296 -0.2697
vn -0.4956 0.6470 0.5795
vn 0.7028 0.3888 0.5957
vn 0.8728 -0.4228 -0.2437
vn -0.1902 -0.9052 -0.3802
vn -0.9828 -0.1162 -0.1437
vn -0.8306 0.5566 0.0169
vn 0.9791 0.1915 0.0689
vn 0.8528 -0.5086 -0.1187
vn -0.2111 -0.9757 0.0587
vn -0.9900 -0.1406 0.0085
vn -0.9598 0.2800 -0.0170
vn -0.8741 0.1367 0.4661
vn -0.9981 0.0612 -0.0037
vn -0.8306 0.5506 -0.0835
vn 0.9962 -0.0871 0.0052
vn 0.8456 -0.5329 0.0321
vn -0.1902 -0.8530 0.4860
vn -0.9828 -0.0981 0.1566
vn 0.9791 0.1819 -0.0914
vn 0.8528 -0.4907 0.1789
vn -0.1316 -0.5614 0.8170
vn -0.9625 0.0030 0.2713
vn -0.4956 0.5728 -0.6529
vn 0.7028 0.3145 -0.6381
vn 0.8728 -0.3905 0.2927
vn -0.0470 -0.1585 0.9862
vn -0.9340 0.1429 0.3274
vn -0.7084 0.3456 -0.6154
vn 0.8049 0.0188 -0.5931
vn 0.9018 -0.2521 0.3511
vn 0.0470 0.2757 0.9601
vn -0.9018 0.2924 0.3183
vn -0.8049 -0.0898 -0.5866
vn -0.8007 0.5836 -0.1352
vn -0.8588 0.5073 -0.0718
vn 0.7084 -0.4169 -0.5695
vn 0.9340 -0.1026 0.3422
vn 0.1316 0.6553 0.7438
vn -0.8728 0.4228 0.2438
vn -0.7028 -0.3888 -0.5957
vn 0.4956 -0.6470 -0.5795
vn 0.9625 0.0296 0.2697
vn 0.1902 0.9051 0.3802
vn -0.8528 0.5086 0.1187
vn -0.7490 -0.5864 -0.3083
vn 0.4496 -0.8441 -0.2922
vn 0.9828 0.1162 0.1437
vn -0.8439 0.5355 -0.0322
vn -0.9938 0.1112 -0.0067
vn -0.9576 0.1075 0.2671
vn -0.8587 0.5122 0.0168
vn 0.9903 0.1389 -0.0086
vn 0.9903 0.1390 -0.0083
vn -0.9491 -0.1248 -0.2893
vn -0.9879 0.0017 -0.1549
vn -0.8007 0.5956 0.0640
vn 0.9902 0.1392 -0.0084
vn 0.8854 -0.4399 0.1500
vn 0.8980 -0.3478 0.2695
vn -0.9491 -0.0892 0.3022
vn 0.9775 -0.2107 0.0127
vn 0.9160 -0.1531 -0.3708
vn -0.8716 0.0768 -0.4841
vn 0.9175 -0.1036 0.3841
vn -0.8840 0.4628 -0.0658
vn -0.9997 -0.0091 -0.0241
vn 0.2915 0.5459 0.7855
vn 0.5569 -0.7411 0.3750
vn -0.8909 -0.4235 0.1639
vn 0.0334 0.0601 0.9976
vn 0.0256 0.1392 0.9899
vn -0.0256 0.1392 0.9899
vn -0.0334 0.0601 0.9976
vn -0.0334 -0.0601 -0.9976
vn -0.0256 0.0195 -0.9995
vn 0.0256 0.0195 -0.9995
vn 0.0334 -0.0601 -0.9976
vn 1.0000 -0.0005 -0.0089
vn 0.2823 0.9575 -0.0588
vn 0.2822 0.9577 -0.0564
vn 1.0000 0.0005 0.0089
vn -0.2921 0.9267 0.2366
vn -0.7074 0.0425 0.7055
vn -0.9623 0.0164 0.2716
vn -0.2870 0.9577 0.0232
vn -0.1104 0.0507 0.9926
vn 0.8820 0.0120 0.4711
vn 0.7909 0.4480 0.4169
vn -0.0502 0.7448 0.6654
vn 0.0007 0.2380 0.9713
vn 0.0179 0.1031 0.9945
vn -0.1498 -0.9290 0.3384
vn -0.3420 -0.6885 0.6396
vn -0.8773 0.0456 0.4778
vn -0.8184 0.1830 0.5448
vn -0.4216 0.6404 0.6420
vn -0.4228 -0.9033 0.0725
vn -0.3926 -0.9032 0.1735
vn -0.1552 -0.4595 0.8745
vn 0.0522 0.1557 0.9864
vn -0.1284 -0.6210 0.7732
vn -0.5612 -0.3214 0.7627
vn -0.8738 -0.0067 0.4863
vn 0.1046 -0.0216 0.9943
vn -0.4231 -0.9044 0.0544
vn -0.0398 0.0409 0.9984
vn -0.0388 0.1319 0.9905
vn -0.0453 0.0730 0.9963
vn -0.2558 -0.9457 0.2004
vn -0.2583 -0.9628 0.0790
vn -0.1310 -0.9881 0.0803
vn -0.0986 -0.9772 0.1883
vn -0.0258 0.2733 0.9616
vn 0.0078 0.8291 0.5591
vn 0.4905 0.5441 0.6807
vn 0.0096 0.1823 0.9832
vn -0.2583 -0.9643 0.0581
vn -0.1305 -0.9897 0.0596
vn -0.8859 0.0516 0.4611
vn -0.8874 0.1960 0.4172
vn -0.1869 -0.6822 0.7069
vn -0.5129 -0.7933 0.3279
vn 0.1262 -0.9340 0.3342
vn -0.0893 -0.5979 0.7966
vn -0.0057 0.7456 0.6664
vn 0.5872 0.6339 0.5033
vn 0.0306 0.1294 0.9911
vn -0.3770 -0.2101 0.9021
vn -0.0252 -0.3840 0.9230
vn 0.0213 0.0836 0.9963
vn -0.0274 0.7000 0.7136
vn 0.6041 -0.3205 0.7296
vn 0.8761 -0.0041 0.4821
vn 0.8909 -0.0050 0.4543
vn 0.8346 -0.2599 0.4857
vn -0.8896 -0.0064 0.4567
vn -0.6039 0.6247 0.4951
vn 0.1227 -0.6075 0.7848
vn 0.4371 -0.5278 0.7283
vn 0.8764 0.0512 0.4789
vn 0.8830 0.0246 0.4687
vn 0.8830 0.0282 0.4685
vn 0.8711 -0.4840 0.0833
vn 0.9090 -0.3232 0.2633
vn 0.8837 0.0279 0.4672
vn 0.8851 0.0280 0.4646
vn 0.8516 -0.2794 0.4436
vn 0.9176 -0.0479 0.3945
vn 0.8131 0.1959 0.5482
vn 0.8823 -0.0127 0.4705
vn 0.8908 -0.0271 0.4536
vn 0.8807 -0.4721 0.0395
vn 0.8830 0.0262 0.4686
vn 0.4062 -0.6880 0.6014
vn -0.0249 0.6825 0.7304
vn 0.3046 -0.6357 0.7093
vn 0.8849 0.2072 0.4172
vn 0.8866 0.0550 0.4593
vn -0.8481 -0.3260 0.4178
vn -0.0000 -0.6303 0.7764
vn -0.0000 0.0616 0.9981
vn -0.1740 0.0982 0.9798
vn -0.0000 0.0688 0.9976
vn -0.0000 0.0709 0.9975
vn -0.4328 -0.6432 0.6317
vn -0.5821 -0.5485 -0.6003
vn -0.5723 -0.5931 -0.5663
vn 0.6402 -0.6759 -0.3650
vn 0.5503 -0.7005 -0.4544
vn 0.6139 -0.7883 -0.0412
vn -0.4946 -0.8690 -0.0123
vn -0.3905 -0.9206 -0.0095
vn -0.1507 -0.9884 -0.0172
vn -0.3344 -0.9401 -0.0661
vn -0.3398 -0.9401 0.0257
vn -0.1573 -0.9875 -0.0052
vn -0.2986 -0.6837 -0.6659
vn -0.3112 -0.7359 -0.6013
vn -0.2485 -0.9686 -0.0119
vn -0.1772 -0.9841 -0.0087
vn -0.1726 -0.7186 -0.6737
vn -0.1260 -0.7158 -0.6868
vn -0.1332 -0.7454 -0.6531
vn -0.1832 -0.7584 -0.6255
vn -0.2594 -0.7438 -0.6160
vn -0.4051 -0.7269 -0.5545
vn -0.6502 -0.6210 -0.4377
vn -0.2399 -0.7548 -0.6105
vn -0.5091 -0.8601 0.0304
vn 0.0749 0.1027 -0.9919
vn 0.0526 0.0135 -0.9985
vn -0.1892 -0.1162 -0.9750
vn -0.2178 -0.6134 -0.7591
vn -0.0005 -0.0583 -0.9983
vn -0.0117 -0.0685 -0.9976
vn -0.1723 -0.6770 -0.7155
vn -0.2737 -0.6581 -0.7014
vn -0.0016 -0.0661 -0.9978
vn 0.0150 -0.0646 -0.9978
vn -0.0462 -0.1813 -0.9824
vn -0.0133 -0.1168 -0.9931
vn -0.0900 -0.6640 -0.7423
vn -0.6160 -0.5134 -0.5974
vn -0.2189 -0.0508 -0.9744
vn 0.7861 -0.1328 -0.6037
vn 0.1111 0.0135 -0.9937
vn -0.6729 0.0156 -0.7396
vn -0.9103 -0.0800 -0.4062
vn -0.9030 -0.0660 -0.4246
vn 0.0095 -0.0971 -0.9952
vn -0.0027 -0.1880 -0.9822
vn -0.0230 -0.1245 -0.9919
vn -0.0121 -0.1920 -0.9813
vn -0.0712 -0.0692 -0.9951
vn 0.0619 -0.0584 -0.9964
vn 0.3103 -0.0548 -0.9490
vn -0.0399 -0.0707 -0.9967
vn -0.0032 0.2811 -0.9597
vn -0.1366 0.4655 -0.8745
vn -0.0216 -0.0760 -0.9969
vn -0.1109 -0.6513 -0.7507
vn 0.0219 0.1521 -0.9881
vn 0.0004 0.1829 -0.9831
vn 0.0189 0.0530 -0.9984
vn 0.0445 0.2384 -0.9701
vn -0.2277 0.1197 -0.9663
vn 0.0735 -0.1227 -0.9897
vn 0.1062 -0.0784 -0.9913
vn 0.0406 0.2823 -0.9585
vn 0.0593 0.3392 -0.9388
vn 0.0189 -0.0876 -0.9960
vn 0.0446 0.2709 -0.9616
vn 0.0018 -0.0857 -0.9963
vn 0.0370 -0.1265 -0.9913
vn -0.0088 -0.1855 -0.9826
vn -0.0849 -0.1371 -0.9869
vn 0.0096 -0.1654 -0.9862
vn 0.0016 -0.0471 -0.9989
vn -0.0422 -0.0630 -0.9971
vn 0.1370 -0.0669 -0.9883
vn -0.7633 -0.1190 -0.6350
vn -0.2809 -0.0032 -0.9597
vn 0.0905 -0.1464 -0.9851
vn 0.9630 0.2668 -0.0385
vn 0.1714 0.1892 -0.9669
vn -0.0031 -0.1248 -0.9922
vn 0.9972 -0.0742 -0.0025
vn 0.9979 -0.0552 -0.0324
vn -0.0124 -0.0644 -0.9978
vn -0.0104 -0.0489 -0.9987
vn -0.0000 -0.0601 -0.9982
vn 0.0136 -0.0907 -0.9958
vn 0.0076 -0.0769 -0.9970
vn 0.0852 -0.0334 -0.9958
vn 0.0438 -0.0443 -0.9981
vn -0.0011 -0.0435 -0.9991
vn 0.1430 -0.0762 -0.9868
vn 0.0220 -0.0505 -0.9985
vn -0.0349 -0.0734 -0.9967
vn 0.0405 -0.0452 -0.9982
vn 0.0173 0.0298 -0.9994
vn 0.0857 0.0882 -0.9924
vn 0.1631 0.1850 -0.9691
vn 0.1746 0.0815 -0.9813
vn 0.0455 0.2190 -0.9747
vn 0.0207 0.0442 -0.9988
vn 0.1756 0.2634 -0.9486
vn 0.0475 -0.0354 -0.9982
vn 0.0121 -0.0180 -0.9998
vn -0.0559 -0.0504 -0.9972
vn -0.0773 -0.0802 -0.9938
vn -0.1883 -0.0832 -0.9786
vn -0.0001 -0.0829 -0.9966
vn -0.9701 -0.0298 -0.2408
vn 0.9997 0.0111 -0.0200
vn -0.0119 -0.0623 -0.9980
vn 0.0035 -0.0099 -0.9999
vn -0.0222 -0.0913 -0.9956
vn -0.0170 0.0597 -0.9981
vn -0.0372 0.0979 -0.9945
vn 0.9990 0.0428 -0.0158
vn -0.0229 0.0907 -0.9956
vn -0.0163 -0.0333 -0.9993
vn -0.9869 -0.0646 -0.1478
vn 0.9088 -0.2324 0.3466
vn -0.1904 -0.9817 -0.0069
vn -0.2587 -0.9659 -0.0067
vn -0.3837 -0.9234 -0.0065
vn -0.5063 -0.8591 -0.0744
vn -0.0968 -0.7736 -0.6262
vn -0.1059 -0.7188 -0.6871
vn -0.6104 -0.7898 -0.0603
vn 0.6687 -0.7356 -0.1080
vn 0.0399 0.0855 0.9955
vn 0.2533 0.0539 0.9659
vn -0.6505 0.7539 -0.0926
vn -0.8021 0.2366 -0.5483
vn -0.8010 -0.0085 -0.5986
vn -0.9144 -0.1177 -0.3874
vn -0.2245 0.3046 -0.9256
vn -0.9736 0.0989 0.2059
vn -0.7663 0.2881 0.5743
vn -0.9919 -0.0302 0.1232
vn -0.9741 0.0082 0.2259
vn -0.6400 -0.5575 0.5287
vn -0.9880 0.1107 0.1074
vn 0.4191 0.9063 0.0553
vn 0.2651 0.9611 -0.0770
vn 0.1627 0.9826 0.0900
vn -0.8450 0.2403 0.4778
vn 0.3729 0.5317 -0.7604
vn 0.2913 0.8224 -0.4887
vn 0.6556 -0.6510 -0.3826
vn 0.5770 -0.3491 -0.7384
vn -0.2040 -0.0061 0.9789
vn -0.2284 -0.0361 0.9729
vn 0.5334 -0.8448 -0.0414
vn 0.6489 -0.7534 -0.1062
vn 0.3656 -0.0135 0.9307
vn 0.4126 0.1046 -0.9049
vn 0.3370 0.1155 -0.9344
vn 0.3711 -0.6712 0.6417
vn -0.3268 -0.0289 0.9447
vn 0.6595 -0.7052 -0.2603
vn 0.1350 0.9343 0.3299
vn 0.1258 0.9350 0.3316
vn 0.0936 0.9359 0.3396
vn 0.1012 0.9359 0.3375
vn -0.2886 0.9063 0.3087
vn -0.3534 0.8814 0.3134
vn -0.6726 0.6703 0.3135
vn -0.6483 0.6930 0.3154
vn 0.8908 -0.2479 0.3808
vn 0.9304 -0.1156 0.3478
vn -0.9502 0.2644 0.1649
vn -0.9809 0.1567 0.1157
vn -0.9060 0.2487 0.3425
vn -0.9176 0.2145 0.3346
vn -0.3388 -0.8573 0.3875
vn -0.3289 -0.8605 0.3890
vn -0.0154 -0.9091 0.4164
vn -0.0290 -0.9096 0.4144
vn 0.9401 -0.0663 0.3343
vn 0.9500 0.0341 0.3104
vn 0.9046 0.2779 0.3232
vn 0.9167 0.3224 0.2360
vn 0.8877 0.3903 0.2442
vn -0.9538 0.1634 0.2521
vn -0.9559 0.1531 0.2505
vn -0.9378 -0.1917 0.2893
vn -0.9375 -0.1928 0.2896
vn -0.7343 -0.5611 0.3820
vn -0.7341 -0.5622 0.3809
vn 0.1308 0.9461 0.2964
vn 0.1366 0.9452 0.2964
vn 0.3186 -0.8054 -0.4998
vn 0.3136 -0.8458 -0.4317
vn -0.9767 0.0275 0.2128
vn -0.9780 -0.0173 0.2079
vn 0.9669 0.1996 -0.1587
vn 0.9408 0.2555 -0.2228
vn 0.9824 0.0493 0.1802
vn 0.9824 0.0933 0.1618
vn -0.9529 -0.2304 0.1973
vn -0.9519 -0.2346 0.1972
vn -0.0474 -0.8818 0.4692
vn -0.0541 -0.8821 0.4680
vn 0.5826 -0.6632 0.4699
vn 0.4355 -0.7576 0.4862
vn 0.2616 0.9084 0.3263
vn 0.2512 0.9113 0.3263
vn 0.9492 0.0540 0.3101
vn 0.9752 0.1662 0.1459
vn 0.9749 0.1685 0.1457
vn 0.9859 0.0835 0.1448
vn 0.9855 0.0882 0.1453
vn -0.5859 -0.7417 0.3265
vn -0.5456 -0.7681 0.3351
vn -0.3577 -0.8115 0.4621
vn -0.4188 -0.7853 0.4560
vn -0.0368 -0.8811 0.4715
vn -0.0356 -0.8811 0.4715
vn -0.9549 -0.0599 0.2908
vn -0.9549 -0.0499 0.2928
vn -0.9485 -0.1330 0.2876
vn -0.9472 -0.1430 0.2870
vn 0.9691 0.2004 0.1437
vn 0.9836 -0.1412 0.1127
vn 0.9762 -0.1940 0.0973
vn 0.9904 0.0338 0.1343
vn 0.9897 0.0439 0.1361
vn -0.6149 -0.6536 0.4412
vn -0.5798 -0.6793 0.4499
vn -0.9509 -0.0054 0.3096
vn -0.9518 -0.0189 0.3061
vn -0.9037 -0.3668 0.2208
vn -0.9025 -0.3695 0.2213
vn -0.9436 -0.1698 0.2841
vn 0.9672 0.2121 0.1400
vn 0.9662 0.2176 0.1384
vn 0.2290 -0.9660 -0.1200
vn -0.9141 0.4028 -0.0463
vn -0.3163 0.9374 -0.1457
vn -0.4281 -0.8743 -0.2287
vn -0.1267 -0.9843 -0.1228
vn -0.0911 -0.9672 -0.2372
vn 0.5713 -0.7340 0.3672
vn -0.8640 0.4244 0.2709
vn -0.7232 -0.3787 -0.5775
vn 0.6337 0.4092 0.6564
vn -0.7065 -0.0487 -0.7061
vn -0.5308 0.5159 -0.6724
vn -0.9876 -0.0548 -0.1469
vn -0.9654 0.1996 -0.1677
vn -0.7866 -0.0318 -0.6166
vn -0.7010 0.3020 -0.6461
vn -0.9996 0.0054 0.0291
vn -0.9942 -0.1065 0.0160
vn -0.8849 0.4658 0.0037
vn -0.9994 -0.0161 0.0303
vn 0.3148 -0.5514 -0.7726
vn 0.2813 0.4494 -0.8479
vn -0.9085 -0.3102 0.2799
vn 0.0047 -0.1653 -0.9862
vn 0.0261 0.2579 -0.9658
vn -0.3391 -0.7612 -0.5528
vn -0.5990 -0.6587 -0.4553
vn -0.8184 0.1163 -0.5628
vn -0.8773 -0.0121 -0.4799
vn -0.4331 0.5548 -0.7103
vn -0.4463 -0.8926 -0.0636
vn -0.4228 -0.9056 0.0332
vn 0.0522 0.0362 -0.9980
vn -0.1996 -0.1623 -0.9663
vn -0.7633 -0.2792 -0.5826
vn -0.3833 -0.6203 -0.6843
vn -0.8740 -0.0557 -0.4827
vn -0.2566 -0.9652 -0.0504
vn -0.1650 -0.9838 -0.0697
vn -0.1318 -0.9906 0.0373
vn -0.2583 -0.9654 0.0371
vn -0.0312 0.1711 -0.9848
vn 0.0061 0.0592 -0.9982
vn 0.4803 0.4630 -0.7450
vn 0.0219 0.7562 -0.6540
vn -0.8874 0.1445 -0.4377
vn -0.8859 -0.0041 -0.4639
vn -0.1872 -0.7611 -0.6210
vn -0.0875 -0.6892 -0.7192
vn -0.3853 -0.7618 -0.5208
vn 0.1581 -0.8496 -0.5031
vn 0.5896 0.5718 -0.5705
vn 0.0096 0.6602 -0.7510
vn 0.0306 0.0095 -0.9995
vn 0.0213 -0.0365 -0.9991
vn -0.0281 -0.0788 -0.9965
vn 0.3857 -0.3701 -0.8452
vn 0.7503 -0.2316 -0.6191
vn 0.8551 -0.4058 -0.3226
vn 0.8901 -0.0686 -0.4505
vn 0.8705 -0.0622 -0.4883
vn 0.0842 0.2478 -0.9651
vn 0.0137 -0.0543 -0.9984
vn -0.8898 -0.0522 -0.4533
vn -0.5953 0.5654 -0.5709
vn -0.0630 -0.7846 -0.6168
vn 0.1727 -0.6657 -0.7259
vn 0.8764 -0.0067 -0.4816
vn 0.8830 -0.0282 -0.4685
vn 0.8820 -0.0315 -0.4702
vn 0.8276 -0.4375 -0.3518
vn 0.8783 -0.4769 -0.0339
vn 0.8842 -0.0293 -0.4661
vn 0.8843 -0.0294 -0.4660
vn 0.7858 -0.0578 -0.6158
vn 0.8520 -0.3301 -0.4064
vn 0.8131 0.1287 -0.5677
vn 0.8815 0.0290 -0.4712
vn 0.9051 -0.0275 -0.4243
vn 0.8807 -0.4734 0.0188
vn 0.8832 -0.0263 -0.4682
vn 0.3441 -0.7946 -0.5002
vn 0.8866 -0.0005 -0.4626
vn 0.8849 0.1557 -0.4391
vn -0.8482 -0.2487 -0.4677
vn -0.0000 -0.8191 -0.5736
vn -0.0000 -0.0722 -0.9974
vn 0.1769 -0.1341 -0.9751
vn -0.0000 -0.0518 -0.9987
vn -0.0000 -0.0493 -0.9988
vn -0.1724 -0.7813 -0.5998
vn 0.1544 -0.9150 -0.3727
vn -0.1384 -0.9323 0.3342
vn -0.0024 0.7461 0.6658
vn -0.0013 0.6889 0.7248
vn 0.2521 -0.1803 -0.9508
vn -0.0273 -0.1582 -0.9870
vn 0.0081 -0.1375 -0.9905
vn 0.0137 -0.1345 -0.9908
vn -0.0537 -0.1064 -0.9929
vn 0.0464 -0.0952 -0.9944
vn -0.0539 0.6527 -0.7557
vn 0.7925 0.3923 -0.4670
vn 0.8896 -0.0317 -0.4556
vn -0.1045 -0.1407 -0.9845
vn -0.0202 -0.1650 -0.9861
vn -0.0930 0.6390 -0.7636
vn -0.1101 0.6314 -0.7676
vn 0.0326 0.6650 -0.7461
vn -0.0907 0.6320 -0.7697
vn 0.9999 0.0003 0.0139
vn -0.0177 0.9909 -0.1335
vn 1.0000 0.0002 0.0030
vn 1.0000 -0.0003 0.0019
vn 1.0000 0.0001 0.0021
vn 1.0000 -0.0000 -0.0000
vn 1.0000 0.0002 0.0037
vn 0.9983 0.0035 0.0589
vn 0.9991 0.0026 0.0425
vn 0.9919 0.0076 0.1266
vn 0.9901 0.0084 0.1403
vn 1.0000 0.0006 0.0100
vn -0.0531 0.9968 -0.0605
vn -0.1062 0.9926 -0.0598
vn -0.1477 0.9872 -0.0594
vn -0.1208 0.9909 -0.0597
vn -0.0719 0.9956 -0.0599
vn -0.9558 0.2934 0.0217
vn -0.3151 0.9472 -0.0589
vn 0.3308 0.9431 -0.0344
vn -0.0855 0.8655 0.4936
vn 0.0726 0.9956 -0.0597
vn 0.1208 0.9909 -0.0597
vn 0.1477 0.9872 -0.0594
vn 0.1060 0.9926 -0.0598
vn 0.0532 0.9968 -0.0600
vt 0.945774 0.729584
vt 0.911172 0.729584
vt 0.911172 0.523254
vt 0.945774 0.523254
vt 0.695191 0.515717
vt 0.660590 0.515717
vt 0.660590 0.513240
vt 0.695191 0.513240
vt 0.911172 0.513240
vt 0.945774 0.513240
vt 0.945774 0.515717
vt 0.911172 0.515717
vt 0.695191 0.739598
vt 0.660590 0.739598
vt 0.660590 0.737121
vt 0.695191 0.737121
vt 0.596497 0.667310
vt 0.596730 0.687521
vt 0.589910 0.687558
vt 0.592492 0.667113
vt 0.527681 0.688426
vt 0.487277 0.684517
vt 0.480730 0.669233
vt 0.530524 0.668831
vt 0.480951 0.651676
vt 0.530208 0.651879
vt 0.596876 0.651910
vt 0.592536 0.652234
vt 0.530155 0.616013
vt 0.481179 0.615336
vt 0.481183 0.597962
vt 0.530364 0.598737
vt 0.530611 0.583523
vt 0.486137 0.582776
vt 0.481337 0.582707
vt 0.481682 0.511778
vt 0.531882 0.512417
vt 0.598148 0.618008
vt 0.593505 0.617803
vt 0.594432 0.601041
vt 0.599289 0.601734
vt 0.603803 0.514885
vt 0.598835 0.514872
vt 0.599300 0.454882
vt 0.603716 0.455655
vt 0.482010 0.452341
vt 0.532273 0.452645
vt 0.623283 0.515883
vt 0.608759 0.514899
vt 0.608138 0.456428
vt 0.619700 0.459859
vt 0.618199 0.650980
vt 0.601268 0.651644
vt 0.602834 0.618233
vt 0.622954 0.616388
vt 0.232028 0.597487
vt 0.247380 0.544259
vt 0.221821 0.541293
vt 0.220162 0.593316
vt 0.625093 0.588599
vt 0.605110 0.587337
vt 0.617610 0.668125
vt 0.600611 0.667484
vt 0.613984 0.690385
vt 0.603522 0.686821
vt 0.115912 0.669081
vt 0.104477 0.669534
vt 0.121062 0.669819
vt 0.098931 0.664176
vt 0.081649 0.667046
vt 0.075281 0.672130
vt 0.098930 0.670124
vt 0.215704 0.654928
vt 0.210208 0.646702
vt 0.191936 0.658113
vt 0.205877 0.670476
vt 0.098931 0.544017
vt 0.098931 0.504458
vt 0.093022 0.504458
vt 0.080876 0.546211
vt 0.098931 0.637611
vt 0.112345 0.629160
vt 0.113861 0.618144
vt 0.098931 0.622010
vt 0.604187 0.602459
vt 0.624639 0.604368
vt 0.098931 0.590656
vt 0.098931 0.571145
vt 0.087901 0.573330
vt 0.078996 0.590430
vt 0.215560 0.555109
vt 0.213929 0.554915
vt 0.213282 0.577523
vt 0.215553 0.573535
vt 0.132327 0.669907
vt 0.125548 0.666243
vt 0.111759 0.663069
vt 0.117631 0.590763
vt 0.098931 0.605786
vt 0.115778 0.604221
vt 0.098931 0.613587
vt 0.115020 0.609729
vt 0.082802 0.643548
vt 0.077533 0.624840
vt 0.228497 0.617464
vt 0.217019 0.615113
vt 0.214832 0.638173
vt 0.223440 0.643158
vt 0.088523 0.558702
vt 0.098931 0.554140
vt 0.137296 0.541983
vt 0.130110 0.544648
vt 0.204957 0.542221
vt 0.210436 0.504458
vt 0.189190 0.504458
vt 0.190095 0.539596
vt 0.086468 0.607037
vt 0.127827 0.618856
vt 0.128248 0.610435
vt 0.117447 0.610339
vt 0.116488 0.618765
vt 0.190197 0.600947
vt 0.190065 0.609352
vt 0.208297 0.605196
vt 0.208366 0.596430
vt 0.086070 0.616391
vt 0.154806 0.662924
vt 0.136749 0.667306
vt 0.142958 0.670151
vt 0.158271 0.666039
vt 0.170493 0.604842
vt 0.170393 0.613237
vt 0.136541 0.618318
vt 0.136623 0.609914
vt 0.156388 0.616003
vt 0.156465 0.607615
vt 0.212209 0.605027
vt 0.211192 0.593849
vt 0.212874 0.590510
vt 0.217923 0.587770
vt 0.158423 0.689259
vt 0.167660 0.686320
vt 0.184137 0.679764
vt 0.122118 0.565599
vt 0.109769 0.658236
vt 0.188045 0.653547
vt 0.211847 0.614782
vt 0.210609 0.636383
vt 0.222328 0.504458
vt 0.219954 0.504458
vt 0.219394 0.541716
vt 0.098926 0.668398
vt 0.170824 0.539908
vt 0.170361 0.504458
vt 0.207601 0.642920
vt 0.217590 0.603936
vt 0.214450 0.546821
vt 0.218598 0.547016
vt 0.157103 0.540131
vt 0.156955 0.504458
vt 0.131020 0.504458
vt 0.074817 0.669426
vt 0.210662 0.543064
vt 0.271993 0.504458
vt 0.568810 0.616856
vt 0.569354 0.599818
vt 0.576671 0.652067
vt 0.572145 0.513388
vt 0.572520 0.453173
vt 0.595352 0.586029
vt 0.569923 0.584725
vt 0.600217 0.586677
vt 0.577134 0.668262
vt 0.571766 0.688338
vt 0.229327 0.608789
vt 0.473991 0.684449
vt 0.480663 0.679452
vt 0.480566 0.705022
vt 0.471661 0.710245
vt 0.489464 0.727095
vt 0.480587 0.722711
vt 0.489440 0.710245
vt 0.488848 0.752060
vt 0.480963 0.751082
vt 0.480724 0.738414
vt 0.490348 0.740860
vt 0.070421 0.004246
vt 0.087112 0.003308
vt 0.087367 0.007939
vt 0.059430 0.009578
vt 0.104869 0.001980
vt 0.105235 0.007580
vt 0.026812 0.001379
vt 0.046079 0.008262
vt 0.059163 0.100554
vt 0.088686 0.098859
vt 0.089134 0.115522
vt 0.060114 0.117630
vt 0.106462 0.098523
vt 0.106738 0.115217
vt 0.045951 0.100336
vt 0.048378 0.117460
vt 0.004578 0.115256
vt 0.000000 0.115684
vt 0.001418 0.097750
vt 0.010783 0.010442
vt 0.017586 0.000000
vt 0.669984 0.964913
vt 0.680156 0.966335
vt 0.680015 0.965894
vt 0.666430 0.963997
vt 0.510363 0.772956
vt 0.535493 0.773527
vt 0.533864 0.775245
vt 0.508598 0.774407
vt 0.560333 0.959155
vt 0.629968 0.959713
vt 0.626613 0.958667
vt 0.552712 0.955050
vt 0.688635 0.970713
vt 0.683750 0.967881
vt 0.536463 0.786902
vt 0.525196 0.776078
vt 0.513273 0.798387
vt 0.531672 0.803686
vt 0.541347 0.785880
vt 0.538214 0.784830
vt 0.490106 0.955331
vt 0.488356 0.955571
vt 0.470619 0.772754
vt 0.487510 0.772963
vt 0.485311 0.774488
vt 0.475501 0.771295
vt 0.660338 0.962989
vt 0.656959 0.962111
vt 0.547559 0.782167
vt 0.536704 0.776998
vt 0.572228 0.774100
vt 0.566153 0.778732
vt 0.115597 0.605534
vt 0.117512 0.591515
vt 0.120416 0.010601
vt 0.120416 0.012588
vt 0.116090 0.010953
vt 0.116090 0.008899
vt 0.205786 0.542354
vt 0.210941 0.542846
vt 0.116896 0.610200
vt 0.114366 0.609565
vt 0.120087 0.111353
vt 0.120416 0.112590
vt 0.116090 0.114279
vt 0.115751 0.113001
vt 0.171167 0.539903
vt 0.190742 0.539597
vt 0.130392 0.544078
vt 0.137175 0.541932
vt 0.120442 0.026366
vt 0.116118 0.025189
vt 0.208666 0.596446
vt 0.190379 0.600908
vt 0.120416 0.013174
vt 0.116090 0.011558
vt 0.119293 0.014689
vt 0.114931 0.013123
vt 0.120516 0.037557
vt 0.116194 0.036752
vt 0.119293 0.112952
vt 0.119293 0.109043
vt 0.114931 0.110615
vt 0.114931 0.114654
vt 0.120420 0.055598
vt 0.116095 0.055393
vt 0.214253 0.545980
vt 0.213970 0.554036
vt 0.122182 0.565348
vt 0.157062 0.540126
vt 0.119293 0.057179
vt 0.119293 0.037349
vt 0.114931 0.036537
vt 0.114931 0.057026
vt 0.120255 0.108348
vt 0.115924 0.109896
vt 0.213280 0.577611
vt 0.212776 0.590996
vt 0.155448 0.607780
vt 0.135015 0.610060
vt 0.119293 0.071172
vt 0.114931 0.071484
vt 0.119293 0.017313
vt 0.114931 0.015835
vt 0.119293 0.028643
vt 0.114931 0.027541
vt 0.210994 0.594157
vt 0.126572 0.610486
vt 0.120416 0.088809
vt 0.116090 0.089708
vt 0.169930 0.604953
vt 0.119293 0.090827
vt 0.114931 0.091792
vt 0.520537 0.931522
vt 0.431515 0.929651
vt 0.436430 0.848994
vt 0.524539 0.849885
vt 0.427386 0.925861
vt 0.426915 0.855502
vt 0.437348 0.850885
vt 0.524410 0.850137
vt 0.014005 0.672625
vt 0.357038 0.868747
vt 0.356143 0.822962
vt 0.422097 0.815097
vt 0.435539 0.813494
vt 0.524432 0.811494
vt 0.860823 0.989421
vt 0.814566 0.979101
vt 0.818100 0.974293
vt 0.860823 0.983825
vt 0.823819 0.961782
vt 0.860823 0.970038
vt 0.823819 0.958857
vt 0.860823 0.967112
vt 0.818100 0.969560
vt 0.860823 0.979092
vt 0.777470 0.950185
vt 0.783839 0.947587
vt 0.794144 0.938651
vt 0.794144 0.935725
vt 0.783839 0.942854
vt 0.756884 0.908400
vt 0.764826 0.908995
vt 0.777676 0.905224
vt 0.777676 0.902299
vt 0.764826 0.904262
vt 0.756884 0.862022
vt 0.764826 0.866161
vt 0.777676 0.868123
vt 0.777676 0.865198
vt 0.832793 0.902299
vt 0.832793 0.847721
vt 0.764826 0.861428
vt 0.777470 0.820238
vt 0.783839 0.827569
vt 0.794144 0.834697
vt 0.794144 0.831772
vt 0.783839 0.822835
vt 0.814566 0.791322
vt 0.818100 0.800862
vt 0.823819 0.811565
vt 0.823819 0.808640
vt 0.818100 0.796129
vt 0.860823 0.781001
vt 0.860823 0.791330
vt 0.860823 0.803310
vt 0.891603 0.832477
vt 0.860823 0.830216
vt 0.897827 0.811565
vt 0.860823 0.800385
vt 0.860823 0.786597
vt 0.907080 0.791322
vt 0.903545 0.800862
vt 0.897827 0.808640
vt 0.903545 0.796129
vt 0.944175 0.820238
vt 0.937806 0.827569
vt 0.927502 0.834697
vt 0.927502 0.831772
vt 0.937806 0.822835
vt 0.964762 0.862022
vt 0.956820 0.866161
vt 0.943970 0.868123
vt 0.943970 0.865198
vt 0.956820 0.861428
vt 0.964762 0.908400
vt 0.956820 0.908995
vt 0.943970 0.905224
vt 0.832793 0.902172
vt 0.943970 0.902299
vt 0.956820 0.904262
vt 0.944175 0.950185
vt 0.937807 0.947587
vt 0.927502 0.938651
vt 0.927502 0.935725
vt 0.937807 0.942854
vt 0.907080 0.979101
vt 0.903545 0.974293
vt 0.897827 0.961782
vt 0.897827 0.958857
vt 0.903545 0.969560
vt 0.860823 0.902172
vt 0.860823 0.848227
vt 0.888853 0.847595
vt 0.888853 0.902172
vt 0.860823 0.902299
vt 0.888853 0.902299
vt 0.832793 0.847595
vt 0.888853 0.847721
vt 0.860823 0.848353
vt 0.832793 0.829392
vt 0.830043 0.832476
vt 0.860823 0.829392
vt 0.888853 0.829392
vt 0.540827 0.851664
vt 0.541279 0.826230
vt 0.540819 0.852349
vt 0.537074 0.935732
vt 0.706790 0.775784
vt 0.706790 0.741183
vt 0.899573 0.741183
vt 0.899573 0.775784
vt 0.899573 0.477054
vt 0.899573 0.511655
vt 0.706790 0.511655
vt 0.706790 0.477054
vt 0.660590 0.523254
vt 0.695191 0.523254
vt 0.695191 0.729584
vt 0.660590 0.729584
vt 0.945774 0.747135
vt 0.911172 0.747135
vt 0.911172 0.739598
vt 0.945774 0.739598
vt 0.945774 0.737121
vt 0.911172 0.737121
vt 0.911172 0.505703
vt 0.945774 0.505703
vt 0.660590 0.505703
vt 0.695191 0.505703
vt 0.695191 0.747135
vt 0.660590 0.747135
vt 0.906537 0.514539
vt 0.699827 0.514539
vt 0.908288 0.516291
vt 0.698076 0.516291
vt 0.908288 0.736548
vt 0.698076 0.736548
vt 0.906537 0.738299
vt 0.699827 0.738299
vt 0.081403 0.341463
vt 0.081403 0.275935
vt 0.014005 0.275935
vt 0.014005 0.341463
vt 0.120613 0.421444
vt 0.098931 0.447936
vt 0.598498 0.372603
vt 0.602710 0.373302
vt 0.155973 0.409321
vt 0.139040 0.408590
vt 0.128800 0.404839
vt 0.532358 0.370538
vt 0.572123 0.371069
vt 0.606959 0.374009
vt 0.618708 0.376981
vt 0.190293 0.404840
vt 0.186419 0.408591
vt 0.175001 0.409321
vt 0.093022 0.447936
vt 0.482427 0.370246
vt 0.310275 0.447936
vt 0.081403 0.394700
vt 0.098931 0.394700
vt 0.098931 0.341463
vt 0.573105 0.297658
vt 0.532952 0.297124
vt 0.533326 0.223396
vt 0.573464 0.223815
vt 0.119993 0.371909
vt 0.128359 0.354419
vt 0.128589 0.304228
vt 0.120613 0.322374
vt 0.482757 0.296818
vt 0.483039 0.223130
vt 0.530298 0.708643
vt 0.553564 0.708843
vt 0.553564 0.704511
vt 0.530298 0.704981
vt 0.604453 0.299250
vt 0.599921 0.298783
vt 0.600200 0.224481
vt 0.604603 0.224728
vt 0.515991 0.712402
vt 0.515467 0.708485
vt 0.515467 0.704820
vt 0.515991 0.704837
vt 0.621247 0.301488
vt 0.609005 0.299734
vt 0.607588 0.224963
vt 0.619594 0.225814
vt 0.014005 0.394700
vt 0.595342 0.712402
vt 0.579671 0.712402
vt 0.579671 0.704739
vt 0.595342 0.704876
vt 0.579671 0.709067
vt 0.515991 0.708502
vt 0.190674 0.354412
vt 0.324510 0.394700
vt 0.338745 0.341463
vt 0.190294 0.304228
vt 0.155973 0.299374
vt 0.175001 0.299374
vt 0.210436 0.275935
vt 0.189190 0.275935
vt 0.574525 0.133429
vt 0.601529 0.133818
vt 0.131020 0.275935
vt 0.098931 0.275935
vt 0.606090 0.133900
vt 0.609223 0.133966
vt 0.139016 0.300238
vt 0.170361 0.275935
vt 0.186422 0.300238
vt 0.222328 0.275935
vt 0.219954 0.275935
vt 0.338745 0.275935
vt 0.533997 0.133022
vt 0.156955 0.275935
vt 0.483300 0.132833
vt 0.621315 0.134232
vt 0.014005 0.546211
vt 0.600654 0.712402
vt 0.600654 0.704941
vt 0.553564 0.712402
vt 0.530298 0.712402
vt 0.595342 0.709202
vt 0.601178 0.709283
vt 0.601178 0.704958
vt 0.091677 0.230195
vt 0.091677 0.237285
vt 0.145331 0.244130
vt 0.146187 0.232811
vt 0.091678 0.186461
vt 0.091677 0.200449
vt 0.145333 0.197150
vt 0.141381 0.186839
vt 0.091677 0.214401
vt 0.146186 0.213944
vt 0.091677 0.248290
vt 0.141380 0.247913
vt 0.038019 0.244130
vt 0.041732 0.247913
vt 0.038017 0.197150
vt 0.037295 0.213943
vt 0.037294 0.232811
vt 0.041731 0.186839
vt 0.600654 0.709266
vt 0.365033 0.665856
vt 0.369038 0.665710
vt 0.371358 0.686174
vt 0.364543 0.686050
vt 0.433542 0.687836
vt 0.430950 0.668211
vt 0.431480 0.651267
vt 0.392615 0.583661
vt 0.391249 0.512361
vt 0.431493 0.511855
vt 0.431911 0.582931
vt 0.364849 0.650462
vt 0.369182 0.650841
vt 0.431977 0.615413
vt 0.431976 0.598142
vt 0.364005 0.616570
vt 0.363067 0.600297
vt 0.367928 0.599664
vt 0.368646 0.616422
vt 0.359609 0.513490
vt 0.360369 0.454350
vt 0.364786 0.453626
vt 0.364571 0.513534
vt 0.431764 0.452112
vt 0.340145 0.514257
vt 0.344366 0.458371
vt 0.355945 0.455074
vt 0.354660 0.513446
vt 0.343555 0.649263
vt 0.339241 0.614641
vt 0.359320 0.616736
vt 0.360464 0.650141
vt 0.232015 0.597461
vt 0.220152 0.593291
vt 0.221810 0.541279
vt 0.247364 0.544246
vt 0.357429 0.585842
vt 0.337454 0.586858
vt 0.360920 0.665978
vt 0.343926 0.666402
vt 0.357765 0.685264
vt 0.347266 0.688692
vt 0.115926 0.669038
vt 0.121075 0.669776
vt 0.104494 0.669491
vt 0.098949 0.590631
vt 0.079018 0.590406
vt 0.087921 0.573309
vt 0.098949 0.571124
vt 0.215695 0.654888
vt 0.205871 0.670432
vt 0.191932 0.658073
vt 0.210200 0.646664
vt 0.098949 0.637575
vt 0.098949 0.621978
vt 0.113876 0.618113
vt 0.112359 0.629126
vt 0.337711 0.602613
vt 0.358164 0.600960
vt 0.215551 0.555093
vt 0.215544 0.573514
vt 0.213274 0.577501
vt 0.213921 0.554899
vt 0.132337 0.669864
vt 0.111774 0.663028
vt 0.125560 0.666201
vt 0.117644 0.590738
vt 0.115792 0.604193
vt 0.098949 0.605758
vt 0.115034 0.609700
vt 0.098949 0.613557
vt 0.098949 0.544003
vt 0.080898 0.546197
vt 0.093042 0.504453
vt 0.098949 0.504453
vt 0.228484 0.617433
vt 0.223429 0.643121
vt 0.214823 0.638138
vt 0.217009 0.615083
vt 0.098949 0.664135
vt 0.098947 0.670081
vt 0.075304 0.672086
vt 0.081670 0.667004
vt 0.137305 0.541970
vt 0.130121 0.544634
vt 0.098949 0.554124
vt 0.204950 0.542207
vt 0.190092 0.539583
vt 0.189187 0.504453
vt 0.210428 0.504453
vt 0.127838 0.618824
vt 0.116501 0.618734
vt 0.117460 0.610309
vt 0.128259 0.610405
vt 0.190194 0.600919
vt 0.208359 0.596404
vt 0.208290 0.605168
vt 0.190062 0.609323
vt 0.154811 0.662883
vt 0.158275 0.665997
vt 0.142966 0.670108
vt 0.136758 0.667264
vt 0.170495 0.604814
vt 0.170395 0.613207
vt 0.136550 0.618287
vt 0.136632 0.609884
vt 0.156470 0.607586
vt 0.156392 0.615973
vt 0.211184 0.593824
vt 0.212201 0.604999
vt 0.212865 0.590485
vt 0.217914 0.587746
vt 0.167662 0.686273
vt 0.158427 0.689212
vt 0.184135 0.679719
vt 0.122130 0.565580
vt 0.109785 0.658196
vt 0.188043 0.653508
vt 0.210601 0.636348
vt 0.211839 0.614752
vt 0.219384 0.541703
vt 0.219944 0.504453
vt 0.222317 0.504453
vt 0.098944 0.668356
vt 0.170825 0.539895
vt 0.170362 0.504453
vt 0.207594 0.642883
vt 0.217581 0.603908
vt 0.218588 0.547002
vt 0.214442 0.546806
vt 0.157107 0.540118
vt 0.131031 0.504453
vt 0.156960 0.504453
vt 0.074840 0.669383
vt 0.210654 0.543050
vt 0.271971 0.504453
vt 0.393000 0.598750
vt 0.393333 0.615782
vt 0.385039 0.650873
vt 0.391548 0.452210
vt 0.367194 0.584656
vt 0.362325 0.585243
vt 0.384371 0.667053
vt 0.389481 0.687185
vt 0.229314 0.608760
vt 0.471715 0.727211
vt 0.471071 0.741176
vt 0.472533 0.752594
vt 0.333008 0.223211
vt 0.306430 0.239417
vt 0.307270 0.210467
vt 0.333310 0.207877
vt 0.306659 0.192384
vt 0.330996 0.191040
vt 0.312075 0.253943
vt 0.304169 0.252524
vt 0.212883 0.239629
vt 0.195043 0.240208
vt 0.197299 0.209244
vt 0.214218 0.209553
vt 0.197419 0.191040
vt 0.214440 0.191356
vt 0.213714 0.252291
vt 0.197790 0.252728
vt 0.214519 0.266492
vt 0.197530 0.268923
vt 0.197711 0.266019
vt 0.307400 0.258697
vt 0.298840 0.255103
vt 0.563445 0.725233
vt 0.564759 0.726950
vt 0.557602 0.725226
vt 0.556289 0.723509
vt 0.525298 0.753857
vt 0.526611 0.755574
vt 0.558903 0.745856
vt 0.557589 0.744139
vt 0.590285 0.729006
vt 0.591599 0.730723
vt 0.582720 0.730568
vt 0.581407 0.728851
vt 0.543282 0.729426
vt 0.535769 0.721390
vt 0.599224 0.725713
vt 0.600473 0.731158
vt 0.468865 0.761864
vt 0.467053 0.766277
vt 0.497409 0.763131
vt 0.496179 0.761395
vt 0.571891 0.728668
vt 0.570577 0.726952
vt 0.117525 0.591490
vt 0.115611 0.605506
vt 0.210933 0.542832
vt 0.205779 0.542340
vt 0.114381 0.609535
vt 0.116910 0.610171
vt 0.190738 0.539584
vt 0.171169 0.539890
vt 0.137185 0.541919
vt 0.130402 0.544063
vt 0.190376 0.600881
vt 0.208659 0.596420
vt 0.213962 0.554020
vt 0.214244 0.545965
vt 0.122195 0.565329
vt 0.157066 0.540113
vt 0.212767 0.590972
vt 0.213271 0.577590
vt 0.135024 0.610031
vt 0.155453 0.607751
vt 0.210986 0.594132
vt 0.126583 0.610456
vt 0.169932 0.604925
vt 0.569285 0.905733
vt 0.570571 0.851338
vt 0.658524 0.856441
vt 0.658623 0.909774
vt 0.667656 0.863508
vt 0.662487 0.935732
vt 0.570626 0.851527
vt 0.657502 0.858220
vt 0.675237 0.823457
vt 0.742858 0.836257
vt 0.736583 0.881539
vt 0.661913 0.820935
vt 0.573152 0.812722
vt 0.554139 0.852025
vt 0.555209 0.826326
vt 0.554127 0.852713
vt 0.552202 0.905830
vt 0.098949 0.447944
vt 0.120626 0.421458
vt 0.362230 0.372145
vt 0.366441 0.371487
vt 0.139049 0.408608
vt 0.155978 0.409338
vt 0.128811 0.404857
vt 0.392789 0.370212
vt 0.432516 0.370063
vt 0.346227 0.375660
vt 0.357982 0.372809
vt 0.186417 0.408608
vt 0.190289 0.404858
vt 0.175001 0.409338
vt 0.310244 0.447944
vt 0.392477 0.296906
vt 0.392697 0.223191
vt 0.432780 0.223056
vt 0.432584 0.296708
vt 0.120006 0.371935
vt 0.120626 0.322411
vt 0.128600 0.304269
vt 0.128370 0.354448
vt 0.361175 0.298229
vt 0.361613 0.223878
vt 0.366008 0.223664
vt 0.365701 0.297802
vt 0.344400 0.300318
vt 0.346647 0.224853
vt 0.358633 0.224091
vt 0.356629 0.298673
vt 0.098949 0.394720
vt 0.098949 0.341496
vt 0.190671 0.354441
vt 0.190291 0.304269
vt 0.338708 0.341496
vt 0.324476 0.394720
vt 0.155978 0.299416
vt 0.189187 0.275983
vt 0.210428 0.275983
vt 0.175001 0.299416
vt 0.365267 0.133191
vt 0.392213 0.132978
vt 0.098949 0.275983
vt 0.131031 0.275983
vt 0.357590 0.133288
vt 0.360715 0.133243
vt 0.139024 0.300279
vt 0.170362 0.275983
vt 0.186420 0.300279
vt 0.219944 0.275983
vt 0.222317 0.275983
vt 0.338708 0.275983
vt 0.432658 0.132828
vt 0.156960 0.275983
vt 0.345525 0.133475
vt 0.198673 0.259705
vt 0.165236 0.251264
vt 0.209667 0.259743
vt 0.160424 0.239804
vt 0.162569 0.209445
vt 0.162616 0.191085
vt 0.014005 0.624840
vt 0.014005 0.672130
vt 0.014005 0.590430
vt 0.082823 0.643512
vt 0.077556 0.624808
vt 0.088543 0.558684
vt 0.086489 0.607008
vt 0.086091 0.616360
vt 0.081425 0.341496
vt 0.014043 0.341496
vt 0.014043 0.275983
vt 0.081425 0.275983
vt 0.093042 0.447944
vt 0.081425 0.394720
vt 0.014043 0.394720
vt 0.014043 0.546197
vt 0.014043 0.672086
vt 0.014043 0.624808
vt 0.014043 0.590406
vt 0.227083 0.750073
vt 0.107243 0.750073
vt 0.106728 0.701428
vt 0.227083 0.701428
vt 0.227187 0.762724
vt 0.107451 0.762724
vt 0.227187 0.785885
vt 0.107451 0.785885
vt 0.227187 0.804604
vt 0.107451 0.804604
vt 0.227187 0.814279
vt 0.107451 0.814280
vt 0.227187 0.827870
vt 0.107451 0.827870
vt 0.227187 0.843204
vt 0.107451 0.843204
vt 0.227187 0.850074
vt 0.107451 0.850074
vt 0.227187 0.851787
vt 0.107451 0.851787
vt 0.227187 0.935812
vt 0.107451 0.935812
vt 0.227187 0.947566
vt 0.107451 0.947566
vt 0.227187 0.950370
vt 0.108512 0.950370
vt 0.227187 0.953164
vt 0.111909 0.953164
vt 0.227187 0.959033
vt 0.137680 0.959033
vt 0.227187 0.960548
vt 0.177401 0.960548
vt 0.276973 0.960548
vt 0.316693 0.959033
vt 0.342465 0.953164
vt 0.345862 0.950370
vt 0.346923 0.947566
vt 0.346923 0.935812
vt 0.346923 0.851787
vt 0.346923 0.850074
vt 0.346923 0.843204
vt 0.346923 0.827870
vt 0.346923 0.814280
vt 0.346923 0.804604
vt 0.346923 0.785885
vt 0.346923 0.762724
vt 0.346923 0.750073
vt 0.347437 0.701428
vt 0.205308 0.267593
vt 0.798351 0.461564
vt 0.633384 0.461564
vt 0.633384 0.396737
vt 0.764859 0.396737
vt 0.633384 0.344071
vt 0.764859 0.344071
vt 0.633384 0.194180
vt 0.764859 0.194180
vt 0.633384 0.150434
vt 0.764859 0.150434
vt 0.633384 0.116393
vt 0.764859 0.116393
vt 0.631213 0.069609
vt 0.764418 0.069609
vt 0.132550 0.182523
vt 0.002770 0.183167
vt 0.000000 0.134831
vt 0.132262 0.134831
vt 0.009945 0.126903
vt 0.134281 0.126903
vt 0.331909 0.134831
vt 0.197677 0.134831
vt 0.195776 0.126903
vt 0.321964 0.126903
vt 0.328452 0.181549
vt 0.196739 0.182204
vt 0.963317 0.116393
vt 0.829885 0.116393
vt 0.830300 0.069609
vt 0.965488 0.069609
vt 0.963317 0.150434
vt 0.829885 0.150434
vt 0.963317 0.194180
vt 0.829885 0.194180
vt 0.963317 0.344071
vt 0.829885 0.344071
vt 0.963317 0.396737
vt 0.829885 0.396737
vt 0.963317 0.461564
s 1
f 334/1/1 335/2/2 346/3/3 339/4/4
f 360/5/5 357/6/6 356/7/7 361/8/8
f 344/9/9 341/10/10 340/11/11 345/12/12
f 352/13/13 349/14/14 348/15/15 353/16/16
f 152/17/17 153/18/18 4/19/19 2/20/20
f 128/21/21 7/22/22 6/23/23 124/24/24
f 124/24/24 6/23/23 14/25/25 126/26/26
f 155/27/27 152/17/17 2/20/20 13/28/28
f 125/29/29 11/30/30 139/31/31 146/32/32
f 145/33/33 771/34/34 140/35/35 20/36/36 127/37/37
f 154/38/38 10/39/39 137/40/40 158/41/41
f 155/27/27 13/28/28 10/39/39 154/38/38
f 156/42/42 17/43/43 18/44/44 157/45/45
f 127/37/37 20/36/36 19/46/46 129/47/47
f 126/26/26 14/25/25 11/30/30 125/29/29
f 15/48/48 25/49/49 26/50/50 16/51/51
f 12/52/52 24/53/53 23/54/54 9/55/55
f 135/56/56 15/57/57 80/58/58 51/59/59
f 15/48/48 135/60/56 141/61/60 25/49/49
f 12/52/52 1/62/61 21/63/62 24/53/53
f 1/62/61 3/64/63 22/65/64 21/63/62
f 113/66/65 86/67/66 5/68/67
f 42/69/68 40/70/69 66/71/70 81/72/71
f 1/73/61 104/74/72 106/75/73 3/76/63
f 78/77/74 77/78/75 57/79/76 62/80/77
f 41/81/78 33/82/79 44/83/80 50/84/81
f 9/55/55 23/54/54 142/85/82 136/86/83
f 89/87/84 71/88/85 63/89/86 88/90/87
f 68/91/88 82/92/89 64/93/90 69/94/91
f 105/95/92 73/96/93 72/97/94 113/66/65
f 83/98/95 89/87/84 101/99/96 100/100/97
f 100/100/97 101/99/96 49/101/98 43/102/99
f 34/103/100 41/81/78 50/84/81 46/104/101
f 9/105/55 59/106/102 85/107/103 12/108/52
f 78/77/74 62/80/77 58/109/104 70/110/105
f 40/70/69 42/69/68 41/81/78 34/103/100
f 29/111/106 78/77/74 70/110/105 74/112/107
f 108/113/108 109/114/109 110/115/110 111/116/111
f 89/87/84 88/90/87 102/117/112 101/99/96
f 95/118/113 96/119/113 92/120/113 91/121/113
f 97/122/113 98/123/113 94/124/114 93/125/114
f 46/104/101 50/84/81 49/101/98 45/126/115
f 39/127/116 28/128/117 84/129/118 65/130/119
f 115/131/113 114/132/113 98/123/113 97/122/113
f 52/133/113 53/134/113 96/119/113 95/118/113
f 52/133/113 55/135/113 54/136/113 53/134/113
f 93/125/114 94/124/114 47/137/120 48/138/121
f 91/121/113 92/120/113 43/102/99 44/83/80
f 103/139/122 48/138/121 51/59/59 99/140/123
f 70/110/105 58/109/104 63/89/86 71/88/85
f 28/128/117 73/96/93 105/95/92 84/129/118
f 105/95/92 133/141/124 130/142/125 84/129/118
f 84/129/118 130/142/125 36/143/126 65/130/119
f 87/144/127 74/112/107 70/110/105 71/88/85
f 42/69/68 30/145/128 33/82/79 41/81/78
f 106/75/73 67/146/129 39/127/116 65/130/119
f 30/145/128 42/69/68 81/72/71 86/67/66
f 59/106/102 35/147/130 32/148/131 85/107/103
f 80/58/58 79/149/132 107/150/133 112/151/134
f 86/67/66 81/72/71 37/152/135 5/68/67
f 101/99/96 102/117/112 45/126/115 49/101/98
f 117/153/136 111/116/111 110/115/110 116/154/137
f 104/74/72 61/155/138 67/146/129 106/75/73
f 90/156/139 47/137/120 35/147/130 59/106/102
f 80/58/58 112/151/134 31/157/140 38/158/141
f 38/158/141 31/157/140 82/92/89 68/91/88
f 76/159/142 75/160/143 56/161/144 29/111/106
f 81/72/71 66/71/70 27/162/145 37/152/135
f 72/97/94 30/145/128 86/67/66 113/66/65
f 5/68/67 133/141/124 105/95/92 113/66/65
f 32/148/131 61/155/138 104/74/72 85/107/103
f 85/107/103 104/74/72 1/73/61 12/108/52
f 112/151/134 108/113/108 60/163/146 31/157/140
f 50/84/81 44/83/80 43/102/99 49/101/98
f 83/98/95 87/144/127 71/88/85 89/87/84
f 56/161/144 77/78/75 78/77/74 29/111/106
f 36/143/126 3/76/63 106/75/73 65/130/119
f 76/159/142 117/153/136 116/154/137 75/160/143
f 54/136/113 55/135/113 114/132/113 115/131/113
f 16/164/51 79/149/132 80/58/58 15/57/57
f 68/91/88 69/94/91 99/140/123 38/158/141
f 38/158/141 99/140/123 51/59/59 80/58/58
f 10/39/39 120/165/147 144/166/148 137/40/40
f 108/113/108 112/151/134 107/150/133 109/114/109
f 13/28/28 121/167/149 120/165/147 10/39/39
f 17/43/43 122/168/150 123/169/151 18/44/44
f 138/170/152 143/171/153 122/168/150 17/43/43
f 156/42/42 159/172/154 138/170/152 17/43/43
f 2/20/20 119/173/155 121/167/149 13/28/28
f 4/19/19 118/174/156 119/173/155 2/20/20
f 121/167/149 126/26/26 125/29/29 120/165/147
f 122/168/150 127/37/37 129/47/47 123/169/151
f 120/165/147 125/29/29 146/32/32 144/166/148
f 119/173/155 124/24/24 126/26/26 121/167/149
f 118/174/156 128/21/21 124/24/24 119/173/155
f 99/140/123 69/94/91 64/93/90 103/139/122
f 90/156/139 51/59/59 48/138/121 47/137/120
f 135/56/56 51/59/59 90/156/139 136/175/83
f 142/85/82 141/61/60 135/60/56 136/86/83
f 144/166/148 143/171/153 138/170/152 137/40/40
f 158/41/41 159/172/154 141/61/60 142/85/82
f 146/32/32 145/33/33 143/171/153 144/166/148
f 139/31/31 140/35/35 771/34/34 145/33/33 146/32/32
f 90/156/139 59/106/102 9/105/55 136/175/83
f 449/176/157 147/177/158 150/178/159 562/179/160
f 131/180/161 149/181/162 150/178/159 132/182/163
f 8/183/164 148/184/165 151/185/166 134/186/167
f 134/186/167 151/185/166 149/181/162 131/180/161
f 137/40/40 138/170/152 159/172/154 158/41/41
f 25/49/49 141/61/60 159/172/154 156/42/42
f 25/49/49 156/42/42 157/45/45 26/50/50
f 24/53/53 155/27/27 154/38/38 23/54/54
f 23/54/54 154/38/38 158/41/41 142/85/82
f 24/53/53 21/63/62 152/17/17 155/27/27
f 21/63/62 22/65/64 153/18/18 152/17/17
f 5/187/67 37/188/135 162/189/168 160/190/169
f 37/188/135 27/191/145 161/192/170 162/189/168
f 133/193/124 5/187/67 160/190/169 163/194/171
f 323/195/172 324/196/173 166/197/174 164/198/175
f 324/196/173 325/199/176 165/200/177 166/197/174
f 326/201/178 323/195/172 164/198/175 167/202/179
f 326/201/178 8/203/164 181/204/180 327/205/181
f 133/193/124 163/194/171 182/206/182 180/207/183
f 153/208/18 22/209/64 174/210/184 168/211/185
f 131/212/161 132/213/163 171/214/186 178/215/187
f 128/216/21 118/217/156 170/218/188 175/219/189
f 22/209/64 3/220/63 173/221/190 174/210/184
f 130/222/125 133/223/124 180/224/183 179/225/191
f 36/226/126 130/222/125 179/225/191 176/227/192
f 7/228/22 128/216/21 175/219/189 172/229/193
f 8/230/164 134/231/167 177/232/194 181/233/180
f 118/217/156 4/234/19 169/235/195 170/218/188
f 3/236/63 36/226/126 176/227/192 173/237/190
f 4/234/19 153/208/18 168/211/185 169/235/195
f 132/213/163 7/238/22 172/239/193 171/214/186
f 134/231/167 131/212/161 178/215/187 177/232/194
f 83/98/196 100/100/197 218/240/198 208/241/199
f 30/242/200 72/243/201 203/244/202 185/245/203
f 60/163/146 108/113/108 220/246/204 199/247/205
f 43/102/206 92/120/207 211/248/208 191/249/209
f 32/250/210 35/251/211 189/252/212 187/253/213
f 111/116/111 117/153/136 224/254/214 221/255/215
f 29/111/106 74/112/216 205/256/217 184/257/218
f 72/243/201 73/258/219 204/259/220 203/244/202
f 97/122/221 93/125/222 212/260/223 216/261/224
f 33/262/225 30/242/200 185/245/203 188/263/226
f 44/264/227 33/262/225 188/263/226 192/265/228
f 73/258/219 28/266/229 183/267/230 204/259/220
f 47/268/231 94/269/232 213/270/233 193/271/234
f 28/266/229 39/272/235 190/273/236 183/267/230
f 82/92/237 31/157/238 186/274/239 207/275/240
f 74/112/216 87/144/241 209/276/242 205/256/217
f 87/144/241 83/98/196 208/241/199 209/276/242
f 76/159/142 29/111/106 184/257/218 206/277/243
f 55/278/244 52/279/245 195/280/246 198/281/247
f 61/282/248 32/250/210 187/253/213 200/283/249
f 103/139/250 64/93/251 201/284/252 219/285/253
f 53/134/254 54/136/255 197/286/256 196/287/257
f 35/251/211 47/268/231 193/271/234 189/252/212
f 114/288/258 55/278/244 198/281/247 222/289/258
f 91/290/259 44/264/227 192/265/228 210/291/260
f 52/279/245 95/292/261 214/293/262 195/280/246
f 93/125/222 48/138/263 194/294/264 212/260/223
f 92/120/207 96/119/265 215/295/266 211/248/208
f 31/157/238 60/163/146 199/247/205 186/274/239
f 67/296/267 61/282/248 200/283/249 202/297/268
f 96/119/265 53/134/254 196/287/257 215/295/266
f 117/153/136 76/159/142 206/277/243 224/254/214
f 39/272/235 67/296/267 202/297/268 190/273/236
f 115/131/269 97/122/221 216/261/224 223/298/269
f 100/100/197 43/102/206 191/249/209 218/240/198
f 108/113/108 111/116/111 221/255/215 220/246/204
f 98/299/270 114/288/258 222/289/258 217/300/271
f 94/269/232 98/299/270 217/300/271 213/270/233
f 48/138/263 103/139/250 219/285/253 194/294/264
f 64/93/251 82/92/237 207/275/240 201/284/252
f 54/136/255 115/131/269 223/298/269 197/286/256
f 95/292/261 91/290/259 210/291/260 214/293/262
f 325/301/272 161/302/273 226/303/274 328/304/275
f 161/302/273 27/305/276 225/306/277 226/303/274
s 0
f 328/304/278 226/303/279 228/307/280 329/308/281
f 226/303/282 225/306/283 228/307/281
s 1
f 27/162/284 66/71/70 230/309/285
f 225/306/286 27/310/284 230/311/285 232/312/287
f 228/307/288 225/306/286 232/312/287 233/313/289
f 329/308/290 228/307/288 233/313/289 330/314/291
f 235/315/292 240/316/293 241/317/294 236/318/295
f 236/318/295 241/317/294 242/319/296 237/320/297
f 237/320/297 242/319/296 243/321/298 238/322/299
f 238/322/299 243/321/298 244/323/300 239/324/301
f 239/324/301 244/323/300 240/316/293 235/315/292
f 240/316/293 245/325/302 246/326/303 241/317/294
f 241/317/294 246/326/303 247/327/304 242/319/296
f 242/319/296 247/327/304 248/328/305 243/321/298
f 243/321/298 248/328/305 249/329/306 244/323/300
f 244/323/300 249/329/306 245/325/302 240/316/293
f 245/325/302 250/330/307 251/331/308 246/326/303
f 246/326/303 251/331/308 252/332/309 247/327/304
f 247/327/304 252/332/309 253/333/310 248/328/305
f 248/328/305 253/333/310 254/334/311 249/329/306
f 249/329/306 254/334/311 250/330/307 245/325/302
f 250/330/307 255/335/312 256/336/313 251/331/308
f 251/331/308 256/336/313 257/337/314 252/332/309
f 258/338/315 253/333/316 306/339/317 308/340/318
f 253/333/310 258/338/319 259/341/320 254/334/311
f 254/334/311 259/341/320 255/335/312 250/330/307
f 255/335/312 260/342/321 261/343/322 256/336/313
f 256/336/313 261/343/322 262/344/323 257/337/314
f 257/337/314 262/344/323 263/345/324 258/338/319
f 258/338/319 263/345/324 264/346/325 259/341/320
f 259/341/320 264/346/325 260/342/321 255/335/312
f 260/342/321 265/347/326 266/348/327 261/343/322
f 261/343/322 266/348/327 267/349/328 262/344/323
f 262/344/323 267/349/328 268/350/329 263/345/324
f 263/345/324 268/350/329 269/351/330 264/346/325
f 264/346/325 269/351/330 265/347/326 260/342/321
f 265/347/326 270/352/331 271/353/332 266/348/327
f 266/348/327 271/353/332 272/354/333 267/349/328
f 319/355/334 321/356/335 272/354/333 277/357/336
f 268/350/329 273/358/337 274/359/338 269/351/330
f 269/351/330 274/359/338 270/352/331 265/347/326
f 270/352/331 275/360/339 276/361/340 271/353/332
f 271/353/332 276/361/340 277/357/336 272/354/333
f 273/358/337 278/362/341 279/363/342 274/359/338
f 274/359/338 279/363/342 275/360/339 270/352/331
f 275/360/339 280/364/343 281/365/344 276/361/340
f 276/361/340 281/365/344 282/366/345 277/357/336
f 277/357/336 282/366/345 283/367/346 278/362/341
f 278/362/341 283/367/346 284/368/347 279/363/342
f 279/363/342 284/368/347 280/364/343 275/360/339
f 280/364/343 285/369/348 286/370/349 281/365/344
f 281/365/344 286/370/349 287/371/350 282/366/345
f 282/366/345 287/371/350 288/372/351 283/367/346
f 283/367/346 288/372/351 289/373/352 284/368/347
f 284/368/347 289/373/352 285/369/348 280/364/343
f 285/369/348 290/374/353 291/375/354 286/370/349
f 286/370/349 291/375/354 292/376/355 287/371/350
f 253/333/316 252/332/356 305/377/357 306/339/317
f 288/372/351 293/378/358 294/379/359 289/373/352
f 289/373/352 294/379/359 290/374/353 285/369/348
f 290/374/353 295/380/360 296/381/361 291/375/354
f 291/375/354 296/381/361 297/382/362 292/376/355
f 292/376/355 297/382/362 298/383/363 293/378/358
f 293/378/358 298/383/363 299/384/364 294/379/359
f 294/379/359 299/384/364 295/380/360 290/374/353
f 295/380/360 300/385/365 301/386/366 296/381/361
f 296/381/361 301/386/366 302/387/367 297/382/362
f 297/382/362 302/387/367 303/388/368 298/383/363
f 298/383/363 303/388/368 304/389/369 299/384/364
f 299/384/364 304/389/369 300/385/365 295/380/360
f 300/385/365 235/315/292 236/318/295 301/386/366
f 301/386/366 236/318/295 237/320/297 302/387/367
f 302/387/367 237/320/297 238/322/299 303/388/368
f 303/388/368 238/322/299 239/324/301 304/389/369
f 304/389/369 239/324/301 235/315/292 300/385/365
f 313/390/370 315/391/371 309/392/372 311/393/373
f 314/394/374 313/390/370 311/393/373 312/395/375
f 252/332/356 257/337/376 307/396/377 305/377/357
f 292/376/378 293/378/379 312/395/375 311/393/373
f 257/337/376 258/338/315 308/340/318 307/396/377
f 293/378/379 288/372/380 310/397/381 312/395/375
f 288/372/380 287/371/382 309/392/372 310/397/381
f 287/371/382 292/376/378 311/393/373 309/392/372
f 314/394/374 312/395/375 310/397/381 316/398/383
f 306/339/317 314/394/374 316/398/383 308/340/318
f 306/339/317 305/377/357 313/390/370 314/394/374
f 305/377/357 307/396/377 315/391/371 313/390/370
f 307/396/377 308/340/318 318/399/384 317/400/385
f 321/356/335 317/400/385 267/349/328 272/354/333
f 315/391/371 307/396/377 317/400/385 321/356/335
f 309/392/372 315/391/371 321/356/335 319/355/334
f 308/340/318 316/398/383 322/401/383 318/399/384
f 316/398/383 310/397/381 320/402/386 322/401/383
f 310/397/381 309/392/372 319/355/334 320/402/386
f 317/400/385 318/399/384 268/350/329 267/349/328
f 318/399/384 322/401/383 273/358/337 268/350/329
f 322/401/383 320/402/386 278/362/341 273/358/337
f 320/402/386 319/355/334 277/357/336 278/362/341
f 229/403/387 329/308/290 330/314/291 234/404/388
s 0
f 227/405/389 328/304/279 329/308/390 229/403/281
s 1
f 165/406/177 325/301/272 328/304/275 227/405/391
f 163/194/171 326/201/178 327/205/181 182/206/182
f 163/194/171 160/190/169 323/195/172 326/201/178
f 162/189/168 161/192/170 325/199/176 324/196/173
f 160/190/169 162/189/168 324/196/173 323/195/172
f 350/407/392 351/408/393 338/409/394 331/410/395
f 342/411/396 343/412/397 362/413/398 355/414/399
f 358/415/400 359/416/401 354/417/402 347/418/403
f 359/416/401 346/3/3 335/2/2 354/417/402
f 331/419/395 338/420/394 337/421/404 332/422/405
f 335/2/2 334/1/1 333/423/406 336/424/407
f 343/425/397 342/426/396 341/10/10 344/9/9
f 339/4/4 346/3/3 345/12/12 340/11/11
f 359/416/401 358/415/400 357/6/6 360/5/5
f 355/427/399 362/428/398 361/8/8 356/7/7
f 351/429/393 350/430/392 349/14/14 352/13/13
f 347/418/403 354/417/402 353/16/16 348/15/15
f 332/422/405 337/421/404 336/424/407 333/423/406
f 344/431/9 361/432/8 362/413/398 343/412/397
f 345/433/12 360/434/5 361/432/8 344/431/9
f 346/3/3 359/416/401 360/434/5 345/433/12
f 354/417/402 335/2/2 336/435/407 353/436/16
f 353/436/16 336/435/407 337/437/404 352/438/13
f 352/438/13 337/437/404 338/409/394 351/408/393
f 385/439/408 402/440/409 396/441/410 413/442/411
f 77/78/75 56/161/144 367/443/412 370/444/413
f 157/45/45 18/44/44 364/445/414 378/446/415
f 116/154/137 110/115/110 374/447/416 375/448/417
f 75/160/143 116/154/137 375/448/417 369/449/418
f 123/169/151 129/47/47 377/450/419 376/451/420
f 16/51/51 26/50/50 366/452/421 363/453/422
f 107/150/133 79/149/132 371/454/423 372/455/424
f 110/115/110 109/114/109 373/456/425 374/447/416
f 57/79/76 77/78/75 370/444/413 368/457/426
f 129/47/47 19/46/46 365/458/427 377/450/419
f 56/161/144 75/160/143 369/449/418 367/443/412
f 18/44/44 123/169/151 376/451/420 364/445/414
f 26/50/50 157/45/45 378/446/415 366/452/421
f 109/114/109 107/150/133 372/455/424 373/456/425
f 79/149/132 16/164/51 363/459/422 371/454/423
f 414/460/428 415/461/429 387/462/430 385/439/408
f 416/463/431 417/464/432 394/465/433 393/466/434
f 418/467/435 419/468/436 386/469/437 384/470/438
f 417/464/432 420/471/439 382/472/440 394/465/433
f 375/473/417 374/474/416 431/475/441 429/476/442
f 421/477/443 422/478/444 381/479/445 395/480/446
f 386/481/437 419/482/436 438/483/447 436/484/448
f 423/485/449 424/486/450 383/487/451 380/488/452
f 414/460/428 385/439/408 413/442/411 379/489/453
f 389/490/454 390/491/455 434/492/456 433/493/457
f 422/478/444 416/463/431 393/466/434 381/479/445
f 415/461/429 418/467/435 384/470/438 387/462/430
f 424/486/450 421/477/443 395/480/446 383/487/451
f 374/474/416 373/494/425 428/492/458 431/475/441
f 419/482/436 369/495/418 430/484/459 438/483/447
f 425/496/460 423/497/449 380/498/452 388/499/461
f 391/500/462 390/501/455 407/502/463 408/503/464
f 381/479/445 393/466/434 410/504/465 398/505/466
f 387/462/430 384/470/438 401/506/467 404/507/468
f 383/487/451 395/480/446 412/508/469 400/509/470
f 392/510/471 391/500/462 408/503/464 409/511/464
f 389/512/454 388/499/461 405/513/472 406/514/473
f 388/499/461 380/498/452 397/515/464 405/513/472
f 385/439/408 387/462/430 404/507/468 402/440/409
f 393/466/434 394/465/433 411/516/474 410/504/465
f 384/470/438 386/469/437 403/517/475 401/506/467
f 394/465/433 382/472/440 399/518/476 411/516/474
f 390/501/455 389/512/454 406/514/473 407/502/463
f 395/480/446 381/479/445 398/505/466 412/508/469
f 386/469/437 392/510/471 409/511/464 403/517/475
f 380/488/452 383/487/451 400/509/470 397/519/464
f 62/80/77 414/460/428 379/489/453 231/520/477
f 371/454/423 363/459/422 423/497/449 425/496/460
f 369/495/418 375/473/417 429/476/442 430/484/459
f 388/521/461 389/490/454 433/493/457 432/522/478
f 366/452/421 378/446/415 421/477/443 424/486/450
f 370/444/413 367/443/412 418/467/435 415/461/429
f 364/445/414 376/451/420 416/463/431 422/478/444
f 391/523/462 392/524/471 435/476/479 437/475/480
f 57/79/76 368/457/426 414/460/428 62/80/77
f 363/453/422 366/452/421 424/486/450 423/485/449
f 373/494/425 372/525/424 427/493/481 428/492/458
f 378/446/415 364/445/414 422/478/444 421/477/443
f 425/526/460 388/521/461 432/522/478 443/527/482
f 377/450/419 365/458/427 420/471/439 417/464/432
f 367/443/412 369/449/418 419/468/436 418/467/435
f 376/451/420 377/450/419 417/464/432 416/463/431
f 368/457/426 370/444/413 415/461/429 414/460/428
f 439/528/483 440/529/484 433/530/457 434/531/456
f 438/532/447 441/533/485 435/534/479 436/535/448
f 442/536/486 439/528/483 434/531/456 437/537/480
f 441/533/485 442/536/486 437/537/480 435/534/479
f 440/529/484 443/538/482 432/539/478 433/530/457
f 427/540/481 426/541/487 443/538/482 440/529/484
f 429/542/442 431/543/441 442/536/486 441/533/485
f 431/543/441 428/544/458 439/528/483 442/536/486
f 430/545/459 429/542/442 441/533/485 438/532/447
f 428/544/458 427/540/481 440/529/484 439/528/483
f 372/525/424 371/546/423 426/522/487 427/493/481
f 392/524/471 386/481/437 436/484/448 435/476/479
f 371/546/423 425/526/460 443/527/482 426/522/487
f 390/491/455 391/523/462 437/475/480 434/492/456
f 575/547/488 445/548/489 447/549/490 576/550/491
f 558/551/492 554/552/493 6/23/23 449/176/157
f 554/552/493 556/553/494 14/25/25 6/23/23
f 571/554/495 552/555/496 557/556/497 573/557/498
f 578/558/499 454/559/500 445/548/489 575/547/488
f 555/560/501 574/561/502 139/31/31 11/30/30
f 573/557/498 557/556/497 20/36/36 140/35/35
f 577/562/503 581/563/504 567/564/505 452/565/506
f 578/558/499 577/562/503 452/565/506 454/559/500
f 579/566/507 580/567/508 458/568/509 457/569/510
f 557/556/497 559/570/511 19/46/46 20/36/36
f 556/553/494 555/560/501 11/30/30 14/25/25
f 455/571/512 456/572/513 464/573/514 463/574/515
f 453/575/516 451/576/517 461/577/518 462/578/519
f 565/579/520 487/580/521 512/581/522 455/582/523
f 455/571/512 463/574/515 569/583/524 565/584/520
f 453/575/516 462/578/519 459/585/525 444/586/526
f 444/586/526 459/585/525 460/587/527 446/588/528
f 543/589/529 448/590/530 518/591/531
f 520/592/532 744/593/533 742/594/534 743/595/535
f 444/596/526 446/597/528 536/598/536 534/599/537
f 472/600/538 486/601/539 481/602/540 471/603/541
f 451/576/517 566/604/542 570/605/543 461/577/518
f 500/606/544 501/607/545 496/608/546 514/609/547
f 535/610/548 543/589/529 504/611/549 505/612/550
f 515/613/551 531/614/552 532/615/553 520/592/532
f 531/614/552 480/616/554 485/617/555 532/615/553
f 510/618/556 741/619/557 739/620/558 509/621/559
f 451/622/517 453/623/516 517/624/560 493/625/561
f 479/626/562 513/627/563 498/628/564 478/629/565
f 467/630/566 506/631/567 502/632/568 510/618/556
f 538/633/569 541/634/570 540/635/571 539/636/572
f 526/637/573 522/638/573 523/639/573 527/640/573
f 528/641/573 524/642/574 525/643/575 529/644/573
f 477/645/576 497/646/577 516/647/578 466/648/579
f 545/649/573 528/641/573 529/644/573 544/650/573
f 488/651/573 526/637/573 527/640/573 489/652/573
f 488/651/573 489/652/573 490/653/573 491/654/573
f 524/642/574 484/655/580 483/656/581 525/643/575
f 522/638/573 481/602/540 480/616/554 523/639/573
f 533/657/582 530/658/583 487/580/521 484/655/580
f 466/648/579 516/647/578 535/610/548 505/612/550
f 535/610/548 516/647/578 560/659/584 563/660/585
f 516/647/578 497/646/577 474/661/586 560/659/584
f 519/662/587 503/595/588 502/632/568 506/631/567
f 479/626/562 472/600/538 471/603/541 468/663/589
f 536/598/536 497/646/577 477/645/576 499/664/590
f 468/663/589 518/591/531 513/627/563 479/626/562
f 493/625/561 517/624/560 470/665/591 473/666/592
f 512/581/522 542/667/593 537/668/594 511/669/595
f 518/591/531 448/590/530 475/670/596 513/627/563
f 547/671/597 546/672/598 540/635/571 541/634/570
f 534/599/537 536/598/536 499/664/590 495/673/599
f 521/674/600 493/625/561 473/666/592 483/656/581
f 512/581/522 476/675/601 469/676/602 542/667/593
f 476/675/601 500/606/544 514/609/547 469/676/602
f 508/677/603 467/630/566 492/678/604 507/679/605
f 513/627/563 475/670/596 465/680/606 498/628/564
f 504/611/549 543/589/529 518/591/531 468/663/589
f 448/590/530 543/589/529 535/610/548 563/660/585
f 470/665/591 517/624/560 534/599/537 495/673/599
f 517/624/560 453/623/516 444/596/526 534/599/537
f 542/667/593 469/676/602 494/681/607 538/633/569
f 486/601/539 485/617/555 480/616/554 481/602/540
f 515/613/551 520/592/532 503/595/588 519/662/587
f 492/678/604 467/630/566 510/618/556 509/621/559
f 474/661/586 497/646/577 536/598/536 446/597/528
f 508/677/603 507/679/605 546/672/598 547/671/597
f 490/653/573 545/649/573 544/650/573 491/654/573
f 456/682/513 455/582/523 512/581/522 511/669/595
f 500/606/544 476/675/601 530/658/583 501/607/545
f 476/675/601 512/581/522 487/580/521 530/658/583
f 452/565/506 567/564/505 572/683/608 550/684/609
f 538/633/569 539/636/572 537/668/594 542/667/593
f 454/559/500 452/565/506 550/684/609 551/685/610
f 457/569/510 458/568/509 553/686/611 552/555/496
f 568/687/612 457/569/510 552/555/496 571/554/495
f 579/566/507 457/569/510 568/687/612 582/688/613
f 445/548/489 454/559/500 551/685/610 549/689/614
f 447/549/490 445/548/489 549/689/614 548/690/615
f 551/685/610 550/684/609 555/560/501 556/553/494
f 552/555/496 553/686/611 559/570/511 557/556/497
f 550/684/609 572/683/608 574/561/502 555/560/501
f 549/689/614 551/685/610 556/553/494 554/552/493
f 548/690/615 549/689/614 554/552/493 558/551/492
f 530/658/583 533/657/582 496/608/546 501/607/545
f 521/674/600 483/656/581 484/655/580 487/580/521
f 565/579/520 566/691/542 521/674/600 487/580/521
f 570/605/543 566/604/542 565/584/520 569/583/524
f 572/683/608 567/564/505 568/687/612 571/554/495
f 581/563/504 570/605/543 569/583/524 582/688/613
f 574/561/502 572/683/608 571/554/495 573/557/498
f 139/31/31 574/561/502 573/557/498 140/35/35
f 521/674/600 566/691/542 451/622/517 493/625/561
f 147/177/158 449/176/157 6/23/23 7/22/22
f 562/179/160 150/178/159 149/181/162 561/692/616
f 564/693/617 151/185/166 148/184/165 450/694/618
f 561/692/616 149/181/162 151/185/166 564/693/617
f 567/564/505 581/563/504 582/688/613 568/687/612
f 463/574/515 579/566/507 582/688/613 569/583/524
f 463/574/515 464/573/514 580/567/508 579/566/507
f 462/578/519 461/577/518 577/562/503 578/558/499
f 461/577/518 570/605/543 581/563/504 577/562/503
f 462/578/519 578/558/499 575/547/488 459/585/525
f 459/585/525 575/547/488 576/550/491 460/587/527
f 448/695/530 583/696/619 585/697/620 475/698/596
f 475/698/596 585/697/620 584/699/621 465/700/606
f 563/701/585 586/702/622 583/696/619 448/695/530
f 657/703/623 587/704/624 589/705/625 658/706/626
f 658/706/626 589/705/625 588/707/627 659/708/628
f 660/709/629 590/710/630 587/704/624 657/703/623
f 660/709/629 661/711/631 604/712/632 450/713/618
f 563/701/585 603/714/633 605/715/634 586/702/622
f 576/716/491 591/717/635 597/718/636 460/719/527
f 561/720/616 601/721/637 594/722/638 562/723/160
f 558/724/492 598/725/639 593/726/640 548/727/615
f 460/719/527 597/718/636 596/728/641 446/729/528
f 560/222/584 602/225/642 603/224/633 563/223/585
f 474/226/586 599/227/643 602/225/642 560/222/584
f 449/730/157 595/731/644 598/725/639 558/724/492
f 450/732/618 604/733/632 600/734/645 564/735/617
f 548/727/615 593/726/640 592/736/646 447/737/490
f 446/236/528 596/237/641 599/227/643 474/226/586
f 447/737/490 592/736/646 591/717/635 576/716/491
f 562/723/160 594/722/638 595/731/644 449/730/157
f 564/735/617 600/734/645 601/721/637 561/720/616
f 515/613/647 631/738/648 641/739/649 531/614/650
f 468/242/651 608/245/652 626/244/653 504/243/654
f 494/681/607 622/740/655 643/741/656 538/633/569
f 480/616/657 614/742/658 634/743/659 523/639/660
f 470/250/661 610/253/662 612/252/663 473/251/664
f 541/634/570 644/744/665 647/745/666 547/671/597
f 467/630/566 607/746/667 628/747/668 506/631/669
f 504/243/654 626/244/653 627/259/670 505/258/671
f 528/641/672 639/748/673 635/749/674 524/642/675
f 471/262/676 611/263/677 608/245/652 468/242/651
f 481/264/678 615/265/679 611/263/677 471/262/676
f 505/258/671 627/259/670 606/267/680 466/266/681
f 483/268/682 616/271/683 636/270/684 525/269/685
f 466/266/681 606/267/680 613/273/686 477/272/687
f 514/609/688 630/750/689 609/751/690 469/676/691
f 506/631/669 628/747/668 632/752/692 519/662/693
f 519/662/693 632/752/692 631/738/648 515/613/647
f 508/677/603 629/753/694 607/746/667 467/630/566
f 491/278/695 621/281/696 618/280/697 488/279/698
f 495/282/699 623/283/700 610/253/662 470/250/661
f 533/657/701 642/754/702 624/755/703 496/608/704
f 489/652/705 619/756/706 620/757/707 490/653/708
f 473/251/664 612/252/663 616/271/683 483/268/682
f 544/288/709 645/289/709 621/281/696 491/278/695
f 522/290/710 633/291/711 615/265/679 481/264/678
f 488/279/698 618/280/697 637/293/712 526/292/713
f 524/642/675 635/749/674 617/758/714 484/655/715
f 523/639/660 634/743/659 638/759/716 527/640/717
f 469/676/691 609/751/690 622/740/655 494/681/607
f 499/296/718 625/297/719 623/283/700 495/282/699
f 527/640/717 638/759/716 619/756/706 489/652/705
f 547/671/597 647/745/666 629/753/694 508/677/603
f 477/272/687 613/273/686 625/297/719 499/296/718
f 545/649/720 646/760/720 639/748/673 528/641/672
f 531/614/650 641/739/649 614/742/658 480/616/657
f 538/633/569 643/741/656 644/744/665 541/634/570
f 529/299/721 640/300/722 645/289/709 544/288/709
f 525/269/685 636/270/684 640/300/722 529/299/721
f 484/655/715 617/758/714 642/754/702 533/657/701
f 496/608/704 624/755/703 630/750/689 514/609/688
f 490/653/708 620/757/707 646/760/720 545/649/720
f 526/292/713 637/293/712 633/291/711 522/290/710
f 659/761/723 662/762/724 649/763/725 584/764/726
f 584/764/726 649/763/725 648/765/727 465/766/728
s 0
f 662/762/279 663/767/729 651/768/281 649/763/730
f 649/763/279 651/768/731 648/765/732
s 1
f 648/765/733 654/769/734 653/770/735 465/771/736
f 651/768/737 655/772/738 654/769/734 648/765/733
f 663/767/739 664/773/740 655/772/738 651/768/737
f 652/774/741 656/775/742 664/773/740 663/767/739
s 0
f 650/776/279 652/774/743 663/767/281 662/762/744
s 1
f 588/777/627 650/776/745 662/762/724 659/761/723
f 586/702/622 605/715/634 661/711/631 660/709/629
f 586/702/622 660/709/629 657/703/623 583/696/619
f 585/697/620 658/706/626 659/708/628 584/699/621
f 583/696/619 657/703/623 658/706/626 585/697/620
f 509/621/559 670/778/746 668/779/747 492/678/604
f 580/567/508 678/780/748 666/781/749 458/568/509
f 546/672/598 675/782/750 674/783/751 540/635/571
f 507/679/605 669/784/752 675/782/750 546/672/598
f 553/686/611 676/785/753 677/786/754 559/570/511
f 456/572/513 665/787/755 667/788/756 464/573/514
f 537/668/594 672/789/757 671/790/758 511/669/595
f 540/635/571 674/783/751 673/791/759 539/636/572
f 559/570/511 677/786/754 365/458/427 19/46/46
f 492/678/604 668/779/747 669/784/752 507/679/605
f 458/568/509 666/781/749 676/785/753 553/686/611
f 464/573/514 667/788/756 678/780/748 580/567/508
f 539/636/572 673/791/759 672/789/757 537/668/594
f 511/669/595 671/790/758 665/792/755 456/682/513
f 708/793/760 690/794/761 691/795/762 709/796/763
f 710/797/764 682/798/765 683/799/766 711/800/767
f 709/796/763 691/795/762 382/472/440 420/471/439
f 675/473/750 720/476/768 722/475/769 674/474/751
f 712/801/770 692/802/771 680/803/772 713/804/773
f 683/481/766 727/484/774 729/483/775 711/482/767
f 714/805/776 679/806/777 681/807/778 715/808/779
f 686/490/780 724/493/781 725/492/782 687/491/783
f 713/804/773 680/803/772 690/794/761 708/793/760
f 707/809/784 684/810/785 682/798/765 710/797/764
f 715/808/779 681/807/778 692/802/771 712/801/770
f 674/474/751 722/475/769 719/492/786 673/494/759
f 711/482/767 729/483/775 721/484/787 669/495/752
f 716/811/788 685/812/789 679/813/777 714/814/776
f 688/815/790 702/816/791 701/817/792 687/818/783
f 680/803/772 694/819/793 704/820/794 690/794/761
f 684/810/785 698/821/795 696/822/796 682/798/765
f 681/807/778 695/823/797 706/824/798 692/802/771
f 689/825/799 703/826/791 702/816/791 688/815/790
f 686/827/780 700/828/800 699/829/801 685/812/789
f 685/812/789 699/829/801 693/830/791 679/813/777
f 690/794/761 704/820/794 705/831/802 691/795/762
f 682/798/765 696/822/796 697/832/803 683/799/766
f 691/795/762 705/831/802 399/518/476 382/472/440
f 687/818/783 701/817/792 700/828/800 686/827/780
f 692/802/771 706/824/798 694/819/793 680/803/772
f 683/799/766 697/832/803 703/826/791 689/825/799
f 679/806/777 693/833/791 695/823/797 681/807/778
f 671/790/758 716/811/788 714/814/776 665/792/755
f 669/495/752 721/484/787 720/476/768 675/473/750
f 685/521/789 723/522/804 724/493/781 686/490/780
f 667/788/756 715/808/779 712/801/770 678/780/748
f 670/778/746 707/809/784 710/797/764 668/779/747
f 666/781/749 713/804/773 708/793/760 676/785/753
f 688/523/790 728/475/805 726/476/806 689/524/799
f 665/787/755 714/805/776 715/808/779 667/788/756
f 673/494/759 719/492/786 718/493/807 672/525/757
f 678/780/748 712/801/770 713/804/773 666/781/749
f 716/526/788 734/527/808 723/522/804 685/521/789
f 677/786/754 709/796/763 420/471/439 365/458/427
f 668/779/747 710/797/764 711/800/767 669/784/752
f 676/785/753 708/793/760 709/796/763 677/786/754
f 730/528/809 725/531/782 724/530/781 731/529/810
f 729/532/775 727/535/774 726/534/806 732/533/811
f 733/536/812 728/537/805 725/531/782 730/528/809
f 732/533/811 726/534/806 728/537/805 733/536/812
f 731/529/810 724/530/781 723/539/804 734/538/808
f 718/540/807 731/529/810 734/538/808 717/541/813
f 720/542/768 732/533/811 733/536/812 722/543/769
f 722/543/769 733/536/812 730/528/809 719/544/786
f 721/545/787 729/532/775 732/533/811 720/542/768
f 719/544/786 730/528/809 731/529/810 718/540/807
f 672/525/757 718/493/807 717/522/813 671/546/758
f 689/524/799 726/476/806 727/484/774 683/481/766
f 671/546/758 717/522/813 734/527/808 716/526/788
f 687/491/783 725/492/782 728/475/805 688/523/790
f 132/182/163 150/178/159 147/177/158 7/22/22
f 148/834/165 167/835/179 590/710/630 450/836/618
f 450/713/618 590/710/630 660/709/629
f 164/837/175 587/704/624 590/710/630 167/835/179
f 166/838/174 589/705/625 587/704/624 164/837/175
f 165/839/177 588/707/627 589/705/625 166/838/174
f 227/405/391 650/776/745 588/777/627 165/406/177
s 0
f 229/403/814 652/774/279 650/776/815 227/405/279
s 1
f 234/404/388 656/775/742 652/774/741 229/403/387
f 88/90/87 46/104/101 45/126/115 102/117/112
f 63/89/86 58/109/104 62/80/77 88/90/87
f 40/70/69 34/103/100 46/104/101 66/71/70
f 66/71/70 46/104/101 735/840/816 230/841/285
f 88/90/87 62/80/77 231/520/477 736/842/817
f 46/104/101 88/90/87 736/842/817 735/840/816
f 482/843/818 738/844/819 486/601/539 472/600/538
f 510/618/556 502/632/568 740/845/820 741/619/557
f 478/629/565 482/843/818 472/600/538 479/626/562
f 520/592/532 532/615/553 745/846/821 744/593/533
f 738/844/819 737/847/822 485/617/555 486/601/539
f 502/632/568 743/595/535 742/594/534 740/845/820
f 532/615/553 485/617/555 737/847/822 745/846/821
f 749/848/823 752/849/824 750/850/825 751/851/826
f 739/620/558 747/852/827 670/778/746 509/621/559
f 753/853/828 749/848/823 684/810/785 707/809/784
f 753/853/828 748/854/829 752/849/824 749/848/823
f 749/848/823 751/851/826 698/821/795 684/810/785
f 741/619/557 746/855/830 748/854/829 753/853/828
f 739/620/558 741/619/557 753/853/828 747/852/827
f 747/852/827 753/853/828 707/809/784 670/778/746
f 744/593/533 745/846/821 737/847/822 738/844/819
f 742/594/534 744/593/533 741/619/557 740/845/820
f 478/629/565 498/628/564 738/844/819 482/843/818
f 498/628/564 653/856/735 754/857/831 738/844/819
f 744/593/533 755/858/832 746/855/830 741/619/557
f 738/844/819 754/857/831 755/858/832 744/593/533
f 756/859/833 751/860/826 750/861/825 757/862/834
f 758/863/835 698/864/795 751/860/826 756/859/833
f 759/865/836 696/866/796 698/864/795 758/863/835
f 760/867/837 697/868/803 696/866/796 759/865/836
f 761/869/838 703/870/791 697/868/803 760/867/837
f 762/871/838 702/872/791 703/870/791 761/869/838
f 763/873/839 701/874/792 702/872/791 762/871/838
f 764/875/840 700/876/800 701/874/792 763/873/839
f 765/877/841 699/878/801 700/876/800 764/875/840
f 766/879/838 693/880/791 699/878/801 765/877/841
f 767/881/842 695/882/797 693/880/791 766/879/838
f 768/883/838 706/884/798 695/882/797 767/881/842
f 769/885/843 694/886/793 706/884/798 768/883/838
f 770/887/844 704/888/794 694/886/793 769/885/843
f 399/889/476 705/890/802 704/888/794 770/887/844
f 411/891/474 399/889/476 770/887/844 410/892/465
f 410/892/465 770/887/844 769/885/843 398/893/466
f 398/893/466 769/885/843 768/883/838 412/894/469
f 412/894/469 768/883/838 767/881/842 400/895/470
f 400/895/470 767/881/842 766/879/838 397/896/464
f 397/896/464 766/879/838 765/877/841 405/897/472
f 405/897/472 765/877/841 764/875/840 406/898/473
f 406/898/473 764/875/840 763/873/839 407/899/463
f 407/899/463 763/873/839 762/871/838 408/900/464
f 408/900/464 762/871/838 761/869/838 409/901/464
f 409/901/464 761/869/838 760/867/837 403/902/475
f 403/902/475 760/867/837 759/865/836 401/903/467
f 401/903/467 759/865/836 758/863/835 404/904/468
f 404/904/468 758/863/835 756/859/833 402/905/409
f 402/905/409 756/859/833 757/862/834 396/906/410
f 498/628/564 465/680/736 653/856/735
f 8/203/164 326/201/178 167/202/179
f 167/835/179 148/834/165 8/907/164
f 757/908/834 750/909/825 752/910/824 779/911/845
f 779/911/845 752/910/824 748/912/829 780/913/846
f 780/913/846 748/912/829 746/914/830 781/915/847
f 781/915/847 746/914/830 755/916/832 782/917/848
f 782/917/848 755/916/832 754/918/831 783/919/849
f 783/919/849 754/918/831 653/920/735 784/921/850
f 784/922/850 653/923/735 654/924/734 785/925/851
f 785/925/851 654/924/734 655/926/738 664/927/740
f 330/314/291 664/773/740 656/775/742 234/404/388
f 232/928/287 778/929/852 330/930/291 233/931/289
f 230/932/285 777/933/853 778/929/852 232/928/287
f 735/934/816 776/935/854 777/936/853 230/937/285
f 736/938/817 775/939/855 776/935/854 735/934/816
f 231/940/477 774/941/856 775/939/855 736/938/817
f 379/942/453 773/943/857 774/941/856 231/940/477
f 413/944/411 772/945/858 773/943/857 379/942/453
f 396/946/410 757/908/834 772/945/858 413/944/411
f 778/929/852 785/925/851 664/927/740 330/930/291
f 777/933/853 784/922/850 785/925/851 778/929/852
f 776/935/854 783/919/849 784/921/850 777/936/853
f 775/939/855 782/917/848 783/919/849 776/935/854
f 774/941/856 781/915/847 782/917/848 775/939/855
f 773/943/857 780/913/846 781/915/847 774/941/856
f 772/945/858 779/911/845 780/913/846 773/943/857
f 757/908/834 779/911/845 772/945/858
f 127/37/37 122/168/150 143/171/153 145/33/33
