# Blender 4.4.0
# www.blender.org
o Torus.002
v 1.915396 0.405846 0.015945
v 1.890111 0.427023 0.014652
v 1.931899 0.377314 0.017687
v 1.859095 0.438290 0.013964
v 1.826088 0.438290 0.013964
v 1.795072 0.427023 0.014652
v 1.769788 0.405846 0.015945
v 1.753284 0.377314 0.017687
v 1.747553 0.344869 0.019668
v 1.937631 0.344869 0.019668
v 1.931899 0.312424 0.021648
v 1.931899 0.261624 -0.810415
v 1.915396 0.233093 -0.808673
v 1.890111 0.211916 -0.807380
v 1.859095 0.200648 -0.806692
v 1.826088 0.200648 -0.806692
v 1.795072 0.211916 -0.807380
v 1.769788 0.233093 -0.808673
v 1.753284 0.312424 0.021648
v 1.753284 0.261624 -0.810415
v 1.747553 0.294069 -0.812395
v 1.753284 0.326514 -0.814376
v 1.769788 0.355046 -0.816118
v 1.795072 0.376223 -0.817411
v 1.826088 0.387490 -0.818099
v 1.859095 0.387490 -0.818099
v 1.890111 0.376223 -0.817411
v 1.915396 0.355046 -0.816118
v 1.931899 0.326514 -0.814376
v 1.937631 0.294069 -0.812395
v 1.769788 0.283893 0.023390
v 1.795072 0.262716 0.024683
v 1.826088 0.251448 0.025371
v 1.859095 0.251448 0.025371
v 1.890111 0.262716 0.024683
v 1.915396 0.283893 0.023390
v 1.931899 0.363224 0.853711
v 1.915396 0.334693 0.855453
v 1.890111 0.313516 0.856746
v 1.859095 0.302248 0.857434
v 1.826088 0.302248 0.857434
v 1.795072 0.313516 0.856746
v 1.769788 0.334693 0.855453
v 1.753284 0.363224 0.853711
v 1.747553 0.395669 0.851730
v 1.753284 0.428114 0.849750
v 1.769788 0.456646 0.848008
v 1.795072 0.477823 0.846715
v 1.826088 0.489091 0.846027
v 1.859095 0.489091 0.846027
v 1.890111 0.477823 0.846715
v 1.915396 0.456646 0.848008
v 1.931899 0.428114 0.849750
v 1.937631 0.395669 0.851730
v -1.916282 0.742657 -0.946885
v -1.916282 0.742604 -0.836625
v -1.916282 0.563522 -0.866619
v -1.916282 0.557463 -1.010103
v -2.052047 0.718739 -0.945875
v -2.050438 0.718969 -0.835627
v -1.989675 0.550592 -0.866073
v -1.989675 0.544534 -1.009557
v -2.171436 0.649871 -0.942968
v -2.168412 0.650918 -0.832754
v -2.054216 0.513363 -0.864501
v -2.054216 0.507304 -1.007985
v -2.260050 0.544359 -0.938513
v -2.255976 0.546656 -0.828351
v -2.102120 0.456323 -0.862093
v -2.102120 0.450265 -1.005577
v -2.307201 0.414929 -0.933048
v -2.302568 0.418760 -0.822951
v -2.127609 0.386355 -0.859139
v -2.127609 0.380296 -1.002623
v -2.307201 0.277193 -0.927233
v -2.302568 0.282656 -0.817205
v -2.127609 0.311895 -0.855995
v -2.127609 0.305837 -0.999479
v -2.260050 0.147763 -0.921768
v -2.255976 0.154760 -0.811805
v -2.102120 0.241926 -0.853041
v -1.916282 0.496545 -1.021370
v -1.969021 0.487253 -1.020978
v -2.102120 0.235868 -0.996525
v -2.015399 0.460501 -1.019849
v -2.171436 0.042250 -0.917313
v -2.168412 0.050498 -0.807403
v -2.054216 0.184888 -0.850633
v -2.049822 0.419514 -1.018118
v -2.068138 0.369236 -1.015995
v -2.054216 0.178829 -0.994117
v -2.068138 0.315731 -1.013736
v -2.052047 -0.026618 -0.914405
v -2.050438 -0.017554 -0.804530
v -1.989675 0.147658 -0.849061
v -2.049822 0.265453 -1.011613
v -2.015399 0.224466 -1.009883
v -1.989675 0.141600 -0.992545
v -1.969021 0.197713 -1.008753
v -1.916282 0.134728 -0.848515
v -1.916282 0.188422 -1.008361
v -1.863543 0.197713 -1.008753
v -1.916282 0.128670 -0.991999
v -1.817165 0.224466 -1.009883
v -1.780517 -0.026618 -0.914405
v -1.782126 -0.017554 -0.804530
v -1.842889 0.147658 -0.849061
v -1.782742 0.265453 -1.011613
v -1.764426 0.315731 -1.013736
v -1.842889 0.141600 -0.992545
v -1.764426 0.369236 -1.015995
v -1.661128 0.042250 -0.917313
v -1.664152 0.050498 -0.807403
v -1.778348 0.184888 -0.850633
v -1.782742 0.419514 -1.018118
v -1.817165 0.460501 -1.019849
v -1.778348 0.178829 -0.994117
v -1.863543 0.487253 -1.020978
v -1.572514 0.147763 -0.921768
v -1.576588 0.154760 -0.811805
v -1.730443 0.241927 -0.853041
v -1.730443 0.235869 -0.996525
v -1.525363 0.277193 -0.927233
v -1.529996 0.282656 -0.817205
v -1.704954 0.311895 -0.855995
v -1.704954 0.305837 -0.999479
v -1.525363 0.414929 -0.933048
v -1.529996 0.418760 -0.822952
v -1.704954 0.386355 -0.859139
v -1.704954 0.380296 -1.002623
v -1.572514 0.544359 -0.938513
v -1.576588 0.546656 -0.828351
v -1.730443 0.456323 -0.862093
v -1.730443 0.450265 -1.005577
v -1.661128 0.649871 -0.942968
v -1.664152 0.650918 -0.832754
v -1.778348 0.513363 -0.864501
v -1.778348 0.507304 -1.007985
v -1.780517 0.718739 -0.945875
v -1.782126 0.718969 -0.835627
v -1.842889 0.550592 -0.866073
v -1.842889 0.544534 -1.009557
v -1.868010 0.474117 -1.041172
v -1.825560 0.449631 -1.040138
v -1.794053 0.412115 -1.038554
v -1.777288 0.366096 -1.036611
v -1.777288 0.317122 -1.034544
v -1.794053 0.271103 -1.032601
v -1.825560 0.233587 -1.031017
v -1.868010 0.209101 -1.029983
v -1.916282 0.200596 -1.029624
v -1.964554 0.209101 -1.029983
v -2.007004 0.233587 -1.031017
v -2.038511 0.271103 -1.032601
v -2.055276 0.317122 -1.034544
v -2.055276 0.366096 -1.036611
v -2.038511 0.412115 -1.038554
v -2.007004 0.449631 -1.040138
v -1.963654 0.474117 -1.041178
v -1.916282 0.482622 -1.041531
v -1.915382 0.342766 -1.008174
v -1.843460 0.445673 -0.019466
v -1.868745 0.466871 -0.020361
v -1.916282 0.350139 -0.833540
v -1.826957 0.417114 -0.018260
v -1.899761 0.478150 -0.020837
v -1.932768 0.478150 -0.020837
v -1.963784 0.466871 -0.020361
v -1.989069 0.445673 -0.019466
v -2.005572 0.417114 -0.018260
v -2.011303 0.384638 -0.016889
v -1.821225 0.384638 -0.016889
v -1.826957 0.352162 -0.015518
v -1.826957 0.316997 -0.848388
v -1.843460 0.288438 -0.847182
v -1.868745 0.267240 -0.846287
v -1.899761 0.255961 -0.845811
v -1.932768 0.255961 -0.845811
v -1.963784 0.267240 -0.846287
v -1.989069 0.288438 -0.847182
v -2.005572 0.352162 -0.015518
v -2.005572 0.316997 -0.848388
v -2.011303 0.349473 -0.849759
v -2.005572 0.381949 -0.851130
v -1.989069 0.410509 -0.852336
v -1.963784 0.431706 -0.853231
v -1.932768 0.442985 -0.853707
v -1.899761 0.442985 -0.853707
v -1.868745 0.431706 -0.853231
v -1.843460 0.410509 -0.852336
v -1.826957 0.381949 -0.851130
v -1.821225 0.349473 -0.849759
v -1.989069 0.323602 -0.014312
v -1.963784 0.302405 -0.013417
v -1.932768 0.291126 -0.012941
v -1.899761 0.291126 -0.012941
v -1.868745 0.302405 -0.013417
v -1.843460 0.323602 -0.014312
v -1.916282 0.731944 -1.032470
v -1.916282 0.694295 -1.047991
v -2.036979 0.673031 -1.047093
v -2.049621 0.708453 -1.031478
v -2.143119 0.611806 -1.044508
v -2.166877 0.640816 -1.028623
v -2.253907 0.537189 -1.024247
v -2.221898 0.518004 -1.040547
v -2.300215 0.410072 -1.018880
v -2.263816 0.402938 -1.035689
v -2.263816 0.280488 -1.030519
v -2.300215 0.274797 -1.013169
v -2.253907 0.147680 -1.007802
v -2.221898 0.165423 -1.025661
v -2.143119 0.071621 -1.021701
v -2.166877 0.044053 -1.003427
v -2.036979 0.010396 -1.019116
v -2.049621 -0.023584 -1.000571
v -1.795585 0.010396 -1.019116
v -1.782943 -0.023584 -1.000571
v -1.689445 0.071621 -1.021701
v -1.665687 0.044053 -1.003427
v -1.610666 0.165423 -1.025661
v -1.578656 0.147680 -1.007802
v -1.532349 0.274797 -1.013169
v -1.568748 0.280489 -1.030519
v -1.532349 0.410072 -1.018880
v -1.568748 0.402938 -1.035689
v -1.610666 0.518004 -1.040547
v -1.578656 0.537189 -1.024247
v -1.689445 0.611806 -1.044508
v -1.665687 0.640816 -1.028623
v -1.782943 0.708453 -1.031478
v -1.795585 0.673031 -1.047093
v -1.916282 -0.050535 -0.913396
v -1.916282 -0.041189 -0.803532
v -1.916282 -0.047075 -0.999579
v -1.916282 -0.010868 -1.018218
v -1.916264 0.751790 -0.730994
v -1.916264 0.751737 -0.620734
v -1.916264 0.572655 -0.650729
v -1.916264 0.566597 -0.794213
v -2.052029 0.727873 -0.729985
v -2.050420 0.728103 -0.619736
v -1.989657 0.559725 -0.650183
v -1.989657 0.553667 -0.793667
v -2.171418 0.659004 -0.727077
v -2.168394 0.660051 -0.616863
v -2.054198 0.522496 -0.648611
v -2.054198 0.516438 -0.792095
v -2.260032 0.553492 -0.722622
v -2.255958 0.555789 -0.612461
v -2.102102 0.465456 -0.646202
v -2.102103 0.459398 -0.789687
v -2.307183 0.424062 -0.717157
v -2.302550 0.427893 -0.607061
v -2.127592 0.395488 -0.643248
v -2.127592 0.389430 -0.786732
v -2.307183 0.286326 -0.711342
v -2.302550 0.291789 -0.601314
v -2.127592 0.321029 -0.640104
v -2.127592 0.314971 -0.783589
v -2.260032 0.156896 -0.705877
v -2.255958 0.163893 -0.595914
v -2.102103 0.251060 -0.637150
v -2.102103 0.245002 -0.780634
v -2.171418 0.051384 -0.701422
v -2.168394 0.059632 -0.591512
v -2.054198 0.194021 -0.634742
v -2.054198 0.187963 -0.778226
v -2.052029 -0.017484 -0.698515
v -2.050420 -0.008421 -0.588639
v -1.989658 0.156791 -0.633170
v -1.989658 0.150733 -0.776654
v -1.916264 0.143862 -0.632624
v -1.916264 0.137804 -0.776108
v -1.780499 -0.017484 -0.698515
v -1.782108 -0.008421 -0.588639
v -1.842871 0.156791 -0.633170
v -1.842871 0.150733 -0.776654
v -1.661110 0.051384 -0.701422
v -1.664134 0.059631 -0.591512
v -1.778330 0.194021 -0.634742
v -1.778330 0.187963 -0.778226
v -1.572496 0.156896 -0.705877
v -1.576570 0.163893 -0.595914
v -1.730426 0.251060 -0.637150
v -1.730426 0.245002 -0.780634
v -1.525345 0.286326 -0.711342
v -1.529978 0.291789 -0.601314
v -1.704936 0.321029 -0.640104
v -1.704936 0.314971 -0.783589
v -1.525345 0.424062 -0.717157
v -1.529978 0.427893 -0.607061
v -1.704936 0.395488 -0.643248
v -1.704937 0.389430 -0.786732
v -1.572496 0.553492 -0.722622
v -1.576570 0.555789 -0.612461
v -1.730426 0.465456 -0.646202
v -1.730426 0.459398 -0.789687
v -1.661110 0.659004 -0.727077
v -1.664134 0.660051 -0.616863
v -1.778330 0.522496 -0.648611
v -1.778330 0.516438 -0.792095
v -1.780499 0.727873 -0.729985
v -1.782108 0.728103 -0.619736
v -1.842871 0.559725 -0.650183
v -1.842871 0.553667 -0.793667
v -1.916264 0.359273 -0.617649
v -1.916264 0.741077 -0.816579
v -1.916264 0.703428 -0.832100
v -2.036961 0.682165 -0.831202
v -2.049603 0.717587 -0.815588
v -2.143101 0.620940 -0.828617
v -2.166859 0.649949 -0.812732
v -2.253890 0.546323 -0.808357
v -2.221880 0.527137 -0.824657
v -2.300198 0.419206 -0.802990
v -2.263798 0.412072 -0.819799
v -2.263798 0.289622 -0.814628
v -2.300198 0.283931 -0.797278
v -2.253890 0.156814 -0.791911
v -2.221880 0.174556 -0.809770
v -2.143101 0.080754 -0.805810
v -2.166859 0.053187 -0.787536
v -2.036961 0.019529 -0.803225
v -2.049603 -0.014451 -0.784680
v -1.795567 0.019529 -0.803225
v -1.782925 -0.014451 -0.784680
v -1.689427 0.080754 -0.805810
v -1.665669 0.053187 -0.787536
v -1.610648 0.174556 -0.809770
v -1.578639 0.156814 -0.791911
v -1.532331 0.283931 -0.797278
v -1.568730 0.289622 -0.814628
v -1.532331 0.419206 -0.802990
v -1.568730 0.412072 -0.819799
v -1.610648 0.527137 -0.824657
v -1.578639 0.546323 -0.808357
v -1.689427 0.620940 -0.828617
v -1.665669 0.649949 -0.812732
v -1.782925 0.717587 -0.815588
v -1.795567 0.682165 -0.831202
v -1.916264 -0.041402 -0.697505
v -1.916264 -0.032055 -0.587641
v -1.916264 -0.037941 -0.783688
v -1.916264 -0.001734 -0.802327
v -2.760406 0.742657 -0.946885
v -2.760406 0.742605 -0.836625
v -2.760406 0.563522 -0.866619
v -2.760406 0.557464 -1.010103
v -2.896170 0.718740 -0.945875
v -2.894562 0.718970 -0.835627
v -2.833799 0.550592 -0.866073
v -2.833799 0.544534 -1.009557
v -3.015560 0.649871 -0.942968
v -3.012536 0.650918 -0.832753
v -2.898340 0.513363 -0.864501
v -2.898340 0.507305 -1.007985
v -3.104174 0.544359 -0.938513
v -3.100100 0.546656 -0.828351
v -2.946244 0.456324 -0.862093
v -2.946244 0.450266 -1.005577
v -3.151325 0.414930 -0.933048
v -3.146692 0.418760 -0.822951
v -2.971733 0.386355 -0.859139
v -2.971733 0.380297 -1.002623
v -3.151325 0.277193 -0.927233
v -3.146692 0.282656 -0.817205
v -2.971733 0.311896 -0.855995
v -2.971733 0.305838 -0.999479
v -3.104174 0.147763 -0.921768
v -3.100100 0.154761 -0.811805
v -2.946244 0.241927 -0.853041
v -2.760406 0.496546 -1.021370
v -2.813145 0.487254 -1.020978
v -2.946244 0.235869 -0.996525
v -2.859523 0.460502 -1.019849
v -3.015560 0.042251 -0.917313
v -3.012536 0.050499 -0.807403
v -2.898340 0.184888 -0.850633
v -2.893945 0.419515 -1.018118
v -2.912261 0.369236 -1.015995
v -2.898340 0.178830 -0.994117
v -2.912261 0.315732 -1.013736
v -2.896171 -0.026617 -0.914405
v -2.894562 -0.017553 -0.804530
v -2.833799 0.147658 -0.849061
v -2.893945 0.265454 -1.011613
v -2.859523 0.224466 -1.009883
v -2.833799 0.141600 -0.992545
v -2.813145 0.197714 -1.008754
v -2.760406 0.134729 -0.848515
v -2.760406 0.188423 -1.008361
v -2.707667 0.197714 -1.008754
v -2.760406 0.128671 -0.991999
v -2.661289 0.224466 -1.009883
v -2.624641 -0.026617 -0.914405
v -2.626250 -0.017553 -0.804530
v -2.687012 0.147658 -0.849061
v -2.626866 0.265454 -1.011613
v -2.608550 0.315732 -1.013736
v -2.687012 0.141600 -0.992545
v -2.608550 0.369236 -1.015995
v -2.505252 0.042251 -0.917313
v -2.508276 0.050499 -0.807403
v -2.622472 0.184888 -0.850633
v -2.626866 0.419515 -1.018118
v -2.661289 0.460502 -1.019849
v -2.622472 0.178830 -0.994117
v -2.707667 0.487254 -1.020978
v -2.416638 0.147764 -0.921768
v -2.420712 0.154761 -0.811805
v -2.574567 0.241927 -0.853041
v -2.574567 0.235869 -0.996525
v -2.369487 0.277193 -0.927233
v -2.374120 0.282656 -0.817205
v -2.549078 0.311896 -0.855995
v -2.549078 0.305838 -0.999479
v -2.369487 0.414930 -0.933048
v -2.374120 0.418760 -0.822951
v -2.549078 0.386355 -0.859139
v -2.549078 0.380297 -1.002623
v -2.416638 0.544360 -0.938513
v -2.420712 0.546656 -0.828351
v -2.574567 0.456324 -0.862093
v -2.574567 0.450266 -1.005577
v -2.505252 0.649871 -0.942968
v -2.508276 0.650918 -0.832753
v -2.622471 0.513363 -0.864501
v -2.622471 0.507305 -1.007985
v -2.624641 0.718740 -0.945875
v -2.626250 0.718970 -0.835627
v -2.687012 0.550592 -0.866073
v -2.687012 0.544534 -1.009557
v -2.712134 0.474118 -1.041172
v -2.669684 0.449632 -1.040138
v -2.638176 0.412116 -1.038554
v -2.621412 0.366096 -1.036611
v -2.621412 0.317123 -1.034544
v -2.638176 0.271104 -1.032601
v -2.669684 0.233588 -1.031017
v -2.712134 0.209102 -1.029983
v -2.760406 0.200597 -1.029624
v -2.808678 0.209102 -1.029983
v -2.851128 0.233588 -1.031017
v -2.882635 0.271104 -1.032601
v -2.899400 0.317123 -1.034544
v -2.899400 0.366096 -1.036611
v -2.882635 0.412116 -1.038554
v -2.851128 0.449632 -1.040138
v -2.807778 0.474118 -1.041178
v -2.760406 0.482622 -1.041531
v -2.759506 0.342767 -1.008174
v -2.687583 0.445673 -0.019466
v -2.712868 0.466871 -0.020361
v -2.760406 0.350140 -0.833540
v -2.671080 0.417114 -0.018260
v -2.743884 0.478150 -0.020837
v -2.776891 0.478150 -0.020837
v -2.807907 0.466871 -0.020361
v -2.833192 0.445673 -0.019466
v -2.849695 0.417114 -0.018260
v -2.855427 0.384638 -0.016889
v -2.665349 0.384638 -0.016889
v -2.671080 0.352162 -0.015518
v -2.671080 0.316997 -0.848388
v -2.687583 0.288438 -0.847182
v -2.712868 0.267240 -0.846287
v -2.743884 0.255961 -0.845811
v -2.776891 0.255961 -0.845811
v -2.807907 0.267240 -0.846287
v -2.833192 0.288438 -0.847182
v -2.849695 0.352162 -0.015518
v -2.849695 0.316997 -0.848388
v -2.855427 0.349473 -0.849759
v -2.849695 0.381949 -0.851130
v -2.833192 0.410509 -0.852336
v -2.807907 0.431706 -0.853231
v -2.776891 0.442985 -0.853707
v -2.743884 0.442985 -0.853707
v -2.712868 0.431706 -0.853231
v -2.687583 0.410509 -0.852336
v -2.671080 0.381949 -0.851130
v -2.665349 0.349473 -0.849759
v -2.833192 0.323602 -0.014312
v -2.807907 0.302405 -0.013417
v -2.776891 0.291126 -0.012941
v -2.743884 0.291126 -0.012941
v -2.712868 0.302405 -0.013417
v -2.687583 0.323602 -0.014312
v -2.760406 0.731945 -1.032470
v -2.760406 0.694295 -1.047991
v -2.881103 0.673032 -1.047093
v -2.893744 0.708454 -1.031478
v -2.987242 0.611807 -1.044508
v -3.011001 0.640817 -1.028623
v -3.098031 0.537190 -1.024247
v -3.066022 0.518005 -1.040547
v -3.144339 0.410073 -1.018880
v -3.107940 0.402939 -1.035689
v -3.107940 0.280489 -1.030519
v -3.144339 0.274798 -1.013169
v -3.098031 0.147681 -1.007802
v -3.066022 0.165424 -1.025661
v -2.987242 0.071622 -1.021701
v -3.011001 0.044054 -1.003427
v -2.881103 0.010397 -1.019116
v -2.893744 -0.023584 -1.000571
v -2.639709 0.010396 -1.019116
v -2.627067 -0.023584 -1.000571
v -2.533569 0.071621 -1.021701
v -2.509811 0.044054 -1.003427
v -2.454789 0.165424 -1.025661
v -2.422780 0.147681 -1.007802
v -2.376472 0.274798 -1.013169
v -2.412872 0.280489 -1.030519
v -2.376472 0.410073 -1.018880
v -2.412872 0.402939 -1.035689
v -2.454789 0.518005 -1.040547
v -2.422780 0.537190 -1.024247
v -2.533569 0.611807 -1.044508
v -2.509811 0.640817 -1.028623
v -2.627067 0.708454 -1.031478
v -2.639709 0.673032 -1.047093
v -2.760406 -0.050535 -0.913396
v -2.760406 -0.041188 -0.803532
v -2.760406 -0.047074 -0.999579
v -2.760406 -0.010867 -1.018218
v -2.760388 0.751791 -0.730994
v -2.760388 0.751739 -0.620734
v -2.760388 0.572656 -0.650729
v -2.760388 0.566598 -0.794213
v -2.896153 0.727874 -0.729985
v -2.894544 0.728104 -0.619736
v -2.833782 0.559726 -0.650183
v -2.833782 0.553668 -0.793667
v -3.015543 0.659005 -0.727077
v -3.012519 0.660052 -0.616863
v -2.898323 0.522497 -0.648611
v -2.898323 0.516439 -0.792095
v -3.104156 0.553493 -0.722622
v -3.100083 0.555790 -0.612461
v -2.946227 0.465458 -0.646202
v -2.946227 0.459400 -0.789687
v -3.151307 0.424064 -0.717157
v -3.146674 0.427894 -0.607061
v -2.971716 0.395489 -0.643248
v -2.971716 0.389431 -0.786732
v -3.151307 0.286327 -0.711342
v -3.146674 0.291790 -0.601314
v -2.971716 0.321030 -0.640105
v -2.971716 0.314972 -0.783589
v -3.104156 0.156897 -0.705877
v -3.100083 0.163895 -0.595914
v -2.946227 0.251061 -0.637150
v -2.946227 0.245003 -0.780634
v -3.015543 0.051385 -0.701422
v -3.012519 0.059633 -0.591512
v -2.898323 0.194022 -0.634742
v -2.898323 0.187964 -0.778226
v -2.896153 -0.017483 -0.698515
v -2.894544 -0.008419 -0.588639
v -2.833782 0.156793 -0.633170
v -2.833782 0.150734 -0.776654
v -2.760388 0.143863 -0.632624
v -2.760388 0.137805 -0.776108
v -2.624624 -0.017483 -0.698515
v -2.626233 -0.008419 -0.588639
v -2.686995 0.156793 -0.633170
v -2.686995 0.150734 -0.776654
v -2.505234 0.051385 -0.701422
v -2.508258 0.059633 -0.591512
v -2.622454 0.194022 -0.634742
v -2.622454 0.187964 -0.778226
v -2.416620 0.156897 -0.705877
v -2.420694 0.163895 -0.595914
v -2.574550 0.251061 -0.637150
v -2.574550 0.245003 -0.780634
v -2.369470 0.286327 -0.711342
v -2.374103 0.291790 -0.601314
v -2.549061 0.321030 -0.640105
v -2.549061 0.314972 -0.783589
v -2.369470 0.424064 -0.717157
v -2.374103 0.427894 -0.607061
v -2.549061 0.395489 -0.643248
v -2.549061 0.389431 -0.786732
v -2.416620 0.553493 -0.722622
v -2.420694 0.555790 -0.612461
v -2.574550 0.465458 -0.646202
v -2.574550 0.459400 -0.789687
v -2.505234 0.659005 -0.727077
v -2.508258 0.660052 -0.616863
v -2.622454 0.522497 -0.648611
v -2.622454 0.516439 -0.792095
v -2.624624 0.727874 -0.729985
v -2.626233 0.728104 -0.619736
v -2.686995 0.559726 -0.650183
v -2.686995 0.553668 -0.793667
v -2.760388 0.359274 -0.617649
v -2.760388 0.741079 -0.816579
v -2.760388 0.703429 -0.832100
v -2.881086 0.682166 -0.831202
v -2.893727 0.717588 -0.815588
v -2.987225 0.620941 -0.828617
v -3.010983 0.649951 -0.812732
v -3.098014 0.546324 -0.808357
v -3.066005 0.527138 -0.824657
v -3.144322 0.419207 -0.802990
v -3.107922 0.412073 -0.819799
v -3.107922 0.289623 -0.814629
v -3.144322 0.283932 -0.797278
v -3.098014 0.156815 -0.791911
v -3.066005 0.174558 -0.809770
v -2.987225 0.080756 -0.805810
v -3.010983 0.053188 -0.787536
v -2.881086 0.019531 -0.803225
v -2.893727 -0.014450 -0.784680
v -2.639691 0.019530 -0.803225
v -2.627050 -0.014450 -0.784680
v -2.533552 0.080755 -0.805810
v -2.509794 0.053188 -0.787536
v -2.454772 0.174558 -0.809770
v -2.422763 0.156815 -0.791911
v -2.376455 0.283932 -0.797278
v -2.412855 0.289623 -0.814629
v -2.376455 0.419207 -0.802990
v -2.412855 0.412073 -0.819799
v -2.454772 0.527138 -0.824657
v -2.422763 0.546324 -0.808357
v -2.533552 0.620941 -0.828617
v -2.509794 0.649951 -0.812732
v -2.627050 0.717588 -0.815588
v -2.639691 0.682166 -0.831202
v -2.760388 -0.041400 -0.697505
v -2.760388 -0.032054 -0.587641
v -2.760388 -0.037940 -0.783688
v -2.760388 -0.001733 -0.802327
v -1.916282 0.819774 0.879619
v -1.916282 0.810427 0.769756
v -1.916282 0.634511 0.814739
v -1.916282 0.640569 0.958223
v -2.052047 0.795856 0.880629
v -2.050438 0.786793 0.770753
v -1.989675 0.621581 0.815284
v -1.989675 0.627639 0.958769
v -2.171436 0.726988 0.883537
v -2.168412 0.718741 0.773627
v -2.054216 0.584352 0.816856
v -2.054216 0.590410 0.960340
v -2.260050 0.621476 0.887992
v -2.255976 0.614479 0.778029
v -2.102120 0.527312 0.819265
v -2.102120 0.533370 0.962749
v -2.307201 0.492046 0.893456
v -2.302568 0.486583 0.783429
v -2.127609 0.457344 0.822219
v -2.127609 0.463402 0.965703
v -2.307201 0.354310 0.899272
v -2.302568 0.350479 0.789175
v -2.127609 0.382884 0.825363
v -2.127609 0.388942 0.968847
v -2.260050 0.224880 0.904736
v -2.255976 0.222583 0.794575
v -2.102120 0.312916 0.828317
v -1.916282 0.580817 0.974585
v -1.969021 0.571525 0.974977
v -2.102120 0.318974 0.971801
v -2.015399 0.544773 0.976107
v -2.171436 0.119368 0.909191
v -2.168412 0.118322 0.798977
v -2.054216 0.255877 0.830725
v -2.049822 0.503786 0.977837
v -2.068138 0.453508 0.979960
v -2.054216 0.261935 0.974209
v -2.068138 0.400003 0.982219
v -2.052047 0.050500 0.912099
v -2.050438 0.050269 0.801850
v -1.989675 0.218647 0.832297
v -2.049822 0.349725 0.984342
v -2.015399 0.308737 0.986072
v -1.989675 0.224705 0.975781
v -1.969021 0.281985 0.987202
v -1.916282 0.205717 0.832843
v -1.916282 0.272694 0.987594
v -1.863543 0.281985 0.987202
v -1.916282 0.211775 0.976327
v -1.817165 0.308737 0.986072
v -1.780517 0.050500 0.912099
v -1.782126 0.050269 0.801850
v -1.842889 0.218647 0.832297
v -1.782742 0.349725 0.984342
v -1.764426 0.400003 0.982219
v -1.842889 0.224705 0.975781
v -1.764426 0.453508 0.979960
v -1.661128 0.119368 0.909191
v -1.664152 0.118321 0.798977
v -1.778348 0.255877 0.830725
v -1.782742 0.503786 0.977837
v -1.817165 0.544773 0.976107
v -1.778348 0.261935 0.974209
v -1.863543 0.571525 0.974977
v -1.572514 0.224880 0.904736
v -1.576588 0.222583 0.794575
v -1.730443 0.312916 0.828317
v -1.730443 0.318974 0.971801
v -1.525363 0.354310 0.899272
v -1.529996 0.350479 0.789175
v -1.704954 0.382884 0.825363
v -1.704954 0.388942 0.968847
v -1.525363 0.492046 0.893456
v -1.529996 0.486583 0.783429
v -1.704954 0.457344 0.822219
v -1.704954 0.463402 0.965703
v -1.572514 0.621476 0.887992
v -1.576588 0.614479 0.778029
v -1.730443 0.527312 0.819265
v -1.730443 0.533370 0.962749
v -1.661128 0.726988 0.883537
v -1.664152 0.718741 0.773627
v -1.778348 0.584352 0.816856
v -1.778348 0.590410 0.960340
v -1.780517 0.795856 0.880629
v -1.782126 0.786793 0.770753
v -1.842889 0.621581 0.815284
v -1.842889 0.627639 0.958769
v -1.868010 0.560138 0.996207
v -1.825560 0.535652 0.997240
v -1.794053 0.498136 0.998824
v -1.777288 0.452116 1.000767
v -1.777288 0.403143 1.002835
v -1.794053 0.357124 1.004778
v -1.825560 0.319608 1.006362
v -1.868010 0.295122 1.007396
v -1.916282 0.286617 1.007755
v -1.964554 0.295122 1.007396
v -2.007004 0.319608 1.006362
v -2.038511 0.357124 1.004778
v -2.055276 0.403143 1.002835
v -2.055276 0.452116 1.000767
v -2.038511 0.498136 0.998824
v -2.007004 0.535652 0.997240
v -1.963654 0.560138 0.996212
v -1.916282 0.568642 0.995847
v -1.915382 0.426473 0.974397
v -1.916282 0.419100 0.799764
v -1.826957 0.387326 0.817352
v -1.843460 0.358767 0.818558
v -1.868745 0.337570 0.819453
v -1.899761 0.326291 0.819929
v -1.932768 0.326291 0.819929
v -1.963784 0.337570 0.819453
v -1.989069 0.358767 0.818558
v -2.005572 0.387326 0.817352
v -2.011303 0.419803 0.815981
v -2.005572 0.452279 0.814610
v -1.989069 0.480838 0.813404
v -1.963784 0.502036 0.812509
v -1.932768 0.513315 0.812033
v -1.899761 0.513315 0.812033
v -1.868745 0.502036 0.812509
v -1.843460 0.480838 0.813404
v -1.826957 0.452279 0.814610
v -1.821225 0.419803 0.815981
v -1.916282 0.816314 0.965803
v -1.916282 0.780106 0.984441
v -2.036979 0.758843 0.985339
v -2.049621 0.792823 0.966794
v -2.143119 0.697618 0.987924
v -2.166877 0.725186 0.969650
v -2.253907 0.621559 0.974025
v -2.221898 0.603816 0.991885
v -2.300215 0.494442 0.979392
v -2.263816 0.488750 0.996743
v -2.263816 0.366300 1.001913
v -2.300215 0.359167 0.985104
v -2.253907 0.232050 0.990471
v -2.221898 0.251235 1.006771
v -2.143119 0.157433 1.010731
v -2.166877 0.128423 0.994846
v -2.036979 0.096208 1.013317
v -2.049621 0.060785 0.997702
v -1.795585 0.096207 1.013317
v -1.782943 0.060785 0.997702
v -1.689445 0.157432 1.010731
v -1.665687 0.128423 0.994846
v -1.610666 0.251235 1.006771
v -1.578656 0.232050 0.990471
v -1.532349 0.359167 0.985104
v -1.568748 0.366300 1.001913
v -1.532349 0.494442 0.979392
v -1.568748 0.488750 0.996743
v -1.610666 0.603816 0.991885
v -1.578656 0.621559 0.974025
v -1.689445 0.697618 0.987924
v -1.665687 0.725186 0.969650
v -1.782943 0.792823 0.966794
v -1.795585 0.758843 0.985339
v -1.916282 0.026582 0.913109
v -1.916282 0.026635 0.802848
v -1.916282 0.037295 0.998694
v -1.916282 0.074944 1.014214
v -1.916264 0.810677 0.663727
v -1.916264 0.801330 0.553863
v -1.916264 0.625414 0.598846
v -1.916264 0.631472 0.742330
v -2.052029 0.786760 0.664737
v -2.050420 0.777696 0.554861
v -1.989657 0.612484 0.599392
v -1.989657 0.618542 0.742876
v -2.171418 0.717891 0.667644
v -2.168394 0.709644 0.557734
v -2.054198 0.575255 0.600964
v -2.054198 0.581313 0.744448
v -2.260032 0.612379 0.672099
v -2.255958 0.605382 0.562136
v -2.102102 0.518215 0.603372
v -2.102103 0.524273 0.746856
v -2.307183 0.482949 0.677564
v -2.302550 0.477486 0.567536
v -2.127592 0.448247 0.606327
v -2.127592 0.454305 0.749811
v -2.307183 0.345213 0.683379
v -2.302550 0.341382 0.573283
v -2.127592 0.373787 0.609470
v -2.127592 0.379845 0.752954
v -2.260032 0.215783 0.688844
v -2.255958 0.213486 0.578683
v -2.102103 0.303819 0.612425
v -2.102103 0.309877 0.755909
v -2.171418 0.110271 0.693299
v -2.168394 0.109225 0.583085
v -2.054198 0.246780 0.614833
v -2.054198 0.252838 0.758317
v -2.052029 0.041403 0.696207
v -2.050420 0.041172 0.585958
v -1.989658 0.209550 0.616405
v -1.989658 0.215608 0.759889
v -1.916264 0.196620 0.616951
v -1.916264 0.202678 0.760435
v -1.780499 0.041403 0.696207
v -1.782108 0.041172 0.585958
v -1.842871 0.209550 0.616405
v -1.842871 0.215608 0.759889
v -1.661110 0.110271 0.693299
v -1.664134 0.109224 0.583085
v -1.778330 0.246780 0.614833
v -1.778330 0.252838 0.758317
v -1.572496 0.215783 0.688844
v -1.576570 0.213486 0.578683
v -1.730426 0.303819 0.612425
v -1.730426 0.309877 0.755909
v -1.525345 0.345213 0.683379
v -1.529978 0.341382 0.573283
v -1.704936 0.373787 0.609470
v -1.704936 0.379845 0.752954
v -1.525345 0.482949 0.677564
v -1.529978 0.477486 0.567536
v -1.704936 0.448247 0.606327
v -1.704937 0.454305 0.749811
v -1.572496 0.612379 0.672099
v -1.576570 0.605382 0.562136
v -1.730426 0.518215 0.603372
v -1.730426 0.524273 0.746856
v -1.661110 0.717891 0.667644
v -1.664134 0.709644 0.557734
v -1.778330 0.575255 0.600964
v -1.778330 0.581313 0.744448
v -1.780499 0.786760 0.664737
v -1.782108 0.777696 0.554861
v -1.842871 0.612484 0.599392
v -1.842871 0.618542 0.742876
v -1.916264 0.410003 0.583871
v -1.916264 0.807217 0.749910
v -1.916264 0.771010 0.768549
v -2.036961 0.749746 0.769447
v -2.049603 0.783726 0.750902
v -2.143101 0.688521 0.772032
v -2.166859 0.716089 0.753758
v -2.253890 0.612462 0.758133
v -2.221880 0.594719 0.775992
v -2.300198 0.485345 0.763500
v -2.263798 0.479653 0.780851
v -2.263798 0.357203 0.786021
v -2.300198 0.350070 0.769212
v -2.253890 0.222953 0.774579
v -2.221880 0.242138 0.790879
v -2.143101 0.148336 0.794839
v -2.166859 0.119326 0.778954
v -2.036961 0.087111 0.797424
v -2.049603 0.051688 0.781810
v -1.795567 0.087111 0.797424
v -1.782925 0.051688 0.781810
v -1.689427 0.148336 0.794839
v -1.665669 0.119326 0.778954
v -1.610648 0.242138 0.790879
v -1.578639 0.222953 0.774579
v -1.532331 0.350070 0.769212
v -1.568730 0.357203 0.786021
v -1.532331 0.485345 0.763500
v -1.568730 0.479653 0.780851
v -1.610648 0.594719 0.775992
v -1.578639 0.612462 0.758133
v -1.689427 0.688521 0.772032
v -1.665669 0.716089 0.753758
v -1.782925 0.783726 0.750902
v -1.795567 0.749746 0.769447
v -1.916264 0.017485 0.697217
v -1.916264 0.017538 0.586956
v -1.916264 0.028198 0.782801
v -1.916264 0.065847 0.798322
v -2.760406 0.819775 0.879619
v -2.760406 0.810428 0.769756
v -2.760406 0.634511 0.814739
v -2.760406 0.640569 0.958223
v -2.896170 0.795857 0.880629
v -2.894562 0.786793 0.770753
v -2.833799 0.621581 0.815284
v -2.833799 0.627640 0.958768
v -3.015560 0.726989 0.883537
v -3.012536 0.718742 0.773627
v -2.898340 0.584352 0.816856
v -2.898340 0.590410 0.960340
v -3.104174 0.621477 0.887992
v -3.100100 0.614480 0.778029
v -2.946244 0.527313 0.819265
v -2.946244 0.533371 0.962749
v -3.151325 0.492047 0.893456
v -3.146692 0.486584 0.783429
v -2.971733 0.457344 0.822219
v -2.971733 0.463402 0.965703
v -3.151325 0.354310 0.899272
v -3.146692 0.350480 0.789175
v -2.971733 0.382885 0.825363
v -2.971733 0.388943 0.968847
v -3.104174 0.224881 0.904736
v -3.100100 0.222584 0.794575
v -2.946244 0.312916 0.828317
v -2.760406 0.580817 0.974585
v -2.813145 0.571526 0.974977
v -2.946244 0.318974 0.971801
v -2.859523 0.544774 0.976107
v -3.015560 0.119368 0.909191
v -3.012536 0.118322 0.798977
v -2.898340 0.255877 0.830725
v -2.893945 0.503786 0.977837
v -2.912261 0.453508 0.979960
v -2.898340 0.261935 0.974209
v -2.912261 0.400003 0.982219
v -2.896171 0.050500 0.912099
v -2.894562 0.050270 0.801850
v -2.833799 0.218648 0.832297
v -2.893945 0.349725 0.984342
v -2.859523 0.308738 0.986072
v -2.833799 0.224706 0.975781
v -2.813145 0.281986 0.987202
v -2.760406 0.205718 0.832843
v -2.760406 0.272695 0.987594
v -2.707667 0.281986 0.987202
v -2.760406 0.211776 0.976327
v -2.661289 0.308738 0.986072
v -2.624641 0.050500 0.912099
v -2.626250 0.050270 0.801850
v -2.687012 0.218648 0.832297
v -2.626866 0.349725 0.984342
v -2.608550 0.400003 0.982219
v -2.687012 0.224706 0.975781
v -2.608550 0.453508 0.979960
v -2.505252 0.119368 0.909191
v -2.508276 0.118322 0.798977
v -2.622472 0.255877 0.830725
v -2.626866 0.503786 0.977837
v -2.661289 0.544774 0.976107
v -2.622472 0.261935 0.974209
v -2.707667 0.571526 0.974977
v -2.416638 0.224881 0.904736
v -2.420712 0.222584 0.794575
v -2.574567 0.312916 0.828317
v -2.574567 0.318974 0.971801
v -2.369487 0.354311 0.899272
v -2.374120 0.350480 0.789175
v -2.549078 0.382885 0.825363
v -2.549078 0.388943 0.968847
v -2.369487 0.492047 0.893456
v -2.374120 0.486584 0.783429
v -2.549078 0.457344 0.822219
v -2.549078 0.463402 0.965703
v -2.416638 0.621477 0.887992
v -2.420712 0.614480 0.778029
v -2.574567 0.527313 0.819265
v -2.574567 0.533371 0.962749
v -2.505252 0.726989 0.883537
v -2.508276 0.718742 0.773627
v -2.622471 0.584352 0.816856
v -2.622471 0.590410 0.960340
v -2.624641 0.795857 0.880629
v -2.626250 0.786793 0.770753
v -2.687012 0.621581 0.815284
v -2.687012 0.627640 0.958768
v -2.712134 0.560138 0.996207
v -2.669684 0.535652 0.997240
v -2.638176 0.498137 0.998824
v -2.621412 0.452117 1.000767
v -2.621412 0.403144 1.002835
v -2.638176 0.357124 1.004778
v -2.669684 0.319608 1.006362
v -2.712134 0.295122 1.007396
v -2.760406 0.286618 1.007755
v -2.808678 0.295122 1.007396
v -2.851128 0.319608 1.006362
v -2.882635 0.357124 1.004778
v -2.899400 0.403144 1.002835
v -2.899400 0.452117 1.000767
v -2.882635 0.498137 0.998824
v -2.851128 0.535652 0.997240
v -2.807778 0.560139 0.996212
v -2.760406 0.568643 0.995847
v -2.759506 0.426473 0.974397
v -2.760406 0.419100 0.799764
v -2.671080 0.387326 0.817352
v -2.687583 0.358767 0.818558
v -2.712868 0.337570 0.819453
v -2.743884 0.326291 0.819929
v -2.776891 0.326291 0.819929
v -2.807907 0.337570 0.819453
v -2.833192 0.358767 0.818558
v -2.849695 0.387326 0.817352
v -2.855427 0.419803 0.815981
v -2.849695 0.452279 0.814610
v -2.833192 0.480838 0.813404
v -2.807907 0.502036 0.812509
v -2.776891 0.513315 0.812033
v -2.743884 0.513315 0.812033
v -2.712868 0.502036 0.812509
v -2.687583 0.480838 0.813404
v -2.671080 0.452279 0.814610
v -2.665349 0.419803 0.815981
v -2.760406 0.816314 0.965802
v -2.760406 0.780107 0.984441
v -2.881103 0.758844 0.985339
v -2.893744 0.792824 0.966794
v -2.987242 0.697619 0.987924
v -3.011001 0.725186 0.969650
v -3.098031 0.621560 0.974025
v -3.066022 0.603816 0.991885
v -3.144339 0.494442 0.979392
v -3.107940 0.488751 0.996743
v -3.107940 0.366301 1.001913
v -3.144339 0.359167 0.985104
v -3.098031 0.232051 0.990471
v -3.066022 0.251235 1.006771
v -2.987242 0.157433 1.010731
v -3.011001 0.128424 0.994846
v -2.881103 0.096208 1.013317
v -2.893744 0.060786 0.997702
v -2.639709 0.096208 1.013317
v -2.627067 0.060786 0.997702
v -2.533569 0.157433 1.010731
v -2.509811 0.128424 0.994846
v -2.454789 0.251236 1.006771
v -2.422780 0.232051 0.990471
v -2.376472 0.359167 0.985104
v -2.412872 0.366301 1.001913
v -2.376472 0.494442 0.979392
v -2.412872 0.488751 0.996743
v -2.454789 0.603816 0.991885
v -2.422780 0.621560 0.974025
v -2.533569 0.697619 0.987924
v -2.509811 0.725186 0.969650
v -2.627067 0.792824 0.966794
v -2.639709 0.758844 0.985339
v -2.760406 0.026583 0.913109
v -2.760406 0.026635 0.802848
v -2.760406 0.037295 0.998694
v -2.760406 0.074945 1.014214
v -2.760388 0.810678 0.663727
v -2.760388 0.801332 0.553863
v -2.760388 0.625415 0.598846
v -2.760388 0.631473 0.742330
v -2.896153 0.786761 0.664737
v -2.894544 0.777697 0.554861
v -2.833782 0.612485 0.599392
v -2.833782 0.618543 0.742876
v -3.015543 0.717892 0.667644
v -3.012519 0.709645 0.557734
v -2.898323 0.575256 0.600964
v -2.898323 0.581314 0.744448
v -3.104156 0.612380 0.672099
v -3.100083 0.605383 0.562136
v -2.946227 0.518216 0.603372
v -2.946227 0.524274 0.746856
v -3.151307 0.482951 0.677564
v -3.146674 0.477487 0.567536
v -2.971716 0.448248 0.606327
v -2.971716 0.454306 0.749811
v -3.151307 0.345214 0.683379
v -3.146674 0.341383 0.573283
v -2.971716 0.373789 0.609470
v -2.971716 0.379847 0.752954
v -3.104156 0.215784 0.688844
v -3.100083 0.213488 0.578683
v -2.946227 0.303820 0.612424
v -2.946227 0.309878 0.755909
v -3.015543 0.110272 0.693299
v -3.012519 0.109226 0.583085
v -2.898323 0.246781 0.614833
v -2.898323 0.252839 0.758317
v -2.896153 0.041404 0.696207
v -2.894544 0.041174 0.585958
v -2.833782 0.209551 0.616405
v -2.833782 0.215609 0.759889
v -2.760388 0.196622 0.616951
v -2.760388 0.202680 0.760435
v -2.624624 0.041404 0.696207
v -2.626233 0.041174 0.585958
v -2.686995 0.209551 0.616405
v -2.686995 0.215609 0.759889
v -2.505234 0.110272 0.693299
v -2.508258 0.109226 0.583085
v -2.622454 0.246781 0.614833
v -2.622454 0.252839 0.758317
v -2.416620 0.215784 0.688844
v -2.420694 0.213488 0.578683
v -2.574550 0.303820 0.612424
v -2.574550 0.309878 0.755909
v -2.369470 0.345214 0.683379
v -2.374103 0.341383 0.573283
v -2.549061 0.373789 0.609470
v -2.549061 0.379847 0.752954
v -2.369470 0.482951 0.677564
v -2.374103 0.477487 0.567536
v -2.549061 0.448248 0.606327
v -2.549061 0.454306 0.749811
v -2.416620 0.612380 0.672099
v -2.420694 0.605383 0.562136
v -2.574550 0.518216 0.603372
v -2.574550 0.524274 0.746856
v -2.505234 0.717892 0.667644
v -2.508258 0.709645 0.557734
v -2.622454 0.575256 0.600964
v -2.622454 0.581314 0.744448
v -2.624624 0.786761 0.664737
v -2.626233 0.777697 0.554861
v -2.686995 0.612485 0.599392
v -2.686995 0.618543 0.742876
v -2.760388 0.410004 0.583871
v -2.760388 0.807218 0.749910
v -2.760388 0.771011 0.768549
v -2.881086 0.749747 0.769447
v -2.893727 0.783727 0.750902
v -2.987225 0.688523 0.772032
v -3.010983 0.716090 0.753758
v -3.098014 0.612463 0.758133
v -3.066005 0.594720 0.775992
v -3.144322 0.485346 0.763500
v -3.107922 0.479655 0.780851
v -3.107922 0.357205 0.786021
v -3.144322 0.350071 0.769212
v -3.098014 0.222954 0.774579
v -3.066005 0.242139 0.790879
v -2.987225 0.148337 0.794839
v -3.010983 0.119327 0.778954
v -2.881086 0.087112 0.797424
v -2.893727 0.051689 0.781810
v -2.639691 0.087112 0.797424
v -2.627050 0.051689 0.781810
v -2.533552 0.148337 0.794839
v -2.509794 0.119327 0.778954
v -2.454772 0.242139 0.790879
v -2.422763 0.222954 0.774579
v -2.376455 0.350071 0.769212
v -2.412855 0.357205 0.786021
v -2.376455 0.485346 0.763500
v -2.412855 0.479655 0.780851
v -2.454772 0.594720 0.775992
v -2.422763 0.612463 0.758133
v -2.533552 0.688523 0.772032
v -2.509794 0.716090 0.753758
v -2.627050 0.783727 0.750902
v -2.639691 0.749747 0.769447
v -2.760388 0.017486 0.697216
v -2.760388 0.017539 0.586956
v -2.760388 0.028199 0.782801
v -2.760388 0.065848 0.798322
v 1.660882 0.089467 -0.924153
v 1.647598 0.075277 -0.825636
v 1.682201 0.129650 -0.827291
v 1.688425 0.172049 -0.981368
v 1.779160 0.070253 -0.889565
v 1.760928 0.065708 -0.798577
v 1.745808 0.117167 -0.846767
v 1.746071 0.163041 -0.985062
v 1.898894 0.079732 -0.901264
v 1.881555 0.082119 -0.791279
v 1.789926 0.127802 -0.824422
v 1.806076 0.174372 -0.987625
v 1.982085 0.066247 -0.891624
v 1.962944 0.077993 -0.784554
v 1.842647 0.165807 -0.819810
v 1.856115 0.188790 -0.988750
v 2.056705 0.132277 -0.890509
v 2.029301 0.139655 -0.786911
v 1.877156 0.227209 -0.803939
v 1.893232 0.214169 -0.988302
v 2.099352 0.259965 -0.885298
v 2.067640 0.265045 -0.784999
v 1.898777 0.298768 -0.802761
v 1.919526 0.267993 -0.986332
v 2.073438 0.369623 -0.879112
v 2.059241 0.376938 -0.772044
v 1.897495 0.370896 -0.808920
v 1.734162 0.188031 -0.976589
v 1.779145 0.191435 -0.979248
v 1.926433 0.326924 -0.983081
v 1.820000 0.207087 -0.980844
v 2.002423 0.430456 -0.878375
v 1.993741 0.439627 -0.770526
v 1.864650 0.428767 -0.803868
v 1.852664 0.235806 -0.981186
v 1.873530 0.275165 -0.980231
v 1.909373 0.372149 -0.978939
v 1.879706 0.319241 -0.978096
v 1.922400 0.522600 -0.862364
v 1.904071 0.524803 -0.755492
v 1.829431 0.474686 -0.828256
v 1.870381 0.362517 -0.975037
v 1.846658 0.399701 -0.971424
v 1.876836 0.418311 -0.974406
v 1.811813 0.427607 -0.967692
v 1.809263 0.496462 -0.809712
v 1.769513 0.441191 -0.964292
v 1.725067 0.439468 -0.961633
v 1.834666 0.465830 -0.970029
v 1.683838 0.422644 -0.960037
v 1.737468 0.569832 -0.849155
v 1.748992 0.607632 -0.803300
v 1.753726 0.492510 -0.836687
v 1.650798 0.392751 -0.959695
v 1.629931 0.353392 -0.960650
v 1.778326 0.478921 -0.966336
v 1.623756 0.309316 -0.962785
v 1.670658 0.570375 -0.894595
v 1.666547 0.558366 -0.783122
v 1.705092 0.472097 -0.822643
v 1.633209 0.266441 -0.965844
v 1.658115 0.232951 -0.969457
v 1.720724 0.475097 -0.963772
v 1.692228 0.202762 -0.973189
v 1.607920 0.531166 -0.881177
v 1.605804 0.524612 -0.764847
v 1.663031 0.423198 -0.831067
v 1.669077 0.455655 -0.962647
v 1.549764 0.432216 -0.875936
v 1.551316 0.435973 -0.764805
v 1.641466 0.400218 -0.860644
v 1.626807 0.414180 -0.963096
v 1.508109 0.302641 -0.895417
v 1.508145 0.302045 -0.772599
v 1.622626 0.341075 -0.831009
v 1.600511 0.360350 -0.965065
v 1.507978 0.223029 -0.906798
v 1.506479 0.217698 -0.786551
v 1.610631 0.259243 -0.822263
v 1.593455 0.300950 -0.968317
v 1.536038 0.159877 -0.935264
v 1.543122 0.177040 -0.814156
v 1.628489 0.195747 -0.819068
v 1.610490 0.255648 -0.972459
v 1.580295 0.086019 -0.908458
v 1.608152 0.113651 -0.852904
v 1.665824 0.144246 -0.809082
v 1.646327 0.219799 -0.976991
v 1.699650 0.207712 -0.968997
v 1.667616 0.232446 -0.965168
v 1.644287 0.263400 -0.961472
v 1.634077 0.301839 -0.958354
v 1.637750 0.341664 -0.956191
v 1.654804 0.377892 -0.955244
v 1.683183 0.406153 -0.955626
v 1.719464 0.423039 -0.957291
v 1.759271 0.426512 -0.960040
v 1.797802 0.416154 -0.963540
v 1.830411 0.393214 -0.967368
v 1.853164 0.360460 -0.971065
v 1.863316 0.321841 -0.974182
v 1.859643 0.282016 -0.976345
v 1.842589 0.245788 -0.977293
v 1.814210 0.217527 -0.976911
v 1.778024 0.200939 -0.975245
v 1.738122 0.197168 -0.972497
v 1.730085 0.309857 -0.928137
v 1.749820 0.301775 -0.867405
v 1.685340 0.114987 -1.005907
v 1.700030 0.123546 -1.028387
v 1.775577 0.110378 -0.980134
v 1.781693 0.104678 -0.961585
v 1.884609 0.134136 -0.987948
v 1.889897 0.096733 -0.983706
v 1.976844 0.089955 -0.974633
v 1.962146 0.121715 -0.996102
v 2.056209 0.137610 -0.976884
v 2.028358 0.161453 -0.985515
v 2.047975 0.278417 -0.980063
v 2.077196 0.262010 -0.965722
v 2.062962 0.365721 -0.964214
v 2.027021 0.361055 -0.970455
v 1.957300 0.416568 -0.955154
v 1.982659 0.417196 -0.957334
v 1.923856 0.509309 -0.976528
v 1.930003 0.521707 -0.947924
v 1.745025 0.562510 -0.942557
v 1.738044 0.566388 -0.935351
v 1.676443 0.535916 -0.990725
v 1.671795 0.564487 -0.986123
v 1.624426 0.510844 -0.964886
v 1.611169 0.526337 -0.970631
v 1.556814 0.437558 -0.965584
v 1.573566 0.424245 -0.992602
v 1.515552 0.309162 -0.982198
v 1.536635 0.311069 -1.009624
v 1.542130 0.253997 -1.001482
v 1.520047 0.245213 -0.991810
v 1.572507 0.214763 -0.970915
v 1.548141 0.183670 -0.951778
v 1.592764 0.115974 -0.984332
v 1.610867 0.149526 -0.991392
v 1.819700 0.570366 -0.871694
v 1.818908 0.576517 -0.763082
v 1.815009 0.563313 -0.957786
v 1.812306 0.541466 -0.984904
v 2.257111 0.324739 0.942691
v 2.252523 0.325778 0.832531
v 2.079253 0.365019 0.870053
v 2.079253 0.365019 1.013665
v 2.263751 0.462438 0.942691
v 2.259084 0.461846 0.832531
v 2.082843 0.439458 0.870053
v 2.082843 0.439458 1.013665
v 2.222894 0.594104 0.942691
v 2.218712 0.591951 0.832531
v 2.060756 0.510636 0.870053
v 2.060757 0.510636 1.013665
v 2.139470 0.703856 0.942691
v 2.136276 0.700402 0.832531
v 2.015657 0.569967 0.870053
v 2.015657 0.569967 1.013665
v 2.023539 0.778456 0.942691
v 2.021719 0.774118 0.832531
v 1.952986 0.610295 0.870053
v 1.952986 0.610295 1.013665
v 1.889085 0.808906 0.942691
v 1.888858 0.804207 0.832531
v 1.880301 0.626756 0.870053
v 1.880301 0.626756 1.013665
v 1.752325 0.791534 0.942691
v 1.753719 0.787041 0.832531
v 1.806370 0.617365 0.870053
v 2.020356 0.378358 1.027493
v 2.022935 0.431849 1.027492
v 1.806370 0.617365 1.013665
v 2.007064 0.482995 1.027492
v 1.629754 0.728435 0.942691
v 1.632601 0.724690 0.832531
v 1.740109 0.583254 0.870053
v 1.974657 0.525630 1.027493
v 1.929623 0.554609 1.027492
v 1.740109 0.583254 1.013665
v 1.877393 0.566437 1.027493
v 1.536156 0.627220 0.942691
v 1.540112 0.624674 0.832531
v 1.689511 0.528538 0.870053
v 1.824267 0.559689 1.027492
v 1.776653 0.535178 1.027493
v 1.689511 0.528538 1.013665
v 1.740294 0.495859 1.027492
v 1.660678 0.459816 0.870053
v 1.719576 0.446477 1.027492
v 1.716996 0.392987 1.027492
v 1.660678 0.459816 1.013665
v 1.732867 0.341840 1.027492
v 1.476181 0.362397 0.942691
v 1.480847 0.362990 0.832531
v 1.657089 0.385377 0.870053
v 1.765274 0.299206 1.027492
v 1.810309 0.270227 1.027493
v 1.657089 0.385377 1.013665
v 1.862539 0.258398 1.027492
v 1.517037 0.230731 0.942691
v 1.521219 0.232884 0.832531
v 1.679175 0.314199 0.870053
v 1.915664 0.265147 1.027492
v 1.963278 0.289658 1.027492
v 1.679175 0.314199 1.013665
v 1.999637 0.328976 1.027492
v 1.600462 0.120979 0.942691
v 1.603655 0.124433 0.832531
v 1.724274 0.254868 0.870053
v 1.724274 0.254869 1.013665
v 1.716392 0.046379 0.942691
v 1.718212 0.050717 0.832531
v 1.786945 0.214540 0.870053
v 1.786945 0.214540 1.013665
v 1.850847 0.015929 0.942691
v 1.851073 0.020628 0.832531
v 1.859630 0.198079 0.870053
v 1.859630 0.198079 1.013665
v 1.987607 0.033301 0.942691
v 1.986212 0.037794 0.832531
v 1.933561 0.207470 0.870053
v 1.933561 0.207470 1.013665
v 2.110177 0.096400 0.942691
v 2.107331 0.100145 0.832531
v 1.999822 0.241581 0.870053
v 1.999822 0.241581 1.013665
v 2.203775 0.197616 0.942691
v 2.199819 0.200161 0.832531
v 2.050421 0.296297 0.870053
v 2.050421 0.296297 1.013665
v 1.988654 0.336043 1.048223
v 1.955375 0.300055 1.048223
v 1.911794 0.277620 1.048223
v 1.863168 0.271444 1.048223
v 1.815361 0.282270 1.048223
v 1.774142 0.308795 1.048223
v 1.744479 0.347818 1.048223
v 1.729953 0.394632 1.048222
v 1.732314 0.443592 1.048223
v 1.751277 0.488792 1.048223
v 1.784557 0.524780 1.048223
v 1.828138 0.547215 1.048223
v 1.876763 0.553392 1.048223
v 1.924570 0.542565 1.048223
v 1.965790 0.516041 1.048223
v 1.995452 0.477018 1.048223
v 2.009779 0.429325 1.048228
v 2.007618 0.381243 1.048222
v 1.869767 0.411540 1.020794
v 1.869966 0.412418 0.846005
v 2.250193 0.326306 1.028652
v 2.214145 0.334470 1.045747
v 2.220048 0.456887 1.045747
v 2.256714 0.461545 1.028652
v 2.183726 0.573940 1.045747
v 2.216588 0.590858 1.028652
v 2.134654 0.698648 1.028652
v 2.109560 0.671512 1.045747
v 2.020795 0.771915 1.028652
v 2.006495 0.737832 1.045747
v 1.886963 0.764903 1.045747
v 1.888743 0.801821 1.028652
v 1.754427 0.784760 1.028652
v 1.765381 0.749459 1.045747
v 1.656413 0.693363 1.045747
v 1.634046 0.722788 1.028652
v 1.573203 0.603381 1.045747
v 1.542121 0.623382 1.028652
v 1.519884 0.367948 1.045747
v 1.483217 0.363291 1.028652
v 1.556206 0.250895 1.045747
v 1.523343 0.233978 1.028652
v 1.630372 0.153324 1.045747
v 1.605277 0.126187 1.028652
v 1.719137 0.052920 1.028652
v 1.733436 0.087003 1.045747
v 1.851188 0.023014 1.028652
v 1.852968 0.059932 1.045747
v 1.974550 0.075376 1.045747
v 1.985505 0.040075 1.028652
v 2.083519 0.131472 1.045747
v 2.105885 0.102047 1.028652
v 2.197810 0.201454 1.028652
v 2.166728 0.221455 1.045747
v 1.482820 0.500096 0.942691
v 1.487408 0.499057 0.832531
v 1.489738 0.498529 1.028652
v 1.525786 0.490365 1.045747
vn -0.7660 0.6416 -0.0392
vn -0.9397 0.3414 -0.0208
vn -0.1736 -0.9830 0.0600
vn 0.1736 -0.9830 0.0600
vn 0.5000 -0.8644 0.0528
vn -0.9397 -0.3414 0.0208
vn -0.7660 -0.6416 0.0392
vn -0.5000 -0.8644 0.0528
vn 0.7660 -0.6416 0.0392
vn 0.9397 -0.3414 0.0208
vn 0.1736 0.9830 -0.0600
vn -0.1736 0.9830 -0.0600
vn 0.7660 0.6416 -0.0392
vn 0.5000 0.8644 -0.0528
vn -1.0000 -0.0000 -0.0000
vn 0.9397 0.3414 -0.0208
vn 1.0000 -0.0000 -0.0000
vn -0.5000 0.8644 -0.0528
vn -0.0000 0.5349 0.8449
vn -0.0000 0.9985 -0.0542
vn -0.3420 0.9383 -0.0517
vn -0.1706 0.5048 0.8462
vn -0.0000 -0.0717 0.9974
vn 0.0389 -0.0648 0.9971
vn 0.1706 0.5048 0.8462
vn 0.3420 0.9383 -0.0517
vn 0.1270 -0.0195 -0.9917
vn 0.1270 -0.0642 -0.9898
vn -0.2198 -0.0024 -0.9755
vn -0.2198 -0.0798 -0.9723
vn 0.2894 -0.8168 -0.4990
vn -0.0000 -0.8678 -0.4969
vn -0.3163 0.8523 -0.4167
vn -0.5945 0.6918 -0.4099
vn -0.6427 0.7648 -0.0444
vn 0.3163 0.8523 -0.4167
vn -0.0000 0.9080 -0.4190
vn 0.8332 -0.1693 -0.5264
vn 0.8332 0.1243 -0.5388
vn -0.8009 0.4460 -0.3995
vn -0.8660 0.4990 -0.0331
vn -0.0511 -0.0331 -0.9981
vn -0.1270 -0.0195 -0.9917
vn -0.1270 -0.0642 -0.9898
vn -0.0511 -0.0511 -0.9974
vn -0.2885 0.7692 -0.5702
vn -0.2884 0.7692 -0.5702
vn -0.0005 0.8220 -0.5694
vn -0.0001 0.8220 -0.5694
vn 0.2894 0.7719 -0.5661
vn 0.1117 -0.1063 -0.9880
vn 0.0829 -0.1405 -0.9866
vn -0.1435 0.1297 -0.9811
vn -0.1933 0.0704 -0.9786
vn 0.0731 -0.0451 0.9963
vn -0.3206 0.4183 0.8499
vn -0.4319 0.2857 0.8555
vn 0.0985 -0.0149 0.9950
vn -0.9108 0.1444 -0.3868
vn -0.9847 0.1730 -0.0194
vn 0.1120 0.0616 0.9918
vn -0.0000 0.0422 0.9991
vn 0.1120 0.0222 0.9935
vn 0.7327 -0.4452 -0.5147
vn 0.0511 -0.0331 -0.9981
vn 0.1117 0.0226 -0.9935
vn 0.0449 -0.0162 -0.9989
vn 0.1435 0.1297 -0.9811
vn 0.0763 0.1684 -0.9828
vn -0.0441 -0.1629 -0.9857
vn -0.0829 -0.1405 -0.9866
vn 0.5439 -0.6700 -0.5052
vn 0.1548 0.0477 -0.9868
vn -0.0000 -0.0422 -0.9991
vn 0.0615 0.1268 -0.9900
vn 0.1221 0.1040 -0.9870
vn 0.1435 -0.2119 -0.9667
vn 0.1933 -0.1526 -0.9692
vn -0.1117 0.0226 -0.9935
vn -0.0829 0.0569 -0.9949
vn -0.4912 0.1231 0.8623
vn -0.0449 -0.0162 -0.9989
vn 0.0333 -0.0818 -0.9961
vn 0.0449 -0.0680 -0.9967
vn -0.9108 -0.1765 -0.3732
vn -0.9847 -0.1740 -0.0047
vn -0.0000 -0.0158 -0.9999
vn -0.0000 -0.2641 -0.9645
vn 0.0763 -0.2507 -0.9651
vn -0.0421 0.0639 -0.9971
vn 0.1867 -0.0085 -0.9824
vn 0.1759 -0.0725 -0.9817
vn -0.0011 0.0719 0.9974
vn -0.0000 0.1079 0.9942
vn -0.0614 0.1276 -0.9899
vn -0.0000 0.1492 -0.9888
vn 0.0829 0.0569 -0.9949
vn 0.0333 -0.0024 -0.9994
vn -0.2894 -0.8168 -0.4990
vn -0.0763 -0.2507 -0.9651
vn -0.0377 -0.0917 -0.9951
vn -0.4912 -0.0500 0.8696
vn -0.0333 -0.0024 -0.9994
vn -0.5439 -0.6700 -0.5052
vn -0.7327 -0.4452 -0.5147
vn 0.0441 -0.1629 -0.9856
vn -0.0000 -0.1707 -0.9853
vn -0.0000 0.1819 -0.9833
vn -0.0763 0.1684 -0.9828
vn -0.8009 -0.4781 -0.3605
vn -0.8660 -0.5000 0.0090
vn 0.6427 0.7648 -0.0444
vn 0.5945 0.6918 -0.4099
vn 0.1150 -0.1788 -0.9771
vn 0.1643 -0.1362 -0.9770
vn 0.0511 -0.0511 -0.9974
vn -0.8332 -0.1693 -0.5264
vn -0.0003 -0.2212 -0.9752
vn 0.0653 -0.2205 -0.9732
vn -0.4319 -0.2126 0.8765
vn 0.1848 -0.3307 -0.9255
vn 0.2198 -0.0798 -0.9723
vn 0.2198 -0.0024 -0.9755
vn 0.0985 0.0987 0.9902
vn -0.5945 -0.7239 -0.3501
vn -0.6427 -0.7658 0.0203
vn -0.1779 -0.0729 -0.9813
vn -0.1158 -0.1796 -0.9769
vn -0.1661 -0.1372 -0.9765
vn -0.8332 0.1243 -0.5388
vn -0.7327 0.4002 -0.5504
vn -0.5406 0.6248 -0.5633
vn -0.3206 -0.3452 0.8821
vn -0.7660 0.6422 -0.0271
vn -0.9397 0.3417 -0.0144
vn 0.0731 0.1289 0.9890
vn -0.1563 0.0488 -0.9865
vn -0.1231 0.1052 -0.9868
vn -0.2346 -0.0594 -0.9703
vn -0.1736 -0.9839 0.0415
vn 0.1736 -0.9839 0.0415
vn -0.3656 -0.7453 0.5576
vn -0.0041 0.0761 0.9971
vn 0.5000 -0.8653 0.0365
vn 0.1933 0.0704 -0.9786
vn -0.1117 -0.1063 -0.9880
vn -0.9397 -0.3417 0.0144
vn -0.7660 -0.6422 0.0271
vn -0.3225 -0.8992 -0.2956
vn -0.3495 -0.9367 0.0198
vn -0.0985 0.0987 0.9902
vn -0.0731 0.1289 0.9890
vn -0.5000 -0.8653 0.0365
vn 0.7660 -0.6422 0.0271
vn 0.9397 -0.3417 0.0144
vn -0.1120 0.0616 0.9918
vn 0.2925 -0.7810 0.5518
vn 0.3495 -0.9367 0.0198
vn 0.6427 -0.7658 0.0203
vn 0.3206 -0.3451 0.8821
vn -0.1120 0.0222 0.9935
vn 0.1736 0.9839 -0.0415
vn -0.1736 0.9839 -0.0415
vn -0.0333 -0.0818 -0.9961
vn -0.0177 -0.0908 -0.9957
vn -0.1933 -0.1526 -0.9692
vn -0.1435 -0.2119 -0.9667
vn 0.8660 -0.5000 0.0090
vn 0.4319 -0.2126 0.8765
vn 0.7660 0.6422 -0.0271
vn 0.5000 0.8653 -0.0365
vn 0.3207 0.4182 0.8499
vn 0.0763 -0.8958 -0.4380
vn 0.5945 -0.7239 -0.3501
vn -0.0985 -0.0149 0.9950
vn 0.9847 -0.1740 -0.0048
vn 0.4912 -0.0500 0.8696
vn -0.0389 -0.0648 0.9971
vn -0.0731 -0.0451 0.9963
vn 0.8009 -0.4781 -0.3605
vn -0.0449 -0.0680 -0.9967
vn 0.9397 0.3417 -0.0144
vn 0.9108 -0.1765 -0.3732
vn 0.9847 0.1730 -0.0194
vn 0.9108 0.1444 -0.3868
vn 0.8009 0.4460 -0.3995
vn 0.8660 0.4990 -0.0331
vn 0.4912 0.1231 0.8623
vn -0.5000 0.8653 -0.0365
vn 0.4319 0.2857 0.8555
vn -0.0000 -0.0940 -0.9956
vn 0.0177 -0.0908 -0.9957
vn -0.0654 -0.2209 -0.9731
vn 0.5439 0.6251 -0.5599
vn 0.7327 0.4002 -0.5504
vn -0.1890 -0.0081 -0.9819
vn -0.3693 -0.5453 0.7525
vn 0.0089 -0.9997 0.0225
vn -0.2879 -0.8363 -0.4665
vn 0.2328 -0.2144 -0.9486
vn -0.8660 0.4990 -0.0332
vn -0.2225 -0.0019 -0.9749
vn -0.2225 -0.0803 -0.9716
vn 0.2225 -0.0019 -0.9749
vn 0.1957 0.0718 -0.9780
vn -0.1957 0.0718 -0.9780
vn 0.0334 -0.0818 -0.9961
vn 0.1452 -0.2140 -0.9660
vn 0.1957 -0.1540 -0.9685
vn -0.9847 -0.1740 -0.0048
vn 0.1452 0.1318 -0.9806
vn -0.1452 0.1318 -0.9806
vn 0.2225 -0.0803 -0.9716
vn -0.0773 0.1711 -0.9822
vn 0.0773 0.1711 -0.9822
vn 0.6427 -0.7658 0.0202
vn -0.1452 -0.2140 -0.9660
vn -0.0773 -0.2532 -0.9643
vn -0.1957 -0.1540 -0.9685
vn -0.0000 -0.2669 -0.9637
vn 0.0773 -0.2532 -0.9643
vn -0.0000 0.1847 -0.9828
vn -0.0000 0.9985 -0.0543
vn 0.1705 0.5048 0.8462
vn 0.5438 -0.6700 -0.5052
vn 0.1151 -0.1787 -0.9771
vn 0.0002 -0.2212 -0.9752
vn -0.1117 -0.1062 -0.9880
vn 0.0763 -0.8957 -0.4380
vn 0.8660 0.4990 -0.0332
vn 0.5438 0.6251 -0.5599
vn -0.6427 -0.7658 0.0202
vn 0.3206 0.4183 0.8499
vn 0.9847 -0.1740 -0.0047
vn -0.0000 0.4618 -0.8870
vn -0.1706 0.4317 -0.8857
vn -0.3420 0.9393 -0.0275
vn -0.0000 0.9995 -0.0301
vn -0.0000 -0.1555 -0.9878
vn 0.0389 -0.1487 -0.9881
vn 0.1706 0.4317 -0.8857
vn 0.3420 0.9393 -0.0275
vn 0.1269 0.0642 0.9898
vn -0.2198 0.0024 0.9755
vn -0.2198 0.0798 0.9723
vn 0.1270 0.0195 0.9917
vn 0.2894 -0.7719 0.5661
vn -0.0000 -0.8228 0.5683
vn -0.6427 0.7658 -0.0203
vn -0.5945 0.7239 0.3502
vn -0.3163 0.8843 0.3434
vn 0.3163 0.8843 0.3434
vn -0.0000 0.9400 0.3410
vn 0.8332 -0.1243 0.5388
vn 0.8332 0.1693 0.5264
vn -0.8660 0.5000 -0.0090
vn -0.8009 0.4781 0.3605
vn -0.0510 0.0511 0.9974
vn -0.0510 0.0331 0.9981
vn -0.1270 0.0195 0.9917
vn -0.1270 0.0642 0.9898
vn -0.2885 0.8145 0.5034
vn -0.0001 0.8671 0.4981
vn -0.0005 0.8671 0.4981
vn -0.2884 0.8145 0.5034
vn 0.2894 0.8168 0.4990
vn 0.1117 -0.0226 0.9935
vn -0.1933 0.1526 0.9692
vn -0.1435 0.2119 0.9667
vn 0.0829 -0.0568 0.9949
vn 0.0731 -0.1289 -0.9890
vn 0.0985 -0.0987 -0.9902
vn -0.4320 0.2126 -0.8765
vn -0.3206 0.3452 -0.8821
vn -0.9847 0.1740 0.0048
vn -0.9108 0.1765 0.3733
vn 0.1120 -0.0222 -0.9935
vn 0.1120 -0.0616 -0.9918
vn 0.7327 -0.4002 0.5504
vn 0.0510 0.0511 0.9974
vn 0.0449 0.0680 0.9967
vn 0.1116 0.1062 0.9881
vn 0.1435 0.2119 0.9667
vn -0.0829 -0.0568 0.9949
vn -0.0441 -0.0792 0.9959
vn 0.0763 0.2507 0.9651
vn 0.5439 -0.6251 0.5599
vn 0.1548 0.1307 0.9793
vn 0.1221 0.1868 0.9748
vn 0.0615 0.2098 0.9758
vn 0.1435 -0.1297 0.9811
vn -0.0829 0.1405 0.9866
vn -0.1116 0.1062 0.9881
vn 0.1933 -0.0704 0.9786
vn -0.4912 0.0500 -0.8696
vn -0.0449 0.0680 0.9967
vn 0.0333 0.0025 0.9994
vn 0.0449 0.0162 0.9989
vn -0.9847 -0.1730 0.0194
vn -0.9108 -0.1444 0.3868
vn -0.0000 0.0685 0.9977
vn -0.0421 0.1477 0.9881
vn 0.0763 -0.1684 0.9828
vn -0.0000 -0.1819 0.9833
vn 0.1759 0.0105 0.9843
vn 0.1867 0.0743 0.9796
vn -0.0011 -0.0124 -0.9999
vn -0.0000 0.0237 -0.9997
vn -0.0000 0.2320 0.9727
vn -0.0614 0.2105 0.9757
vn 0.0333 0.0818 0.9961
vn 0.0829 0.1405 0.9866
vn -0.2894 -0.7719 0.5661
vn -0.0763 -0.1684 0.9828
vn -0.0377 -0.0075 0.9993
vn -0.4912 -0.1231 -0.8623
vn -0.0333 0.0818 0.9961
vn -0.5439 -0.6251 0.5599
vn -0.7327 -0.4002 0.5504
vn 0.0441 -0.0792 0.9959
vn -0.0763 0.2507 0.9651
vn -0.0000 0.2641 0.9645
vn -0.0000 -0.0870 0.9962
vn -0.8660 -0.4990 0.0331
vn -0.8009 -0.4459 0.3996
vn 0.6427 0.7658 -0.0203
vn 0.5945 0.7239 0.3502
vn 0.1150 -0.0958 0.9887
vn 0.1643 -0.0534 0.9850
vn 0.0510 0.0331 0.9981
vn -0.8332 -0.1243 0.5388
vn -0.0003 -0.1382 0.9904
vn 0.0653 -0.1377 0.9883
vn -0.4319 -0.2858 -0.8554
vn 0.1848 -0.2515 0.9501
vn 0.2198 0.0024 0.9755
vn 0.2198 0.0798 0.9723
vn 0.0985 0.0149 -0.9950
vn -0.6427 -0.7648 0.0444
vn -0.5945 -0.6918 0.4099
vn -0.1779 0.0101 0.9840
vn -0.1661 -0.0544 0.9846
vn -0.1158 -0.0966 0.9886
vn -0.8332 0.1693 0.5264
vn -0.7327 0.4452 0.5147
vn -0.5406 0.6701 0.5087
vn -0.5405 0.6702 0.5087
vn -0.3206 -0.4183 -0.8498
vn 0.0731 0.0451 -0.9963
vn -0.1231 0.1880 0.9744
vn -0.1563 0.1318 0.9789
vn -0.2345 0.0226 0.9718
vn -0.0041 -0.0082 -1.0000
vn -0.3656 -0.7896 -0.4928
vn -0.1117 -0.0226 0.9935
vn 0.1933 0.1526 0.9692
vn -0.3495 -0.9351 0.0592
vn -0.3225 -0.8711 0.3704
vn -0.0985 0.0149 -0.9950
vn -0.0731 0.0451 -0.9963
vn -0.1120 -0.0222 -0.9935
vn 0.2925 -0.8247 -0.4840
vn 0.3206 -0.4183 -0.8498
vn 0.6427 -0.7648 0.0444
vn 0.3495 -0.9351 0.0592
vn -0.1120 -0.0616 -0.9918
vn -0.0333 0.0025 0.9994
vn -0.0177 -0.0065 0.9998
vn -0.1435 -0.1297 0.9811
vn -0.1933 -0.0704 0.9786
vn 0.4320 -0.2857 -0.8554
vn 0.8660 -0.4990 0.0332
vn 0.3207 0.3451 -0.8821
vn 0.5945 -0.6918 0.4099
vn 0.0763 -0.8556 0.5119
vn -0.0985 -0.0987 -0.9902
vn 0.4912 -0.1231 -0.8623
vn 0.9847 -0.1730 0.0194
vn -0.0389 -0.1487 -0.9881
vn -0.0731 -0.1289 -0.9890
vn 0.8009 -0.4460 0.3996
vn -0.0449 0.0162 0.9989
vn 0.9108 -0.1444 0.3868
vn 0.9847 0.1740 0.0048
vn 0.8660 0.5000 -0.0090
vn 0.8009 0.4780 0.3605
vn 0.9108 0.1765 0.3733
vn 0.4912 0.0500 -0.8696
vn 0.4320 0.2126 -0.8765
vn -0.0000 -0.0097 1.0000
vn 0.0177 -0.0065 0.9998
vn -0.0654 -0.1381 0.9883
vn 0.5439 0.6700 0.5052
vn 0.5438 0.6700 0.5052
vn 0.7327 0.4452 0.5147
vn -0.1890 0.0747 0.9791
vn -0.3692 -0.6068 -0.7039
vn 0.0089 -0.9980 0.0618
vn -0.2879 -0.7940 0.5354
vn 0.2327 -0.1337 0.9633
vn -0.6427 0.7658 -0.0202
vn -0.2225 0.0019 0.9749
vn -0.2225 0.0803 0.9716
vn 0.1957 0.1540 0.9685
vn 0.2225 0.0803 0.9716
vn -0.1957 0.1540 0.9685
vn 0.1957 -0.0718 0.9780
vn 0.1452 -0.1318 0.9806
vn 0.1452 0.2140 0.9660
vn -0.1452 0.2140 0.9660
vn -0.8660 -0.4990 0.0332
vn 0.6427 0.7658 -0.0202
vn 0.2225 0.0019 0.9749
vn -0.4320 -0.2858 -0.8554
vn -0.0773 0.2532 0.9643
vn 0.0773 0.2532 0.9643
vn 0.3207 -0.4183 -0.8498
vn -0.0773 -0.1711 0.9822
vn -0.1452 -0.1318 0.9806
vn 0.8660 -0.4990 0.0331
vn -0.1957 -0.0718 0.9780
vn 0.9847 0.1740 0.0047
vn 0.0773 -0.1711 0.9822
vn -0.0000 -0.1847 0.9828
vn -0.0000 0.2669 0.9637
vn 0.1705 0.4318 -0.8857
vn -0.0000 -0.8229 0.5683
vn -0.1269 0.0195 0.9917
vn -0.1269 0.0642 0.9898
vn -0.0006 0.8671 0.4981
vn -0.9847 0.1740 0.0047
vn -0.0377 -0.0074 0.9993
vn 0.1151 -0.0957 0.9887
vn 0.0002 -0.1382 0.9904
vn -0.5407 0.6700 0.5087
vn -0.1116 -0.0226 0.9935
vn 0.0764 -0.8556 0.5120
vn 0.4912 -0.1230 -0.8623
vn 0.7327 0.4451 0.5147
vn -0.4912 0.0499 -0.8696
vn 0.3206 0.3452 -0.8821
vn -0.0000 0.2668 0.9637
vn -0.2261 -0.5649 0.7936
vn -0.1002 -0.9734 -0.2059
vn -0.0023 -0.9856 -0.1689
vn -0.1658 -0.3868 0.9071
vn 0.1909 0.1362 0.9721
vn -0.0890 0.3291 0.9401
vn -0.3800 -0.6033 0.7012
vn -0.5342 -0.8440 -0.0482
vn -0.1342 0.0963 -0.9863
vn -0.0593 0.1975 -0.9785
vn -0.1165 0.0897 -0.9891
vn -0.1161 0.0636 -0.9912
vn 0.0359 -0.2616 -0.9645
vn -0.0088 -0.2522 -0.9676
vn -0.1080 -0.2046 -0.9729
vn -0.0789 -0.2234 -0.9715
vn -0.0224 -0.9254 -0.3782
vn -0.0495 -0.8536 -0.5185
vn -0.0417 -0.9911 -0.1261
vn -0.4339 -0.7248 -0.5352
vn -0.1877 -0.8707 -0.4545
vn 0.4110 -0.0510 -0.9102
vn 0.4449 0.1182 -0.8878
vn 0.4404 0.0472 -0.8965
vn 0.3765 -0.1117 -0.9197
vn 0.2496 -0.8619 -0.4414
vn 0.3012 -0.9534 -0.0155
vn 0.1049 0.1419 -0.9843
vn 0.3511 -0.1107 -0.9298
vn 0.4650 0.0027 -0.8853
vn 0.0565 0.0481 -0.9972
vn -0.1302 0.3596 -0.9240
vn -0.1314 0.3635 -0.9223
vn 0.0021 0.4419 -0.8970
vn -0.0242 0.4333 -0.9009
vn 0.2126 0.4697 -0.8569
vn 0.1559 0.4683 -0.8697
vn -0.1200 0.1764 -0.9770
vn -0.0382 0.1876 -0.9815
vn -0.1166 0.2133 -0.9700
vn -0.1114 0.1385 -0.9841
vn -0.3179 0.3166 0.8937
vn -0.1103 -0.3988 0.9104
vn -0.0771 -0.6338 0.7697
vn -0.2622 0.1697 0.9500
vn 0.7656 -0.5026 -0.4016
vn 0.8352 -0.5472 0.0555
vn -0.3060 0.0316 0.9515
vn -0.0660 0.0172 0.9977
vn -0.3134 0.0630 0.9475
vn 0.2576 -0.2186 -0.9412
vn 0.3115 -0.1817 -0.9327
vn 0.0307 0.0570 -0.9979
vn -0.1115 0.0842 -0.9902
vn -0.0404 0.1185 -0.9921
vn 0.2070 0.3162 -0.9258
vn 0.1072 0.2567 -0.9605
vn 0.1315 0.3963 -0.9087
vn 0.2898 0.0668 -0.9547
vn 0.1190 -0.2627 -0.9575
vn 0.1746 -0.2525 -0.9517
vn -0.2992 -0.0444 -0.9532
vn -0.0204 0.0612 -0.9979
vn -0.1904 -0.1813 -0.9648
vn -0.2634 -0.1327 -0.9555
vn 0.0143 -0.0678 -0.9976
vn 0.0811 -0.0569 -0.9951
vn 0.1203 -0.2230 -0.9674
vn 0.0115 -0.1381 -0.9904
vn 0.3799 -0.2794 0.8818
vn -0.0530 -0.1345 -0.9895
vn -0.2125 -0.1493 -0.9657
vn 0.0530 0.0220 -0.9984
vn 0.8907 0.0011 -0.4546
vn 0.9971 -0.0592 0.0482
vn -0.1105 -0.0599 -0.9921
vn -0.0725 -0.0318 -0.9969
vn -0.0353 -0.0591 -0.9976
vn -0.0968 -0.1154 -0.9886
vn -0.3293 0.0363 -0.9435
vn -0.3105 0.1218 -0.9427
vn -0.0735 -0.2021 0.9766
vn -0.2915 -0.3970 0.8703
vn -0.0016 -0.2312 -0.9729
vn -0.0981 -0.2396 -0.9659
vn -0.0523 0.0181 -0.9985
vn 0.2132 0.0484 -0.9758
vn -0.1754 -0.1402 -0.9745
vn -0.1594 -0.1594 -0.9743
vn -0.0965 -0.0015 -0.9953
vn 0.1112 -0.0499 -0.9925
vn 0.4565 -0.0439 0.8886
vn 0.1845 -0.1662 -0.9687
vn -0.2060 -0.0887 -0.9745
vn -0.2124 -0.0716 -0.9746
vn -0.2258 -0.0068 -0.9742
vn -0.2246 -0.0193 -0.9743
vn 0.0930 0.4016 -0.9111
vn 0.1832 0.4143 -0.8915
vn -0.0157 0.2919 -0.9563
vn -0.1014 0.2885 -0.9521
vn 0.7561 0.4783 -0.4468
vn 0.8728 0.4874 -0.0271
vn -0.8267 -0.5323 -0.1822
vn -0.7275 -0.4400 -0.5264
vn -0.2238 0.2702 -0.9364
vn -0.2879 0.2111 -0.9341
vn 0.1014 0.0626 -0.9929
vn -0.2272 0.0519 -0.9725
vn -0.2274 0.0437 -0.9728
vn -0.0470 0.3457 -0.9372
vn -0.1445 0.3385 -0.9298
vn 0.4209 0.2794 0.8630
vn -0.0607 0.6377 -0.7679
vn 0.1383 -0.0146 -0.9903
vn 0.1595 0.0527 -0.9858
vn -0.2981 -0.1376 0.9446
vn 0.5913 0.5937 -0.5458
vn 0.7061 0.7058 -0.0560
vn 0.2669 0.0911 -0.9594
vn 0.1572 0.2903 -0.9439
vn 0.2509 0.2140 -0.9441
vn -0.2233 0.1021 -0.9694
vn -0.2226 0.1085 -0.9689
vn -0.2117 0.1739 -0.9617
vn -0.2129 0.1676 -0.9626
vn -0.1884 0.2612 -0.9467
vn -0.1894 0.2575 -0.9475
vn 0.2947 0.2720 0.9161
vn -0.4044 -0.2138 0.8893
vn 0.1950 -0.1355 -0.9714
vn 0.1212 -0.2175 -0.9685
vn 0.4407 0.0903 -0.8931
vn 0.5520 0.3645 0.7500
vn -0.1143 -0.3187 0.9409
vn 0.1833 0.1711 -0.9681
vn 0.4673 0.0144 -0.8840
vn 0.6140 0.7749 -0.1505
vn 0.6216 0.7831 -0.0168
vn 0.1731 -0.4544 0.8738
vn 0.3400 -0.2822 0.8971
vn 0.2525 -0.2851 0.9246
vn -0.2763 0.9168 0.2882
vn -0.0479 0.9870 -0.1537
vn -0.3037 0.9519 -0.0408
vn 0.0696 0.4486 0.8910
vn 0.4942 0.0261 0.8690
vn 0.0480 -0.0377 -0.9981
vn -0.1776 0.1584 -0.9713
vn -0.1105 0.0438 -0.9929
vn -0.1072 0.0182 -0.9941
vn -0.7054 0.7088 -0.0013
vn -0.2654 0.2225 0.9381
vn -0.3853 -0.3977 0.8327
vn 0.2654 0.9469 -0.1813
vn -0.1070 0.8492 -0.5171
vn 0.3627 0.0120 0.9318
vn -0.9118 0.4103 -0.0157
vn -0.3073 0.0855 0.9478
vn 0.1615 -0.0579 0.9852
vn 0.1524 -0.0147 0.9882
vn -0.7197 0.5789 -0.3832
vn 0.1538 -0.1021 -0.9828
vn -0.8670 0.4258 -0.2590
vn -0.9877 0.1523 -0.0365
vn -0.9641 0.1372 -0.2273
vn -0.7882 -0.3878 -0.4779
vn -0.9572 -0.2734 -0.0953
vn -0.3883 0.2219 0.8944
vn -0.4460 -0.2005 0.8723
vn 0.0401 0.0529 -0.9978
vn 0.0939 -0.3392 -0.9360
vn 0.0782 0.3501 -0.9334
vn 0.3808 0.4213 -0.8231
vn 0.3301 0.4499 -0.8298
vn 0.4397 0.2406 -0.8653
vn 0.4266 0.3309 -0.8417
vn 0.2789 -0.0368 -0.9596
vn 0.2875 0.3597 0.8877
vn 0.2580 0.9623 -0.0855
vn 0.3929 0.8294 -0.3971
vn -0.3419 0.4281 -0.8365
vn 0.4865 -0.1102 -0.8667
vn 0.4949 0.0629 -0.8667
vn 0.9920 0.1260 0.0121
vn 0.9752 -0.2209 0.0121
vn -0.1109 0.0251 -0.9935
vn -0.1128 -0.0143 -0.9935
vn 0.4195 -0.2700 -0.8667
vn 0.8409 -0.5411 0.0121
vn -0.0062 -0.1288 0.9917
vn 0.0108 0.2229 0.9748
vn 0.0863 0.2058 0.9748
vn -0.0499 -0.1189 0.9917
vn -0.8393 -0.1066 0.5331
vn -0.8252 0.1869 0.5330
vn 0.8890 0.4577 0.0121
vn 0.8222 0.4233 0.3804
vn 0.9174 0.1165 0.3804
vn 0.7777 -0.5004 0.3804
vn 0.9020 -0.2043 0.3804
vn -0.3273 -0.7802 0.5331
vn -0.0408 -0.8451 0.5330
vn 0.6789 0.7341 0.0121
vn 0.6279 0.6790 0.3804
vn 0.0200 0.0477 0.9987
vn 0.0025 0.0517 0.9987
vn 0.0062 0.1287 0.9917
vn 0.0499 0.1189 0.9917
vn 0.8367 0.1063 0.5373
vn 0.8245 -0.1866 0.5342
vn 0.8246 -0.1862 0.5343
vn 0.7115 -0.4578 0.5331
vn -0.0875 -0.0946 0.9917
vn 0.1515 0.1639 0.9748
vn 0.1984 0.1022 0.9748
vn -0.1146 -0.0590 0.9917
vn -0.1011 -0.0520 -0.9935
vn -0.0772 -0.0835 -0.9935
vn 0.3387 0.3663 -0.8667
vn 0.4435 0.2283 -0.8667
vn 0.3869 0.9221 0.0121
vn 0.3578 0.8528 0.3804
vn -0.0055 -0.1136 -0.9935
vn -0.0440 -0.1049 -0.9935
vn -0.0000 -0.0000 -1.0000
vn -0.5744 -0.6212 0.5331
vn -0.0025 -0.0517 0.9987
vn 0.0153 -0.0495 0.9987
vn 0.0382 -0.1231 0.9917
vn 0.1351 -0.1777 0.9748
vn -0.0780 0.1026 0.9917
vn -0.1084 0.0698 0.9917
vn 0.1877 -0.1208 0.9748
vn -0.7523 -0.3873 0.5331
vn 0.0529 -0.1707 0.9839
vn 0.1150 -0.1513 0.9818
vn 0.1507 -0.0971 0.9838
vn -0.0000 -0.0001 1.0000
vn -0.1984 -0.1022 0.9748
vn 0.1146 0.0590 0.9917
vn 0.0875 0.0946 0.9917
vn -0.1515 -0.1639 0.9748
vn 0.1929 0.4600 -0.8667
vn 0.0352 0.0380 0.9987
vn -0.0460 -0.0237 0.9987
vn -0.0352 -0.0380 0.9987
vn 0.0482 0.9988 0.0121
vn 0.0445 0.9237 0.3804
vn 0.0257 -0.0058 0.9997
vn 0.1125 0.0176 0.9935
vn -0.2214 -0.0281 0.9748
vn -0.2177 0.0493 0.9748
vn -0.0691 -0.1647 0.9839
vn -0.0091 -0.1894 0.9819
vn 0.0293 -0.0055 -0.9996
vn 0.0642 -0.0145 -0.9978
vn 0.1861 -0.0421 0.9816
vn 0.1785 0.0231 0.9837
vn 0.0313 -0.0412 0.9987
vn 0.0780 -0.1026 0.9917
vn -0.7115 0.4578 0.5330
vn -0.1877 0.1208 0.9748
vn -0.0400 0.0477 0.9981
vn 0.0240 0.4983 -0.8667
vn 0.0460 0.0237 0.9987
vn -0.5120 0.6736 0.5331
vn -0.2507 0.8081 0.5331
vn -0.1279 -0.0162 0.9917
vn 0.2214 0.0281 0.9748
vn 0.2177 -0.0493 0.9748
vn -0.1257 0.0285 0.9917
vn -0.2963 0.9550 0.0121
vn -0.2741 0.8833 0.3804
vn 0.6051 -0.7961 0.0121
vn 0.5596 -0.7363 0.3804
vn -0.1592 -0.0822 0.9838
vn -0.1288 -0.1393 0.9818
vn -0.0200 -0.0477 0.9987
vn 0.0408 0.8451 0.5331
vn -0.1753 0.0402 0.9837
vn -0.1893 -0.0241 0.9816
vn -0.1479 0.4764 -0.8667
vn -0.3249 -0.1159 0.9386
vn -0.0863 -0.2058 0.9748
vn -0.0107 -0.2229 0.9748
vn 0.0337 -0.1086 -0.9935
vn -0.6051 0.7961 0.0121
vn -0.5596 0.7363 0.3804
vn 0.0087 0.1805 0.9835
vn -0.0568 0.1832 0.9814
vn -0.1092 0.1435 0.9836
vn 0.3273 0.7802 0.5330
vn 0.5744 0.6212 0.5330
vn 0.7513 0.3843 0.5365
vn 0.7514 0.3841 0.5365
vn -0.3019 0.3971 -0.8667
vn 0.0688 -0.0905 -0.9935
vn 0.1703 0.0877 0.9815
vn 0.1226 0.1325 0.9836
vn 0.0338 0.2328 0.9719
vn 0.0341 -0.0035 -0.9994
vn -0.6684 0.5261 -0.5258
vn -0.0382 0.1231 0.9917
vn 0.0661 -0.2132 0.9748
vn -0.8364 0.5477 0.0197
vn -0.7928 0.5102 0.3334
vn 0.0772 0.0835 -0.9935
vn 0.1011 0.0520 -0.9935
vn 0.0440 0.1049 -0.9935
vn -0.8483 -0.1078 -0.5184
vn -0.4435 -0.2284 -0.8667
vn -0.8890 -0.4577 0.0121
vn -0.9908 -0.1340 0.0197
vn 0.0055 0.1136 -0.9935
vn -0.0313 0.0412 0.9987
vn -0.0435 0.0280 0.9987
vn -0.1351 0.1777 0.9748
vn -0.0661 0.2132 0.9748
vn -0.3387 -0.3663 -0.8667
vn -0.6789 -0.7341 0.0121
vn 0.3019 -0.3972 -0.8667
vn -0.8222 -0.4233 0.3804
vn -0.8717 0.1191 0.4754
vn -0.0337 0.1086 -0.9935
vn -0.1929 -0.4600 -0.8667
vn -0.3869 -0.9221 0.0121
vn -0.0956 0.0615 -0.9935
vn -0.0688 0.0905 -0.9935
vn -0.6279 -0.6790 0.3804
vn -0.0153 0.0495 0.9987
vn -0.3578 -0.8528 0.3804
vn -0.0482 -0.9988 0.0121
vn 0.2963 -0.9550 0.0121
vn 0.2741 -0.8833 0.3804
vn -0.0445 -0.9237 0.3804
vn -0.0240 -0.4983 -0.8667
vn 0.1479 -0.4764 -0.8667
vn -0.0505 0.0114 0.9987
vn -0.0514 -0.0065 0.9987
vn -0.1608 0.1035 0.9816
vn 0.5120 -0.6736 0.5330
vn 0.2507 -0.8081 0.5330
vn 0.0743 0.1770 0.9814
vn -0.4808 0.4874 -0.7288
vn -0.9770 0.2122 0.0197
vn -0.7322 0.4609 0.5014
vn -0.2213 -0.1885 0.9568
vt 0.224349 0.000090
vt 0.243044 0.000089
vt 0.243034 0.472232
vt 0.224338 0.472225
vt 0.000000 0.000041
vt 0.018697 0.000000
vt 0.018694 0.472243
vt 0.000000 0.472250
vt 0.037393 0.000019
vt 0.037388 0.472228
vt 0.280433 0.000080
vt 0.299127 0.000069
vt 0.299122 0.472277
vt 0.280426 0.472257
vt 0.317821 0.000054
vt 0.317818 0.472297
vt 0.056089 0.000040
vt 0.074785 0.000055
vt 0.074777 0.472210
vt 0.056082 0.472216
vt 0.168264 0.000085
vt 0.186959 0.000087
vt 0.186946 0.472215
vt 0.168251 0.472212
vt 0.130873 0.000077
vt 0.149569 0.000081
vt 0.149556 0.472209
vt 0.130861 0.472208
vt 0.261738 0.000087
vt 0.261729 0.472242
vt 0.112177 0.000072
vt 0.112166 0.472207
vt 0.093481 0.000065
vt 0.093471 0.472207
vt 0.205654 0.000089
vt 0.205642 0.472220
vt 0.336515 0.000047
vt 0.336515 0.472256
vt 0.442709 0.859064
vt 0.442709 0.749995
vt 0.498048 0.749995
vt 0.498048 0.859064
vt 0.442709 0.961120
vt 0.498048 0.961120
vt 0.387371 0.859064
vt 0.387371 0.749995
vt 0.838308 0.021179
vt 0.908964 0.062066
vt 0.867531 0.111489
vt 0.816345 0.081610
vt 0.614801 0.216882
vt 0.590011 0.212593
vt 0.610170 0.156848
vt 0.632221 0.169492
vt 0.498048 0.674695
vt 0.553387 0.674695
vt 0.553387 0.749995
vt 0.387371 0.674695
vt 0.442709 0.674695
vt 0.664729 0.353483
vt 0.708341 0.378947
vt 0.699841 0.402330
vt 0.648340 0.372945
vt 0.608725 0.674695
vt 0.608725 0.749995
vt 0.166016 0.640157
vt 0.166016 0.552899
vt 0.221355 0.552899
vt 0.221355 0.640158
vt 0.900935 0.268152
vt 0.926062 0.271583
vt 0.905852 0.327255
vt 0.884012 0.314806
vt 0.867928 0.372854
vt 0.851496 0.353400
vt 0.961466 0.124517
vt 0.989353 0.201171
vt 0.925864 0.212414
vt 0.905898 0.156645
vt 0.553387 0.961120
vt 0.553387 0.859064
vt 0.608725 0.859064
vt 0.608725 0.961120
vt 0.664064 0.674695
vt 0.664064 0.749995
vt 0.459222 0.406217
vt 0.458256 0.400737
vt 0.457290 0.406217
vt 0.610342 0.327449
vt 0.632143 0.314928
vt 0.719403 0.640158
vt 0.719403 0.552899
vt 0.774741 0.552899
vt 0.774741 0.640158
vt 0.816428 0.402237
vt 0.909212 0.422013
vt 0.838534 0.462823
vt 0.590223 0.271800
vt 0.614675 0.267462
vt 0.758059 0.096650
vt 0.757605 0.242889
vt 0.664442 0.130589
vt 0.708303 0.105420
vt 0.554581 0.359576
vt 0.526810 0.282935
vt 0.664064 0.859064
vt 0.110677 0.640158
vt 0.110677 0.552899
vt 0.553387 0.640158
vt 0.553387 0.552899
vt 0.608725 0.552899
vt 0.608725 0.640158
vt 0.664064 0.961120
vt 0.719403 0.674695
vt 0.719403 0.749995
vt 0.554385 0.124681
vt 0.526745 0.201484
vt 0.807722 0.105552
vt 0.851583 0.130563
vt 0.463485 0.398834
vt 0.463820 0.400737
vt 0.830080 0.552899
vt 0.830080 0.640158
vt 0.648394 0.111579
vt 0.607037 0.062346
vt 0.719403 0.859064
vt 0.055339 0.640157
vt 0.055339 0.552899
vt 0.699586 0.081883
vt 0.757905 0.071463
vt 0.989353 0.282671
vt 0.961687 0.359425
vt 0.719403 0.961120
vt 0.774741 0.674695
vt 0.774741 0.749995
vt 0.332032 0.749995
vt 0.332032 0.674695
vt 0.901415 0.216780
vt 0.883889 0.169391
vt 0.664064 0.552899
vt 0.664064 0.640158
vt 0.774741 0.859064
vt 0.000000 0.640158
vt 0.000000 0.552899
vt 0.677765 0.462839
vt 0.607013 0.422198
vt 0.774741 0.961120
vt 0.830080 0.674695
vt 0.830080 0.749995
vt 0.807903 0.378883
vt 0.758125 0.387441
vt 0.830080 0.859064
vt 0.830080 0.961120
vt 0.455474 0.405556
vt 0.453993 0.404314
vt 0.885419 0.552899
vt 0.885419 0.640158
vt 0.885419 0.859064
vt 0.885419 0.961120
vt 0.758133 0.412861
vt 0.758170 0.477162
vt 0.885419 0.674695
vt 0.885419 0.749995
vt 0.461038 0.395919
vt 0.462518 0.397161
vt 0.459222 0.395258
vt 0.000000 0.859064
vt 0.000000 0.749995
vt 0.055339 0.749995
vt 0.055339 0.859064
vt 0.457290 0.395258
vt 0.332032 0.640157
vt 0.332032 0.552899
vt 0.387371 0.552899
vt 0.387371 0.640158
vt 0.677492 0.021356
vt 0.757830 0.007214
vt 0.000000 0.961120
vt 0.055339 0.961120
vt 0.110677 0.749995
vt 0.110677 0.859064
vt 0.332032 0.859064
vt 0.000000 0.674695
vt 0.055339 0.674695
vt 0.455474 0.395919
vt 0.110677 0.961120
vt 0.166016 0.749995
vt 0.166016 0.859064
vt 0.453027 0.398834
vt 0.453993 0.397161
vt 0.110677 0.674695
vt 0.276693 0.640158
vt 0.276693 0.552899
vt 0.166016 0.961120
vt 0.166016 0.674695
vt 0.221355 0.749995
vt 0.221355 0.674695
vt 0.276693 0.674695
vt 0.276693 0.749995
vt 0.221355 0.859064
vt 0.221355 0.961120
vt 0.276693 0.859064
vt 0.276693 0.961120
vt 0.332032 0.961120
vt 0.387371 0.961120
vt 0.452691 0.400737
vt 0.442709 0.640158
vt 0.442709 0.552899
vt 0.498048 0.552899
vt 0.498048 0.640158
vt 0.453027 0.402641
vt 0.463485 0.402641
vt 0.462518 0.404314
vt 0.461038 0.405556
vt 0.940461 0.859064
vt 0.885122 0.859064
vt 0.885122 0.749995
vt 0.940461 0.749995
vt 0.940461 0.961120
vt 0.885122 0.961120
vt 0.995800 0.859064
vt 0.995800 0.749995
vt 0.995800 0.674695
vt 0.940461 0.674695
vt 0.940461 0.640158
vt 0.885122 0.640158
vt 0.885122 0.552899
vt 0.940461 0.552899
vt 0.995800 0.961120
vt 0.995800 0.552899
vt 0.995800 0.640158
vt 0.885122 0.674695
vt 0.484005 0.845641
vt 0.478878 0.737734
vt 0.535338 0.761685
vt 0.535889 0.860469
vt 0.485072 0.955961
vt 0.540904 0.946804
vt 0.466369 0.825201
vt 0.460580 0.764380
vt 0.797773 0.004928
vt 0.881523 0.030465
vt 0.841924 0.092715
vt 0.790696 0.076216
vt 0.628574 0.253236
vt 0.607174 0.249307
vt 0.614293 0.190167
vt 0.639943 0.203971
vt 0.534643 0.688613
vt 0.584784 0.676624
vt 0.586752 0.748432
vt 0.439787 0.706332
vt 0.484754 0.633182
vt 0.710981 0.375975
vt 0.760037 0.383198
vt 0.756553 0.406676
vt 0.695705 0.400117
vt 0.639985 0.679172
vt 0.640102 0.750135
vt 0.194065 0.645022
vt 0.198610 0.556573
vt 0.253764 0.546470
vt 0.257665 0.632002
vt 0.926034 0.226161
vt 0.943655 0.215274
vt 0.940259 0.259523
vt 0.914224 0.265726
vt 0.901491 0.324346
vt 0.870403 0.324792
vt 0.943521 0.076776
vt 0.995541 0.153956
vt 0.919712 0.165964
vt 0.885685 0.123060
vt 0.583408 0.948009
vt 0.585377 0.856331
vt 0.638910 0.859315
vt 0.632765 0.949855
vt 0.695119 0.675201
vt 0.693552 0.752148
vt 0.459814 0.406036
vt 0.457985 0.400969
vt 0.457917 0.406536
vt 0.648163 0.357298
vt 0.674904 0.334205
vt 0.747028 0.646886
vt 0.745038 0.556801
vt 0.800839 0.553794
vt 0.804564 0.648491
vt 0.865753 0.382430
vt 0.957439 0.370120
vt 0.892559 0.423518
vt 0.611662 0.308950
vt 0.644675 0.298363
vt 0.741283 0.123010
vt 0.770381 0.251545
vt 0.662984 0.158933
vt 0.696716 0.139975
vt 0.590395 0.383120
vt 0.554327 0.324808
vt 0.692019 0.856905
vt 0.142202 0.668885
vt 0.146791 0.550120
vt 0.585923 0.656487
vt 0.582807 0.561586
vt 0.635518 0.561762
vt 0.639521 0.645238
vt 0.682771 0.955302
vt 0.746867 0.677880
vt 0.748438 0.752252
vt 0.555076 0.160403
vt 0.542579 0.240310
vt 0.791293 0.106420
vt 0.838163 0.115606
vt 0.462880 0.397682
vt 0.463522 0.399507
vt 0.852871 0.549527
vt 0.871462 0.621199
vt 0.640088 0.137551
vt 0.588461 0.095424
vt 0.745705 0.854410
vt 0.095935 0.673052
vt 0.086533 0.543007
vt 0.680621 0.104636
vt 0.733301 0.076620
vt 1.021448 0.215599
vt 1.010758 0.299814
vt 0.737479 0.960513
vt 0.803345 0.675003
vt 0.803230 0.751063
vt 0.394530 0.715855
vt 0.386291 0.693604
vt 0.907863 0.186247
vt 0.877362 0.145096
vt 0.689322 0.560348
vt 0.696000 0.658760
vt 0.802669 0.860387
vt 0.040969 0.664043
vt 0.042824 0.549909
vt 0.741772 0.460756
vt 0.661129 0.437857
vt 0.791207 0.966648
vt 0.858438 0.646649
vt 0.860553 0.741796
vt 0.846001 0.375115
vt 0.811772 0.396472
vt 0.861141 0.850944
vt 0.849292 0.970540
vt 0.456061 0.406366
vt 0.454360 0.405593
vt 0.915199 0.544298
vt 0.917883 0.633848
vt 0.925338 0.880140
vt 0.918678 0.978625
vt 0.822923 0.414567
vt 0.817527 0.452557
vt 0.916057 0.667555
vt 0.915053 0.755087
vt 0.459930 0.395498
vt 0.461702 0.396149
vt 0.458151 0.395313
vt 0.051264 0.840315
vt 0.062414 0.792549
vt 0.088670 0.741975
vt 0.092183 0.843778
vt 0.456410 0.395778
vt 0.395288 0.630354
vt 0.377132 0.563211
vt 0.429147 0.558799
vt 0.443716 0.697946
vt 0.646046 0.042778
vt 0.718345 0.007612
vt 0.040684 0.958863
vt 0.094652 0.952615
vt 0.137832 0.745925
vt 0.138582 0.855916
vt 0.381196 0.860181
vt 0.059351 0.716257
vt 0.089272 0.665491
vt 0.454609 0.396900
vt 0.172534 0.952242
vt 0.193060 0.756106
vt 0.192066 0.859729
vt 0.452627 0.401227
vt 0.453420 0.398493
vt 0.139039 0.670603
vt 0.319468 0.626977
vt 0.308173 0.567043
vt 0.200627 0.966051
vt 0.192750 0.679139
vt 0.249233 0.753099
vt 0.252542 0.661081
vt 0.325447 0.635212
vt 0.310198 0.765494
vt 0.253584 0.870071
vt 0.247582 0.969202
vt 0.320477 0.875919
vt 0.307691 0.973311
vt 0.369263 0.971189
vt 0.451146 0.971382
vt 0.452556 0.402614
vt 0.487401 0.650541
vt 0.475847 0.559963
vt 0.528116 0.561621
vt 0.532357 0.667074
vt 0.453277 0.404079
vt 0.462894 0.400366
vt 0.462641 0.403439
vt 0.461529 0.404972
vt 0.989938 0.854802
vt 0.984553 0.733667
vt 0.978856 0.974752
vt 1.048591 0.859463
vt 1.042799 0.747871
vt 1.040785 0.644488
vt 0.983420 0.683010
vt 0.985994 0.640977
vt 0.963527 0.546218
vt 1.024045 0.969021
vt 1.000352 0.547721
vt 1.040315 0.614495
s 1
f 23/1/1 22/2/2 8/3/2 7/4/1
f 16/5/3 15/6/4 34/7/4 33/8/3
f 15/6/4 14/9/5 35/10/5 34/7/4
f 20/11/6 18/12/7 31/13/7 19/14/6
f 18/12/7 17/15/8 32/16/8 31/13/7
f 13/17/9 12/18/10 11/19/10 36/20/9
f 14/9/5 13/17/9 36/20/9 35/10/5
f 26/21/11 25/22/12 5/23/12 4/24/11
f 28/25/13 27/26/14 2/27/14 1/28/13
f 22/2/2 21/29/15 9/30/15 8/3/2
f 29/31/16 28/25/13 1/28/13 3/32/16
f 12/18/10 30/33/17 10/34/17 11/19/10
f 25/22/12 24/35/18 6/36/18 5/23/12
f 17/15/8 16/37/3 33/38/3 32/16/8
f 27/26/14 26/21/11 4/24/11 2/27/14
f 24/35/18 23/1/1 7/4/1 6/36/18
f 21/29/15 20/11/6 19/14/6 9/30/15
f 30/33/17 29/31/16 3/32/16 10/34/17
f 47/1/1 7/4/1 8/3/2 46/2/2
f 41/5/3 33/8/3 34/7/4 40/6/4
f 40/6/4 34/7/4 35/10/5 39/9/5
f 44/11/6 19/14/6 31/13/7 43/12/7
f 43/12/7 31/13/7 32/16/8 42/15/8
f 38/17/9 36/20/9 11/19/10 37/18/10
f 39/9/5 35/10/5 36/20/9 38/17/9
f 50/21/11 4/24/11 5/23/12 49/22/12
f 52/25/13 1/28/13 2/27/14 51/26/14
f 46/2/2 8/3/2 9/30/15 45/29/15
f 53/31/16 3/32/16 1/28/13 52/25/13
f 37/18/10 11/19/10 10/34/17 54/33/17
f 49/22/12 5/23/12 6/36/18 48/35/18
f 42/15/8 32/16/8 33/38/3 41/37/3
f 51/26/14 2/27/14 4/24/11 50/21/11
f 48/35/18 6/36/18 7/4/1 47/1/1
f 45/29/15 9/30/15 19/14/6 44/11/6
f 54/33/17 10/34/17 3/32/16 53/31/16
f 56/39/19 55/40/20 59/41/21 60/42/22
f 57/43/23 56/39/19 60/42/22 61/44/24
f 140/45/25 139/46/26 55/40/20 56/39/19
f 78/47/27 74/48/28 90/49/29 92/50/30
f 150/51/31 102/52/31 101/53/32 151/54/32
f 59/41/21 202/55/33 204/56/34 63/57/35
f 231/58/36 199/59/37 55/40/20 139/46/26
f 147/60/38 146/61/39 111/62/39 109/63/38
f 63/57/35 204/56/34 205/64/40 67/65/41
f 224/66/42 126/67/43 130/68/44 226/69/45
f 159/70/46 83/71/47 82/72/48 160/73/49
f 160/73/49 82/72/48 118/74/50 143/75/50
f 70/76/51 66/77/52 85/78/53 89/79/54
f 65/80/55 64/81/56 68/82/57 69/83/58
f 67/65/41 205/64/40 207/84/59 71/85/60
f 77/86/61 164/87/62 73/88/63
f 147/60/38 109/63/38 108/89/64 148/90/64
f 64/81/56 63/57/35 67/65/41 68/82/57
f 209/91/65 78/92/27 84/93/66 212/94/67
f 116/95/68 118/74/69 142/96/70 138/97/71
f 148/90/64 108/89/64 104/98/72 149/99/72
f 154/100/73 161/101/74 152/102/75 153/103/76
f 104/98/77 108/89/78 122/104/79 117/105/80
f 68/82/57 67/65/41 71/85/60 72/106/81
f 221/107/82 122/108/79 126/67/43 224/66/42
f 203/109/83 66/110/52 70/111/51 206/112/84
f 69/83/58 68/82/57 72/106/81 73/113/63
f 71/85/60 207/84/59 210/114/85 75/115/86
f 103/116/87 101/53/88 102/52/89 110/117/90
f 161/101/74 154/100/73 155/118/91 156/119/92
f 107/120/93 164/87/62 100/121/94
f 152/102/75 161/101/74 150/51/95 151/54/96
f 74/48/28 70/76/51 89/79/54 90/49/29
f 212/94/67 84/93/66 91/122/97 213/123/98
f 151/54/32 101/53/32 99/124/99 152/102/99
f 99/124/100 101/53/88 103/116/87 98/125/101
f 72/106/81 71/85/60 75/115/86 76/126/102
f 219/127/103 117/128/80 122/108/79 221/107/82
f 153/103/104 97/129/104 96/130/105 154/100/105
f 62/131/106 58/132/107 82/72/108 83/71/109
f 73/113/63 72/106/81 76/126/102 77/133/61
f 75/115/86 210/114/85 211/134/110 79/135/111
f 135/136/112 230/137/113 231/58/36 139/46/26
f 158/138/114 161/101/74 156/119/92 157/139/115
f 206/112/84 70/111/51 74/140/28 208/141/116
f 102/52/89 104/98/77 117/105/80 110/117/90
f 154/100/105 96/130/105 92/50/117 155/118/117
f 160/73/118 161/101/74 158/138/114 159/70/119
f 76/126/102 75/115/86 79/135/111 80/142/120
f 217/143/121 110/144/90 117/128/80 219/127/103
f 109/63/122 111/62/123 130/145/44 126/146/43
f 77/133/61 76/126/102 80/142/120 81/147/124
f 79/135/111 211/134/110 214/148/125 86/149/126
f 146/61/127 161/101/74 144/150/128 145/151/129
f 156/119/130 90/49/130 89/79/131 157/139/131
f 66/77/52 62/131/106 83/71/109 85/78/53
f 208/141/116 74/140/28 78/92/27 209/91/65
f 157/139/131 89/79/131 85/78/132 158/138/132
f 80/142/120 79/135/111 86/149/126 87/152/133
f 185/1/134 184/2/135 170/3/135 169/4/134
f 158/138/132 85/78/132 83/71/47 159/70/46
f 81/147/124 80/142/120 87/152/133 88/153/136
f 161/101/74 148/90/137 149/99/138 150/51/95
f 149/99/72 104/98/72 102/52/31 150/51/31
f 69/154/58 164/87/62 65/155/55
f 213/123/98 91/122/97 98/156/101 215/157/139
f 178/5/140 177/6/141 196/7/141 195/8/140
f 155/118/117 92/50/117 90/49/130 156/119/130
f 88/153/136 87/152/133 94/158/142 95/159/143
f 177/6/141 176/9/144 197/10/144 196/7/141
f 111/62/123 115/160/145 134/161/146 130/145/44
f 182/11/147 180/12/148 193/13/148 181/14/147
f 86/149/126 214/148/125 216/162/149 93/163/150
f 121/164/151 164/87/62 114/165/152
f 180/12/148 179/15/153 194/16/153 193/13/148
f 175/17/154 174/18/155 173/19/155 198/20/154
f 125/166/156 164/87/62 121/164/151
f 87/152/133 86/149/126 93/163/150 94/158/142
f 106/167/157 105/168/158 112/169/159 113/170/160
f 176/9/144 175/17/154 198/20/154 197/10/144
f 114/165/152 164/87/62 107/120/93
f 152/102/99 99/124/99 97/129/104 153/103/104
f 129/171/161 164/87/62 125/166/156
f 188/21/162 187/22/163 167/23/163 166/24/162
f 229/172/164 138/173/71 142/174/70 232/175/165
f 91/176/97 84/177/66 96/130/166 97/129/167
f 107/178/93 106/167/157 113/170/160 114/179/152
f 113/170/160 112/169/159 119/180/168 120/181/169
f 190/25/170 189/26/171 163/27/171 162/28/170
f 136/182/172 135/136/112 139/46/26 140/45/25
f 105/168/158 218/183/173 220/184/174 112/169/159
f 133/185/175 164/87/62 129/171/161
f 184/2/135 183/29/15 171/30/15 170/3/135
f 114/179/152 113/170/160 120/181/169 121/186/151
f 120/181/169 119/180/168 123/187/176 124/188/177
f 141/189/178 164/87/62 137/190/179
f 112/169/159 220/184/174 222/191/180 119/180/168
f 227/192/181 134/193/146 138/173/71 229/172/164
f 191/31/182 190/25/170 162/28/170 165/32/182
f 121/186/151 120/181/169 124/188/177 125/194/156
f 137/190/179 164/87/62 133/185/175
f 98/125/101 91/176/97 97/129/167 99/124/100
f 119/180/168 222/191/180 223/195/183 123/187/176
f 174/18/155 192/33/17 172/34/17 173/19/155
f 127/196/184 225/197/185 228/198/186 131/199/187
f 125/194/156 124/188/177 128/200/188 129/201/161
f 124/188/177 123/187/176 127/196/184 128/200/188
f 131/199/187 228/198/186 230/137/113 135/136/112
f 226/69/45 130/68/44 134/193/146 227/192/181
f 123/187/176 223/195/183 225/197/185 127/196/184
f 187/22/163 186/35/189 168/36/189 167/23/163
f 129/201/161 128/200/188 132/202/190 133/203/175
f 128/200/188 127/196/184 131/199/187 132/202/190
f 179/15/153 178/37/140 195/38/140 194/16/153
f 133/203/175 132/202/190 136/182/172 137/204/179
f 189/26/171 188/21/162 166/24/162 163/27/171
f 186/35/189 185/1/134 169/4/134 168/36/189
f 137/204/179 136/182/172 140/45/25 141/205/178
f 164/87/62 141/189/178 57/206/23
f 183/29/15 182/11/147 181/14/147 171/30/15
f 132/202/190 131/199/187 135/136/112 136/182/172
f 192/33/17 191/31/182 165/32/182 172/34/17
f 200/207/191 58/208/107 62/209/106 201/210/192
f 61/211/24 164/87/62 57/206/23
f 144/150/128 161/101/74 160/73/118 143/75/193
f 95/212/143 164/87/62 88/213/136
f 115/160/145 116/95/68 138/97/71 134/161/146
f 108/89/78 109/63/122 126/146/43 122/104/79
f 88/213/136 164/87/62 81/214/124
f 100/121/94 164/87/62 95/212/143
f 81/214/124 164/87/62 77/86/61
f 84/177/66 78/47/27 92/50/30 96/130/166
f 143/75/50 118/74/50 116/95/194 144/150/194
f 61/44/24 60/42/22 64/81/56 65/80/55
f 144/150/194 116/95/194 115/160/195 145/151/195
f 201/210/192 62/209/106 66/110/52 203/109/83
f 58/132/107 142/96/70 118/74/69 82/72/108
f 140/45/25 56/39/19 57/43/23 141/205/178
f 145/151/195 115/160/195 111/62/39 146/61/39
f 65/155/55 164/87/62 61/211/24
f 60/42/22 59/41/21 63/57/35 64/81/56
f 142/174/70 58/208/107 200/207/191 232/175/165
f 73/88/63 164/87/62 69/154/58
f 161/101/74 146/61/127 147/60/196 148/90/137
f 200/207/191 201/210/192 202/55/33 199/59/37
f 208/141/116 209/91/65 210/114/85 207/84/59
f 201/210/192 203/109/83 204/56/34 202/55/33
f 206/112/84 208/141/116 207/84/59 205/64/40
f 203/109/83 206/112/84 205/64/40 204/56/34
f 232/175/165 200/207/191 199/59/37 231/58/36
f 212/94/67 213/123/98 214/148/125 211/134/110
f 213/123/98 215/157/139 216/162/149 214/148/125
f 209/91/65 212/94/67 211/134/110 210/114/85
f 226/69/45 227/192/181 228/198/186 225/197/185
f 227/192/181 229/172/164 230/137/113 228/198/186
f 224/66/42 226/69/45 225/197/185 223/195/183
f 217/143/121 219/127/103 220/184/174 218/183/173
f 219/127/103 221/107/82 222/191/180 220/184/174
f 229/172/164 232/175/165 231/58/36 230/137/113
f 221/107/82 224/66/42 223/195/183 222/191/180
f 55/40/20 199/59/37 202/55/33 59/41/21
f 234/215/197 94/216/142 93/217/150 233/218/198
f 100/219/94 95/220/143 94/216/142 234/215/197
f 106/221/157 234/215/197 233/218/198 105/222/158
f 218/223/173 105/222/158 233/218/198 235/224/199
f 236/225/200 215/226/139 98/227/101 103/228/87
f 106/221/157 107/229/93 100/219/94 234/215/197
f 110/230/90 217/231/121 236/225/200 103/228/87
f 236/225/200 235/224/199 216/232/149 215/226/139
f 217/231/121 218/223/173 235/224/199 236/225/200
f 233/218/198 93/217/150 216/232/149 235/224/199
f 238/39/19 237/40/20 241/41/21 242/42/22
f 239/43/23 238/39/19 242/42/22 243/44/24
f 304/45/25 303/46/26 237/40/20 238/39/19
f 241/41/21 311/55/33 313/56/34 245/57/35
f 340/58/36 308/59/37 237/40/20 303/46/26
f 245/57/35 313/56/34 314/64/40 249/65/201
f 333/66/42 290/67/202 294/68/203 335/69/45
f 247/80/55 246/81/56 250/82/57 251/83/58
f 249/65/201 314/64/40 316/84/59 253/85/60
f 259/86/61 307/87/62 255/88/63
f 246/81/56 245/57/35 249/65/201 250/82/57
f 318/91/65 260/92/204 264/93/205 321/94/67
f 250/82/57 249/65/201 253/85/60 254/106/81
f 330/107/82 286/108/206 290/67/202 333/66/42
f 312/109/207 248/110/208 252/111/209 315/112/84
f 251/83/58 250/82/57 254/106/81 255/113/63
f 253/85/60 316/84/59 319/114/85 257/115/210
f 277/120/93 307/87/62 273/121/94
f 321/94/67 264/93/205 268/122/211 322/123/98
f 254/106/81 253/85/60 257/115/210 258/126/102
f 328/127/103 282/128/212 286/108/206 330/107/82
f 255/113/63 254/106/81 258/126/102 259/133/61
f 257/115/210 319/114/85 320/134/110 261/135/111
f 299/136/112 339/137/113 340/58/36 303/46/26
f 315/112/84 252/111/209 256/140/213 317/141/116
f 258/126/102 257/115/210 261/135/111 262/142/120
f 326/143/121 278/144/214 282/128/212 328/127/103
f 259/133/61 258/126/102 262/142/120 263/147/124
f 261/135/111 320/134/110 323/148/125 265/149/126
f 317/141/116 256/140/213 260/92/204 318/91/65
f 262/142/120 261/135/111 265/149/126 266/152/133
f 263/147/124 262/142/120 266/152/133 267/153/136
f 251/154/58 307/87/62 247/155/55
f 322/123/98 268/122/211 272/156/215 324/157/139
f 267/153/136 266/152/133 270/158/142 271/159/143
f 265/149/126 323/148/125 325/162/149 269/163/150
f 285/164/151 307/87/62 281/165/152
f 289/166/156 307/87/62 285/164/151
f 266/152/133 265/149/126 269/163/150 270/158/142
f 276/167/157 275/168/158 279/169/216 280/170/160
f 281/165/152 307/87/62 277/120/93
f 293/171/161 307/87/62 289/166/156
f 338/172/164 302/173/217 306/174/218 341/175/165
f 277/178/93 276/167/157 280/170/160 281/179/152
f 280/170/160 279/169/216 283/180/168 284/181/169
f 300/182/172 299/136/112 303/46/26 304/45/25
f 275/168/158 327/183/173 329/184/174 279/169/216
f 297/185/175 307/87/62 293/171/161
f 281/179/152 280/170/160 284/181/169 285/186/151
f 284/181/169 283/180/168 287/187/176 288/188/177
f 305/189/178 307/87/62 301/190/179
f 279/169/216 329/184/174 331/191/180 283/180/168
f 336/192/181 298/193/219 302/173/217 338/172/164
f 285/186/151 284/181/169 288/188/177 289/194/156
f 301/190/179 307/87/62 297/185/175
f 283/180/168 331/191/180 332/195/183 287/187/176
f 291/196/184 334/197/185 337/198/186 295/199/187
f 289/194/156 288/188/177 292/200/188 293/201/161
f 288/188/177 287/187/176 291/196/184 292/200/188
f 295/199/187 337/198/186 339/137/113 299/136/112
f 335/69/45 294/68/203 298/193/219 336/192/181
f 287/187/176 332/195/183 334/197/185 291/196/184
f 293/201/161 292/200/188 296/202/190 297/203/175
f 292/200/188 291/196/184 295/199/187 296/202/190
f 297/203/175 296/202/190 300/182/172 301/204/179
f 301/204/179 300/182/172 304/45/25 305/205/178
f 307/87/62 305/189/178 239/206/23
f 296/202/190 295/199/187 299/136/112 300/182/172
f 309/207/191 240/208/220 244/209/221 310/210/192
f 243/211/24 307/87/62 239/206/23
f 271/212/143 307/87/62 267/213/136
f 267/213/136 307/87/62 263/214/124
f 273/121/94 307/87/62 271/212/143
f 263/214/124 307/87/62 259/86/61
f 243/44/24 242/42/22 246/81/56 247/80/55
f 310/210/192 244/209/221 248/110/208 312/109/207
f 304/45/25 238/39/19 239/43/23 305/205/178
f 247/155/55 307/87/62 243/211/24
f 242/42/22 241/41/21 245/57/35 246/81/56
f 306/174/218 240/208/220 309/207/191 341/175/165
f 255/88/63 307/87/62 251/154/58
f 309/207/191 310/210/192 311/55/33 308/59/37
f 317/141/116 318/91/65 319/114/85 316/84/59
f 310/210/192 312/109/207 313/56/34 311/55/33
f 315/112/84 317/141/116 316/84/59 314/64/40
f 312/109/207 315/112/84 314/64/40 313/56/34
f 341/175/165 309/207/191 308/59/37 340/58/36
f 321/94/67 322/123/98 323/148/125 320/134/110
f 322/123/98 324/157/139 325/162/149 323/148/125
f 318/91/65 321/94/67 320/134/110 319/114/85
f 335/69/45 336/192/181 337/198/186 334/197/185
f 336/192/181 338/172/164 339/137/113 337/198/186
f 333/66/42 335/69/45 334/197/185 332/195/183
f 326/143/121 328/127/103 329/184/174 327/183/173
f 328/127/103 330/107/82 331/191/180 329/184/174
f 338/172/164 341/175/165 340/58/36 339/137/113
f 330/107/82 333/66/42 332/195/183 331/191/180
f 237/40/20 308/59/37 311/55/33 241/41/21
f 343/215/197 270/216/142 269/217/150 342/218/198
f 273/219/94 271/220/143 270/216/142 343/215/197
f 276/221/157 343/215/197 342/218/198 275/222/158
f 327/223/173 275/222/158 342/218/198 344/224/199
f 345/225/200 324/226/139 272/227/215 274/228/222
f 276/221/157 277/229/93 273/219/94 343/215/197
f 278/230/214 326/231/121 345/225/200 274/228/222
f 345/225/200 344/224/199 325/232/149 324/226/139
f 326/231/121 327/223/173 344/224/199 345/225/200
f 342/218/198 269/217/150 325/232/149 344/224/199
f 347/39/19 346/40/223 350/41/21 351/42/22
f 348/43/23 347/39/19 351/42/22 352/44/24
f 431/45/224 430/46/26 346/40/223 347/39/19
f 369/47/27 365/48/28 381/49/29 383/50/30
f 441/51/31 393/52/31 392/53/32 442/54/32
f 350/41/21 493/55/33 495/56/34 354/57/35
f 522/58/36 490/59/37 346/40/223 430/46/26
f 438/60/38 437/61/39 402/62/39 400/63/38
f 354/57/35 495/56/34 496/64/40 358/65/201
f 515/66/42 417/67/43 421/68/44 517/69/45
f 450/70/46 374/71/47 373/72/48 451/73/49
f 451/73/49 373/72/48 409/74/50 434/75/50
f 361/76/51 357/77/52 376/78/53 380/79/54
f 356/80/55 355/81/56 359/82/57 360/83/58
f 358/65/201 496/64/40 498/84/59 362/85/60
f 368/86/61 455/87/62 364/88/63
f 438/60/38 400/63/38 399/89/64 439/90/64
f 355/81/56 354/57/35 358/65/201 359/82/57
f 500/91/65 369/92/27 375/93/66 503/94/67
f 407/95/68 409/74/69 433/96/70 429/97/71
f 439/90/64 399/89/64 395/98/225 440/99/225
f 445/100/73 452/101/74 443/102/75 444/103/76
f 395/98/77 399/89/78 413/104/79 408/105/80
f 359/82/57 358/65/201 362/85/60 363/106/81
f 512/107/82 413/108/79 417/67/43 515/66/42
f 494/109/83 357/110/52 361/111/51 497/112/84
f 360/83/58 359/82/57 363/106/81 364/113/63
f 362/85/60 498/84/59 501/114/85 366/115/86
f 394/116/87 392/53/88 393/52/89 401/117/90
f 452/101/74 445/100/73 446/118/91 447/119/92
f 398/120/93 455/87/62 391/121/94
f 443/102/75 452/101/74 441/51/95 442/54/96
f 365/48/28 361/76/51 380/79/54 381/49/29
f 503/94/67 375/93/66 382/122/97 504/123/98
f 442/54/32 392/53/32 390/124/99 443/102/99
f 390/124/100 392/53/88 394/116/87 389/125/101
f 363/106/81 362/85/60 366/115/86 367/126/102
f 510/127/103 408/128/80 413/108/79 512/107/82
f 444/103/104 388/129/104 387/130/105 445/100/105
f 353/131/106 349/132/107 373/72/108 374/71/109
f 364/113/63 363/106/81 367/126/102 368/133/61
f 366/115/86 501/114/85 502/134/110 370/135/111
f 426/136/112 521/137/113 522/58/36 430/46/26
f 449/138/226 452/101/74 447/119/92 448/139/115
f 497/112/84 361/111/51 365/140/28 499/141/116
f 393/52/89 395/98/77 408/105/80 401/117/90
f 445/100/105 387/130/105 383/50/117 446/118/117
f 451/73/227 452/101/74 449/138/226 450/70/119
f 367/126/102 366/115/86 370/135/111 371/142/120
f 508/143/121 401/144/90 408/128/80 510/127/103
f 400/63/122 402/62/123 421/145/44 417/146/43
f 368/133/61 367/126/102 371/142/120 372/147/124
f 370/135/111 502/134/110 505/148/125 377/149/126
f 437/61/127 452/101/74 435/150/128 436/151/129
f 447/119/130 381/49/130 380/79/131 448/139/131
f 357/77/52 353/131/106 374/71/109 376/78/53
f 499/141/116 365/140/28 369/92/27 500/91/65
f 448/139/131 380/79/131 376/78/132 449/138/132
f 371/142/120 370/135/111 377/149/126 378/152/133
f 476/1/134 475/2/135 461/3/135 460/4/134
f 449/138/132 376/78/132 374/71/47 450/70/46
f 372/147/124 371/142/120 378/152/133 379/153/136
f 452/101/74 439/90/137 440/99/138 441/51/95
f 440/99/225 395/98/225 393/52/31 441/51/31
f 360/154/58 455/87/62 356/155/55
f 504/123/98 382/122/97 389/156/101 506/157/139
f 469/5/140 468/6/141 487/7/141 486/8/140
f 446/118/117 383/50/117 381/49/130 447/119/130
f 379/153/136 378/152/133 385/158/142 386/159/143
f 468/6/141 467/9/144 488/10/144 487/7/141
f 402/62/123 406/160/145 425/161/228 421/145/44
f 473/11/147 471/12/148 484/13/148 472/14/147
f 377/149/126 505/148/125 507/162/149 384/163/150
f 412/164/151 455/87/62 405/165/152
f 471/12/148 470/15/153 485/16/153 484/13/148
f 466/17/154 465/18/155 464/19/155 489/20/154
f 416/166/156 455/87/62 412/164/151
f 378/152/133 377/149/126 384/163/150 385/158/142
f 397/167/157 396/168/158 403/169/159 404/170/160
f 467/9/144 466/17/154 489/20/154 488/10/144
f 405/165/152 455/87/62 398/120/93
f 443/102/99 390/124/99 388/129/104 444/103/104
f 420/171/161 455/87/62 416/166/156
f 479/21/162 478/22/163 458/23/163 457/24/162
f 520/172/164 429/173/71 433/174/70 523/175/165
f 382/176/97 375/177/66 387/130/166 388/129/167
f 398/178/93 397/167/157 404/170/160 405/179/152
f 404/170/160 403/169/159 410/180/168 411/181/169
f 481/25/170 480/26/171 454/27/171 453/28/170
f 427/182/172 426/136/112 430/46/26 431/45/224
f 396/168/158 509/183/229 511/184/174 403/169/159
f 424/185/175 455/87/62 420/171/161
f 475/2/135 474/29/15 462/30/15 461/3/135
f 405/179/152 404/170/160 411/181/169 412/186/151
f 411/181/169 410/180/168 414/187/176 415/188/177
f 432/189/178 455/87/62 428/190/179
f 403/169/159 511/184/174 513/191/180 410/180/168
f 518/192/181 425/193/228 429/173/71 520/172/164
f 482/31/182 481/25/170 453/28/170 456/32/182
f 412/186/151 411/181/169 415/188/177 416/194/156
f 428/190/179 455/87/62 424/185/175
f 389/125/101 382/176/97 388/129/167 390/124/100
f 410/180/168 513/191/180 514/195/183 414/187/176
f 465/18/155 483/33/17 463/34/17 464/19/155
f 418/196/184 516/197/185 519/198/186 422/199/230
f 416/194/156 415/188/177 419/200/188 420/201/161
f 415/188/177 414/187/176 418/196/184 419/200/188
f 422/199/230 519/198/186 521/137/113 426/136/112
f 517/69/45 421/68/44 425/193/228 518/192/181
f 414/187/176 514/195/183 516/197/185 418/196/184
f 478/22/163 477/35/189 459/36/189 458/23/163
f 420/201/161 419/200/188 423/202/190 424/203/175
f 419/200/188 418/196/184 422/199/230 423/202/190
f 470/15/153 469/37/140 486/38/140 485/16/153
f 424/203/175 423/202/190 427/182/172 428/204/179
f 480/26/171 479/21/162 457/24/162 454/27/171
f 477/35/189 476/1/134 460/4/134 459/36/189
f 428/204/179 427/182/172 431/45/224 432/205/178
f 455/87/62 432/189/178 348/206/23
f 474/29/15 473/11/147 472/14/147 462/30/15
f 423/202/190 422/199/230 426/136/112 427/182/172
f 483/33/17 482/31/182 456/32/182 463/34/17
f 491/207/191 349/208/107 353/209/106 492/210/192
f 352/211/24 455/87/62 348/206/23
f 435/150/128 452/101/74 451/73/227 434/75/193
f 386/212/143 455/87/62 379/213/136
f 406/160/145 407/95/68 429/97/71 425/161/228
f 399/89/78 400/63/122 417/146/43 413/104/79
f 379/213/136 455/87/62 372/214/124
f 391/121/94 455/87/62 386/212/143
f 372/214/124 455/87/62 368/86/61
f 375/177/66 369/47/27 383/50/30 387/130/166
f 434/75/50 409/74/50 407/95/231 435/150/231
f 352/44/24 351/42/22 355/81/56 356/80/55
f 435/150/231 407/95/231 406/160/195 436/151/195
f 492/210/192 353/209/106 357/110/52 494/109/83
f 349/132/107 433/96/70 409/74/69 373/72/108
f 431/45/224 347/39/19 348/43/23 432/205/178
f 436/151/195 406/160/195 402/62/39 437/61/39
f 356/155/55 455/87/62 352/211/24
f 351/42/22 350/41/21 354/57/35 355/81/56
f 433/174/70 349/208/107 491/207/191 523/175/165
f 364/88/63 455/87/62 360/154/58
f 452/101/74 437/61/127 438/60/196 439/90/137
f 491/207/191 492/210/192 493/55/33 490/59/37
f 499/141/116 500/91/65 501/114/85 498/84/59
f 492/210/192 494/109/83 495/56/34 493/55/33
f 497/112/84 499/141/116 498/84/59 496/64/40
f 494/109/83 497/112/84 496/64/40 495/56/34
f 523/175/165 491/207/191 490/59/37 522/58/36
f 503/94/67 504/123/98 505/148/125 502/134/110
f 504/123/98 506/157/139 507/162/149 505/148/125
f 500/91/65 503/94/67 502/134/110 501/114/85
f 517/69/45 518/192/181 519/198/186 516/197/185
f 518/192/181 520/172/164 521/137/113 519/198/186
f 515/66/42 517/69/45 516/197/185 514/195/183
f 508/143/121 510/127/103 511/184/174 509/183/229
f 510/127/103 512/107/82 513/191/180 511/184/174
f 520/172/164 523/175/165 522/58/36 521/137/113
f 512/107/82 515/66/42 514/195/183 513/191/180
f 346/40/223 490/59/37 493/55/33 350/41/21
f 525/215/197 385/216/142 384/217/150 524/218/198
f 391/219/94 386/220/143 385/216/142 525/215/197
f 397/221/157 525/215/197 524/218/198 396/222/158
f 509/223/229 396/222/158 524/218/198 526/224/199
f 527/225/200 506/226/139 389/227/101 394/228/87
f 397/221/157 398/229/93 391/219/94 525/215/197
f 401/230/90 508/231/121 527/225/200 394/228/87
f 527/225/200 526/224/199 507/232/149 506/226/139
f 508/231/121 509/223/229 526/224/199 527/225/200
f 524/218/198 384/217/150 507/232/149 526/224/199
f 529/39/19 528/40/223 532/41/21 533/42/22
f 530/43/23 529/39/19 533/42/22 534/44/24
f 595/45/25 594/46/26 528/40/223 529/39/19
f 532/41/21 602/55/33 604/56/34 536/57/35
f 631/58/36 599/59/37 528/40/223 594/46/26
f 536/57/35 604/56/34 605/64/40 540/65/201
f 624/66/42 581/67/202 585/68/203 626/69/45
f 538/80/55 537/81/56 541/82/57 542/83/58
f 540/65/201 605/64/40 607/84/59 544/85/60
f 550/86/61 598/87/62 546/88/63
f 537/81/56 536/57/35 540/65/201 541/82/57
f 609/91/65 551/92/204 555/93/205 612/94/67
f 541/82/57 540/65/201 544/85/60 545/106/81
f 621/107/82 577/108/206 581/67/202 624/66/42
f 603/109/83 539/110/208 543/111/209 606/112/84
f 542/83/58 541/82/57 545/106/81 546/113/63
f 544/85/60 607/84/59 610/114/85 548/115/86
f 568/120/93 598/87/62 564/121/94
f 612/94/67 555/93/205 559/122/211 613/123/98
f 545/106/81 544/85/60 548/115/86 549/126/102
f 619/127/103 573/128/212 577/108/206 621/107/82
f 546/113/63 545/106/81 549/126/102 550/133/61
f 548/115/86 610/114/85 611/134/110 552/135/111
f 590/136/112 630/137/113 631/58/36 594/46/26
f 606/112/84 543/111/209 547/140/213 608/141/116
f 549/126/102 548/115/86 552/135/111 553/142/120
f 617/143/121 569/144/214 573/128/212 619/127/103
f 550/133/61 549/126/102 553/142/120 554/147/124
f 552/135/111 611/134/110 614/148/125 556/149/232
f 608/141/116 547/140/213 551/92/204 609/91/65
f 553/142/120 552/135/111 556/149/232 557/152/133
f 554/147/124 553/142/120 557/152/133 558/153/136
f 542/154/58 598/87/62 538/155/55
f 613/123/98 559/122/211 563/156/215 615/157/139
f 558/153/136 557/152/133 561/158/142 562/159/143
f 556/149/232 614/148/125 616/162/149 560/163/150
f 576/164/151 598/87/62 572/165/152
f 580/166/156 598/87/62 576/164/151
f 557/152/133 556/149/232 560/163/150 561/158/142
f 567/167/157 566/168/158 570/169/216 571/170/160
f 572/165/152 598/87/62 568/120/93
f 584/171/161 598/87/62 580/166/156
f 629/172/164 593/173/217 597/174/218 632/175/165
f 568/178/93 567/167/157 571/170/160 572/179/152
f 571/170/160 570/169/216 574/180/168 575/181/169
f 591/182/233 590/136/112 594/46/26 595/45/25
f 566/168/158 618/183/229 620/184/174 570/169/216
f 588/185/175 598/87/62 584/171/161
f 572/179/152 571/170/160 575/181/169 576/186/151
f 575/181/169 574/180/168 578/187/234 579/188/177
f 596/189/178 598/87/62 592/190/179
f 570/169/216 620/184/174 622/191/180 574/180/168
f 627/192/181 589/193/219 593/173/217 629/172/164
f 576/186/151 575/181/169 579/188/177 580/194/156
f 592/190/179 598/87/62 588/185/175
f 574/180/168 622/191/180 623/195/183 578/187/234
f 582/196/184 625/197/185 628/198/186 586/199/187
f 580/194/156 579/188/177 583/200/188 584/201/161
f 579/188/177 578/187/234 582/196/184 583/200/188
f 586/199/187 628/198/186 630/137/113 590/136/112
f 626/69/45 585/68/203 589/193/219 627/192/181
f 578/187/234 623/195/183 625/197/185 582/196/184
f 584/201/161 583/200/188 587/202/190 588/203/175
f 583/200/188 582/196/184 586/199/187 587/202/190
f 588/203/175 587/202/190 591/182/233 592/204/179
f 592/204/179 591/182/233 595/45/25 596/205/178
f 598/87/62 596/189/178 530/206/23
f 587/202/190 586/199/187 590/136/112 591/182/233
f 600/207/191 531/208/220 535/209/221 601/210/192
f 534/211/24 598/87/62 530/206/23
f 562/212/143 598/87/62 558/213/136
f 558/213/136 598/87/62 554/214/124
f 564/121/94 598/87/62 562/212/143
f 554/214/124 598/87/62 550/86/61
f 534/44/24 533/42/22 537/81/56 538/80/55
f 601/210/192 535/209/221 539/110/208 603/109/83
f 595/45/25 529/39/19 530/43/23 596/205/178
f 538/155/55 598/87/62 534/211/24
f 533/42/22 532/41/21 536/57/35 537/81/56
f 597/174/218 531/208/220 600/207/191 632/175/165
f 546/88/63 598/87/62 542/154/58
f 600/207/191 601/210/192 602/55/33 599/59/37
f 608/141/116 609/91/65 610/114/85 607/84/59
f 601/210/192 603/109/83 604/56/34 602/55/33
f 606/112/84 608/141/116 607/84/59 605/64/40
f 603/109/83 606/112/84 605/64/40 604/56/34
f 632/175/165 600/207/191 599/59/37 631/58/36
f 612/94/67 613/123/98 614/148/125 611/134/110
f 613/123/98 615/157/139 616/162/149 614/148/125
f 609/91/65 612/94/67 611/134/110 610/114/85
f 626/69/45 627/192/181 628/198/186 625/197/185
f 627/192/181 629/172/164 630/137/113 628/198/186
f 624/66/42 626/69/45 625/197/185 623/195/183
f 617/143/121 619/127/103 620/184/174 618/183/229
f 619/127/103 621/107/82 622/191/180 620/184/174
f 629/172/164 632/175/165 631/58/36 630/137/113
f 621/107/82 624/66/42 623/195/183 622/191/180
f 528/40/223 599/59/37 602/55/33 532/41/21
f 634/215/197 561/216/142 560/217/150 633/218/198
f 564/219/94 562/220/143 561/216/142 634/215/197
f 567/221/157 634/215/197 633/218/198 566/222/158
f 618/223/229 566/222/158 633/218/198 635/224/199
f 636/225/200 615/226/139 563/227/215 565/228/222
f 567/221/157 568/229/93 564/219/94 634/215/197
f 569/230/214 617/231/121 636/225/200 565/228/222
f 636/225/200 635/224/199 616/232/149 615/226/139
f 617/231/121 618/223/229 635/224/199 636/225/200
f 633/218/198 560/217/150 616/232/149 635/224/199
f 638/39/235 642/42/236 641/41/237 637/40/238
f 639/43/239 643/44/240 642/42/236 638/39/235
f 722/45/241 638/39/235 637/40/238 721/46/242
f 660/47/243 674/50/244 672/49/245 656/48/246
f 732/51/247 733/54/248 683/53/248 684/52/247
f 641/41/237 645/57/249 768/56/250 766/55/251
f 795/58/252 721/46/242 637/40/238 763/59/253
f 729/60/254 691/63/254 693/62/255 728/61/255
f 645/57/249 649/65/256 769/64/257 768/56/250
f 788/66/258 790/69/259 712/68/260 708/67/261
f 741/70/262 742/73/263 664/72/264 665/71/265
f 742/73/263 725/75/266 700/74/266 664/72/264
f 652/76/267 671/79/268 667/78/269 648/77/270
f 647/80/271 651/83/272 650/82/273 646/81/274
f 649/65/256 653/85/275 771/84/276 769/64/257
f 659/86/277 655/88/278 744/87/74
f 729/60/254 730/90/279 690/89/279 691/63/254
f 646/81/274 650/82/273 649/65/256 645/57/249
f 773/91/280 776/94/281 666/93/282 660/92/243
f 698/95/283 720/97/284 724/96/285 700/74/286
f 730/90/279 731/99/287 686/98/287 690/89/279
f 736/100/288 735/103/289 734/102/290 743/101/62
f 686/98/291 699/105/292 704/104/293 690/89/294
f 650/82/273 654/106/295 653/85/275 649/65/256
f 785/107/296 788/66/258 708/67/261 704/108/293
f 767/109/297 770/112/298 652/111/267 648/110/270
f 651/83/272 655/113/278 654/106/295 650/82/273
f 653/85/275 657/115/299 774/114/300 771/84/276
f 685/116/301 692/117/302 684/52/303 683/53/304
f 743/101/62 738/119/305 737/118/306 736/100/288
f 689/120/307 682/121/308 744/87/74
f 734/102/290 733/54/309 732/51/310 743/101/62
f 656/48/246 672/49/245 671/79/268 652/76/267
f 776/94/281 777/123/311 673/122/312 666/93/282
f 733/54/248 734/102/313 681/124/313 683/53/248
f 681/124/314 680/125/315 685/116/301 683/53/304
f 654/106/295 658/126/316 657/115/299 653/85/275
f 783/127/317 785/107/296 704/108/293 699/128/292
f 735/103/318 736/100/319 678/130/319 679/129/318
f 644/131/320 665/71/321 664/72/322 640/132/323
f 655/113/278 659/133/277 658/126/316 654/106/295
f 657/115/299 661/135/324 775/134/325 774/114/300
f 717/136/326 721/46/242 795/58/252 794/137/327
f 740/138/328 739/139/329 738/119/305 743/101/62
f 770/112/298 772/141/330 656/140/246 652/111/267
f 684/52/303 692/117/302 699/105/292 686/98/291
f 736/100/319 737/118/331 674/50/331 678/130/319
f 742/73/332 741/70/333 740/138/328 743/101/62
f 658/126/316 662/142/334 661/135/324 657/115/299
f 781/143/335 783/127/317 699/128/292 692/144/302
f 691/63/336 708/146/261 712/145/260 693/62/337
f 659/133/277 663/147/338 662/142/334 658/126/316
f 661/135/324 668/149/339 778/148/340 775/134/325
f 728/61/341 727/151/342 726/150/343 743/101/62
f 738/119/344 739/139/345 671/79/345 672/49/344
f 648/77/270 667/78/269 665/71/321 644/131/320
f 772/141/330 773/91/280 660/92/243 656/140/246
f 739/139/345 740/138/346 667/78/347 671/79/345
f 662/142/334 669/152/348 668/149/339 661/135/324
f 755/1/134 169/4/134 170/3/135 754/2/135
f 740/138/346 741/70/262 665/71/265 667/78/347
f 663/147/338 670/153/349 669/152/348 662/142/334
f 743/101/62 732/51/310 731/99/350 730/90/351
f 731/99/287 732/51/247 684/52/247 686/98/287
f 651/154/272 647/155/271 744/87/74
f 777/123/311 779/157/352 680/156/315 673/122/312
f 749/5/140 195/8/140 196/7/141 748/6/141
f 737/118/331 738/119/344 672/49/344 674/50/331
f 670/153/349 677/159/353 676/158/354 669/152/348
f 748/6/141 196/7/141 197/10/144 747/9/144
f 693/62/337 712/145/260 716/161/355 697/160/356
f 752/11/147 181/14/147 193/13/148 751/12/148
f 668/149/339 675/163/357 780/162/358 778/148/340
f 703/164/359 696/165/360 744/87/74
f 751/12/148 193/13/148 194/16/153 750/15/153
f 746/17/154 198/20/154 173/19/155 745/18/155
f 707/166/361 703/164/359 744/87/74
f 669/152/348 676/158/354 675/163/357 668/149/339
f 688/167/362 695/170/363 694/169/364 687/168/365
f 747/9/144 197/10/144 198/20/154 746/17/154
f 696/165/360 689/120/307 744/87/74
f 734/102/313 735/103/318 679/129/318 681/124/313
f 711/171/366 707/166/361 744/87/74
f 758/21/162 166/24/162 167/23/163 757/22/163
f 793/172/367 796/175/368 724/174/285 720/173/284
f 673/176/312 679/129/369 678/130/370 666/177/282
f 689/178/307 696/179/360 695/170/363 688/167/362
f 695/170/363 702/181/371 701/180/372 694/169/364
f 760/25/170 162/28/170 163/27/171 759/26/171
f 718/182/373 722/45/241 721/46/242 717/136/326
f 687/168/365 694/169/364 784/184/374 782/183/375
f 715/185/376 711/171/366 744/87/74
f 754/2/135 170/3/135 171/30/15 753/29/15
f 696/179/360 703/186/359 702/181/371 695/170/363
f 702/181/371 706/188/377 705/187/378 701/180/372
f 723/189/379 719/190/380 744/87/74
f 694/169/364 701/180/372 786/191/381 784/184/374
f 791/192/382 793/172/367 720/173/284 716/193/355
f 761/31/182 165/32/182 162/28/170 760/25/170
f 703/186/359 707/194/361 706/188/377 702/181/371
f 719/190/380 715/185/376 744/87/74
f 680/125/315 681/124/314 679/129/369 673/176/312
f 701/180/372 705/187/378 787/195/383 786/191/381
f 745/18/155 173/19/155 172/34/17 762/33/17
f 709/196/384 713/199/385 792/198/386 789/197/387
f 707/194/361 711/201/366 710/200/388 706/188/377
f 706/188/377 710/200/388 709/196/384 705/187/378
f 713/199/385 717/136/326 794/137/327 792/198/386
f 790/69/259 791/192/382 716/193/355 712/68/260
f 705/187/378 709/196/384 789/197/387 787/195/383
f 757/22/163 167/23/163 168/36/189 756/35/189
f 711/201/366 715/203/376 714/202/389 710/200/388
f 710/200/388 714/202/389 713/199/385 709/196/384
f 750/15/153 194/16/153 195/38/140 749/37/140
f 715/203/376 719/204/380 718/182/373 714/202/389
f 759/26/171 163/27/171 166/24/162 758/21/162
f 756/35/189 168/36/189 169/4/134 755/1/134
f 719/204/380 723/205/379 722/45/241 718/182/373
f 744/87/74 639/206/239 723/189/379
f 753/29/15 171/30/15 181/14/147 752/11/147
f 714/202/389 718/182/373 717/136/326 713/199/385
f 762/33/17 172/34/17 165/32/182 761/31/182
f 764/207/390 765/210/391 644/209/320 640/208/323
f 643/211/240 639/206/239 744/87/74
f 726/150/343 725/75/392 742/73/332 743/101/62
f 677/212/353 670/213/349 744/87/74
f 697/160/356 716/161/355 720/97/284 698/95/283
f 690/89/294 704/104/293 708/146/261 691/63/336
f 670/213/349 663/214/338 744/87/74
f 682/121/308 677/212/353 744/87/74
f 663/214/338 659/86/277 744/87/74
f 666/177/282 678/130/370 674/50/244 660/47/243
f 725/75/266 726/150/393 698/95/394 700/74/266
f 643/44/240 647/80/271 646/81/274 642/42/236
f 726/150/393 727/151/395 697/160/395 698/95/394
f 765/210/391 767/109/297 648/110/270 644/209/320
f 640/132/323 664/72/322 700/74/286 724/96/285
f 722/45/241 723/205/379 639/43/239 638/39/235
f 727/151/395 728/61/255 693/62/255 697/160/395
f 647/155/271 643/211/240 744/87/74
f 642/42/236 646/81/274 645/57/249 641/41/237
f 724/174/285 796/175/368 764/207/390 640/208/323
f 655/88/278 651/154/272 744/87/74
f 743/101/62 730/90/351 729/60/396 728/61/341
f 764/207/390 763/59/253 766/55/251 765/210/391
f 772/141/330 771/84/276 774/114/300 773/91/280
f 765/210/391 766/55/251 768/56/250 767/109/297
f 770/112/298 769/64/257 771/84/276 772/141/330
f 767/109/297 768/56/250 769/64/257 770/112/298
f 796/175/368 795/58/252 763/59/253 764/207/390
f 776/94/281 775/134/325 778/148/340 777/123/311
f 777/123/311 778/148/340 780/162/358 779/157/352
f 773/91/280 774/114/300 775/134/325 776/94/281
f 790/69/259 789/197/387 792/198/386 791/192/382
f 791/192/382 792/198/386 794/137/327 793/172/367
f 788/66/258 787/195/383 789/197/387 790/69/259
f 781/143/335 782/183/375 784/184/374 783/127/317
f 783/127/317 784/184/374 786/191/381 785/107/296
f 793/172/367 794/137/327 795/58/252 796/175/368
f 785/107/296 786/191/381 787/195/383 788/66/258
f 637/40/238 641/41/237 766/55/251 763/59/253
f 798/215/397 797/218/398 675/217/357 676/216/354
f 682/219/308 798/215/397 676/216/354 677/220/353
f 688/221/362 687/222/365 797/218/398 798/215/397
f 782/223/375 799/224/399 797/218/398 687/222/365
f 800/225/400 685/228/301 680/227/315 779/226/352
f 688/221/362 798/215/397 682/219/308 689/229/307
f 692/230/302 685/228/301 800/225/400 781/231/335
f 800/225/400 779/226/352 780/232/358 799/224/399
f 781/231/335 800/225/400 799/224/399 782/223/375
f 797/218/398 799/224/399 780/232/358 675/217/357
f 802/39/235 806/42/236 805/41/237 801/40/238
f 803/43/239 807/44/240 806/42/236 802/39/235
f 868/45/241 802/39/235 801/40/238 867/46/242
f 805/41/237 809/57/401 877/56/250 875/55/251
f 904/58/252 867/46/242 801/40/238 872/59/253
f 809/57/401 813/65/256 878/64/257 877/56/250
f 897/66/258 899/69/259 858/68/402 854/67/403
f 811/80/271 815/83/272 814/82/273 810/81/274
f 813/65/256 817/85/275 880/84/276 878/64/257
f 823/86/277 819/88/278 871/87/74
f 810/81/274 814/82/273 813/65/256 809/57/401
f 882/91/280 885/94/281 828/93/404 824/92/405
f 814/82/273 818/106/295 817/85/275 813/65/256
f 894/107/296 897/66/258 854/67/403 850/108/406
f 876/109/297 879/112/298 816/111/407 812/110/408
f 815/83/272 819/113/278 818/106/295 814/82/273
f 817/85/275 821/115/299 883/114/300 880/84/276
f 841/120/307 837/121/308 871/87/74
f 885/94/281 886/123/311 832/122/409 828/93/404
f 818/106/295 822/126/316 821/115/299 817/85/275
f 892/127/317 894/107/296 850/108/406 846/128/410
f 819/113/278 823/133/277 822/126/316 818/106/295
f 821/115/299 825/135/411 884/134/325 883/114/300
f 863/136/412 867/46/242 904/58/252 903/137/327
f 879/112/298 881/141/330 820/140/413 816/111/407
f 822/126/316 826/142/414 825/135/411 821/115/299
f 890/143/335 892/127/317 846/128/410 842/144/415
f 823/133/277 827/147/338 826/142/414 822/126/316
f 825/135/411 829/149/339 887/148/340 884/134/325
f 881/141/330 882/91/280 824/92/405 820/140/413
f 826/142/414 830/152/348 829/149/339 825/135/411
f 827/147/338 831/153/349 830/152/348 826/142/414
f 815/154/272 811/155/271 871/87/74
f 886/123/311 888/157/352 836/156/416 832/122/409
f 831/153/349 835/159/353 834/158/354 830/152/348
f 829/149/339 833/163/357 889/162/358 887/148/340
f 849/164/359 845/165/360 871/87/74
f 853/166/361 849/164/359 871/87/74
f 830/152/348 834/158/354 833/163/357 829/149/339
f 840/167/362 844/170/417 843/169/364 839/168/365
f 845/165/360 841/120/307 871/87/74
f 857/171/366 853/166/361 871/87/74
f 902/172/367 905/175/368 870/174/418 866/173/419
f 841/178/307 845/179/360 844/170/417 840/167/362
f 844/170/417 848/181/371 847/180/420 843/169/364
f 864/182/373 868/45/241 867/46/242 863/136/412
f 839/168/365 843/169/364 893/184/374 891/183/375
f 861/185/376 857/171/366 871/87/74
f 845/179/360 849/186/359 848/181/371 844/170/417
f 848/181/371 852/188/377 851/187/378 847/180/420
f 869/189/379 865/190/380 871/87/74
f 843/169/364 847/180/420 895/191/381 893/184/374
f 900/192/382 902/172/367 866/173/419 862/193/421
f 849/186/359 853/194/361 852/188/377 848/181/371
f 865/190/380 861/185/376 871/87/74
f 847/180/420 851/187/378 896/195/383 895/191/381
f 855/196/422 859/199/385 901/198/386 898/197/387
f 853/194/361 857/201/366 856/200/388 852/188/377
f 852/188/377 856/200/388 855/196/422 851/187/378
f 859/199/385 863/136/412 903/137/327 901/198/386
f 899/69/259 900/192/382 862/193/421 858/68/402
f 851/187/378 855/196/422 898/197/387 896/195/383
f 857/201/366 861/203/376 860/202/389 856/200/388
f 856/200/388 860/202/389 859/199/385 855/196/422
f 861/203/376 865/204/380 864/182/373 860/202/389
f 865/204/380 869/205/379 868/45/241 864/182/373
f 871/87/74 803/206/239 869/189/379
f 860/202/389 864/182/373 863/136/412 859/199/385
f 873/207/390 874/210/391 808/209/423 804/208/424
f 807/211/240 803/206/239 871/87/74
f 835/212/353 831/213/349 871/87/74
f 831/213/349 827/214/338 871/87/74
f 837/121/308 835/212/353 871/87/74
f 827/214/338 823/86/277 871/87/74
f 807/44/240 811/80/271 810/81/274 806/42/236
f 874/210/391 876/109/297 812/110/408 808/209/423
f 868/45/241 869/205/379 803/43/239 802/39/235
f 811/155/271 807/211/240 871/87/74
f 806/42/236 810/81/274 809/57/401 805/41/237
f 870/174/418 905/175/368 873/207/390 804/208/424
f 819/88/278 815/154/272 871/87/74
f 873/207/390 872/59/253 875/55/251 874/210/391
f 881/141/330 880/84/276 883/114/300 882/91/280
f 874/210/391 875/55/251 877/56/250 876/109/297
f 879/112/298 878/64/257 880/84/276 881/141/330
f 876/109/297 877/56/250 878/64/257 879/112/298
f 905/175/368 904/58/252 872/59/253 873/207/390
f 885/94/281 884/134/325 887/148/340 886/123/311
f 886/123/311 887/148/340 889/162/358 888/157/352
f 882/91/280 883/114/300 884/134/325 885/94/281
f 899/69/259 898/197/387 901/198/386 900/192/382
f 900/192/382 901/198/386 903/137/327 902/172/367
f 897/66/258 896/195/383 898/197/387 899/69/259
f 890/143/335 891/183/375 893/184/374 892/127/317
f 892/127/317 893/184/374 895/191/381 894/107/296
f 902/172/367 903/137/327 904/58/252 905/175/368
f 894/107/296 895/191/381 896/195/383 897/66/258
f 801/40/238 805/41/237 875/55/251 872/59/253
f 907/215/397 906/218/398 833/217/357 834/216/354
f 837/219/308 907/215/397 834/216/354 835/220/353
f 840/221/362 839/222/365 906/218/398 907/215/397
f 891/223/375 908/224/399 906/218/398 839/222/365
f 909/225/400 838/228/425 836/227/416 888/226/352
f 840/221/362 907/215/397 837/219/308 841/229/307
f 842/230/415 838/228/425 909/225/400 890/231/335
f 909/225/400 888/226/352 889/232/358 908/224/399
f 890/231/335 909/225/400 908/224/399 891/223/375
f 906/218/398 908/224/399 889/232/358 833/217/357
f 911/39/235 915/42/236 914/41/237 910/40/238
f 912/43/239 916/44/240 915/42/236 911/39/235
f 995/45/426 911/39/235 910/40/238 994/46/242
f 933/47/243 947/50/244 945/49/245 929/48/246
f 1005/51/247 1006/54/427 956/53/427 957/52/247
f 914/41/237 918/57/401 1041/56/250 1039/55/251
f 1068/58/252 994/46/242 910/40/238 1036/59/253
f 1002/60/254 964/63/254 966/62/255 1001/61/255
f 918/57/401 922/65/256 1042/64/257 1041/56/250
f 1061/66/258 1063/69/259 985/68/428 981/67/429
f 1014/70/262 1015/73/430 937/72/264 938/71/265
f 1015/73/430 998/75/266 973/74/266 937/72/264
f 925/76/267 944/79/268 940/78/269 921/77/270
f 920/80/271 924/83/272 923/82/273 919/81/274
f 922/65/256 926/85/431 1044/84/276 1042/64/257
f 932/86/277 928/88/278 1017/87/74
f 1002/60/254 1003/90/279 963/89/279 964/63/254
f 919/81/274 923/82/273 922/65/256 918/57/401
f 1046/91/280 1049/94/281 939/93/282 933/92/243
f 971/95/283 993/97/284 997/96/285 973/74/286
f 1003/90/279 1004/99/287 959/98/287 963/89/279
f 1009/100/288 1008/103/289 1007/102/290 1016/101/62
f 959/98/291 972/105/292 977/104/293 963/89/294
f 923/82/273 927/106/295 926/85/431 922/65/256
f 1058/107/296 1061/66/258 981/67/429 977/108/293
f 1040/109/297 1043/112/298 925/111/267 921/110/270
f 924/83/272 928/113/278 927/106/295 923/82/273
f 926/85/431 930/115/299 1047/114/300 1044/84/276
f 958/116/301 965/117/302 957/52/303 956/53/304
f 1016/101/62 1011/119/305 1010/118/306 1009/100/288
f 962/120/307 955/121/308 1017/87/74
f 1007/102/290 1006/54/309 1005/51/310 1016/101/62
f 929/48/246 945/49/245 944/79/268 925/76/267
f 1049/94/281 1050/123/311 946/122/312 939/93/282
f 1006/54/427 1007/102/313 954/124/313 956/53/427
f 954/124/314 953/125/432 958/116/301 956/53/304
f 927/106/295 931/126/316 930/115/299 926/85/431
f 1056/127/317 1058/107/296 977/108/293 972/128/292
f 1008/103/318 1009/100/319 951/130/319 952/129/318
f 917/131/320 938/71/321 937/72/322 913/132/323
f 928/113/278 932/133/277 931/126/316 927/106/295
f 930/115/299 934/135/411 1048/134/325 1047/114/300
f 990/136/326 994/46/242 1068/58/252 1067/137/327
f 1013/138/433 1012/139/329 1011/119/305 1016/101/62
f 1043/112/298 1045/141/330 929/140/246 925/111/267
f 957/52/303 965/117/302 972/105/292 959/98/291
f 1009/100/319 1010/118/331 947/50/331 951/130/319
f 1015/73/434 1014/70/333 1013/138/433 1016/101/62
f 931/126/316 935/142/414 934/135/411 930/115/299
f 1054/143/335 1056/127/317 972/128/292 965/144/302
f 964/63/336 981/146/429 985/145/428 966/62/337
f 932/133/277 936/147/338 935/142/414 931/126/316
f 934/135/411 941/149/339 1051/148/340 1048/134/325
f 1001/61/341 1000/151/342 999/150/343 1016/101/62
f 1011/119/344 1012/139/345 944/79/345 945/49/344
f 921/77/270 940/78/269 938/71/321 917/131/320
f 1045/141/330 1046/91/280 933/92/243 929/140/246
f 1012/139/345 1013/138/435 940/78/347 944/79/345
f 935/142/414 942/152/348 941/149/339 934/135/411
f 1028/1/134 460/4/134 461/3/135 1027/2/135
f 1013/138/435 1014/70/262 938/71/265 940/78/347
f 936/147/338 943/153/349 942/152/348 935/142/414
f 1016/101/62 1005/51/310 1004/99/350 1003/90/351
f 1004/99/287 1005/51/247 957/52/247 959/98/287
f 924/154/272 920/155/271 1017/87/74
f 1050/123/311 1052/157/352 953/156/432 946/122/312
f 1022/5/140 486/8/140 487/7/141 1021/6/141
f 1010/118/331 1011/119/344 945/49/344 947/50/331
f 943/153/349 950/159/353 949/158/354 942/152/348
f 1021/6/141 487/7/141 488/10/144 1020/9/144
f 966/62/337 985/145/428 989/161/436 970/160/356
f 1025/11/147 472/14/147 484/13/148 1024/12/148
f 941/149/339 948/163/357 1053/162/358 1051/148/340
f 976/164/359 969/165/360 1017/87/74
f 1024/12/148 484/13/148 485/16/153 1023/15/153
f 1019/17/154 489/20/154 464/19/155 1018/18/155
f 980/166/361 976/164/359 1017/87/74
f 942/152/348 949/158/354 948/163/357 941/149/339
f 961/167/362 968/170/363 967/169/364 960/168/365
f 1020/9/144 488/10/144 489/20/154 1019/17/154
f 969/165/360 962/120/307 1017/87/74
f 1007/102/313 1008/103/318 952/129/318 954/124/313
f 984/171/366 980/166/361 1017/87/74
f 1031/21/162 457/24/162 458/23/163 1030/22/163
f 1066/172/367 1069/175/368 997/174/285 993/173/284
f 946/176/312 952/129/369 951/130/370 939/177/282
f 962/178/307 969/179/360 968/170/363 961/167/362
f 968/170/363 975/181/371 974/180/372 967/169/364
f 1033/25/170 453/28/170 454/27/171 1032/26/171
f 991/182/373 995/45/426 994/46/242 990/136/326
f 960/168/365 967/169/364 1057/184/374 1055/183/437
f 988/185/376 984/171/366 1017/87/74
f 1027/2/135 461/3/135 462/30/15 1026/29/15
f 969/179/360 976/186/359 975/181/371 968/170/363
f 975/181/371 979/188/438 978/187/378 974/180/372
f 996/189/379 992/190/380 1017/87/74
f 967/169/364 974/180/372 1059/191/381 1057/184/374
f 1064/192/382 1066/172/367 993/173/284 989/193/436
f 1034/31/182 456/32/182 453/28/170 1033/25/170
f 976/186/359 980/194/361 979/188/438 975/181/371
f 992/190/380 988/185/376 1017/87/74
f 953/125/432 954/124/314 952/129/369 946/176/312
f 974/180/372 978/187/378 1060/195/383 1059/191/381
f 1018/18/155 464/19/155 463/34/17 1035/33/17
f 982/196/384 986/199/385 1065/198/386 1062/197/387
f 980/194/361 984/201/366 983/200/388 979/188/438
f 979/188/438 983/200/388 982/196/384 978/187/378
f 986/199/385 990/136/326 1067/137/327 1065/198/386
f 1063/69/259 1064/192/382 989/193/436 985/68/428
f 978/187/378 982/196/384 1062/197/387 1060/195/383
f 1030/22/163 458/23/163 459/36/189 1029/35/189
f 984/201/366 988/203/376 987/202/389 983/200/388
f 983/200/388 987/202/389 986/199/385 982/196/384
f 1023/15/153 485/16/153 486/38/140 1022/37/140
f 988/203/376 992/204/380 991/182/373 987/202/389
f 1032/26/171 454/27/171 457/24/162 1031/21/162
f 1029/35/189 459/36/189 460/4/134 1028/1/134
f 992/204/380 996/205/379 995/45/426 991/182/373
f 1017/87/74 912/206/239 996/189/379
f 1026/29/15 462/30/15 472/14/147 1025/11/147
f 987/202/389 991/182/373 990/136/326 986/199/385
f 1035/33/17 463/34/17 456/32/182 1034/31/182
f 1037/207/390 1038/210/391 917/209/320 913/208/323
f 916/211/240 912/206/239 1017/87/74
f 999/150/343 998/75/392 1015/73/434 1016/101/62
f 950/212/353 943/213/349 1017/87/74
f 970/160/356 989/161/436 993/97/284 971/95/283
f 963/89/294 977/104/293 981/146/429 964/63/336
f 943/213/349 936/214/338 1017/87/74
f 955/121/308 950/212/353 1017/87/74
f 936/214/338 932/86/277 1017/87/74
f 939/177/282 951/130/370 947/50/244 933/47/243
f 998/75/266 999/150/393 971/95/393 973/74/266
f 916/44/240 920/80/271 919/81/274 915/42/236
f 999/150/393 1000/151/439 970/160/439 971/95/393
f 1038/210/391 1040/109/297 921/110/270 917/209/320
f 913/132/323 937/72/322 973/74/286 997/96/285
f 995/45/426 996/205/379 912/43/239 911/39/235
f 1000/151/439 1001/61/255 966/62/255 970/160/439
f 920/155/271 916/211/240 1017/87/74
f 915/42/236 919/81/274 918/57/401 914/41/237
f 997/174/285 1069/175/368 1037/207/390 913/208/323
f 928/88/278 924/154/272 1017/87/74
f 1016/101/62 1003/90/351 1002/60/396 1001/61/341
f 1037/207/390 1036/59/253 1039/55/251 1038/210/391
f 1045/141/330 1044/84/276 1047/114/300 1046/91/280
f 1038/210/391 1039/55/251 1041/56/250 1040/109/297
f 1043/112/298 1042/64/257 1044/84/276 1045/141/330
f 1040/109/297 1041/56/250 1042/64/257 1043/112/298
f 1069/175/368 1068/58/252 1036/59/253 1037/207/390
f 1049/94/281 1048/134/325 1051/148/340 1050/123/311
f 1050/123/311 1051/148/340 1053/162/358 1052/157/352
f 1046/91/280 1047/114/300 1048/134/325 1049/94/281
f 1063/69/259 1062/197/387 1065/198/386 1064/192/382
f 1064/192/382 1065/198/386 1067/137/327 1066/172/367
f 1061/66/258 1060/195/383 1062/197/387 1063/69/259
f 1054/143/335 1055/183/437 1057/184/374 1056/127/317
f 1056/127/317 1057/184/374 1059/191/381 1058/107/296
f 1066/172/367 1067/137/327 1068/58/252 1069/175/368
f 1058/107/296 1059/191/381 1060/195/383 1061/66/258
f 910/40/238 914/41/237 1039/55/251 1036/59/253
f 1071/215/397 1070/218/398 948/217/357 949/216/354
f 955/219/308 1071/215/397 949/216/354 950/220/353
f 961/221/362 960/222/365 1070/218/398 1071/215/397
f 1055/223/437 1072/224/399 1070/218/398 960/222/365
f 1073/225/400 958/228/301 953/227/432 1052/226/352
f 961/221/362 1071/215/397 955/219/308 962/229/307
f 965/230/302 958/228/301 1073/225/400 1054/231/335
f 1073/225/400 1052/226/352 1053/232/358 1072/224/399
f 1054/231/335 1073/225/400 1072/224/399 1055/223/437
f 1070/218/398 1072/224/399 1053/232/358 948/217/357
f 1075/39/235 1079/42/236 1078/41/237 1074/40/238
f 1076/43/239 1080/44/240 1079/42/236 1075/39/235
f 1141/45/241 1075/39/235 1074/40/238 1140/46/242
f 1078/41/237 1082/57/401 1150/56/250 1148/55/251
f 1177/58/252 1140/46/242 1074/40/238 1145/59/253
f 1082/57/401 1086/65/256 1151/64/257 1150/56/250
f 1170/66/258 1172/69/259 1131/68/402 1127/67/403
f 1084/80/271 1088/83/272 1087/82/273 1083/81/274
f 1086/65/256 1090/85/275 1153/84/276 1151/64/257
f 1096/86/277 1092/88/278 1144/87/74
f 1083/81/274 1087/82/273 1086/65/256 1082/57/401
f 1155/91/280 1158/94/281 1101/93/404 1097/92/405
f 1087/82/273 1091/106/440 1090/85/275 1086/65/256
f 1167/107/296 1170/66/258 1127/67/403 1123/108/406
f 1149/109/297 1152/112/298 1089/111/407 1085/110/408
f 1088/83/272 1092/113/278 1091/106/440 1087/82/273
f 1090/85/275 1094/115/299 1156/114/300 1153/84/276
f 1114/120/307 1110/121/308 1144/87/74
f 1158/94/281 1159/123/311 1105/122/409 1101/93/404
f 1091/106/440 1095/126/316 1094/115/299 1090/85/275
f 1165/127/317 1167/107/296 1123/108/406 1119/128/410
f 1092/113/278 1096/133/277 1095/126/316 1091/106/440
f 1094/115/299 1098/135/411 1157/134/325 1156/114/300
f 1136/136/412 1140/46/242 1177/58/252 1176/137/327
f 1152/112/298 1154/141/330 1093/140/413 1089/111/407
f 1095/126/316 1099/142/414 1098/135/411 1094/115/299
f 1163/143/335 1165/127/317 1119/128/410 1115/144/415
f 1096/133/277 1100/147/338 1099/142/414 1095/126/316
f 1098/135/411 1102/149/339 1160/148/340 1157/134/325
f 1154/141/330 1155/91/280 1097/92/405 1093/140/413
f 1099/142/414 1103/152/348 1102/149/339 1098/135/411
f 1100/147/338 1104/153/349 1103/152/348 1099/142/414
f 1088/154/272 1084/155/271 1144/87/74
f 1159/123/311 1161/157/352 1109/156/416 1105/122/409
f 1104/153/349 1108/159/353 1107/158/354 1103/152/348
f 1102/149/339 1106/163/357 1162/162/358 1160/148/340
f 1122/164/359 1118/165/360 1144/87/74
f 1126/166/361 1122/164/359 1144/87/74
f 1103/152/348 1107/158/354 1106/163/357 1102/149/339
f 1113/167/362 1117/170/363 1116/169/364 1112/168/365
f 1118/165/360 1114/120/307 1144/87/74
f 1130/171/366 1126/166/361 1144/87/74
f 1175/172/367 1178/175/368 1143/174/418 1139/173/419
f 1114/178/307 1118/179/360 1117/170/363 1113/167/362
f 1117/170/363 1121/181/371 1120/180/372 1116/169/364
f 1137/182/441 1141/45/241 1140/46/242 1136/136/412
f 1112/168/365 1116/169/364 1166/184/374 1164/183/437
f 1134/185/376 1130/171/366 1144/87/74
f 1118/179/360 1122/186/359 1121/181/371 1117/170/363
f 1121/181/371 1125/188/377 1124/187/378 1120/180/372
f 1142/189/379 1138/190/380 1144/87/74
f 1116/169/364 1120/180/372 1168/191/381 1166/184/374
f 1173/192/382 1175/172/367 1139/173/419 1135/193/421
f 1122/186/359 1126/194/361 1125/188/377 1121/181/371
f 1138/190/380 1134/185/376 1144/87/74
f 1120/180/372 1124/187/378 1169/195/383 1168/191/381
f 1128/196/422 1132/199/385 1174/198/386 1171/197/387
f 1126/194/361 1130/201/366 1129/200/388 1125/188/377
f 1125/188/377 1129/200/388 1128/196/422 1124/187/378
f 1132/199/385 1136/136/412 1176/137/327 1174/198/386
f 1172/69/259 1173/192/382 1135/193/421 1131/68/402
f 1124/187/378 1128/196/422 1171/197/387 1169/195/383
f 1130/201/366 1134/203/376 1133/202/389 1129/200/388
f 1129/200/388 1133/202/389 1132/199/385 1128/196/422
f 1134/203/376 1138/204/380 1137/182/441 1133/202/389
f 1138/204/380 1142/205/379 1141/45/241 1137/182/441
f 1144/87/74 1076/206/239 1142/189/379
f 1133/202/389 1137/182/441 1136/136/412 1132/199/385
f 1146/207/390 1147/210/391 1081/209/423 1077/208/424
f 1080/211/240 1076/206/239 1144/87/74
f 1108/212/353 1104/213/349 1144/87/74
f 1104/213/349 1100/214/338 1144/87/74
f 1110/121/308 1108/212/353 1144/87/74
f 1100/214/338 1096/86/277 1144/87/74
f 1080/44/240 1084/80/271 1083/81/274 1079/42/236
f 1147/210/391 1149/109/297 1085/110/408 1081/209/423
f 1141/45/241 1142/205/379 1076/43/239 1075/39/235
f 1084/155/271 1080/211/240 1144/87/74
f 1079/42/236 1083/81/274 1082/57/401 1078/41/237
f 1143/174/418 1178/175/368 1146/207/390 1077/208/424
f 1092/88/278 1088/154/272 1144/87/74
f 1146/207/390 1145/59/253 1148/55/251 1147/210/391
f 1154/141/330 1153/84/276 1156/114/300 1155/91/280
f 1147/210/391 1148/55/251 1150/56/250 1149/109/297
f 1152/112/298 1151/64/257 1153/84/276 1154/141/330
f 1149/109/297 1150/56/250 1151/64/257 1152/112/298
f 1178/175/368 1177/58/252 1145/59/253 1146/207/390
f 1158/94/281 1157/134/325 1160/148/340 1159/123/311
f 1159/123/311 1160/148/340 1162/162/358 1161/157/352
f 1155/91/280 1156/114/300 1157/134/325 1158/94/281
f 1172/69/259 1171/197/387 1174/198/386 1173/192/382
f 1173/192/382 1174/198/386 1176/137/327 1175/172/367
f 1170/66/258 1169/195/383 1171/197/387 1172/69/259
f 1163/143/335 1164/183/437 1166/184/374 1165/127/317
f 1165/127/317 1166/184/374 1168/191/381 1167/107/296
f 1175/172/367 1176/137/327 1177/58/252 1178/175/368
f 1167/107/296 1168/191/381 1169/195/383 1170/66/258
f 1074/40/238 1078/41/237 1148/55/251 1145/59/253
f 1180/215/397 1179/218/398 1106/217/357 1107/216/354
f 1110/219/308 1180/215/397 1107/216/354 1108/220/353
f 1113/221/362 1112/222/365 1179/218/398 1180/215/397
f 1164/223/437 1181/224/399 1179/218/398 1112/222/365
f 1182/225/400 1111/228/442 1109/227/416 1161/226/352
f 1113/221/362 1180/215/397 1110/219/308 1114/229/307
f 1115/230/415 1111/228/442 1182/225/400 1163/231/335
f 1182/225/400 1161/226/352 1162/232/358 1181/224/399
f 1163/231/335 1182/225/400 1181/224/399 1164/223/437
f 1179/218/398 1181/224/399 1162/232/358 1106/217/357
f 1184/233/443 1183/234/444 1187/235/445 1188/236/446
f 1185/237/447 1184/233/443 1188/236/446 1189/238/448
f 1268/239/449 1267/240/450 1183/234/444 1184/233/443
f 1206/241/451 1202/242/452 1218/243/453 1220/244/454
f 1278/245/455 1230/246/456 1229/247/457 1279/248/458
f 1187/235/445 1294/249/459 1296/250/460 1191/251/461
f 1323/252/462 1291/253/463 1183/234/444 1267/240/450
f 1275/254/464 1274/255/465 1239/256/466 1237/257/467
f 1191/251/461 1296/250/460 1297/258/468 1195/259/469
f 1316/260/470 1254/261/471 1258/262/472 1318/263/473
f 1287/264/474 1211/265/475 1210/266/476 1288/267/477
f 1288/267/477 1210/266/476 1246/268/478 1271/269/479
f 1198/270/480 1194/271/481 1213/272/482 1217/273/483
f 1193/274/484 1192/275/485 1196/276/486 1197/277/487
f 1195/259/469 1297/258/468 1299/278/488 1199/279/489
f 1205/280/490 1290/281/491 1201/282/492
f 1275/254/464 1237/257/467 1236/283/493 1276/284/494
f 1192/275/485 1191/251/461 1195/259/469 1196/276/486
f 1301/285/495 1206/286/451 1212/287/496 1304/288/497
f 1244/289/498 1246/268/499 1270/290/500 1266/291/501
f 1276/284/494 1236/283/493 1232/292/502 1277/293/503
f 1282/294/504 1289/295/505 1280/296/506 1281/297/507
f 1232/292/508 1236/283/509 1250/298/510 1245/299/511
f 1196/276/486 1195/259/469 1199/279/489 1200/300/512
f 1313/301/513 1250/302/510 1254/261/471 1316/260/470
f 1295/303/514 1194/304/481 1198/305/480 1298/306/515
f 1197/277/487 1196/276/486 1200/300/512 1201/307/492
f 1199/279/489 1299/278/488 1302/308/516 1203/309/517
f 1231/310/518 1229/247/519 1230/246/520 1238/311/521
f 1289/295/505 1282/294/504 1283/312/522 1284/313/523
f 1235/314/524 1290/281/491 1228/315/525
f 1280/296/506 1289/295/505 1278/245/526 1279/248/527
f 1202/242/452 1198/270/480 1217/273/483 1218/243/453
f 1304/288/497 1212/287/496 1219/316/528 1305/317/529
f 1279/248/458 1229/247/457 1227/318/530 1280/296/531
f 1227/318/532 1229/247/519 1231/310/518 1226/319/533
f 1200/300/512 1199/279/489 1203/309/517 1204/320/534
f 1311/321/535 1245/322/511 1250/302/510 1313/301/513
f 1281/297/536 1225/323/537 1224/324/538 1282/294/539
f 1190/325/540 1186/326/541 1210/266/542 1211/265/543
f 1201/307/492 1200/300/512 1204/320/534 1205/327/490
f 1203/309/517 1302/308/516 1303/328/544 1207/329/545
f 1263/330/546 1322/331/547 1323/252/462 1267/240/450
f 1286/332/548 1289/295/505 1284/313/523 1285/333/549
f 1298/306/515 1198/305/480 1202/334/452 1300/335/550
f 1230/246/520 1232/292/508 1245/299/511 1238/311/521
f 1282/294/539 1224/324/538 1220/244/551 1283/312/552
f 1288/267/553 1289/295/505 1286/332/548 1287/264/554
f 1204/320/534 1203/309/517 1207/329/545 1208/336/555
f 1309/337/556 1238/338/521 1245/322/511 1311/321/535
f 1237/257/557 1239/256/558 1258/339/472 1254/340/471
f 1205/327/490 1204/320/534 1208/336/555 1209/341/559
f 1207/329/545 1303/328/544 1306/342/560 1214/343/561
f 1274/255/562 1289/295/505 1272/344/563 1273/345/564
f 1284/313/565 1218/243/566 1217/273/567 1285/333/568
f 1194/271/481 1190/325/540 1211/265/543 1213/272/482
f 1300/335/550 1202/334/452 1206/286/451 1301/285/495
f 1285/333/568 1217/273/567 1213/272/569 1286/332/570
f 1208/336/555 1207/329/545 1214/343/561 1215/346/571
f 1286/332/570 1213/272/569 1211/265/475 1287/264/474
f 1209/341/559 1208/336/555 1215/346/571 1216/347/572
f 1289/295/505 1276/284/573 1277/293/574 1278/245/526
f 1277/293/503 1232/292/502 1230/246/456 1278/245/455
f 1197/348/487 1290/281/491 1193/349/484
f 1305/317/529 1219/316/528 1226/350/533 1307/351/575
f 1283/312/552 1220/244/551 1218/243/566 1284/313/565
f 1216/347/572 1215/346/571 1222/352/576 1223/353/577
f 1239/256/558 1243/354/578 1262/355/579 1258/339/472
f 1214/343/561 1306/342/560 1308/356/580 1221/357/581
f 1249/358/582 1290/281/491 1242/359/583
f 1253/360/584 1290/281/491 1249/358/582
f 1215/346/571 1214/343/561 1221/357/581 1222/352/576
f 1234/361/585 1233/362/586 1240/363/587 1241/364/588
f 1242/359/583 1290/281/491 1235/314/524
f 1280/296/531 1227/318/530 1225/323/537 1281/297/536
f 1257/365/589 1290/281/491 1253/360/584
f 1321/366/590 1266/367/501 1270/368/500 1324/369/591
f 1219/370/528 1212/371/496 1224/324/592 1225/323/593
f 1235/372/524 1234/361/585 1241/364/588 1242/373/583
f 1241/364/588 1240/363/587 1247/374/594 1248/375/595
f 1264/376/596 1263/330/546 1267/240/450 1268/239/449
f 1233/362/586 1310/377/597 1312/378/598 1240/363/587
f 1261/379/599 1290/281/491 1257/365/589
f 1242/373/583 1241/364/588 1248/375/595 1249/380/582
f 1248/375/595 1247/374/594 1251/381/600 1252/382/601
f 1269/383/602 1290/281/491 1265/384/603
f 1240/363/587 1312/378/598 1314/385/604 1247/374/594
f 1319/386/605 1262/387/579 1266/367/501 1321/366/590
f 1249/380/582 1248/375/595 1252/382/601 1253/388/584
f 1265/384/603 1290/281/491 1261/379/599
f 1226/319/533 1219/370/528 1225/323/593 1227/318/532
f 1247/374/594 1314/385/604 1315/389/606 1251/381/600
f 1255/390/607 1317/391/608 1320/392/609 1259/393/610
f 1253/388/584 1252/382/601 1256/394/611 1257/395/589
f 1252/382/601 1251/381/600 1255/390/607 1256/394/611
f 1259/393/610 1320/392/609 1322/331/547 1263/330/546
f 1318/263/473 1258/262/472 1262/387/579 1319/386/605
f 1251/381/600 1315/389/606 1317/391/608 1255/390/607
f 1257/395/589 1256/394/611 1260/396/612 1261/397/599
f 1256/394/611 1255/390/607 1259/393/610 1260/396/612
f 1261/397/599 1260/396/612 1264/376/596 1265/398/603
f 1265/398/603 1264/376/596 1268/239/449 1269/399/602
f 1290/281/491 1269/383/602 1185/400/447
f 1260/396/612 1259/393/610 1263/330/546 1264/376/596
f 1292/401/613 1186/402/541 1190/403/540 1293/404/614
f 1189/405/448 1290/281/491 1185/400/447
f 1272/344/563 1289/295/505 1288/267/553 1271/269/615
f 1223/406/577 1290/281/491 1216/407/572
f 1243/354/578 1244/289/498 1266/291/501 1262/355/579
f 1236/283/509 1237/257/557 1254/340/471 1250/298/510
f 1216/407/572 1290/281/491 1209/408/559
f 1228/315/525 1290/281/491 1223/406/577
f 1209/408/559 1290/281/491 1205/280/490
f 1212/371/496 1206/241/451 1220/244/454 1224/324/592
f 1271/269/479 1246/268/478 1244/289/616 1272/344/617
f 1189/238/448 1188/236/446 1192/275/485 1193/274/484
f 1272/344/617 1244/289/616 1243/354/618 1273/345/619
f 1293/404/614 1190/403/540 1194/304/481 1295/303/514
f 1186/326/541 1270/290/500 1246/268/499 1210/266/542
f 1268/239/449 1184/233/443 1185/237/447 1269/399/602
f 1273/345/619 1243/354/618 1239/256/466 1274/255/465
f 1193/349/484 1290/281/491 1189/405/448
f 1188/236/446 1187/235/445 1191/251/461 1192/275/485
f 1270/368/500 1186/402/541 1292/401/613 1324/369/591
f 1201/282/492 1290/281/491 1197/348/487
f 1289/295/505 1274/255/562 1275/254/620 1276/284/573
f 1292/401/613 1293/404/614 1294/249/459 1291/253/463
f 1300/335/550 1301/285/495 1302/308/516 1299/278/488
f 1293/404/614 1295/303/514 1296/250/460 1294/249/459
f 1298/306/515 1300/335/550 1299/278/488 1297/258/468
f 1295/303/514 1298/306/515 1297/258/468 1296/250/460
f 1324/369/591 1292/401/613 1291/253/463 1323/252/462
f 1304/288/497 1305/317/529 1306/342/560 1303/328/544
f 1305/317/529 1307/351/575 1308/356/580 1306/342/560
f 1301/285/495 1304/288/497 1303/328/544 1302/308/516
f 1318/263/473 1319/386/605 1320/392/609 1317/391/608
f 1319/386/605 1321/366/590 1322/331/547 1320/392/609
f 1316/260/470 1318/263/473 1317/391/608 1315/389/606
f 1309/337/556 1311/321/535 1312/378/598 1310/377/597
f 1311/321/535 1313/301/513 1314/385/604 1312/378/598
f 1321/366/590 1324/369/591 1323/252/462 1322/331/547
f 1313/301/513 1316/260/470 1315/389/606 1314/385/604
f 1183/234/444 1291/253/463 1294/249/459 1187/235/445
f 1326/409/621 1222/352/576 1221/357/581 1325/410/622
f 1228/411/525 1223/353/577 1222/352/576 1326/409/621
f 1234/412/585 1326/409/621 1325/410/622 1233/413/586
f 1310/414/597 1233/413/586 1325/410/622 1327/415/623
f 1328/416/624 1307/351/575 1226/350/533 1231/417/518
f 1234/412/585 1235/418/524 1228/411/525 1326/409/621
f 1238/419/521 1309/420/556 1328/416/624 1231/417/518
f 1328/416/624 1327/415/623 1308/356/580 1307/351/575
f 1309/420/556 1310/414/597 1327/415/623 1328/416/624
f 1325/410/622 1221/357/581 1308/356/580 1327/415/623
f 1330/39/625 1334/42/626 1333/41/627 1329/40/628
f 1331/43/629 1335/44/630 1334/42/626 1330/39/625
f 1414/45/631 1330/39/625 1329/40/628 1413/46/632
f 1352/47/633 1366/50/634 1364/49/635 1348/48/636
f 1424/51/637 1425/54/638 1375/53/638 1376/52/637
f 1333/41/627 1337/57/639 1442/56/640 1440/55/641
f 1469/58/642 1413/46/632 1329/40/628 1437/59/643
f 1421/60/644 1383/63/644 1385/62/645 1420/61/645
f 1337/57/639 1341/65/646 1443/64/647 1442/56/640
f 1462/66/648 1464/69/649 1404/68/650 1400/67/651
f 1433/70/652 1434/73/653 1356/72/654 1357/71/652
f 1434/73/653 1417/75/655 1392/74/655 1356/72/654
f 1344/76/656 1363/79/657 1359/78/658 1340/77/659
f 1339/80/660 1343/83/661 1342/82/662 1338/81/663
f 1341/65/646 1345/85/664 1445/84/665 1443/64/647
f 1351/86/666 1347/88/667 1436/87/668
f 1421/60/644 1422/90/669 1382/89/669 1383/63/644
f 1338/81/663 1342/82/662 1341/65/646 1337/57/639
f 1447/91/670 1450/94/671 1358/93/672 1352/92/633
f 1390/95/673 1412/97/674 1416/96/675 1392/74/676
f 1422/90/669 1423/99/677 1378/98/677 1382/89/669
f 1428/100/678 1427/103/679 1426/102/680 1435/101/681
f 1378/98/682 1391/105/683 1396/104/684 1382/89/685
f 1342/82/662 1346/106/686 1345/85/664 1341/65/646
f 1459/107/687 1462/66/648 1400/67/651 1396/108/684
f 1441/109/688 1444/112/689 1344/111/656 1340/110/659
f 1343/83/661 1347/113/667 1346/106/686 1342/82/662
f 1345/85/664 1349/115/690 1448/114/691 1445/84/665
f 1377/116/692 1384/117/693 1376/52/694 1375/53/695
f 1435/101/681 1430/119/696 1429/118/697 1428/100/678
f 1381/120/698 1374/121/699 1436/87/668
f 1426/102/680 1425/54/700 1424/51/701 1435/101/681
f 1348/48/636 1364/49/635 1363/79/657 1344/76/656
f 1450/94/671 1451/123/702 1365/122/703 1358/93/672
f 1425/54/638 1426/102/704 1373/124/704 1375/53/638
f 1373/124/705 1372/125/706 1377/116/692 1375/53/695
f 1346/106/686 1350/126/707 1349/115/690 1345/85/664
f 1457/127/708 1459/107/687 1396/108/684 1391/128/683
f 1427/103/709 1428/100/710 1370/130/710 1371/129/709
f 1336/131/711 1357/71/712 1356/72/713 1332/132/714
f 1347/113/667 1351/133/666 1350/126/707 1346/106/686
f 1349/115/690 1353/135/715 1449/134/716 1448/114/691
f 1409/136/717 1413/46/632 1469/58/642 1468/137/718
f 1432/138/719 1431/139/720 1430/119/696 1435/101/681
f 1444/112/689 1446/141/721 1348/140/636 1344/111/656
f 1376/52/694 1384/117/693 1391/105/683 1378/98/682
f 1428/100/710 1429/118/722 1366/50/722 1370/130/710
f 1434/73/723 1433/70/724 1432/138/719 1435/101/681
f 1350/126/707 1354/142/725 1353/135/715 1349/115/690
f 1455/143/726 1457/127/708 1391/128/683 1384/144/693
f 1383/63/727 1400/146/651 1404/145/650 1385/62/728
f 1351/133/666 1355/147/729 1354/142/725 1350/126/707
f 1353/135/715 1360/149/730 1452/148/731 1449/134/716
f 1420/61/732 1419/151/733 1418/150/734 1435/101/681
f 1430/119/735 1431/139/736 1363/79/736 1364/49/735
f 1340/77/659 1359/78/658 1357/71/712 1336/131/711
f 1446/141/721 1447/91/670 1352/92/633 1348/140/636
f 1431/139/736 1432/138/737 1359/78/738 1363/79/736
f 1354/142/725 1361/152/739 1360/149/730 1353/135/715
f 1432/138/737 1433/70/652 1357/71/652 1359/78/738
f 1355/147/729 1362/153/740 1361/152/739 1354/142/725
f 1435/101/681 1424/51/701 1423/99/741 1422/90/742
f 1423/99/677 1424/51/637 1376/52/637 1378/98/677
f 1343/154/661 1339/155/660 1436/87/668
f 1451/123/702 1453/157/743 1372/156/706 1365/122/703
f 1429/118/722 1430/119/735 1364/49/735 1366/50/722
f 1362/153/740 1369/159/744 1368/158/745 1361/152/739
f 1385/62/728 1404/145/650 1408/161/746 1389/160/747
f 1360/149/730 1367/163/748 1454/162/749 1452/148/731
f 1395/164/750 1388/165/751 1436/87/668
f 1399/166/752 1395/164/750 1436/87/668
f 1361/152/739 1368/158/745 1367/163/748 1360/149/730
f 1380/167/753 1387/170/754 1386/169/755 1379/168/756
f 1388/165/751 1381/120/698 1436/87/668
f 1426/102/704 1427/103/709 1371/129/709 1373/124/704
f 1403/171/757 1399/166/752 1436/87/668
f 1467/172/758 1470/175/759 1416/174/675 1412/173/674
f 1365/176/703 1371/129/760 1370/130/761 1358/177/672
f 1381/178/698 1388/179/751 1387/170/754 1380/167/753
f 1387/170/754 1394/181/762 1393/180/763 1386/169/755
f 1410/182/764 1414/45/631 1413/46/632 1409/136/717
f 1379/168/756 1386/169/755 1458/184/765 1456/183/766
f 1407/185/767 1403/171/757 1436/87/668
f 1388/179/751 1395/186/750 1394/181/762 1387/170/754
f 1394/181/762 1398/188/768 1397/187/769 1393/180/763
f 1415/189/770 1411/190/771 1436/87/668
f 1386/169/755 1393/180/763 1460/191/772 1458/184/765
f 1465/192/773 1467/172/758 1412/173/674 1408/193/746
f 1395/186/750 1399/194/752 1398/188/768 1394/181/762
f 1411/190/771 1407/185/767 1436/87/668
f 1372/125/706 1373/124/705 1371/129/760 1365/176/703
f 1393/180/763 1397/187/769 1461/195/774 1460/191/772
f 1401/196/775 1405/199/776 1466/198/777 1463/197/778
f 1399/194/752 1403/201/757 1402/200/779 1398/188/768
f 1398/188/768 1402/200/779 1401/196/775 1397/187/769
f 1405/199/776 1409/136/717 1468/137/718 1466/198/777
f 1464/69/649 1465/192/773 1408/193/746 1404/68/650
f 1397/187/769 1401/196/775 1463/197/778 1461/195/774
f 1403/201/757 1407/203/767 1406/202/780 1402/200/779
f 1402/200/779 1406/202/780 1405/199/776 1401/196/775
f 1407/203/767 1411/204/771 1410/182/764 1406/202/780
f 1411/204/771 1415/205/770 1414/45/631 1410/182/764
f 1436/87/668 1331/206/629 1415/189/770
f 1406/202/780 1410/182/764 1409/136/717 1405/199/776
f 1438/207/781 1439/210/782 1336/209/711 1332/208/714
f 1335/211/630 1331/206/629 1436/87/668
f 1418/150/734 1417/75/783 1434/73/723 1435/101/681
f 1369/212/744 1362/213/740 1436/87/668
f 1389/160/747 1408/161/746 1412/97/674 1390/95/673
f 1382/89/685 1396/104/684 1400/146/651 1383/63/727
f 1362/213/740 1355/214/729 1436/87/668
f 1374/121/699 1369/212/744 1436/87/668
f 1355/214/729 1351/86/666 1436/87/668
f 1358/177/672 1370/130/761 1366/50/634 1352/47/633
f 1417/75/655 1418/150/784 1390/95/784 1392/74/655
f 1335/44/630 1339/80/660 1338/81/663 1334/42/626
f 1418/150/784 1419/151/785 1389/160/785 1390/95/784
f 1439/210/782 1441/109/688 1340/110/659 1336/209/711
f 1332/132/714 1356/72/713 1392/74/676 1416/96/675
f 1414/45/631 1415/205/770 1331/43/629 1330/39/625
f 1419/151/785 1420/61/645 1385/62/645 1389/160/785
f 1339/155/660 1335/211/630 1436/87/668
f 1334/42/626 1338/81/663 1337/57/639 1333/41/627
f 1416/174/675 1470/175/759 1438/207/781 1332/208/714
f 1347/88/667 1343/154/661 1436/87/668
f 1435/101/681 1422/90/742 1421/60/786 1420/61/732
f 1438/207/781 1437/59/643 1440/55/641 1439/210/782
f 1446/141/721 1445/84/665 1448/114/691 1447/91/670
f 1439/210/782 1440/55/641 1442/56/640 1441/109/688
f 1444/112/689 1443/64/647 1445/84/665 1446/141/721
f 1441/109/688 1442/56/640 1443/64/647 1444/112/689
f 1470/175/759 1469/58/642 1437/59/643 1438/207/781
f 1450/94/671 1449/134/716 1452/148/731 1451/123/702
f 1451/123/702 1452/148/731 1454/162/749 1453/157/743
f 1447/91/670 1448/114/691 1449/134/716 1450/94/671
f 1464/69/649 1463/197/778 1466/198/777 1465/192/773
f 1465/192/773 1466/198/777 1468/137/718 1467/172/758
f 1462/66/648 1461/195/774 1463/197/778 1464/69/649
f 1455/143/726 1456/183/766 1458/184/765 1457/127/708
f 1457/127/708 1458/184/765 1460/191/772 1459/107/687
f 1467/172/758 1468/137/718 1469/58/642 1470/175/759
f 1459/107/687 1460/191/772 1461/195/774 1462/66/648
f 1329/40/628 1333/41/627 1440/55/641 1437/59/643
f 1472/215/787 1471/218/788 1367/217/748 1368/216/745
f 1374/219/699 1472/215/787 1368/216/745 1369/220/744
f 1380/221/753 1379/222/756 1471/218/788 1472/215/787
f 1456/223/766 1473/224/789 1471/218/788 1379/222/756
f 1474/225/790 1377/228/692 1372/227/706 1453/226/743
f 1380/221/753 1472/215/787 1374/219/699 1381/229/698
f 1384/230/693 1377/228/692 1474/225/790 1455/231/726
f 1474/225/790 1453/226/743 1454/232/749 1473/224/789
f 1455/231/726 1474/225/790 1473/224/789 1456/223/766
f 1471/218/788 1473/224/789 1454/232/749 1367/217/748
