# Blender 4.4.0
# www.blender.org
o Truck.001
v 1.536008 2.018040 -0.999880
v 1.698028 1.527618 -0.968774
v 1.543601 2.195148 -0.172910
v 1.705792 1.617019 -0.138106
v -0.641353 1.532284 -1.097810
v -0.008698 1.520911 -1.097131
v -0.642564 1.646810 -1.104691
v -0.321735 1.758456 -1.111346
v -0.007446 1.635810 -1.104045
v -0.322632 1.410268 -1.090385
v -0.594460 1.754121 -1.111203
v -0.635115 1.732886 -1.109891
v -0.055854 1.414567 -1.090762
v -0.023383 1.431328 -1.091765
v -0.633907 1.435885 -1.092038
v -0.594466 1.415373 -1.090811
v -0.015134 1.732975 -1.109922
v -0.054803 1.753359 -1.111158
v -0.614654 1.722636 -1.115909
v -0.614464 1.446188 -1.099266
v -0.575580 1.743186 -1.117136
v -0.575587 1.425463 -1.098009
v -0.322792 1.424235 -1.098053
v -0.321969 1.743670 -1.117283
v -0.074657 1.424718 -1.097965
v -0.073676 1.742473 -1.117094
v -0.035742 1.445303 -1.099212
v -0.034612 1.721851 -1.115862
v 1.195485 1.867627 -1.111449
v 1.182586 1.890811 -1.107663
v 0.996924 1.446568 -1.086101
v 0.765586 1.882204 -1.107145
v 0.787880 1.904643 -1.108496
v 1.349540 1.865608 -1.107104
v 1.310503 1.443524 -1.085917
v 0.961511 1.899316 -1.108175
v 0.750642 1.449270 -1.081082
v 0.749117 1.767964 -1.100268
v 1.412597 1.749845 -1.099177
v 1.469094 1.298023 -1.071977
v 1.440418 1.286240 -1.071267
v 0.749879 1.567772 -1.088216
v 1.488762 1.376337 -1.076691
v 0.766452 1.406713 -1.078520
v 0.806658 1.448415 -1.086212
v 1.282937 1.317578 -1.073154
v 1.267895 1.301493 -1.072186
v 1.283909 1.562550 -1.093083
v 1.232850 1.760237 -1.104984
v 0.827372 1.903146 -1.108406
v 1.304240 1.388439 -1.082601
v 1.040073 1.332800 -1.074070
v 0.803311 1.566969 -1.093349
v 0.984799 1.565300 -1.093248
v 1.468377 1.552392 -1.087290
v 0.890764 1.359375 -1.075670
v 1.206218 1.325628 -1.080317
v 1.202537 1.310075 -1.079380
v 1.156222 1.331310 -1.080659
v 1.073697 1.869794 -1.113076
v 1.058385 1.886604 -1.112900
v 1.125710 1.869390 -1.113052
v 1.203568 1.444399 -1.087467
v 1.140061 1.562404 -1.094571
v 1.189834 1.561946 -1.094543
v 1.206756 1.392792 -1.084360
v 1.156793 1.395284 -1.084510
v 1.153700 1.444883 -1.087496
v 1.100495 1.762186 -1.106598
v 1.150368 1.761403 -1.106551
v 1.119924 1.321627 -1.076737
v 1.152604 1.316936 -1.079793
v 1.038568 1.896696 -1.111356
v 1.115841 1.563800 -1.098083
v 1.135154 1.444930 -1.090927
v 1.310755 1.883361 -1.109171
v 1.497395 1.433317 -1.080122
v 1.124708 1.892560 -1.114446
v 1.026381 1.346059 -1.074869
v 1.004807 1.402788 -1.083465
v 1.117862 1.335737 -1.077586
v 1.078843 1.762311 -1.110034
v 1.135936 1.396245 -1.087996
v 0.956330 1.874027 -1.111834
v 0.961911 1.764391 -1.105234
v 0.823123 1.411494 -1.083989
v 0.797516 1.766911 -1.105386
v 1.050652 1.871229 -1.115953
v 0.811220 1.877869 -1.112065
v 0.749562 1.651027 -1.093228
v 1.262675 1.644764 -1.098032
v 1.445180 1.634507 -1.092233
v 1.173421 1.644895 -1.099537
v 1.123607 1.645488 -1.099573
v 1.100454 1.646356 -1.103053
v 0.975280 1.648098 -1.098233
v 0.800901 1.650120 -1.098355
v 1.543601 2.074713 -0.861069
v 1.705956 1.545482 -0.807089
v 1.705874 1.582473 -0.452291
v 1.543601 2.136153 -0.496683
v 1.651298 1.731273 -1.017186
v 1.658973 1.869692 -0.153317
v 1.659071 1.778512 -0.830004
v 1.659022 1.825324 -0.471354
v 1.604628 1.857555 -1.015056
v 1.613326 2.012053 -0.161887
v 1.613380 1.907816 -0.843695
v 1.613353 1.961157 -0.482484
v 1.682534 1.612308 -1.005095
v 1.694947 1.740227 -0.145523
v 1.688329 1.652012 -0.817645
v 1.688263 1.693581 -0.461051
v 2.748123 1.064885 -0.100354
v 2.806145 1.103967 -0.043161
v 2.664717 0.536011 -0.055957
v 2.689780 0.540264 -0.004976
v 2.343922 0.473196 -0.665589
v 2.404502 0.978200 -0.613730
v 0.676272 0.158949 -0.904432
v -0.395553 2.795765 -1.104932
v -0.395553 2.635706 -1.177330
v 0.561170 2.331628 -1.132482
v 0.560778 2.481044 -1.085986
v -0.819020 2.636063 -1.177352
v -0.819020 2.795765 -1.104932
v 0.271211 2.487892 -1.141890
v 0.271211 2.635824 -1.095304
v 0.631609 2.252803 -1.127389
v 0.660177 2.402873 -1.080932
v 1.420795 1.913453 -1.112564
v 1.476679 2.119198 -1.064203
v 1.489868 1.822311 -1.106724
v 1.536008 2.018040 -0.999880
v 1.686653 1.398243 -1.074537
v 1.698028 1.527618 -0.968774
v 1.919148 1.351881 -0.849697
v 1.932551 1.499112 -0.758167
v 2.112775 1.276030 -0.829803
v 2.137169 1.442810 -0.749798
v 2.279260 1.206411 -0.811462
v 2.289059 1.348976 -0.724794
v 2.374950 1.148296 -0.792880
v 2.399607 1.292979 -0.687807
v 2.320557 1.081533 -0.770803
v 2.468501 1.219386 -0.676843
v 2.246575 0.111237 -0.899257
v 2.825542 1.248497 -0.061199
v 2.737306 0.447046 -0.056025
v -3.150230 0.770904 -0.545732
v -0.860911 0.770904 -0.545732
v -3.150230 0.693351 -0.541064
v -0.860911 0.693351 -0.541064
v -0.819095 0.167317 -0.765436
v -0.819020 2.647444 -0.988289
v -0.819020 2.763012 -0.894296
v -0.819095 2.822650 -0.169925
v -0.906223 2.763012 -0.894296
v -0.906223 2.647444 -0.988289
v -0.906223 0.167317 -0.765436
v -0.906223 2.822650 -0.169925
v -0.906223 2.713137 -0.163333
v -0.906223 0.212626 -0.012800
v -0.395553 2.947973 -0.177470
v 0.560778 2.600001 -0.156522
v -0.819095 2.947973 -0.177470
v 0.271211 2.754782 -0.165840
v 0.660177 2.521811 -0.151815
v 1.476679 2.238155 -0.134738
v 1.543601 2.195148 -0.172910
v 1.705792 1.617019 -0.138106
v 1.919460 1.587215 -0.095551
v 2.138825 1.544393 -0.092973
v 2.372337 1.477837 -0.088967
v 2.537059 1.414986 -0.084561
v 2.653332 1.341475 -0.075512
v 2.231702 0.356962 -0.981356
v 2.255488 0.112189 -0.967860
v 2.814786 0.202299 -0.044593
v 2.155114 0.436671 -0.993923
v 2.430271 1.121734 -0.619164
v -0.819020 0.554682 -0.908267
v 0.677030 0.553371 -0.930045
v -0.819020 0.158949 -0.904432
v -0.819020 0.165391 -0.966458
v 0.662485 0.165391 -0.966458
v 0.663267 0.533546 -0.988621
v -0.819020 0.533546 -0.988621
v 1.455386 0.509651 -1.040031
v -0.819020 0.586821 -1.033419
v 0.691879 0.586372 -1.040883
v -0.819020 2.152629 -1.159212
v -0.819020 0.586821 -0.795798
v -0.819020 0.177360 -0.767640
v -0.819020 0.570792 -0.791325
v -0.819020 0.627919 -0.866821
v -0.906223 0.678889 -0.040870
v -0.906223 0.627998 -0.865513
v -0.906223 0.634304 -0.038185
v -0.906223 0.586196 -0.790912
v -0.906223 0.617855 -0.037195
v -0.906223 0.569870 -0.789918
v -0.906223 0.224680 -0.013526
v -0.906223 0.179227 -0.766166
v 2.380064 0.209479 -0.011534
v 1.520826 0.568001 -0.034194
v 1.591545 0.682454 -0.041084
v 1.921947 0.828946 -0.049903
v 2.102310 0.806176 -0.048532
v 2.225983 0.746420 -0.044935
v 2.295834 0.680727 -0.040980
v 2.366283 0.557174 -0.033542
v 2.380981 0.209488 -0.011542
v 2.389176 0.349278 -0.020618
v 1.486624 0.651851 -1.041099
v 1.580582 0.751947 -1.046267
v 1.917822 0.836879 -1.050828
v 2.056073 0.794008 -1.047659
v 2.119303 0.725986 -1.044863
v 2.152425 0.648429 -1.039237
v 2.132828 0.421911 -1.031385
v 2.378841 1.011942 -0.722933
v 1.198508 1.989239 -1.116773
v 1.230315 2.210773 -1.069715
v 1.230320 2.329732 -0.140251
v 1.350960 1.959278 -1.115210
v 1.402884 2.151143 -1.066126
v 1.402853 2.270112 -0.136662
v 0.800765 2.117334 -1.119582
v 0.741501 2.143260 -1.121142
v 0.828837 2.273613 -1.073498
v 0.778258 2.288972 -1.074423
v 0.778282 2.407914 -0.144958
v 0.828835 2.392571 -0.144034
v 0.697593 2.168546 -1.122159
v 0.736650 2.310174 -1.076784
v 0.744598 2.435779 -0.146635
v -0.906223 0.912438 -0.882799
v -0.819020 0.904581 -1.063046
v -0.819020 0.915352 -0.884125
v -0.819020 2.084628 -1.155119
v -0.906223 0.966917 -0.058209
v 1.395102 2.190629 -1.054179
v 1.577679 2.024157 -1.044157
v 1.454051 2.298126 -0.138349
v 1.642444 2.129243 -0.128182
v 1.372482 2.177651 -1.053791
v 1.555059 2.011178 -1.043770
v 1.431431 2.285172 -0.137569
v 1.619823 2.116289 -0.127402
v 1.638532 2.114974 -0.127323
v 1.572527 2.005534 -1.072802
v 1.372449 2.193475 -1.084116
v 1.432265 2.305480 -0.138791
v 1.506165 2.120259 -1.066007
v 1.568022 2.227514 -0.134098
v 1.483545 2.107281 -1.065618
v 1.494695 2.110885 -1.095207
v 2.433398 0.384253 -0.662503
v 2.775579 0.452856 -0.012214
v 2.243095 0.536032 -0.920007
v 2.238067 0.130431 -0.888027
v 2.598656 0.218044 -0.003122
v 2.529583 0.608756 -0.019386
v -0.819020 0.251406 -1.027234
v -0.819020 0.474040 -1.040637
v 0.622324 0.251406 -1.027234
v 0.623107 0.474040 -1.040637
v -3.225776 0.708142 -0.295369
v -3.225776 0.737155 -0.297116
v -3.225776 0.693351 -0.541064
v -3.225776 0.722364 -0.542810
v -0.881479 0.785695 -0.300038
v -0.881479 0.708142 -0.295369
v -3.150230 0.785695 -0.300038
v -3.150230 0.708142 -0.295369
v -1.435679 0.785776 -0.047304
v -1.332744 0.785776 -0.047304
v -1.435679 0.759462 -0.484424
v -1.332744 0.759462 -0.484424
v -1.435752 0.777357 -0.046797
v -1.435752 0.751052 -0.483750
v -1.332817 0.777357 -0.046797
v -1.332817 0.751052 -0.483750
v -2.081890 0.766366 -0.046136
v -1.978955 0.766366 -0.046136
v -2.081890 0.740051 -0.483255
v -1.978955 0.740051 -0.483255
v -2.081963 0.757946 -0.045629
v -2.081963 0.731641 -0.482582
v -1.979028 0.757946 -0.045629
v -1.979028 0.731641 -0.482582
v -2.720698 0.913866 -0.148444
v -2.533062 0.892042 -0.123675
v -2.392666 0.873950 -0.134439
v -2.293972 0.863389 -0.106145
v -2.264915 0.863041 -0.051956
v -2.090041 0.841390 -0.050652
v -2.799533 0.921783 -0.179656
v -2.657327 0.899744 -0.252232
v -2.526523 0.883549 -0.251257
v -2.395719 0.867355 -0.250282
v -2.264915 0.851160 -0.249307
v -2.131137 0.835261 -0.237294
v -2.811364 0.920339 -0.228078
v -2.728982 0.902042 -0.361968
v -2.596073 0.882437 -0.413303
v -2.417035 0.859116 -0.431137
v -2.303048 0.846942 -0.398082
v -2.204534 0.838722 -0.331288
v -2.723112 0.894071 -0.135365
v -2.535477 0.872247 -0.110597
v -2.395081 0.854155 -0.121360
v -2.296387 0.829890 -0.092242
v -2.267330 0.832426 -0.050113
v -2.092456 0.820883 -0.049418
v -2.801947 0.901989 -0.166577
v -2.659741 0.879949 -0.239154
v -2.528938 0.863754 -0.238179
v -2.398134 0.821258 -0.235621
v -2.267330 0.821258 -0.235621
v -2.133552 0.815466 -0.224216
v -2.813779 0.900544 -0.214999
v -2.731397 0.882247 -0.348888
v -2.598488 0.862642 -0.400224
v -2.419450 0.839321 -0.418059
v -2.305462 0.827147 -0.385003
v -2.206949 0.818927 -0.318209
v -1.587184 0.486033 -0.628295
v -0.981559 0.486033 -0.628295
v -1.587184 0.418074 -0.612049
v -0.981559 0.418074 -0.612049
v -1.587184 0.359771 -0.573539
v -0.981559 0.359771 -0.573539
v -1.587184 0.318155 -0.517411
v -0.981559 0.318155 -0.517411
v -1.587184 0.298246 -0.450433
v -0.981559 0.298246 -0.450433
v -1.587184 0.302444 -0.380685
v -0.981559 0.302444 -0.380685
v -1.587184 0.330245 -0.316581
v -0.981559 0.330245 -0.316581
v -1.587184 0.378294 -0.265850
v -0.981559 0.378294 -0.265850
v -1.587184 0.440796 -0.234613
v -0.981559 0.440796 -0.234613
v -1.587184 0.510213 -0.226636
v -0.981559 0.510213 -0.226636
v -1.587184 0.578172 -0.242883
v -0.981559 0.578172 -0.242883
v -1.587184 0.636475 -0.281392
v -0.981559 0.636475 -0.281392
v -1.587184 0.678091 -0.337522
v -0.981559 0.678091 -0.337522
v -1.587184 0.698000 -0.404498
v -0.981559 0.698000 -0.404498
v -1.587184 0.693802 -0.474246
v -0.981559 0.693802 -0.474246
v -1.587184 0.666001 -0.538351
v -0.981559 0.666001 -0.538351
v -1.587184 0.617952 -0.589081
v -0.981559 0.617952 -0.589081
v -1.587184 0.555450 -0.620319
v -0.981559 0.555450 -0.620319
v -1.653338 0.487873 -0.597726
v -0.915405 0.487873 -0.597726
v -1.653338 0.430259 -0.583953
v -0.915405 0.430259 -0.583953
v -1.653338 0.380829 -0.551305
v -0.915405 0.380829 -0.551305
v -1.653338 0.345548 -0.503720
v -0.915405 0.345548 -0.503720
v -1.653338 0.328669 -0.446937
v -0.915405 0.328669 -0.446937
v -1.653338 0.332228 -0.387806
v -0.915405 0.332228 -0.387806
v -1.653338 0.355798 -0.333459
v -0.915405 0.355798 -0.333459
v -1.653338 0.396533 -0.290450
v -0.915405 0.396533 -0.290450
v -1.653338 0.449522 -0.263968
v -0.915405 0.449522 -0.263968
v -1.653338 0.508373 -0.257205
v -0.915405 0.508373 -0.257205
v -1.653338 0.565987 -0.270979
v -0.915405 0.565987 -0.270979
v -1.653338 0.615417 -0.303627
v -0.915405 0.615417 -0.303627
v -1.653338 0.650698 -0.351212
v -0.915405 0.650698 -0.351212
v -1.653338 0.667577 -0.407994
v -0.915405 0.667577 -0.407994
v -1.653338 0.664018 -0.467125
v -0.915405 0.664018 -0.467125
v -1.653338 0.640448 -0.521473
v -0.915405 0.640448 -0.521473
v -1.653338 0.599713 -0.564482
v -0.915405 0.599713 -0.564482
v -1.653338 0.546724 -0.590965
v -0.915405 0.546724 -0.590965
v -1.501349 0.485300 -0.640469
v -1.501349 0.413222 -0.623238
v -1.501349 0.351385 -0.582393
v -1.501349 0.307246 -0.522862
v -1.501349 0.286129 -0.451826
v -1.501349 0.290582 -0.377850
v -1.501349 0.320068 -0.309859
v -1.501349 0.371031 -0.256054
v -1.501349 0.437321 -0.222923
v -1.501349 0.510946 -0.214463
v -1.501349 0.583024 -0.231695
v -1.501349 0.644861 -0.272538
v -1.501349 0.689000 -0.332069
v -1.501349 0.710117 -0.403107
v -1.501349 0.705664 -0.477082
v -1.501349 0.676178 -0.545072
v -1.501349 0.625215 -0.598878
v -1.501349 0.558924 -0.632009
v -1.565528 0.485300 -0.640469
v -1.565528 0.413222 -0.623238
v -1.565528 0.351385 -0.582393
v -1.565528 0.307246 -0.522862
v -1.565528 0.286129 -0.451826
v -1.565528 0.290582 -0.377850
v -1.565528 0.320068 -0.309859
v -1.565528 0.371031 -0.256054
v -1.565528 0.437321 -0.222923
v -1.565528 0.510946 -0.214463
v -1.565528 0.583024 -0.231695
v -1.565528 0.644861 -0.272538
v -1.565528 0.689000 -0.332069
v -1.565528 0.710117 -0.403107
v -1.565528 0.705664 -0.477082
v -1.565528 0.676178 -0.545072
v -1.565528 0.625215 -0.598878
v -1.565528 0.558924 -0.632009
v -1.508345 0.431732 -0.580556
v -1.508345 0.488096 -0.594030
v -1.508345 0.383375 -0.548616
v -1.508345 0.348861 -0.502064
v -1.508345 0.332348 -0.446514
v -1.508345 0.335830 -0.388667
v -1.508345 0.358888 -0.335500
v -1.508345 0.398738 -0.293424
v -1.508345 0.450577 -0.267516
v -1.508345 0.508150 -0.260901
v -1.508345 0.564514 -0.274376
v -1.508345 0.612871 -0.306315
v -1.508345 0.647385 -0.352867
v -1.508345 0.663898 -0.408417
v -1.508345 0.660416 -0.466264
v -1.508345 0.637358 -0.519432
v -1.508345 0.597508 -0.561507
v -1.508345 0.545669 -0.587415
v -1.558532 0.431732 -0.580556
v -1.558532 0.488096 -0.594030
v -1.558532 0.383375 -0.548616
v -1.558532 0.348861 -0.502064
v -1.558532 0.332348 -0.446514
v -1.558532 0.335830 -0.388667
v -1.558532 0.358888 -0.335500
v -1.558532 0.398738 -0.293424
v -1.558532 0.450577 -0.267516
v -1.558532 0.508150 -0.260901
v -1.558532 0.564514 -0.274376
v -1.558532 0.612871 -0.306315
v -1.558532 0.647385 -0.352867
v -1.558532 0.663898 -0.408417
v -1.558532 0.660416 -0.466264
v -1.558532 0.637358 -0.519432
v -1.558532 0.597508 -0.561507
v -1.558532 0.545669 -0.587415
v -2.533987 0.810692 -0.048804
v -2.332133 0.810692 -0.048804
v -2.533987 0.784377 -0.485924
v -2.332133 0.784377 -0.485924
v -2.534060 0.802273 -0.048297
v -2.534060 0.775968 -0.485250
v -2.332206 0.802273 -0.048297
v -2.332206 0.775968 -0.485250
v -3.202311 0.055492 -0.599958
v -3.173372 0.620492 -0.633971
v -3.202311 0.030384 -1.017029
v -3.173372 0.595384 -1.051042
v -3.192343 0.052608 -0.599784
v -3.192343 0.027500 -1.016855
v -3.164541 0.603408 -0.632943
v -3.164541 0.578300 -1.050014
v -0.819020 2.641753 -1.082821
v -0.819020 2.779388 -0.999614
v -0.819095 2.885311 -0.173698
v -0.819020 2.158645 -1.059273
v -0.819020 0.909967 -0.973585
v -0.819020 2.090644 -1.055179
v -0.819020 0.170287 -0.885126
v -0.819057 0.160148 -0.884516
v -0.994939 0.485300 -0.640469
v -0.994939 0.413222 -0.623238
v -0.994939 0.351385 -0.582393
v -0.994939 0.307246 -0.522862
v -0.994939 0.286129 -0.451826
v -0.994939 0.290582 -0.377850
v -0.994939 0.320068 -0.309859
v -0.994939 0.371031 -0.256054
v -0.994939 0.437321 -0.222923
v -0.994939 0.510946 -0.214463
v -0.994939 0.583024 -0.231695
v -0.994939 0.644861 -0.272538
v -0.994939 0.689000 -0.332069
v -0.994939 0.710117 -0.403107
v -0.994939 0.705664 -0.477082
v -0.994939 0.676178 -0.545072
v -0.994939 0.625215 -0.598878
v -0.994939 0.558924 -0.632009
v -1.059118 0.485300 -0.640469
v -1.059118 0.413222 -0.623238
v -1.059118 0.351385 -0.582393
v -1.059118 0.307246 -0.522862
v -1.059118 0.286129 -0.451826
v -1.059118 0.290582 -0.377850
v -1.059118 0.320068 -0.309859
v -1.059118 0.371031 -0.256054
v -1.059118 0.437321 -0.222923
v -1.059118 0.510946 -0.214463
v -1.059118 0.583024 -0.231695
v -1.059118 0.644861 -0.272538
v -1.059118 0.689000 -0.332069
v -1.059118 0.710117 -0.403107
v -1.059118 0.705664 -0.477082
v -1.059118 0.676178 -0.545072
v -1.059118 0.625215 -0.598878
v -1.059118 0.558924 -0.632009
v -1.001935 0.431732 -0.580556
v -1.001935 0.488096 -0.594030
v -1.001935 0.383375 -0.548616
v -1.001935 0.348861 -0.502064
v -1.001935 0.332348 -0.446514
v -1.001935 0.335830 -0.388667
v -1.001935 0.358888 -0.335500
v -1.001935 0.398738 -0.293424
v -1.001935 0.450577 -0.267516
v -1.001935 0.508150 -0.260901
v -1.001935 0.564514 -0.274376
v -1.001935 0.612871 -0.306315
v -1.001935 0.647385 -0.352867
v -1.001935 0.663898 -0.408417
v -1.001935 0.660416 -0.466264
v -1.001935 0.637358 -0.519432
v -1.001935 0.597508 -0.561507
v -1.001935 0.545669 -0.587415
v -1.052122 0.431732 -0.580556
v -1.052122 0.488096 -0.594030
v -1.052122 0.383375 -0.548616
v -1.052122 0.348861 -0.502064
v -1.052122 0.332348 -0.446514
v -1.052122 0.335830 -0.388667
v -1.052122 0.358888 -0.335500
v -1.052122 0.398738 -0.293424
v -1.052122 0.450577 -0.267516
v -1.052122 0.508150 -0.260901
v -1.052122 0.564514 -0.274376
v -1.052122 0.612871 -0.306315
v -1.052122 0.647385 -0.352867
v -1.052122 0.663898 -0.408417
v -1.052122 0.660416 -0.466264
v -1.052122 0.637358 -0.519432
v -1.052122 0.597508 -0.561507
v -1.052122 0.545669 -0.587415
v -2.990854 0.783674 -0.643795
v -2.990854 0.758566 -1.060866
v -2.985664 0.765684 -0.642712
v -2.985664 0.740576 -1.059783
v -2.337434 0.783624 -0.643792
v -2.337434 0.758517 -1.060863
v -2.337434 0.765635 -0.642709
v -2.337434 0.740527 -1.059780
v -1.472558 0.055492 -0.599958
v -1.501497 0.620492 -0.633971
v -1.472558 0.030384 -1.017029
v -1.501497 0.595384 -1.051042
v -1.482526 0.052608 -0.599784
v -1.482526 0.027500 -1.016855
v -1.510327 0.603408 -0.632943
v -1.510327 0.578300 -1.050014
v -1.684015 0.783674 -0.643795
v -1.684015 0.758566 -1.060866
v -1.689204 0.765684 -0.642712
v -1.689204 0.740576 -1.059783
v 1.531273 1.813078 -1.340905
v 1.513479 1.786020 -1.344772
v 1.536189 1.797075 -1.161131
v 1.554535 1.823503 -1.167731
v 1.581832 1.813078 -1.340905
v 1.596741 1.794159 -1.357676
v 1.613849 1.823616 -1.165864
v 1.635412 1.806887 -1.146258
v 1.513479 1.342684 -1.318083
v 1.531273 1.316285 -1.310998
v 1.554535 1.326711 -1.137824
v 1.536189 1.353740 -1.134442
v 1.596741 1.333056 -1.329917
v 1.581832 1.316285 -1.310998
v 1.635412 1.345783 -1.118499
v 1.613849 1.326823 -1.135957
v 1.510839 1.794159 -1.357676
v 1.538829 1.806704 -1.149297
v 1.538829 1.345600 -1.121538
v 1.510839 1.333056 -1.329917
v 1.603326 1.485006 -1.177918
v 1.603326 1.408812 -1.173331
v 1.554435 1.484879 -1.180025
v 1.554435 1.408685 -1.175438
v 1.554435 1.491945 -1.062662
v 1.603326 1.492072 -1.060556
v 1.603326 1.415878 -1.055969
v 1.554435 1.415751 -1.058075
v 2.251543 0.367041 -0.908705
v 2.231230 0.356130 -1.043583
v 2.399805 1.038200 -0.774353
v 2.411007 0.969455 -0.682330
v 2.409997 1.066141 -0.559993
v 2.460622 1.182520 -0.641081
v 2.766333 1.281881 -0.071504
v 2.848175 1.185433 -0.058836
v 2.854813 0.211113 -0.010699
v 2.513634 0.142990 -0.658944
v 2.238381 0.455124 -1.052549
v 2.253471 0.460590 -0.912376
v -0.395553 2.739296 -1.170843
v 0.271211 2.585419 -1.148309
v 0.560974 2.429897 -1.138946
v -0.819020 2.739475 -1.170854
v 0.645893 2.351400 -1.133874
v 1.466982 2.051597 -1.116172
v 1.521830 1.950077 -1.068680
v 1.696484 1.513245 -0.971848
v 1.932346 1.462216 -0.802530
v 2.133629 1.405246 -0.806432
v 2.291637 1.318045 -0.780414
v 2.400987 1.261451 -0.744304
v 2.443072 1.187453 -0.728418
v 2.396621 1.091189 -0.670015
v -0.819020 2.728789 -0.971005
v -0.906223 2.728789 -0.971005
v -0.906223 2.767893 -0.166629
v 1.225479 2.149945 -1.122093
v 1.391897 2.095917 -1.118840
v 0.814801 2.219035 -1.126252
v 0.759879 2.239677 -1.127495
v 0.717187 2.263401 -1.129314
v -0.819020 2.734132 -1.070929
v 2.405834 1.039605 -0.617785
v 2.413943 1.147427 -0.703186
v 1.537620 0.512669 -0.967148
v 1.540397 0.512825 -1.040222
v 1.598924 0.628499 -0.974089
v 1.604359 0.636450 -1.042950
v 1.921469 0.765093 -0.982269
v 1.923531 0.772557 -1.048018
v 2.057961 0.715719 -0.979052
v 2.052391 0.722046 -1.044600
v 2.123091 0.640289 -0.975492
v 2.120724 0.649763 -1.041257
v 2.140372 0.567491 -0.969577
v 2.146453 0.575678 -1.036174
v 2.144629 0.364530 -0.986529
v 2.137835 0.337238 -1.014362
v 2.115957 0.086067 -1.001318
v 2.114863 0.093414 -0.962829
v 2.128017 0.105130 -0.961650
v 2.229923 0.102094 -1.025468
v 2.232539 0.765926 -0.983495
v 1.515457 1.620203 -1.097843
v 1.621284 1.076174 -1.065252
v 1.497401 1.433071 -1.084324
v 0.750648 1.449023 -1.085285
v 1.440424 1.285993 -1.075470
v 0.787886 1.904396 -1.112699
v 1.310760 1.883114 -1.113374
v 0.782989 0.578859 -1.040431
v 0.736201 0.709009 -1.055140
v 1.218601 0.578859 -1.040431
v 2.249494 0.800313 -1.013538
v 1.267901 1.301246 -1.076388
v 1.353275 1.088046 -1.083270
v 1.182592 1.890566 -1.111866
v 1.606025 0.916702 -1.056102
v 0.719544 0.707927 -1.055075
v 1.546502 1.688880 -1.097225
v 1.620478 1.221679 -1.072820
v 0.888035 0.578859 -1.040431
v 0.780511 1.930258 -1.119113
v 0.749885 1.567525 -1.092419
v 0.768460 0.767213 -1.058644
v 0.737133 0.689679 -1.053977
v 1.312153 0.578157 -1.052083
v 2.255297 0.794785 -0.973237
v 1.468383 1.552145 -1.091493
v 1.492698 1.081398 -1.079795
v 1.318043 1.221207 -1.081502
v 1.359535 0.948381 -1.069295
v 1.287826 0.648198 -1.047559
v 0.807665 0.676144 -1.053162
v 0.720477 0.688596 -1.053911
v 0.717118 0.759787 -1.058197
v 1.475668 1.221169 -1.082134
v 1.500236 0.946001 -1.067931
v 1.369760 0.643575 -1.047229
v 2.247491 0.838048 -1.073075
v 0.860101 0.758254 -1.058105
v 0.858639 0.682435 -1.053541
v 1.086101 0.578859 -1.040431
v 1.146228 0.578859 -1.040431
v 2.132968 0.910501 -1.056909
v 2.124739 0.954936 -1.050647
v 1.152610 1.316689 -1.083995
v 1.202543 1.309828 -1.083582
v 1.192139 1.096013 -1.083750
v 1.242272 1.093885 -1.083622
v 1.124714 1.892313 -1.118648
v 1.058391 1.886358 -1.117103
v 1.138483 0.644132 -1.047314
v 1.191707 0.645528 -1.047398
v 1.196949 0.951102 -1.069459
v 1.247628 0.950396 -1.069417
v 1.175501 1.221132 -1.082760
v 1.225478 1.221132 -1.082760
v 1.055227 1.939481 -1.120353
v 1.203573 1.444152 -1.091668
v 1.153706 1.444636 -1.091698
v 1.140067 1.562157 -1.098772
v 1.189840 1.561699 -1.098745
v 0.597772 0.165391 -0.966458
v 2.489121 0.581005 -0.556906
v 2.073757 1.048568 -1.063754
v 1.577471 1.356676 -1.080990
v 0.691879 1.411227 -1.093493
v 0.691879 1.116805 -1.085002
v 0.835512 0.578859 -1.040431
v 0.849844 1.110538 -1.084624
v 0.751391 0.758254 -1.058105
v 1.184556 1.921107 -1.115223
v 1.365282 0.821826 -1.058011
v 0.765592 1.881957 -1.111348
v 1.349545 1.865360 -1.111306
v 2.430946 0.700528 -0.679632
v 0.727679 0.712472 -1.055349
v 0.775734 1.113683 -1.084814
v 0.936640 1.106854 -1.084404
v 0.961517 1.899069 -1.112378
v 0.740116 0.699568 -1.054572
v 1.368697 0.544594 -1.045579
v 1.915723 1.091458 -1.064048
v 1.487052 1.571770 -1.095318
v 1.538172 1.081024 -1.074862
v 0.749122 1.767717 -1.104470
v 1.328770 0.684020 -1.049715
v 1.412603 1.749599 -1.103380
v 0.828530 1.912266 -1.118030
v 0.937856 1.912252 -1.117535
v 0.822778 1.221206 -1.081520
v 0.923674 1.221207 -1.081502
v 1.469100 1.297776 -1.076180
v 1.568035 1.437940 -1.086191
v 1.488768 1.376090 -1.080894
v 0.790292 0.767330 -1.058651
v 0.843032 0.767213 -1.058644
v 0.775942 0.676528 -1.053185
v 0.766458 1.406466 -1.082723
v 0.716561 0.698038 -1.054480
v 0.691879 0.659369 -1.048231
v 0.728998 0.685134 -1.053703
v 0.709037 0.748893 -1.057541
v 0.691879 0.785879 -1.055847
v 0.731246 0.766537 -1.058604
v 0.691879 1.564832 -1.102740
v 0.739658 1.566022 -1.097570
v 0.691879 1.221074 -1.083727
v 0.762713 1.221139 -1.082632
v 0.689205 1.952268 -1.121783
v 0.746550 1.949337 -1.120441
v 1.526268 1.221280 -1.080108
v 1.507014 0.822877 -1.058074
v 1.545707 0.944551 -1.064903
v 1.415946 0.687381 -1.049866
v 1.406682 0.645337 -1.045928
v 0.827378 1.902899 -1.112608
v 1.040079 1.332554 -1.078273
v 1.516727 1.459843 -1.088683
v 1.321381 1.908078 -1.115715
v 1.522770 1.254317 -1.079089
v 0.953168 0.578859 -1.040431
v 0.890770 1.359128 -1.079873
v 1.038106 1.102549 -1.084144
v 1.039445 1.221207 -1.081502
v 0.978353 0.842677 -1.059266
v 0.955564 0.654158 -1.047917
v 0.868170 0.698180 -1.054488
v 0.868621 0.742828 -1.057176
v 1.224106 0.681177 -1.049544
v 1.171669 0.679759 -1.049459
v 1.252590 0.820600 -1.057937
v 1.201387 0.820039 -1.057903
v 1.118240 1.924257 -1.119296
v 1.206224 1.325382 -1.084518
v 1.156227 1.331064 -1.084860
v 1.073703 1.869547 -1.117278
v 1.125716 1.869143 -1.117253
v 1.206762 1.392545 -1.088562
v 1.156798 1.395037 -1.088712
v 1.100501 1.761939 -1.110799
v 1.150374 1.761156 -1.110752
v 1.022320 1.926219 -1.119624
v 1.090423 0.643401 -1.047270
v 1.032887 0.578859 -1.040431
v 1.140995 0.951886 -1.069506
v 2.411509 0.989612 -0.541197
v 1.119930 1.321380 -1.080940
v 1.129217 1.221170 -1.082131
v 1.136637 1.098368 -1.083892
v 1.038574 1.896449 -1.115559
v 1.371987 1.880718 -1.113568
v 1.513403 1.404423 -1.085244
v 1.447529 0.681044 -1.047457
v 1.439693 1.772547 -1.106280
v 0.691879 1.937953 -1.125155
v 0.745323 1.882155 -1.116601
v 0.691879 1.881586 -1.121762
v 0.691879 1.755748 -1.114234
v 0.691879 0.760332 -1.054309
v 0.691879 0.689692 -1.050056
v 1.119337 0.678336 -1.049373
v 0.969281 0.686779 -1.049881
v 0.980675 0.781495 -1.055583
v 1.145041 0.819426 -1.057867
v 0.729152 0.756342 -1.057990
v 0.736484 1.761425 -1.109333
v 0.749063 1.934810 -1.122139
v 1.504816 1.322017 -1.080358
v 1.553385 0.819823 -1.056159
v 0.752816 0.677071 -1.053218
v 0.740530 0.720311 -1.055821
v 0.789469 0.761039 -1.058273
v 0.768069 0.760937 -1.058267
v 0.843422 0.760937 -1.058267
v 0.808472 0.681440 -1.053481
v 0.774875 0.682016 -1.053515
v 0.862855 0.699504 -1.054568
v 0.855047 0.687354 -1.053837
v 0.864005 0.741324 -1.057086
v 2.423720 0.864704 -0.637302
v 0.856764 0.753607 -1.057825
v 0.754728 0.753607 -1.057825
v 2.429836 0.786621 -0.652044
v 0.756091 0.685396 -1.053719
v 0.748637 0.699504 -1.054568
v 0.743322 0.698180 -1.054488
v 0.710065 0.694330 -1.054257
v 0.716253 0.683846 -1.053625
v 0.726132 0.677071 -1.053218
v 0.723222 0.711138 -1.055269
v 0.739472 0.694280 -1.054254
v 0.717710 0.692865 -1.054168
v 0.724441 0.685882 -1.053748
v 0.732237 0.711724 -1.055304
v 0.738967 0.704741 -1.054883
v 0.717205 0.703326 -1.054798
v 0.733455 0.686468 -1.053783
v 0.789469 0.761977 -1.042681
v 0.768069 0.761876 -1.042675
v 0.843422 0.761876 -1.042675
v 0.754728 0.754546 -1.042233
v 0.808472 0.682378 -1.037889
v 0.862855 0.700443 -1.038976
v 0.855047 0.688293 -1.038245
v 0.864005 0.742262 -1.041494
v 2.269403 0.665313 -1.057515
v 0.856764 0.754546 -1.042233
v 0.774875 0.682954 -1.037924
v 0.756091 0.686334 -1.038127
v 2.256488 0.699672 -0.938940
v 0.748637 0.700443 -1.038976
v 0.619438 1.120472 -1.079097
v 0.072782 1.123665 -1.077278
v 0.611797 0.750549 -1.057558
v 0.071126 0.762536 -1.058280
v 0.611797 0.678781 -1.053238
v 0.516171 1.120613 -1.078982
v 0.528207 0.754782 -1.057813
v 0.071126 0.674037 -1.052952
v 0.528207 0.674037 -1.052952
v 0.627290 0.585965 -1.047650
v 0.071126 0.585965 -1.047650
v 0.524295 0.585965 -1.047650
v 0.517074 1.864768 -1.119482
v 0.517397 1.738182 -1.111820
v 0.517384 1.211077 -1.080716
v 0.517104 1.930909 -1.123464
v 0.071126 0.827036 -1.062163
v 0.515822 1.960307 -1.123843
v 0.526251 0.823193 -1.061931
v 2.228834 0.636376 -0.992686
v 0.622596 0.643294 -1.051101
v 0.622596 0.823193 -1.061931
v 2.173310 0.624954 -1.030352
v 2.170972 0.739107 -1.043634
v 0.526251 0.643323 -1.051103
v 0.071126 0.643330 -1.051103
v 0.621797 1.552813 -1.100852
v 0.622403 1.415625 -1.092676
v 0.621026 1.931899 -1.123725
v 0.619886 1.634774 -1.105577
v 0.619876 1.959384 -1.123662
v 0.621133 1.867133 -1.119826
v 0.621749 1.740743 -1.112165
v 0.621797 1.212484 -1.081139
v 0.611797 0.751056 -1.049138
v 0.611797 0.679288 -1.044818
v 0.528207 0.755289 -1.049393
v 2.053639 0.776965 -1.046098
v 2.068720 0.878868 -1.051785
v 0.528207 0.674544 -1.044532
v -0.329317 1.123250 -1.077692
v -0.322030 0.674037 -1.052952
v -0.322030 0.762536 -1.058280
v -0.322030 0.585965 -1.047650
v -0.819020 1.151839 -1.082338
v -0.819020 0.730059 -1.046634
v -0.819020 0.788234 -1.052105
v -0.819020 0.671885 -1.041164
v -0.322030 0.643330 -1.051103
v 1.917301 0.957686 -1.056951
v -0.322030 0.827070 -1.062165
v 0.501491 0.533546 -0.988621
v -0.809797 1.164617 -0.932391
v 0.465017 0.251406 -1.027234
v 0.465714 0.474040 -1.040637
v 0.610957 0.158949 -0.904432
v 0.611681 0.553371 -0.930045
v 0.693064 0.531737 -0.978573
v 2.424263 0.771498 -0.633578
v -0.336461 1.964221 -1.124618
v -0.641353 1.532284 -1.097810
v 0.517384 1.550790 -1.100539
v -0.008698 1.520911 -1.097131
v -0.087409 1.964221 -1.124618
v 0.560114 0.474040 -1.040637
v -0.329195 1.205113 -1.078919
v -0.819020 1.217369 -1.087451
v -0.642564 1.646810 -1.104691
v -0.334287 1.854739 -1.118027
v -0.666585 1.727344 -1.110358
v -0.085789 1.854738 -1.118027
v -0.336902 1.926711 -1.122360
v -0.819020 1.863514 -1.137866
v 0.074361 1.631416 -1.104583
v -0.321735 1.758456 -1.111346
v -0.665993 1.441033 -1.093122
v 2.411275 0.847312 -0.696033
v 0.517875 1.416416 -1.092517
v 0.074323 1.964221 -1.124618
v -0.086511 1.926711 -1.122360
v 0.074361 1.542206 -1.099212
v 0.515838 1.634133 -1.105388
v 1.483895 1.713601 -1.103563
v 0.074361 1.321183 -1.085907
v 0.074636 1.727315 -1.110356
v -0.007446 1.635810 -1.104045
v 0.075552 1.854734 -1.118027
v 0.074361 1.419772 -1.091842
v 0.074361 1.205113 -1.078919
v -0.322632 1.410268 -1.090385
v 0.076164 1.926711 -1.122360
v -0.594460 1.754121 -1.111203
v -0.635115 1.732886 -1.109891
v -0.055854 1.414567 -1.090762
v -0.023383 1.431328 -1.091765
v -0.633907 1.435885 -1.092038
v -0.594466 1.415373 -1.090811
v -0.015134 1.732975 -1.109922
v -0.054803 1.753359 -1.111158
v -0.619823 2.329667 -1.157928
v -0.620669 2.213875 -1.150971
v -0.642610 2.208682 -1.153621
v 0.015441 2.219959 -1.146809
v -0.641849 2.333075 -1.161094
v -0.321758 2.450194 -1.164469
v -0.013683 2.283698 -1.151016
v -0.322655 2.102006 -1.143518
v -0.614688 2.414740 -1.162967
v -0.614498 2.138291 -1.146320
v -0.594464 2.445675 -1.167388
v -0.635117 2.424413 -1.166531
v -0.055892 2.106486 -1.140900
v -0.016424 2.126887 -1.141676
v -0.633908 2.127413 -1.148665
v -0.594470 2.106927 -1.146995
v -0.076016 2.354858 -1.156043
v -0.158547 2.391084 -1.159148
v -0.614582 2.414177 -1.172320
v -0.614393 2.137727 -1.155674
v -0.575511 2.434754 -1.173109
v -0.575518 2.117030 -1.153982
v -0.322738 2.115972 -1.151187
v -0.321915 2.435409 -1.170408
v -0.074620 2.116623 -1.148314
v -0.172067 2.378849 -1.165239
v -0.012560 2.224185 -1.154207
v -0.038470 2.281750 -1.157924
v -0.035707 2.137234 -1.149124
v -0.095563 2.346146 -1.162404
v 1.182586 1.890811 -1.107663
v 0.765586 1.882204 -1.107145
v 0.787880 1.904643 -1.108496
v 1.349540 1.865608 -1.107104
v 0.961511 1.899316 -1.108175
v 0.750642 1.449270 -1.081082
v 0.749117 1.767964 -1.100268
v 1.412597 1.749845 -1.099177
v 1.469094 1.298023 -1.071977
v 1.440418 1.286240 -1.071267
v 0.749879 1.567772 -1.088216
v 1.488762 1.376337 -1.076691
v 0.766452 1.406713 -1.078520
v 1.267895 1.301493 -1.072186
v 0.827372 1.903146 -1.108406
v 1.040073 1.332800 -1.074070
v 1.468377 1.552392 -1.087290
v 0.890764 1.359375 -1.075670
v 1.206218 1.325628 -1.080317
v 1.202537 1.310075 -1.079380
v 1.156222 1.331310 -1.080659
v 1.073697 1.869794 -1.113076
v 1.058385 1.886604 -1.112900
v 1.125710 1.869390 -1.113052
v 1.203568 1.444399 -1.087467
v 1.140061 1.562404 -1.094571
v 1.189834 1.561946 -1.094543
v 1.206756 1.392792 -1.084360
v 1.156793 1.395284 -1.084510
v 1.153700 1.444883 -1.087496
v 1.100495 1.762186 -1.106598
v 1.150368 1.761403 -1.106551
v 1.119924 1.321627 -1.076737
v 1.152604 1.316936 -1.079793
v 1.038568 1.896696 -1.111356
v 1.310755 1.883361 -1.109171
v 1.497395 1.433317 -1.080122
v 1.124708 1.892560 -1.114446
v 1.166131 0.515748 -0.983838
v 1.032887 0.515748 -0.983838
v 0.939864 0.515748 -0.983838
v 0.782989 0.512759 -1.033497
v 1.231264 0.515748 -0.983838
v 0.888035 0.512759 -1.033497
v 1.312153 0.512356 -1.040194
v 0.939864 0.512759 -1.033497
v 0.706491 0.512759 -1.033497
v 0.835512 0.512759 -1.033497
v 1.231264 0.512759 -1.033497
v 1.390326 0.227024 -1.023017
v 1.099509 0.512759 -1.033497
v 1.032887 0.512759 -1.033497
v 1.166131 0.512759 -1.033497
v 0.782989 0.397945 -1.056045
v 1.312153 0.515753 -0.983756
v 0.888035 0.397945 -1.056045
v 1.312153 0.399308 -1.033389
v 0.939864 0.397945 -1.056045
v 0.706491 0.411261 -1.027387
v 0.835512 0.397945 -1.056045
v 1.231264 0.397945 -1.056045
v 1.099509 0.397945 -1.056045
v 1.032887 0.397945 -1.056045
v 1.166131 0.397945 -1.056045
v 0.782989 0.333976 -1.052194
v 0.888035 0.515748 -0.983838
v 0.888035 0.333976 -1.052194
v 1.312153 0.335340 -1.029538
v 0.939864 0.333976 -1.052194
v 0.706491 0.335743 -1.022841
v 0.835512 0.333976 -1.052194
v 1.231264 0.333976 -1.052194
v 1.354410 0.335340 -1.029538
v 1.099509 0.333976 -1.052194
v 1.032887 0.333976 -1.052194
v 1.166131 0.333976 -1.052194
v 0.782989 0.225660 -1.045673
v 0.782989 0.515748 -0.983838
v 0.888035 0.225660 -1.045673
v 1.312153 0.227024 -1.023017
v 0.939864 0.225660 -1.045673
v 0.706491 0.266683 -1.018683
v 0.835512 0.225660 -1.045673
v 1.231264 0.225660 -1.045673
v 1.354410 0.399308 -1.033389
v 1.099509 0.225660 -1.045673
v 1.032887 0.225660 -1.045673
v 1.166131 0.225660 -1.045673
v 0.835512 0.515748 -0.983838
v 0.888035 0.150333 -1.047552
v 1.312153 0.152082 -1.018505
v 0.706491 0.152485 -1.011809
v 1.099509 0.150333 -1.047552
v 1.099509 0.515748 -0.983838
v 0.835512 0.400934 -1.006386
v 0.782989 0.400934 -1.006386
v 0.888035 0.400934 -1.006386
v 1.312153 0.400939 -1.006304
v 1.231264 0.400934 -1.006386
v 0.939864 0.400934 -1.006386
v 1.032887 0.400934 -1.006386
v 1.166131 0.400934 -1.006386
v 1.099509 0.400934 -1.006386
v 0.835512 0.338733 -0.973181
v 0.782989 0.338733 -0.973181
v 0.888035 0.338733 -0.973181
v 1.312153 0.338738 -0.973100
v 1.231264 0.338733 -0.973181
v 0.939864 0.338733 -0.973181
v 1.032887 0.338733 -0.973181
v 1.166131 0.338733 -0.973181
v 1.099509 0.338733 -0.973181
v 0.835512 0.228650 -0.996014
v 0.782989 0.228650 -0.996014
v 0.888035 0.228650 -0.996014
v 1.312153 0.228655 -0.995932
v 1.231264 0.228650 -0.996014
v 0.939864 0.228650 -0.996014
v 1.032887 0.228650 -0.996014
v 1.166131 0.228650 -0.996014
v 1.099509 0.228650 -0.996014
v 0.808472 0.720522 -1.051161
v 0.774875 0.720522 -1.051161
v 0.836617 0.720522 -1.051161
v 0.862855 0.720522 -1.051161
v 0.855047 0.720522 -1.051161
v 0.745648 0.720522 -1.051161
v 0.756091 0.720522 -1.051161
v 0.748637 0.720522 -1.051161
v 0.836617 0.721461 -1.035569
v 0.808472 0.721461 -1.035569
v 0.862855 0.721461 -1.035569
v 0.855047 0.721461 -1.035569
v 0.774875 0.721461 -1.035569
v 0.756091 0.721461 -1.035569
v 0.745648 0.721461 -1.035569
v 0.748637 0.721461 -1.035569
v 0.836617 0.670956 -1.048177
v 0.808472 0.670956 -1.048177
v 0.862855 0.670956 -1.048177
v 0.855047 0.670956 -1.048177
v 0.774875 0.670956 -1.048177
v 0.756091 0.670956 -1.048177
v 0.745648 0.670956 -1.048177
v 0.748637 0.670956 -1.048177
v 0.748637 0.671894 -1.032585
v 0.745648 0.671894 -1.032585
v 0.836617 0.671894 -1.032585
v 0.808472 0.671894 -1.032585
v 0.862855 0.671894 -1.032585
v 0.855047 0.671894 -1.032585
v 0.774875 0.671894 -1.032585
v 0.756091 0.671894 -1.032585
v 0.554588 0.753769 -1.053954
v 0.520992 0.753769 -1.053954
v 0.574663 0.745972 -1.053485
v 0.608971 0.736348 -1.052905
v 0.593796 0.739803 -1.053113
v 0.593796 0.683991 -1.034909
v 0.608971 0.687448 -1.035117
v 0.554588 0.670027 -1.034068
v 0.574663 0.677824 -1.034537
v 0.574663 0.676933 -1.049328
v 0.554588 0.669136 -1.048859
v 0.608971 0.686558 -1.049908
v 0.593796 0.683101 -1.049700
v 0.520992 0.669136 -1.048859
v 0.520992 0.754660 -1.039163
v 0.593796 0.740694 -1.038322
v 0.608971 0.737238 -1.038114
v 0.554588 0.754660 -1.039163
v 0.574663 0.746863 -1.038693
v 0.520992 0.670027 -1.034068
v 0.749568 1.650780 -1.097431
v 1.445185 1.634260 -1.096436
v 1.173427 1.644648 -1.103738
v 1.123613 1.645241 -1.103774
v 0.691879 1.644229 -1.107520
v 0.738338 1.647285 -1.102462
v 1.464291 1.652038 -1.100048
v 0.749562 1.651027 -1.093228
v 1.445180 1.634507 -1.092233
v 1.173421 1.644895 -1.099537
v 1.123607 1.645488 -1.099573
v 2.435352 0.698471 -0.631205
v 2.410254 0.937995 -0.616682
v 1.918767 1.229855 -0.995331
v 2.105073 1.177829 -0.993611
v 2.174263 1.085797 -0.983186
v 2.188542 1.039584 -0.984006
v 2.233260 0.969029 -1.012891
v 2.276765 0.871437 -0.889002
v 2.270989 0.921013 -0.938228
v 2.249254 0.937736 -0.965314
v 2.396944 1.029479 -0.540587
v -0.819031 2.772060 -0.784385
v -0.906223 0.174192 -0.651235
v -0.906223 2.657412 -0.863117
v -0.906223 2.772060 -0.784385
v 2.507351 1.139274 -0.530206
v 1.543601 2.074713 -0.861069
v 1.705956 1.545482 -0.807089
v -0.395553 2.861705 -0.896656
v 0.271211 2.696720 -0.886724
v 0.560778 2.541938 -0.877406
v 1.919648 1.520505 -0.629989
v -0.819031 2.861705 -0.896656
v 2.138926 1.477547 -0.627420
v 0.660177 2.463768 -0.872353
v 2.281540 1.377467 -0.602761
v 2.395229 1.322588 -0.568691
v 2.471904 1.255520 -0.537335
v 1.476679 2.137247 -0.923172
v -0.906223 0.634163 -0.740294
v -0.906223 0.593495 -0.676698
v -0.906223 0.577151 -0.675705
v -0.906223 0.186124 -0.651966
v 1.230316 2.237732 -0.859074
v 1.402879 2.169194 -0.925096
v 0.828836 2.334508 -0.864919
v 0.778262 2.349864 -0.865843
v 0.736652 2.371077 -0.868041
v -0.906223 0.920704 -0.757682
v -0.819031 2.795461 -0.874295
v 2.504959 1.207519 -0.537694
v 2.428511 1.074023 -0.479112
v -0.906223 2.734723 -0.848955
v 2.450412 0.487120 -0.593374
v 2.456096 0.575981 -0.609419
v -0.819063 2.794628 -0.510260
v -0.906223 2.685275 -0.513225
v -0.906223 2.794628 -0.510260
v 2.737661 1.216752 -0.259716
v 1.705874 1.582473 -0.452291
v 0.271211 2.744085 -0.562450
v 0.560778 2.589304 -0.553132
v 1.919554 1.553861 -0.362770
v 2.138933 1.511038 -0.360192
v 0.660177 2.511134 -0.548079
v 2.337625 1.430890 -0.356950
v 2.388765 1.351229 -0.346768
v 2.492089 1.282083 -0.348310
v 1.476679 2.187701 -0.528955
v 2.604529 0.160518 -0.453639
v -0.906223 0.656526 -0.390582
v -0.906223 0.613899 -0.357442
v -0.906223 0.597503 -0.356450
v -0.906223 0.205402 -0.332745
v 1.230318 2.279278 -0.534468
v 1.402866 2.219653 -0.530878
v 0.828836 2.366572 -0.539723
v -0.906223 0.943811 -0.407946
v 2.467861 0.399733 -0.463923
v 2.770027 1.175662 -0.106965
v -0.906223 2.751308 -0.507792
v 2.612463 0.675731 -0.004878
v 2.632083 0.620012 -0.066720
v 2.787789 1.070054 -0.038862
v 2.774433 1.098709 -0.103730
v -0.906223 0.193409 -0.332018
v 1.543601 2.136153 -0.496683
v -0.395553 2.923174 -0.573231
v -0.819063 2.923174 -0.573231
v 0.778272 2.381921 -0.540647
v 0.736657 2.418468 -0.543308
v -0.819063 2.840385 -0.523996
v 2.634618 1.245072 -0.306537
v -0.819020 0.659911 -0.941977
v -0.906223 0.805080 -0.876275
v -0.906223 0.858902 -0.051706
v -0.819020 0.776237 -0.957257
v -0.819020 0.808247 -0.877677
v -0.906223 0.813247 -0.751161
v -0.906223 0.836074 -0.401434
v -0.819020 0.726777 -0.950140
v -0.819020 1.157357 -0.990682
v -0.906223 1.935045 -0.116491
v -0.906223 1.874669 -0.941274
v -0.819020 1.869412 -1.039891
v -0.819020 1.875311 -0.941915
v -0.906223 1.883830 -0.816128
v -0.906223 1.909437 -0.466309
v -0.819020 1.222922 -0.995213
v -0.330252 0.553371 -0.930045
v -0.335004 0.165391 -0.966458
v -0.334748 0.533546 -0.988621
v -0.330499 0.158949 -0.904432
v 0.559366 0.251406 -1.027234
v -0.348125 0.251406 -1.027234
v -0.347869 0.474040 -1.040637
v 0.078189 0.165391 -0.966458
v 0.078663 0.533546 -0.988621
v 0.053868 0.251406 -1.027234
v 0.054341 0.474040 -1.040637
v 0.086998 0.553371 -0.930045
v 0.086539 0.158949 -0.904432
v 0.598521 0.533546 -0.988621
v 0.500794 0.165391 -0.966458
v -0.819020 0.266385 -0.890912
v 0.513751 0.553371 -0.930045
v 0.513077 0.158949 -0.904432
v 0.692892 0.401547 -0.970310
v 0.676651 0.355834 -0.917219
v 0.676462 0.257065 -0.910806
v 0.559553 0.307065 -1.030585
v -0.819020 0.349468 -0.977540
v 0.662876 0.349468 -0.977540
v -0.819020 0.374075 -0.779483
v -0.906223 0.421267 -0.025361
v -0.906223 0.374548 -0.778041
v -0.819020 0.362723 -1.033935
v 0.622715 0.362723 -1.033935
v -0.819020 0.362484 -0.896697
v 0.559740 0.362723 -1.033935
v -0.906223 0.381638 -0.663835
v -0.906223 0.401452 -0.344598
v -0.347997 0.362723 -1.033935
v 0.054105 0.362723 -1.033935
v 0.465365 0.362723 -1.033935
v -0.348061 0.307064 -1.030584
v 0.053986 0.307064 -1.030584
v 0.465191 0.307065 -1.030585
v -0.819020 0.257429 -0.971999
v 0.662681 0.257429 -0.971999
v -0.819020 0.275718 -0.773561
v -0.906223 0.322973 -0.019443
v -0.906223 0.276887 -0.772104
v -0.819020 0.307064 -1.030584
v 0.622520 0.307065 -1.030585
v -0.906223 0.283881 -0.657900
v -0.906223 0.303427 -0.338672
v 1.455386 0.227024 -1.023017
v 1.529058 0.227024 -1.023017
v 1.537943 0.152082 -1.018505
v 1.528127 0.232060 -0.939365
v 1.537866 0.157107 -0.935030
v 1.528127 0.287568 -0.017312
v 1.537012 0.212626 -0.012800
v 1.603137 1.555449 -1.087725
v 1.651298 1.731273 -1.017186
v 1.658973 1.869692 -0.153317
v 1.636753 1.678728 -1.054269
v 1.604628 1.857555 -1.015056
v 1.613326 2.012053 -0.161887
v 1.588269 1.801257 -1.061977
v 1.641164 1.465857 -1.081347
v 1.682534 1.612308 -1.005095
v 1.694947 1.740227 -0.145523
v 1.671670 1.570268 -1.045041
v 1.557491 1.504656 -1.090790
v 1.079976 2.010141 -1.118255
v 1.147032 1.994125 -1.117573
v 1.154000 2.227287 -1.070710
v 1.086837 2.239040 -1.071417
v 1.153950 2.346257 -0.141246
v 1.086856 2.357995 -0.141953
v 1.087028 2.174426 -1.123567
v 1.154264 2.162834 -1.122869
v 1.086849 2.265997 -0.860775
v 1.153969 2.254254 -0.860069
v 1.086854 2.307542 -0.536169
v 1.153955 2.295801 -0.535462
v 1.553974 2.196222 -0.155063
v 1.716166 1.618093 -0.120260
v 1.669346 1.870766 -0.135471
v 1.623699 2.013127 -0.144041
v 1.705320 1.741301 -0.127677
v 1.558016 2.197592 -0.132296
v 1.720207 1.619464 -0.097493
v 1.673387 1.872137 -0.112704
v 1.627741 2.014498 -0.121274
v 1.709361 1.742672 -0.104910
v 1.752926 1.373765 -0.941658
v 1.733083 1.508223 -0.912021
v 1.732035 0.779577 -0.046931
v 1.705851 0.810316 -1.049293
v 1.758338 1.481151 -0.914737
v 1.738476 0.738549 -1.045964
v 1.733031 0.726384 -0.979898
v 1.730436 1.117904 -1.077079
v 1.731254 1.236316 -1.039189
v 1.721184 0.956765 -1.061811
v 1.737507 1.541794 -0.780941
v 1.737423 1.578248 -0.439074
v -0.819020 0.730915 -0.913615
v -0.819020 0.668640 -0.909866
v -0.795463 2.154590 -1.006608
v -0.795463 2.086588 -1.002515
v -0.809797 1.230217 -0.936340
v -0.906223 2.377102 -0.742770
v -0.906223 2.523708 -0.753961
v -0.906223 2.534899 -0.607355
v -0.906223 2.388294 -0.596164
v -0.906223 2.448088 -0.778728
v -0.906223 2.559666 -0.682976
v -0.906223 2.463914 -0.571397
v -0.906223 2.352336 -0.667150
v -0.943144 2.456000 -0.675062
v -0.906223 1.184007 -0.670945
v -0.906223 1.330613 -0.682136
v -0.906223 1.341804 -0.535530
v -0.906223 1.195198 -0.524339
v -0.906223 1.254993 -0.706903
v -0.906223 1.366571 -0.611151
v -0.906223 1.270819 -0.499572
v -0.906223 1.159240 -0.595325
v -0.943144 1.262906 -0.603237
v -2.623415 0.832858 -0.050139
v -2.687017 0.796556 -0.047953
v -2.687043 0.757173 -0.691805
v -2.623405 0.797247 -0.644989
v -2.659249 0.755485 -0.719529
v -2.188262 0.796556 -0.047953
v -2.247368 0.832858 -0.050139
v -2.188288 0.757173 -0.691805
v -2.216083 0.755485 -0.719529
v -2.247357 0.797246 -0.644989
v -2.685097 0.833749 -0.050192
v -2.685071 0.795550 -0.695048
v -2.657276 0.793900 -0.722776
v -2.186342 0.833749 -0.050192
v -2.186316 0.795550 -0.695048
v -2.214110 0.793900 -0.722776
v -3.115445 0.769065 -0.516137
v -3.115445 0.701952 -0.512097
v -0.898093 0.769065 -0.516137
v -0.898093 0.701952 -0.512097
v -3.188594 0.725041 -0.513487
v -3.188594 0.701952 -0.512097
v 0.676272 0.212626 -0.012800
v -0.819020 0.212626 -0.012800
v 0.610957 0.212626 -0.012800
v 0.888035 0.212626 -0.012800
v 1.312153 0.212626 -0.012800
v 0.706491 0.212626 -0.012800
v 1.456438 0.151855 -1.022280
v 1.099509 0.212626 -0.012800
v 1.391379 0.151855 -1.022280
v -0.330499 0.212626 -0.012800
v 0.086539 0.212626 -0.012800
v 0.513077 0.212626 -0.012800
v 1.229374 0.150333 -1.047552
v 1.164241 0.150333 -1.047552
v 0.938868 0.150333 -1.047552
v 1.031890 0.150333 -1.047552
v 0.835804 0.150333 -1.047552
v 0.783281 0.150333 -1.047552
v -3.188003 0.756255 -0.544850
v -3.188003 0.771046 -0.299156
v -3.188003 0.708142 -0.295369
v -3.188003 0.693351 -0.541064
v -3.152020 0.756674 -0.515391
v -3.152020 0.701952 -0.512097
v 2.728807 1.063759 -0.104159
v 2.399563 0.987684 -0.545035
v 2.439327 0.577669 -0.611252
v 2.425961 0.696893 -0.638217
v 2.458844 0.581803 -0.558912
v 2.608418 0.617484 -0.067683
v 2.399269 0.940850 -0.621213
v 2.417514 0.867492 -0.644892
v -3.079362 0.696858 -1.057151
v -3.117054 0.661193 -1.055004
v -3.117054 0.686301 -0.637933
v -3.079362 0.721966 -0.640080
v -3.086483 0.739471 -0.641134
v -3.124562 0.703986 -0.638998
v -3.124562 0.678878 -1.056069
v -3.086483 0.714363 -1.058205
v -1.561184 0.664670 -1.055213
v -1.599320 0.699923 -1.057335
v -1.599320 0.725031 -0.640264
v -1.561184 0.689778 -0.638142
v -1.553754 0.707483 -0.639208
v -1.592275 0.742558 -0.641320
v -1.592275 0.717450 -1.058391
v -1.553754 0.682375 -1.056279
v 2.381814 0.722628 -0.720985
v 2.393417 0.771480 -0.698319
v 2.390231 0.814751 -0.724338
v 2.267357 0.714440 -0.898059
v 2.249752 0.786686 -0.931686
v 2.315052 0.850497 -0.886584
v 0.271211 2.610664 -1.121762
v 0.560875 2.455513 -1.112422
v 0.653047 2.377180 -1.107359
v 1.471838 2.085453 -1.090144
v 1.528931 1.984115 -1.034222
v 1.697257 1.520444 -0.970309
v 1.932449 1.480694 -0.780312
v 2.135618 1.424247 -0.778016
v 2.290773 1.333648 -0.752587
v 2.400108 1.277258 -0.715850
v 2.455221 1.202932 -0.702767
v 2.380523 0.209483 -0.011536
v 1.227901 2.180409 -1.095860
v 1.397400 2.123576 -1.092439
v 0.821830 2.246370 -1.099831
v 0.726935 2.286826 -1.103006
v 2.405129 1.052526 -0.588512
v 2.355139 0.370290 -0.798390
v 2.317591 0.461771 -0.804707
v 2.411838 0.989690 -0.656751
v -0.395553 2.767578 -1.137833
v -0.819020 2.767667 -1.137838
v 2.402781 1.104807 -0.644653
v -0.819020 2.745929 -0.932586
v -0.906223 2.745929 -0.932586
v -0.906223 2.795317 -0.168280
v 0.769084 2.264366 -1.100914
v -0.819020 2.756798 -1.035212
v 2.434175 1.165354 -0.671384
v 2.395688 0.122679 -0.794442
v 2.345867 0.671839 -0.818789
v 2.377049 0.878418 -0.794234
v -0.906223 2.753423 -0.816616
v -0.906223 2.773004 -0.509028
v 1.644037 1.705044 -1.035697
v 1.596462 1.829453 -1.038477
v 1.677111 1.591323 -1.025035
v 1.154132 2.195114 -1.096745
v 1.086932 2.206787 -1.097448
v 1.745689 1.494710 -0.913376
v 2.345965 0.702180 -0.806832
v 2.357343 0.777429 -0.815685
v 2.370187 0.837856 -0.792418
v 2.427496 0.735934 -0.650969
v 2.424324 0.824645 -0.667965
v 2.414296 0.679039 -0.733865
v 2.405548 0.779022 -0.674907
v 2.223726 0.731331 -0.964598
v 2.273502 0.849577 -0.940960
v 2.373394 0.870617 -0.742379
v 2.388790 0.744310 -0.697428
v 2.394918 0.796903 -0.703445
v 2.360699 0.708710 -0.751636
v 2.376721 0.774324 -0.746793
v 2.243600 0.738539 -0.929830
v 2.279309 0.825745 -0.912898
v 2.384412 0.827927 -0.745834
v 2.398039 0.830012 -0.709636
v 2.291757 0.863616 -0.888820
v 2.243364 0.788722 -0.959789
v 2.261230 0.707608 -0.916391
v 2.399422 0.716296 -0.693488
v 2.283235 0.683042 -0.881340
v 2.349832 0.877089 -0.853414
v 2.315978 0.702006 -0.874754
v 2.300182 0.786623 -0.881889
v 2.356763 0.842216 -0.851076
v 2.372569 0.856339 -0.793452
v 2.344515 0.687250 -0.807738
v 2.351337 0.737683 -0.822813
v 2.366307 0.813404 -0.807345
v 2.382279 0.806469 -0.747884
v 2.369423 0.739769 -0.750353
v 2.373681 0.696086 -0.738295
v 2.353045 0.857908 -0.853008
v 2.384305 0.848127 -0.744782
v 2.400954 0.743084 -0.673180
v 2.232074 0.733997 -0.949041
v 2.307144 0.692634 -0.877478
v 2.286951 0.737517 -0.881260
v 2.340638 0.814416 -0.878424
v 2.402374 0.808963 -0.684389
v 2.273364 0.838688 -0.933362
v 1.536008 2.123418 0.750561
v 1.698028 1.632806 0.778515
v 1.543601 2.200037 -0.091683
v 1.705792 1.621909 -0.056879
v -0.641353 1.652918 0.906059
v -0.008698 1.641546 0.906749
v -0.642564 1.767443 0.899151
v -0.321735 1.879080 0.892364
v -0.007446 1.756445 0.899829
v -0.322632 1.530893 0.913325
v -0.594460 1.874759 0.892743
v -0.635115 1.853521 0.893987
v -0.055854 1.535206 0.913184
v -0.023383 1.551967 0.912169
v -0.633907 1.556523 0.911894
v -0.594466 1.536012 0.913135
v -0.015134 1.853613 0.894008
v -0.054803 1.873998 0.892788
v -0.614654 1.844067 0.901191
v -0.614464 1.567618 0.917833
v -0.575580 1.864616 0.899944
v -0.575587 1.546892 0.919071
v -0.322792 1.545678 0.919263
v -0.321969 1.865114 0.900032
v -0.074657 1.546148 0.919117
v -0.073676 1.863902 0.899988
v -0.035742 1.566734 0.917886
v -0.034612 1.843282 0.901238
v 1.195485 1.987476 0.879369
v 1.182586 2.010038 0.872829
v 0.996924 1.566417 0.904717
v 0.765586 2.001431 0.873348
v 0.787880 2.023870 0.871997
v 1.349540 1.984949 0.875299
v 1.310503 1.563372 0.904900
v 0.961511 2.018543 0.872317
v 0.750642 1.568497 0.899411
v 0.749117 1.887191 0.880225
v 1.412597 1.869072 0.881316
v 1.469094 1.417250 0.908516
v 1.440418 1.405467 0.909225
v 0.749879 1.686999 0.892277
v 1.488762 1.495564 0.903801
v 0.766452 1.525940 0.901972
v 0.806658 1.568264 0.904606
v 1.282937 1.436805 0.907338
v 1.267895 1.420720 0.908307
v 1.283909 1.682399 0.897735
v 1.232850 1.880086 0.885834
v 0.827372 2.022373 0.872087
v 1.304240 1.508287 0.908217
v 1.040073 1.452027 0.906422
v 0.803311 1.686818 0.897469
v 0.984799 1.685149 0.897569
v 1.468377 1.671619 0.893203
v 0.890764 1.478601 0.904822
v 1.206218 1.445656 0.913484
v 1.202537 1.430103 0.914420
v 1.156222 1.451338 0.913142
v 1.073697 1.989822 0.880725
v 1.058385 2.006490 0.878533
v 1.125710 1.989418 0.880749
v 1.203568 1.564427 0.906334
v 1.140061 1.682432 0.899230
v 1.189834 1.681974 0.899257
v 1.206756 1.512820 0.909440
v 1.156793 1.515312 0.909290
v 1.153700 1.564911 0.906304
v 1.100495 1.882214 0.887203
v 1.150368 1.881431 0.887250
v 1.119924 1.441255 0.910410
v 1.152604 1.436964 0.914007
v 1.038568 2.016324 0.875790
v 1.115841 1.684240 0.902549
v 1.135154 1.565370 0.909705
v 1.310755 2.002823 0.875220
v 1.497395 1.552544 0.900371
v 1.124708 2.012588 0.879354
v 1.026381 1.465286 0.905624
v 1.004807 1.522636 0.907353
v 1.117862 1.455364 0.909560
v 1.078843 1.882750 0.890599
v 1.135936 1.516684 0.912636
v 0.956330 1.993876 0.878984
v 0.961911 1.884239 0.885584
v 0.823123 1.531342 0.906829
v 0.797516 1.886760 0.885432
v 1.050652 1.991592 0.883409
v 0.811220 1.997717 0.878753
v 0.749562 1.770254 0.887265
v 1.262675 1.764612 0.892786
v 1.445180 1.753734 0.888259
v 1.173421 1.764923 0.894264
v 1.123607 1.765516 0.894228
v 1.100454 1.766795 0.897579
v 0.975280 1.767946 0.892585
v 0.800901 1.769968 0.892463
v 1.543601 2.163029 0.605955
v 1.705956 1.631145 0.615854
v 1.705874 1.625304 0.259181
v 1.543601 2.180311 0.236829
v 1.651298 1.840798 0.802145
v 1.658973 1.874582 -0.072090
v 1.659071 1.865240 0.610648
v 1.659022 1.868688 0.248972
v 1.604628 1.965913 0.784881
v 1.613326 2.016943 -0.080661
v 1.613380 1.995252 0.608728
v 1.613353 2.004875 0.243727
v 1.682534 1.721241 0.804413
v 1.694947 1.745117 -0.064296
v 1.688329 1.738171 0.613554
v 1.688263 1.736661 0.254548
v 2.817807 1.072585 0.011393
v 2.732582 0.548878 0.048385
v 2.835446 0.595548 0.609696
v 2.859632 1.086200 0.501098
v 0.676272 0.266303 0.878832
v -0.395553 2.908129 0.761554
v -0.395553 2.757911 0.852631
v 0.561170 2.450649 0.844586
v 0.560778 2.593408 0.780501
v -0.819020 2.758267 0.852610
v -0.819020 2.908129 0.761554
v 0.271211 2.606913 0.835179
v 0.271211 2.748188 0.771183
v 0.631609 2.371782 0.848987
v 0.660177 2.515195 0.784862
v 1.420795 2.033104 0.874979
v 1.476679 2.231561 0.802284
v 1.489868 1.941920 0.880115
v 1.536008 2.123418 0.750561
v 1.686653 1.517053 0.899034
v 1.698028 1.632806 0.778515
v 1.919148 1.444053 0.681380
v 1.932551 1.579239 0.572849
v 2.137929 1.391863 0.667461
v 2.138827 1.524266 0.570914
v 2.363955 1.325809 0.657590
v 2.370204 1.456836 0.552069
v 2.529176 1.264930 0.645860
v 2.540597 1.394269 0.529646
v 2.620386 1.222674 0.633487
v 2.696298 1.325580 0.520787
v 2.716367 0.266643 0.884481
v 2.816504 0.459652 0.028902
v -3.150230 0.830806 0.449308
v -0.860911 0.830806 0.449308
v -3.150230 0.753254 0.453977
v -0.860911 0.753254 0.453977
v -0.819095 0.257935 0.739835
v -0.819020 2.746886 0.663547
v -0.819020 2.850343 0.556368
v -0.906223 2.850343 0.556368
v -0.906223 2.746886 0.663547
v -0.906223 0.257935 0.739835
v 1.543601 2.200037 -0.091683
v 1.705792 1.621909 -0.056879
v 2.661615 0.519394 0.933912
v 2.661615 0.270521 0.948895
v 2.869072 0.212046 0.030032
v 2.686603 0.604360 0.936029
v 2.804944 1.238021 0.483440
v -0.819020 0.659638 0.835164
v 0.677030 0.660949 0.856942
v -0.819020 0.266303 0.878832
v -0.819020 0.280139 0.939637
v 0.662485 0.280139 0.939637
v 0.663267 0.648294 0.917474
v -0.819020 0.648294 0.917474
v 1.455386 0.630739 0.971379
v -0.819020 0.706559 0.955556
v 0.691879 0.707008 0.963021
v -0.819020 2.276149 0.892597
v -0.819020 0.678052 0.719652
v -0.819020 0.268170 0.740819
v -0.819020 0.661603 0.717134
v -0.819020 0.727373 0.785232
v -0.906223 0.727295 0.783923
v -0.906223 0.676845 0.714876
v -0.906223 0.660518 0.715848
v -0.906223 0.269846 0.739131
v 1.486624 0.772041 0.955380
v 1.580582 0.872033 0.948502
v 1.919671 0.974781 0.941763
v 2.108594 0.955256 0.942938
v 2.243399 0.898088 0.946841
v 2.335588 0.830056 0.950475
v 2.416468 0.613326 0.972737
v 2.789188 1.144446 0.600640
v 1.198508 2.108848 0.870066
v 1.230315 2.323137 0.796771
v 1.350960 2.078916 0.872108
v 1.402884 2.263507 0.800361
v 0.800765 2.236355 0.857487
v 0.741501 2.262280 0.855926
v 0.828837 2.385977 0.792988
v 0.778258 2.401336 0.792064
v 0.697593 2.287506 0.853902
v 0.736650 2.422668 0.791865
v -0.906223 1.011755 0.766962
v -0.819020 1.025578 0.946849
v -0.819020 1.014807 0.767928
v -0.819020 2.208148 0.896691
v 1.395102 2.301274 0.783764
v 1.577679 2.134802 0.793785
v 1.372482 2.288344 0.784936
v 1.555059 2.121871 0.794958
v 1.572527 2.119751 0.824457
v 1.372449 2.307692 0.813143
v 1.506165 2.232831 0.803948
v 1.483545 2.219901 0.805119
v 1.494695 2.227028 0.834062
v 2.819074 0.500222 0.615435
v 2.683936 0.684001 0.848439
v 2.683936 0.285568 0.865067
v -0.819020 0.372824 0.989655
v -0.819020 0.595458 0.976252
v 0.622324 0.372824 0.989655
v 0.623107 0.595458 0.976252
v -3.225776 0.738463 0.208283
v -3.225776 0.767475 0.206536
v -3.225776 0.753254 0.453977
v -3.225776 0.782266 0.452230
v -0.881479 0.816015 0.203614
v -0.881479 0.738463 0.208283
v -3.150230 0.816015 0.203614
v -3.150230 0.738463 0.208283
v -1.435679 0.812091 0.389815
v -1.332744 0.812091 0.389815
v -1.435752 0.803662 0.390156
v -1.332817 0.803662 0.390156
v -2.081890 0.792680 0.390984
v -1.978955 0.792680 0.390984
v -2.081963 0.784251 0.391324
v -1.979028 0.784251 0.391324
v -2.720698 0.925075 0.037739
v -2.533062 0.900437 0.015767
v -2.392666 0.883766 0.028624
v -2.293972 0.869887 0.001801
v -2.799533 0.936678 0.067776
v -2.657327 0.923505 0.142471
v -2.526523 0.907311 0.143446
v -2.395719 0.891116 0.144421
v -2.264915 0.874921 0.145396
v -2.131137 0.857696 0.135377
v -2.811364 0.941054 0.116021
v -2.728982 0.938951 0.251139
v -2.596073 0.925646 0.304455
v -2.417035 0.904633 0.324958
v -2.303048 0.888582 0.293602
v -2.204534 0.872408 0.228277
v -2.723112 0.903854 0.027129
v -2.535477 0.879216 0.005158
v -2.395081 0.862545 0.018014
v -2.296387 0.834962 -0.007983
v -2.801947 0.915459 0.057166
v -2.659741 0.902284 0.131862
v -2.528938 0.886090 0.132837
v -2.398134 0.843594 0.135396
v -2.267330 0.843594 0.135396
v -2.133552 0.836475 0.124768
v -2.813779 0.919833 0.105411
v -2.731397 0.917730 0.240529
v -2.598488 0.904425 0.293845
v -2.419450 0.883412 0.314349
v -2.305462 0.867361 0.282992
v -2.206949 0.851187 0.217667
v -1.587184 0.557897 0.565450
v -0.981559 0.557897 0.565450
v -1.587184 0.488480 0.557474
v -0.981559 0.488480 0.557474
v -1.587184 0.425978 0.526236
v -0.981559 0.425978 0.526236
v -1.587184 0.377929 0.475506
v -0.981559 0.377929 0.475506
v -1.587184 0.350129 0.411401
v -0.981559 0.350129 0.411401
v -1.587184 0.345930 0.341653
v -0.981559 0.345930 0.341653
v -1.587184 0.365839 0.274676
v -0.981559 0.365839 0.274676
v -1.587184 0.407455 0.218547
v -0.981559 0.407455 0.218547
v -1.587184 0.465758 0.180038
v -0.981559 0.465758 0.180038
v -1.587184 0.533717 0.163791
v -0.981559 0.533717 0.163791
v -1.587184 0.603134 0.171768
v -0.981559 0.603134 0.171768
v -1.587184 0.665636 0.203005
v -0.981559 0.665636 0.203005
v -1.587184 0.713685 0.253736
v -0.981559 0.713685 0.253736
v -1.587184 0.741486 0.317840
v -0.981559 0.741486 0.317840
v -1.587184 0.745684 0.387588
v -0.981559 0.745684 0.387588
v -1.587184 0.725775 0.454565
v -0.981559 0.725775 0.454565
v -1.587184 0.684159 0.510694
v -0.981559 0.684159 0.510694
v -1.587184 0.625856 0.549204
v -0.981559 0.625856 0.549204
v -1.653338 0.556057 0.534881
v -0.915405 0.556057 0.534881
v -1.653338 0.497206 0.528119
v -0.915405 0.497206 0.528119
v -1.653338 0.444217 0.501637
v -0.915405 0.444217 0.501637
v -1.653338 0.403482 0.458628
v -0.915405 0.403482 0.458628
v -1.653338 0.379912 0.404280
v -0.915405 0.379912 0.404280
v -1.653338 0.376353 0.345149
v -0.915405 0.376353 0.345149
v -1.653338 0.393232 0.288367
v -0.915405 0.393232 0.288367
v -1.653338 0.428513 0.240782
v -0.915405 0.428513 0.240782
v -1.653338 0.477943 0.208134
v -0.915405 0.477943 0.208134
v -1.653338 0.535557 0.194360
v -0.915405 0.535557 0.194360
v -1.653338 0.594408 0.201122
v -0.915405 0.594408 0.201122
v -1.653338 0.647397 0.227605
v -0.915405 0.647397 0.227605
v -1.653338 0.688132 0.270614
v -0.915405 0.688132 0.270614
v -1.653338 0.711702 0.324961
v -0.915405 0.711702 0.324961
v -1.653338 0.715261 0.384092
v -0.915405 0.715261 0.384092
v -1.653338 0.698382 0.440875
v -0.915405 0.698382 0.440875
v -1.653338 0.663101 0.488460
v -0.915405 0.663101 0.488460
v -1.653338 0.613671 0.521108
v -0.915405 0.613671 0.521108
v -1.501349 0.558630 0.577624
v -1.501349 0.485006 0.569164
v -1.501349 0.418715 0.536032
v -1.501349 0.367752 0.482227
v -1.501349 0.338267 0.414237
v -1.501349 0.333813 0.340261
v -1.501349 0.354930 0.269224
v -1.501349 0.399069 0.209693
v -1.501349 0.460906 0.168849
v -1.501349 0.532984 0.151618
v -1.501349 0.606609 0.160078
v -1.501349 0.672899 0.193208
v -1.501349 0.723862 0.247014
v -1.501349 0.753348 0.315005
v -1.501349 0.757801 0.388980
v -1.501349 0.736685 0.460017
v -1.501349 0.692545 0.519548
v -1.501349 0.630708 0.560392
v -1.565528 0.558630 0.577624
v -1.565528 0.485006 0.569164
v -1.565528 0.418715 0.536032
v -1.565528 0.367752 0.482227
v -1.565528 0.338267 0.414237
v -1.565528 0.333813 0.340261
v -1.565528 0.354930 0.269224
v -1.565528 0.399069 0.209693
v -1.565528 0.460906 0.168849
v -1.565528 0.532984 0.151618
v -1.565528 0.606609 0.160078
v -1.565528 0.672899 0.193208
v -1.565528 0.723862 0.247014
v -1.565528 0.753348 0.315005
v -1.565528 0.757801 0.388980
v -1.565528 0.736685 0.460017
v -1.565528 0.692545 0.519548
v -1.565528 0.630708 0.560392
v -1.508345 0.498261 0.524570
v -1.508345 0.555834 0.531185
v -1.508345 0.446422 0.498662
v -1.508345 0.406572 0.456586
v -1.508345 0.383514 0.403419
v -1.508345 0.380032 0.345572
v -1.508345 0.396545 0.290022
v -1.508345 0.431060 0.243470
v -1.508345 0.479416 0.211530
v -1.508345 0.535780 0.198056
v -1.508345 0.593353 0.204671
v -1.508345 0.645192 0.230579
v -1.508345 0.685042 0.272654
v -1.508345 0.708100 0.325822
v -1.508345 0.711582 0.383669
v -1.508345 0.695070 0.439219
v -1.508345 0.660555 0.485771
v -1.508345 0.612199 0.517711
v -1.558532 0.498261 0.524570
v -1.558532 0.555834 0.531185
v -1.558532 0.446422 0.498662
v -1.558532 0.406572 0.456586
v -1.558532 0.383514 0.403419
v -1.558532 0.380032 0.345572
v -1.558532 0.396545 0.290022
v -1.558532 0.431060 0.243470
v -1.558532 0.479416 0.211530
v -1.558532 0.535780 0.198056
v -1.558532 0.593353 0.204671
v -1.558532 0.645192 0.230579
v -1.558532 0.685042 0.272654
v -1.558532 0.708100 0.325822
v -1.558532 0.711582 0.383669
v -1.558532 0.695070 0.439219
v -1.558532 0.660555 0.485771
v -1.558532 0.612199 0.517711
v -2.533987 0.837007 0.388315
v -2.332133 0.837007 0.388315
v -2.534060 0.828577 0.388656
v -2.332206 0.828577 0.388656
v -3.202311 0.127066 0.588968
v -3.173372 0.692066 0.554954
v -3.202311 0.152174 1.006039
v -3.173372 0.717174 0.972025
v -3.192343 0.124182 0.589141
v -3.192343 0.149290 1.006212
v -3.164541 0.674982 0.555983
v -3.164541 0.700090 0.973054
v -0.819020 2.752577 0.758079
v -0.819020 2.879236 0.658961
v -0.819020 2.270133 0.792658
v -0.819020 1.020193 0.857388
v -0.819020 2.202132 0.796752
v -0.819020 0.275243 0.858305
v -0.819057 0.265104 0.858916
v -0.994939 0.558630 0.577624
v -0.994939 0.485006 0.569164
v -0.994939 0.418715 0.536032
v -0.994939 0.367752 0.482227
v -0.994939 0.338267 0.414237
v -0.994939 0.333813 0.340261
v -0.994939 0.354930 0.269224
v -0.994939 0.399069 0.209693
v -0.994939 0.460906 0.168849
v -0.994939 0.532984 0.151618
v -0.994939 0.606609 0.160078
v -0.994939 0.672899 0.193208
v -0.994939 0.723862 0.247014
v -0.994939 0.753348 0.315005
v -0.994939 0.757801 0.388980
v -0.994939 0.736685 0.460017
v -0.994939 0.692545 0.519548
v -0.994939 0.630708 0.560392
v -1.059118 0.558630 0.577624
v -1.059118 0.485006 0.569164
v -1.059118 0.418715 0.536032
v -1.059118 0.367752 0.482227
v -1.059118 0.338267 0.414237
v -1.059118 0.333813 0.340261
v -1.059118 0.354930 0.269224
v -1.059118 0.399069 0.209693
v -1.059118 0.460906 0.168849
v -1.059118 0.532984 0.151618
v -1.059118 0.606609 0.160078
v -1.059118 0.672899 0.193208
v -1.059118 0.723862 0.247014
v -1.059118 0.753348 0.315005
v -1.059118 0.757801 0.388980
v -1.059118 0.736685 0.460017
v -1.059118 0.692545 0.519548
v -1.059118 0.630708 0.560392
v -1.001935 0.498261 0.524570
v -1.001935 0.555834 0.531185
v -1.001935 0.446422 0.498662
v -1.001935 0.406572 0.456586
v -1.001935 0.383514 0.403419
v -1.001935 0.380032 0.345572
v -1.001935 0.396545 0.290022
v -1.001935 0.431060 0.243470
v -1.001935 0.479416 0.211530
v -1.001935 0.535780 0.198056
v -1.001935 0.593353 0.204671
v -1.001935 0.645192 0.230579
v -1.001935 0.685042 0.272654
v -1.001935 0.708100 0.325822
v -1.001935 0.711582 0.383669
v -1.001935 0.695070 0.439219
v -1.001935 0.660555 0.485771
v -1.001935 0.612199 0.517711
v -1.052122 0.498261 0.524570
v -1.052122 0.555834 0.531185
v -1.052122 0.446422 0.498662
v -1.052122 0.406572 0.456586
v -1.052122 0.383514 0.403419
v -1.052122 0.380032 0.345572
v -1.052122 0.396545 0.290022
v -1.052122 0.431060 0.243470
v -1.052122 0.479416 0.211530
v -1.052122 0.535780 0.198056
v -1.052122 0.593353 0.204671
v -1.052122 0.645192 0.230579
v -1.052122 0.685042 0.272654
v -1.052122 0.708100 0.325822
v -1.052122 0.711582 0.383669
v -1.052122 0.695070 0.439219
v -1.052122 0.660555 0.485771
v -1.052122 0.612199 0.517711
v -2.990854 0.855249 0.545131
v -2.990854 0.880356 0.962202
v -2.985664 0.837258 0.546214
v -2.985664 0.862366 0.963285
v -2.337434 0.855199 0.545134
v -2.337434 0.880306 0.962205
v -2.337434 0.837209 0.546217
v -2.337434 0.862317 0.963288
v -1.472558 0.127066 0.588968
v -1.501497 0.692066 0.554954
v -1.472558 0.152174 1.006039
v -1.501497 0.717174 0.972025
v -1.482526 0.124182 0.589141
v -1.482526 0.149290 1.006212
v -1.510327 0.674982 0.555983
v -1.510327 0.700090 0.973054
v -1.684015 0.855249 0.545131
v -1.684015 0.880356 0.962202
v -1.689204 0.837258 0.546214
v -1.689204 0.862366 0.963285
v 1.531273 1.960847 1.113713
v 1.513479 1.934449 1.120798
v 1.536189 1.923393 0.937156
v 1.554535 1.950422 0.940538
v 1.581832 1.960847 1.113713
v 1.596741 1.944077 1.132632
v 1.613849 1.950310 0.938672
v 1.635412 1.931350 0.921213
v 1.513479 1.491113 1.147487
v 1.531273 1.464055 1.143620
v 1.554535 1.453630 0.970446
v 1.536189 1.480058 0.963845
v 1.596741 1.482974 1.160390
v 1.581832 1.464055 1.143620
v 1.635412 1.470246 0.948972
v 1.613849 1.453517 0.968579
v 1.510839 1.944077 1.132632
v 1.538829 1.931533 0.924253
v 1.538829 1.470429 0.952012
v 1.510839 1.482974 1.160390
v 1.603326 1.615592 0.991260
v 1.603326 1.539398 0.995847
v 1.554435 1.615719 0.993367
v 1.554435 1.539525 0.997954
v 1.554435 1.608654 0.876004
v 1.603326 1.608527 0.873898
v 1.603326 1.532333 0.878485
v 1.554435 1.532460 0.880591
v 2.716367 0.515516 0.869499
v 2.587969 0.521262 0.964943
v 2.725052 1.178292 0.623775
v 2.834563 1.118216 0.574243
v 2.853678 1.180916 0.451131
v 2.751962 1.285264 0.499626
v 2.819074 0.251348 0.630417
v 2.615193 0.615168 0.968280
v 2.735916 0.604158 0.859618
v -0.395553 2.859975 0.833764
v 0.271211 2.704506 0.829852
v 0.560974 2.548983 0.839215
v -0.819020 2.860153 0.833753
v 0.645893 2.470445 0.843596
v 1.466982 2.170683 0.861988
v 1.521830 2.064199 0.827018
v 1.696484 1.618906 0.783291
v 1.932346 1.547933 0.621317
v 2.138571 1.497335 0.630793
v 2.367438 1.430465 0.611274
v 2.535694 1.368377 0.588836
v 2.688492 1.300226 0.574801
v 2.795733 1.218178 0.538353
v -0.819020 2.825569 0.636629
v -0.906223 2.825569 0.636629
v 1.225479 2.269031 0.856068
v 1.391897 2.215003 0.859320
v 0.814801 2.338121 0.851909
v 0.759879 2.358764 0.850666
v 0.717187 2.382534 0.849626
v -0.819020 2.842861 0.735191
v 2.838844 1.164955 0.504750
v 2.740468 1.266738 0.562980
v 1.537620 0.624992 0.898660
v 1.540397 0.633913 0.971188
v 1.598924 0.740818 0.891655
v 1.604359 0.756973 0.959065
v 1.922393 0.887890 0.882757
v 1.924832 0.907041 0.946903
v 2.102505 0.865088 0.884144
v 2.103567 0.884068 0.948316
v 2.226478 0.805233 0.888212
v 2.229182 0.823519 0.952442
v 2.296848 0.739163 0.891732
v 2.302392 0.755539 0.956101
v 2.370657 0.542735 0.929481
v 2.372019 0.521579 0.970212
v 2.372019 0.272706 0.985194
v 2.376169 0.270266 0.944670
v 2.376690 0.287182 0.936938
v 2.587969 0.272389 0.979926
v 2.718183 0.929530 0.893085
v 1.515457 1.740207 0.895544
v 1.621284 1.196196 0.928454
v 1.497401 1.552804 0.904573
v 0.750648 1.568756 0.903613
v 1.440424 1.405726 0.913427
v 0.787886 2.024129 0.876199
v 1.310760 2.003082 0.879422
v 0.782989 0.699495 0.963473
v 0.736201 0.830470 0.962463
v 1.218601 0.699495 0.963473
v 2.673388 0.956938 0.913760
v 1.267901 1.420979 0.912509
v 1.353275 1.210144 0.944918
v 1.182592 2.010298 0.877031
v 1.606025 1.036778 0.938501
v 0.719544 0.829388 0.962528
v 1.546502 1.808313 0.886692
v 1.620478 1.341558 0.918511
v 0.888035 0.699495 0.963473
v 0.780511 2.050573 0.879465
v 0.749885 1.687258 0.896479
v 0.768460 0.888674 0.958959
v 0.737133 0.811140 0.963626
v 1.312153 0.700196 0.975125
v 2.737137 0.940951 0.870349
v 1.468383 1.671878 0.897405
v 1.492698 1.203128 0.942265
v 1.318043 1.342132 0.927187
v 1.359535 1.069811 0.947799
v 1.287826 0.769188 0.962231
v 0.807665 0.797605 0.964441
v 0.720477 0.810057 0.963692
v 0.717118 0.881248 0.959406
v 1.475668 1.342170 0.927819
v 1.500236 1.067284 0.946730
v 1.369760 0.764560 0.962458
v 2.581374 1.008630 0.941198
v 0.860101 0.879715 0.959498
v 0.858639 0.803896 0.964063
v 1.086101 0.699495 0.963473
v 1.146228 0.699495 0.963473
v 2.407686 1.087761 0.937186
v 2.317423 1.128015 0.930500
v 1.152610 1.437223 0.918208
v 1.202543 1.430362 0.918621
v 1.192139 1.218111 0.944438
v 1.242272 1.215983 0.944566
v 1.124714 2.012847 0.883555
v 1.058391 2.006750 0.882735
v 1.138483 0.765123 0.962476
v 1.191707 0.766518 0.962392
v 1.196949 1.072532 0.947635
v 1.247628 1.071827 0.947678
v 1.175501 1.342208 0.928445
v 1.225478 1.342208 0.928445
v 1.055227 2.059879 0.879590
v 1.203573 1.564686 0.910535
v 1.153706 1.565170 0.910505
v 1.140067 1.682691 0.903431
v 1.189840 1.682232 0.903458
v 0.597772 0.280139 0.939637
v 2.838966 0.677406 0.488921
v 2.123961 1.199479 0.926198
v 1.577471 1.476561 0.910427
v 0.691879 1.532218 0.916296
v 0.691879 1.238904 0.943187
v 0.835512 0.699495 0.963473
v 0.849844 1.232636 0.943564
v 0.751391 0.879715 0.959498
v 1.184556 2.041022 0.876701
v 1.365282 0.942817 0.951778
v 0.765592 2.001690 0.877550
v 1.349545 1.985208 0.879500
v 2.842586 0.821289 0.595255
v 0.727679 0.833933 0.962254
v 0.775734 1.235781 0.943375
v 0.936640 1.228953 0.943787
v 0.961517 2.018802 0.876520
v 0.740116 0.821029 0.963031
v 1.368697 0.666096 0.972695
v 1.919293 1.231032 0.924298
v 1.487052 1.691820 0.898848
v 1.538172 1.202164 0.937413
v 0.749122 1.887450 0.884427
v 1.328770 0.805010 0.960074
v 1.412603 1.869332 0.885518
v 0.828530 2.032582 0.880548
v 0.937856 2.032508 0.880058
v 0.822778 1.342133 0.927205
v 0.923674 1.342132 0.927187
v 1.469100 1.417509 0.912718
v 1.568035 1.557862 0.905842
v 1.488768 1.495823 0.908003
v 0.790292 0.888791 0.958952
v 0.843032 0.888674 0.958959
v 0.775942 0.797989 0.964418
v 0.766458 1.526199 0.906175
v 0.716561 0.819499 0.963123
v 0.691879 0.780359 0.961558
v 0.728998 0.806595 0.963900
v 0.709037 0.870354 0.960062
v 0.691879 0.906870 0.953942
v 0.731246 0.887998 0.959000
v 0.691879 1.685823 0.907049
v 0.739658 1.686384 0.901773
v 0.691879 1.342266 0.929412
v 0.762713 1.342200 0.928317
v 0.689205 2.072745 0.879475
v 0.746550 2.069674 0.878494
v 1.526268 1.342037 0.925794
v 1.507014 0.943868 0.951715
v 1.545707 1.065482 0.943898
v 1.415946 0.808365 0.959821
v 1.406682 0.766152 0.960955
v 0.827378 2.022632 0.876289
v 1.040079 1.452286 0.910624
v 1.516727 1.579906 0.905688
v 1.321381 2.028146 0.878752
v 1.522770 1.374713 0.920820
v 0.953168 0.699495 0.963473
v 0.890770 1.478860 0.909024
v 1.038106 1.224647 0.944046
v 1.039445 1.342132 0.927187
v 0.978353 0.963667 0.950523
v 0.955564 0.775148 0.961872
v 0.868170 0.819641 0.963115
v 0.868621 0.864289 0.960427
v 1.224106 0.802168 0.960246
v 1.171669 0.800749 0.960331
v 1.252590 0.941590 0.951852
v 1.201387 0.941029 0.951886
v 1.118240 2.044638 0.880366
v 1.206224 1.445916 0.917685
v 1.156227 1.451598 0.917342
v 1.073703 1.990081 0.884925
v 1.125716 1.989677 0.884950
v 1.206762 1.513079 0.913641
v 1.156798 1.515571 0.913491
v 1.100501 1.882473 0.891404
v 1.150374 1.881690 0.891451
v 1.022320 2.046625 0.880457
v 1.090423 0.764392 0.962520
v 1.032887 0.699495 0.963473
v 1.140995 1.073316 0.947588
v 2.874102 1.084419 0.428718
v 1.119930 1.441514 0.914612
v 1.129217 1.342170 0.927816
v 1.136637 1.220466 0.944296
v 1.038574 2.016583 0.879992
v 1.371987 2.000726 0.879903
v 1.513403 1.524473 0.908922
v 1.447529 0.801785 0.958190
v 1.439693 1.892462 0.885644
v 0.691879 2.058939 0.884540
v 0.745323 2.002517 0.882741
v 0.691879 2.002570 0.887933
v 0.691879 1.876738 0.895556
v 0.691879 0.881322 0.955480
v 0.691879 0.810682 0.959733
v 1.119337 0.799327 0.960417
v 0.969281 0.807769 0.959908
v 0.980675 0.902486 0.954206
v 1.145041 0.940416 0.951923
v 0.729152 0.877803 0.959613
v 0.736484 1.881787 0.890009
v 0.749063 2.055456 0.881923
v 1.504816 1.442076 0.913958
v 1.553385 0.940606 0.950180
v 0.752816 0.798532 0.964386
v 0.740530 0.841771 0.961782
v 0.789469 0.882500 0.959331
v 0.768069 0.882398 0.959337
v 0.843422 0.882398 0.959337
v 0.808472 0.802901 0.964122
v 0.774875 0.803477 0.964088
v 0.862855 0.820965 0.963035
v 0.855047 0.808815 0.963766
v 0.864005 0.862784 0.960517
v 2.858655 0.973773 0.536224
v 0.856764 0.875068 0.959778
v 0.754728 0.875068 0.959778
v 2.855487 0.895443 0.562172
v 0.756091 0.806857 0.963884
v 0.748637 0.820965 0.963035
v 0.743322 0.819641 0.963115
v 0.710065 0.815790 0.963346
v 0.716253 0.805306 0.963978
v 0.726132 0.798532 0.964386
v 0.723222 0.832599 0.962335
v 0.739472 0.815741 0.963350
v 0.717710 0.814326 0.963435
v 0.724441 0.807343 0.963855
v 0.732237 0.833185 0.962299
v 0.738967 0.826202 0.962720
v 0.717205 0.824787 0.962805
v 0.733455 0.807929 0.963820
v 0.789469 0.881561 0.943739
v 0.768069 0.881459 0.943745
v 0.843422 0.881459 0.943745
v 0.754728 0.874130 0.944186
v 0.808472 0.801962 0.948531
v 0.862855 0.820027 0.947443
v 0.855047 0.807877 0.948175
v 0.864005 0.861846 0.944926
v 2.625055 0.813391 0.946398
v 0.856764 0.874130 0.944186
v 0.774875 0.802538 0.948496
v 0.756091 0.805918 0.948293
v 2.745377 0.840583 0.851117
v 0.748637 0.820027 0.947443
v 0.619438 1.241835 0.936885
v 0.072782 1.244787 0.934696
v 0.611797 0.872000 0.959880
v 0.071126 0.883987 0.959158
v 0.611797 0.800232 0.964200
v 0.516171 1.241962 0.936753
v 0.528207 0.876233 0.959625
v 0.071126 0.795488 0.964486
v 0.528207 0.795488 0.964486
v 0.627290 0.707416 0.969788
v 0.071126 0.707416 0.969788
v 0.524295 0.707416 0.969788
v 0.517074 1.985601 0.887688
v 0.517397 1.859010 0.895267
v 0.517384 1.331981 0.927622
v 0.517104 2.051742 0.883706
v 0.071126 0.948487 0.955275
v 0.515822 2.080973 0.880556
v 0.526251 0.944644 0.955506
v 2.700330 0.800285 0.917184
v 0.622596 0.764745 0.966336
v 0.622596 0.944644 0.955506
v 2.462801 0.815856 0.949794
v 2.370829 0.911447 0.944039
v 0.526251 0.764774 0.966335
v 0.071126 0.764781 0.966334
v 0.621797 1.673664 0.906616
v 0.622403 1.536486 0.914957
v 0.621026 2.052756 0.883846
v 0.619886 1.755600 0.901475
v 0.619876 2.080035 0.880486
v 0.621133 1.987990 0.887745
v 0.621749 1.861594 0.895302
v 0.621797 1.333427 0.927874
v 0.611797 0.871493 0.951460
v 0.611797 0.799725 0.955780
v 0.528207 0.875726 0.951205
v 2.254322 0.973968 0.940276
v 2.114029 1.036426 0.936516
v 0.528207 0.794981 0.956066
v -0.329317 1.244425 0.935156
v -0.322030 0.795488 0.964486
v -0.322030 0.883987 0.959158
v -0.322030 0.707416 0.969788
v -0.819020 1.273364 0.936339
v -0.819020 0.850348 0.951493
v -0.819020 0.908758 0.949945
v -0.819020 0.791937 0.953041
v -0.322030 0.764781 0.966334
v 1.919491 1.095404 0.933353
v -0.322030 0.948521 0.955273
v 0.501491 0.648294 0.917474
v -0.809797 1.268061 0.785942
v 0.465017 0.372824 0.989655
v 0.465714 0.595458 0.976252
v 0.610957 0.266303 0.878832
v 0.611681 0.660949 0.856942
v 0.693064 0.645292 0.907716
v 2.849288 0.879195 0.541918
v -0.336461 2.084952 0.880855
v -0.641353 1.652918 0.906059
v 0.517384 1.671618 0.906548
v -0.008698 1.641546 0.906749
v -0.087409 2.084952 0.880855
v 0.560114 0.595458 0.976252
v -0.329195 1.325843 0.926554
v -0.819020 1.339035 0.933554
v -0.642564 1.767443 0.899151
v -0.334287 1.975470 0.887446
v -0.666585 1.848075 0.895115
v -0.085789 1.975468 0.887446
v -0.336902 2.047442 0.883113
v -0.819020 1.986562 0.906089
v 0.074361 1.752146 0.900890
v -0.321735 1.879080 0.892364
v -0.665993 1.561763 0.912351
v 2.844234 0.959292 0.594151
v 0.517875 1.537252 0.914705
v 0.074323 2.084952 0.880855
v -0.086511 2.047442 0.883113
v 0.074361 1.662937 0.906261
v 0.515838 1.754941 0.901363
v 1.483895 1.833615 0.890018
v 0.074361 1.441914 0.919567
v 0.074636 1.848046 0.895117
v -0.007446 1.756445 0.899829
v 0.075552 1.975465 0.887446
v 0.074361 1.540503 0.913631
v 0.074361 1.325843 0.926554
v -0.322632 1.530893 0.913325
v 0.076164 2.047442 0.883113
v -0.594460 1.874759 0.892743
v -0.635115 1.853521 0.893987
v -0.055854 1.535206 0.913184
v -0.023383 1.551967 0.912169
v -0.633907 1.556523 0.911894
v -0.594466 1.536012 0.913135
v -0.015134 1.853613 0.894008
v -0.054803 1.873998 0.892788
v -0.619823 2.451755 0.870083
v -0.620669 2.335964 0.877068
v -0.642610 2.331127 0.880322
v 0.015441 2.341505 0.872206
v -0.641849 2.455518 0.872818
v -0.321758 2.572196 0.862118
v -0.013683 2.405288 0.868736
v -0.322655 2.224010 0.883089
v -0.614688 2.536818 0.864880
v -0.614498 2.260368 0.881518
v -0.594464 2.568060 0.865558
v -0.635117 2.546849 0.867258
v -0.055892 2.228142 0.879953
v -0.016424 2.248489 0.878275
v -0.633908 2.249850 0.885151
v -0.594470 2.229312 0.885951
v -0.076016 2.476537 0.865190
v -0.158547 2.512874 0.863927
v -0.614582 2.537381 0.874233
v -0.614393 2.260931 0.890872
v -0.575511 2.557904 0.872548
v -0.575518 2.240180 0.891675
v -0.322738 2.238794 0.889027
v -0.321915 2.558230 0.869788
v -0.074620 2.239095 0.886097
v -0.172067 2.501458 0.871442
v -0.012560 2.346588 0.879044
v -0.038470 2.404183 0.875828
v -0.035707 2.259655 0.884429
v -0.095563 2.468651 0.872550
v 1.182586 2.010038 0.872829
v 0.765586 2.001431 0.873348
v 0.787880 2.023870 0.871997
v 1.349540 1.984949 0.875299
v 0.961511 2.018543 0.872317
v 0.750642 1.568497 0.899411
v 0.749117 1.887191 0.880225
v 1.412597 1.869072 0.881316
v 1.469094 1.417250 0.908516
v 1.440418 1.405467 0.909225
v 0.749879 1.686999 0.892277
v 1.488762 1.495564 0.903801
v 0.766452 1.525940 0.901972
v 1.267895 1.420720 0.908307
v 0.827372 2.022373 0.872087
v 1.040073 1.452027 0.906422
v 1.468377 1.671619 0.893203
v 0.890764 1.478601 0.904822
v 1.206218 1.445656 0.913484
v 1.202537 1.430103 0.914420
v 1.156222 1.451338 0.913142
v 1.073697 1.989822 0.880725
v 1.058385 2.006490 0.878533
v 1.125710 1.989418 0.880749
v 1.203568 1.564427 0.906334
v 1.140061 1.682432 0.899230
v 1.189834 1.681974 0.899257
v 1.206756 1.512820 0.909440
v 1.156793 1.515312 0.909290
v 1.153700 1.564911 0.906304
v 1.100495 1.882214 0.887203
v 1.150368 1.881431 0.887250
v 1.119924 1.441255 0.910410
v 1.152604 1.436964 0.914007
v 1.038568 2.016324 0.875790
v 1.310755 2.002823 0.875220
v 1.497395 1.552544 0.900371
v 1.124708 2.012588 0.879354
v 1.166131 0.630051 0.914860
v 1.032887 0.630051 0.914860
v 0.939864 0.630051 0.914860
v 0.782989 0.633041 0.964519
v 1.231264 0.630051 0.914860
v 0.888035 0.633041 0.964519
v 1.312153 0.633444 0.971216
v 0.939864 0.633041 0.964519
v 0.706491 0.633041 0.964519
v 0.835512 0.633041 0.964519
v 1.231264 0.633041 0.964519
v 1.390326 0.348112 0.988393
v 1.099509 0.633041 0.964519
v 1.032887 0.633041 0.964519
v 1.166131 0.633041 0.964519
v 0.782989 0.521760 1.000678
v 1.312153 0.630046 0.914779
v 0.888035 0.521760 1.000678
v 1.312153 0.520397 0.978022
v 0.939864 0.521760 1.000678
v 0.706491 0.531542 0.970630
v 0.835512 0.521760 1.000678
v 1.231264 0.521760 1.000678
v 1.099509 0.521760 1.000678
v 1.032887 0.521760 1.000678
v 1.166131 0.521760 1.000678
v 0.782989 0.457792 1.004529
v 0.888035 0.630051 0.914860
v 0.888035 0.457792 1.004529
v 1.312153 0.456428 0.981873
v 0.939864 0.457792 1.004529
v 0.706491 0.456025 0.975176
v 0.835512 0.457792 1.004529
v 1.231264 0.457792 1.004529
v 1.354410 0.456428 0.981873
v 1.099509 0.457792 1.004529
v 1.032887 0.457792 1.004529
v 1.166131 0.457792 1.004529
v 0.782989 0.349476 1.011049
v 0.782989 0.630051 0.914860
v 0.888035 0.349476 1.011049
v 1.312153 0.348112 0.988393
v 0.939864 0.349476 1.011049
v 0.706491 0.386965 0.979333
v 0.835512 0.349476 1.011049
v 1.231264 0.349476 1.011049
v 1.354410 0.520397 0.978022
v 1.099509 0.349476 1.011049
v 1.032887 0.349476 1.011049
v 1.166131 0.349476 1.011049
v 0.835512 0.630051 0.914860
v 0.888035 0.274919 1.021951
v 1.312153 0.273170 0.992905
v 0.706491 0.272767 0.986208
v 1.099509 0.274919 1.021951
v 1.099509 0.630051 0.914860
v 0.835512 0.518771 0.951019
v 0.782989 0.518771 0.951019
v 0.888035 0.518771 0.951019
v 1.312153 0.518766 0.950937
v 1.231264 0.518771 0.951019
v 0.939864 0.518771 0.951019
v 1.032887 0.518771 0.951019
v 1.166131 0.518771 0.951019
v 1.099509 0.518771 0.951019
v 0.835512 0.453036 0.925516
v 0.782989 0.453036 0.925516
v 0.888035 0.453036 0.925516
v 1.312153 0.453031 0.925435
v 1.231264 0.453036 0.925516
v 0.939864 0.453036 0.925516
v 1.032887 0.453036 0.925516
v 1.166131 0.453036 0.925516
v 1.099509 0.453036 0.925516
v 0.835512 0.346487 0.961390
v 0.782989 0.346487 0.961390
v 0.888035 0.346487 0.961390
v 1.312153 0.346482 0.961308
v 1.231264 0.346487 0.961390
v 0.939864 0.346487 0.961390
v 1.032887 0.346487 0.961390
v 1.166131 0.346487 0.961390
v 1.099509 0.346487 0.961390
v 0.808472 0.841422 0.957131
v 0.774875 0.841422 0.957131
v 0.836617 0.841422 0.957131
v 0.862855 0.841422 0.957131
v 0.855047 0.841422 0.957131
v 0.745648 0.841422 0.957131
v 0.756091 0.841422 0.957131
v 0.748637 0.841422 0.957131
v 0.836617 0.840484 0.941539
v 0.808472 0.840484 0.941539
v 0.862855 0.840484 0.941539
v 0.855047 0.840484 0.941539
v 0.774875 0.840484 0.941539
v 0.756091 0.840484 0.941539
v 0.745648 0.840484 0.941539
v 0.748637 0.840484 0.941539
v 0.836617 0.791856 0.960115
v 0.808472 0.791856 0.960115
v 0.862855 0.791856 0.960115
v 0.855047 0.791856 0.960115
v 0.774875 0.791856 0.960115
v 0.756091 0.791856 0.960115
v 0.745648 0.791856 0.960115
v 0.748637 0.791856 0.960115
v 0.748637 0.790917 0.944523
v 0.745648 0.790917 0.944523
v 0.836617 0.790917 0.944523
v 0.808472 0.790917 0.944523
v 0.862855 0.790917 0.944523
v 0.855047 0.790917 0.944523
v 0.774875 0.790917 0.944523
v 0.756091 0.790917 0.944523
v 0.554588 0.874765 0.955915
v 0.520992 0.874765 0.955915
v 0.574663 0.866968 0.956385
v 0.608971 0.857343 0.956964
v 0.593796 0.860799 0.956756
v 0.593796 0.803206 0.945378
v 0.608971 0.806663 0.945170
v 0.554588 0.789241 0.946219
v 0.574663 0.797038 0.945750
v 0.574663 0.797929 0.960541
v 0.554588 0.790132 0.961010
v 0.608971 0.807553 0.959961
v 0.593796 0.804096 0.960170
v 0.520992 0.790132 0.961010
v 0.520992 0.873874 0.941124
v 0.593796 0.859908 0.941965
v 0.608971 0.856453 0.942173
v 0.554588 0.873874 0.941124
v 0.574663 0.866077 0.941593
v 0.520992 0.789241 0.946219
v 0.749568 1.770512 0.891467
v 1.445185 1.753993 0.892461
v 1.173427 1.765182 0.898465
v 1.123613 1.765775 0.898429
v 0.691879 1.765220 0.902269
v 0.738338 1.767647 0.896881
v 1.464291 1.772075 0.893914
v 0.749562 1.770254 0.887265
v 1.445180 1.753734 0.888259
v 1.173421 1.764923 0.894264
v 1.123607 1.765516 0.894228
v 2.840109 0.803819 0.548719
v 2.868022 1.046246 0.507092
v 1.919114 1.342113 0.840508
v 2.131223 1.304876 0.842750
v 2.340545 1.237070 0.846832
v 2.439491 1.197445 0.853612
v 2.621518 1.124734 0.861819
v 2.772831 1.011724 0.788485
v 2.747734 1.067505 0.833779
v 2.705582 1.086694 0.846058
v 2.871720 1.124629 0.423698
v -0.819031 2.846140 0.446166
v -0.906223 0.251060 0.625635
v -0.906223 2.741765 0.538083
v -0.906223 2.846140 0.446166
v 2.810743 1.253461 0.400293
v 1.543601 2.163029 0.605955
v 1.705956 1.631145 0.615854
v -0.395553 2.948606 0.546872
v 0.271211 2.783621 0.556804
v 0.560778 2.628839 0.566122
v 1.919648 1.585101 0.443030
v -0.819031 2.948606 0.546872
v 2.139041 1.542279 0.445608
v 0.660177 2.550628 0.570483
v 2.372520 1.474399 0.427622
v 2.544700 1.411432 0.405237
v 2.696371 1.341459 0.386888
v 1.476679 2.232562 0.660107
v -0.906223 0.718394 0.658869
v -0.906223 0.670390 0.600611
v -0.906223 0.654044 0.601586
v -0.906223 0.262993 0.624929
v 1.230316 2.324630 0.584417
v 1.402879 2.264509 0.658184
v 0.828836 2.421409 0.578610
v 0.778262 2.436766 0.577685
v 0.736652 2.458088 0.577322
v -0.906223 1.004951 0.641756
v -0.819031 2.880158 0.532620
v 2.755151 1.298413 0.391590
v 2.865786 1.186205 0.375652
v -0.906223 2.816818 0.514748
v 2.841505 0.591272 0.538673
v 2.833797 0.680532 0.540844
v -0.819063 2.835659 0.171314
v -0.906223 2.727452 0.187375
v -0.906223 2.835659 0.171314
v 2.852561 1.254829 0.121952
v 1.705874 1.625304 0.259181
v 0.271211 2.791742 0.229189
v 0.560778 2.636961 0.238507
v 1.919554 1.586159 0.173739
v 2.138933 1.543336 0.176317
v 0.660177 2.558749 0.242869
v 2.372429 1.476887 0.182111
v 2.544657 1.415491 0.185807
v 2.696371 1.346872 0.189938
v 1.476679 2.235358 0.262684
v 2.834080 0.236607 0.438013
v -0.906223 0.698641 0.309000
v -0.906223 0.652347 0.281214
v -0.906223 0.635950 0.282196
v -0.906223 0.243837 0.305701
v 1.230318 2.326935 0.257171
v 1.402866 2.267310 0.260760
v 0.828836 2.414229 0.251916
v -0.906223 0.985935 0.291774
v 2.834080 0.488627 0.422842
v 2.895074 1.190487 -0.016788
v -0.906223 2.792356 0.174060
v 2.622641 0.629490 0.084376
v 2.861728 1.109349 -0.001391
v -0.906223 0.231843 0.306418
v 1.543601 2.180311 0.236829
v -0.395553 2.970831 0.218408
v -0.819063 2.970831 0.218408
v 0.778272 2.429578 0.250992
v 0.736657 2.466181 0.249249
v -0.819063 2.882734 0.179461
v 2.786139 1.294015 0.161831
v -0.819020 0.768151 0.856006
v -0.906223 0.904389 0.773364
v -0.819020 0.885470 0.857222
v -0.819020 0.907702 0.774376
v -0.906223 0.897488 0.648174
v -0.906223 0.878194 0.298234
v -0.819020 0.835513 0.856090
v -0.819020 1.267847 0.844683
v -0.906223 1.974051 0.709579
v -0.819020 1.980663 0.808114
v -0.819020 1.974765 0.710138
v -0.906223 1.968133 0.584237
v -0.906223 1.951589 0.233873
v -0.819020 1.333482 0.841316
v -0.330252 0.660949 0.856942
v -0.335004 0.280139 0.939637
v -0.334748 0.648294 0.917474
v -0.330499 0.266303 0.878832
v 0.559366 0.372824 0.989655
v -0.348125 0.372824 0.989655
v -0.347869 0.595458 0.976252
v 0.078189 0.280139 0.939637
v 0.078663 0.648294 0.917474
v 0.053868 0.372824 0.989655
v 0.054341 0.595458 0.976252
v 0.086998 0.660949 0.856942
v 0.086539 0.266303 0.878832
v 0.598521 0.648294 0.917474
v 0.500794 0.280139 0.939637
v -0.819020 0.371341 0.852520
v 0.513751 0.660949 0.856942
v 0.513077 0.266303 0.878832
v 0.692892 0.515052 0.915130
v 0.676651 0.463299 0.867907
v 0.676462 0.364474 0.873389
v 0.559553 0.428483 0.986304
v -0.819020 0.464217 0.928555
v 0.662876 0.464217 0.928555
v -0.819020 0.464886 0.728977
v -0.906223 0.465182 0.727489
v -0.819020 0.484141 0.982953
v 0.622715 0.484141 0.982953
v -0.819020 0.467440 0.846735
v 0.559740 0.484141 0.982953
v -0.906223 0.458519 0.613257
v -0.906223 0.439893 0.293948
v -0.347997 0.484141 0.982953
v 0.054105 0.484141 0.982953
v 0.465365 0.484141 0.982953
v -0.348061 0.428482 0.986304
v 0.053986 0.428482 0.986304
v 0.465191 0.428483 0.986304
v -0.819020 0.372177 0.934096
v 0.662681 0.372177 0.934096
v -0.819020 0.366528 0.734898
v -0.906223 0.367514 0.733311
v -0.819020 0.428482 0.986304
v 0.622520 0.428483 0.986304
v -0.906223 0.360756 0.619092
v -0.906223 0.341865 0.299825
v 1.455386 0.348112 0.988393
v 1.529058 0.348112 0.988393
v 1.537943 0.273170 0.992905
v 1.528127 0.343077 0.904741
v 1.537866 0.268145 0.909429
v 1.603137 1.674706 0.893268
v 1.651298 1.840798 0.802145
v 1.658973 1.874582 -0.072090
v 1.636753 1.793081 0.845264
v 1.604628 1.965913 0.784881
v 1.613326 2.016943 -0.080661
v 1.588269 1.915650 0.838217
v 1.641164 1.584996 0.897684
v 1.682534 1.721241 0.804413
v 1.694947 1.745117 -0.064296
v 1.671670 1.684298 0.849114
v 1.557491 1.624647 0.902404
v 1.079976 2.129776 0.869029
v 1.147032 2.113794 0.870274
v 1.154000 2.339651 0.795777
v 1.086837 2.351403 0.795070
v 1.087028 2.293513 0.854594
v 1.154264 2.281921 0.855292
v 1.086849 2.352896 0.582715
v 1.153969 2.341152 0.583422
v 1.086854 2.355199 0.255469
v 1.153955 2.343458 0.256176
v 1.553974 2.198963 -0.109530
v 1.716166 1.620835 -0.074726
v 1.669346 1.873507 -0.089937
v 1.623699 2.015869 -0.098507
v 1.705320 1.744043 -0.082143
v 1.752926 1.476811 0.770051
v 1.733083 1.606742 0.724498
v 1.705853 0.930668 0.944484
v 1.758338 1.580191 0.730442
v 1.738477 0.858876 0.949798
v 1.733031 0.838704 0.885678
v 1.730436 1.239043 0.935190
v 1.731254 1.352056 0.883367
v 1.721194 1.078215 0.939304
v 1.737507 1.624346 0.590338
v 1.737423 1.619524 0.246566
v -0.819020 0.835240 0.819332
v -0.819020 0.772964 0.823081
v -0.795463 2.259789 0.740860
v -0.795463 2.191787 0.744954
v -0.809797 1.333662 0.781993
v -0.906223 2.449042 0.452233
v -0.906223 2.595932 0.445755
v -0.906223 2.589454 0.298866
v -0.906223 2.442565 0.305344
v -0.906223 2.523829 0.479416
v -0.906223 2.623115 0.370970
v -0.906223 2.514668 0.271683
v -0.906223 2.415383 0.380130
v -0.943144 2.519248 0.375549
v -0.906223 1.255947 0.524058
v -0.906223 1.402837 0.517580
v -0.906223 1.396359 0.370691
v -0.906223 1.249470 0.377169
v -0.906223 1.330734 0.551241
v -0.906223 1.430020 0.442795
v -0.906223 1.321573 0.343508
v -0.906223 1.222287 0.451955
v -0.943144 1.326153 0.447374
v -2.687043 0.834698 0.595973
v -2.623405 0.868866 0.544688
v -2.659249 0.836349 0.623699
v -2.188288 0.834698 0.595973
v -2.216083 0.836349 0.623699
v -2.247357 0.868865 0.544688
v -2.685071 0.873187 0.594589
v -2.657276 0.874875 0.622315
v -2.186316 0.873187 0.594589
v -2.214110 0.874875 0.622315
v -3.115445 0.825430 0.420148
v -3.115445 0.758317 0.424188
v -0.898093 0.825430 0.420148
v -0.898093 0.758317 0.424188
v -3.188594 0.781406 0.422798
v -3.188594 0.758317 0.424188
v 1.456438 0.273397 0.996679
v 1.391379 0.273397 0.996679
v 1.229374 0.274919 1.021951
v 1.164241 0.274919 1.021951
v 0.938868 0.274919 1.021951
v 1.031890 0.274919 1.021951
v 0.835804 0.274919 1.021951
v 0.783281 0.274919 1.021951
v -3.188003 0.816157 0.450190
v -3.188003 0.801366 0.204496
v -3.188003 0.738463 0.208283
v -3.188003 0.753254 0.453977
v -3.152020 0.813039 0.420894
v -3.152020 0.758317 0.424188
v 2.803805 1.071707 0.015827
v 2.862423 1.084393 0.428276
v 2.822119 0.680532 0.540844
v 2.828431 0.803819 0.548719
v 2.827287 0.677406 0.488921
v 2.619941 0.628264 0.089369
v 2.856344 1.046246 0.507092
v 2.846977 0.973773 0.536224
v -3.079362 0.818648 0.965917
v -3.117054 0.782983 0.968064
v -3.117054 0.757875 0.550993
v -3.079362 0.793540 0.548846
v -3.086483 0.811045 0.547792
v -3.124562 0.775560 0.549928
v -3.124562 0.800668 0.966999
v -3.086483 0.836153 0.964863
v -1.561184 0.786460 0.967854
v -1.599320 0.821713 0.965732
v -1.599320 0.796605 0.548661
v -1.561184 0.761352 0.550783
v -1.553754 0.779057 0.549717
v -1.592275 0.814132 0.547606
v -1.592275 0.839240 0.964677
v -1.553754 0.804165 0.966788
v 2.799957 0.841877 0.626346
v 2.811548 0.889949 0.598714
v 2.806804 0.938171 0.618231
v 2.734552 0.855050 0.809334
v 2.733015 0.928044 0.830886
v 2.754805 0.983742 0.777541
v 0.271211 2.726384 0.800468
v 0.560875 2.571233 0.809808
v 0.653047 2.492857 0.814180
v 1.471838 2.201172 0.832086
v 1.528931 2.093858 0.788726
v 1.697257 1.625868 0.780899
v 1.932449 1.563612 0.597043
v 2.138699 1.510823 0.600804
v 2.368824 1.443673 0.581622
v 2.538150 1.381345 0.559191
v 2.692401 1.312924 0.547749
v 1.227901 2.296129 0.826370
v 1.397400 2.239295 0.829791
v 0.821830 2.362089 0.822399
v 0.726935 2.402634 0.820697
v 2.846273 1.172948 0.477895
v 2.767806 0.507856 0.742255
v 2.787601 0.599835 0.735563
v 2.852105 1.102812 0.540632
v -0.395553 2.884092 0.797599
v -0.819020 2.884181 0.797594
v 2.800346 1.228116 0.510850
v -0.819020 2.837976 0.596432
v -0.906223 2.837976 0.596432
v 0.769084 2.380085 0.821316
v -0.819020 2.861079 0.697012
v 2.746225 1.276017 0.531250
v 2.767806 0.258983 0.757238
v 2.795978 0.811363 0.721033
v 2.813928 1.000514 0.677094
v -0.906223 2.831504 0.480400
v -0.906223 2.814043 0.172684
v 1.644037 1.816979 0.823669
v 1.596462 1.940823 0.811504
v 1.677111 1.702801 0.826727
v 1.154132 2.310834 0.825485
v 1.086932 2.322507 0.824782
v 1.745689 1.593489 0.727465
v 2.768625 0.833197 0.708189
v 2.791066 0.908607 0.709009
v 2.787707 0.967751 0.681192
v 2.853407 0.849696 0.566686
v 2.851831 0.933658 0.572985
v 2.823652 0.807656 0.646117
v 2.832392 0.892708 0.580037
v 2.736419 0.878516 0.870564
v 2.754630 0.990516 0.834912
v 2.830433 0.986117 0.632119
v 2.809913 0.861876 0.602332
v 2.812096 0.915992 0.601840
v 2.788452 0.833500 0.657070
v 2.800187 0.897980 0.645155
v 2.729339 0.882592 0.836781
v 2.739709 0.964189 0.813243
v 2.800753 0.951313 0.639425
v 2.820880 0.949356 0.603507
v 2.766705 1.001074 0.787250
v 2.740071 0.935095 0.857548
v 2.740274 0.848530 0.828723
v 2.821177 0.831021 0.605601
v 2.768255 0.817171 0.796131
v 2.794547 1.008963 0.729703
v 2.748712 0.835887 0.770294
v 2.757950 0.919855 0.779307
v 2.772851 0.979766 0.732894
v 2.796624 0.984362 0.678040
v 2.779578 0.822308 0.713626
v 2.779113 0.870533 0.717256
v 2.788479 0.944585 0.698127
v 2.802537 0.930106 0.643769
v 2.796808 0.864061 0.652301
v 2.803144 0.820607 0.650541
v 2.783227 0.992758 0.731455
v 2.812286 0.969601 0.635617
v 2.829551 0.855807 0.583747
v 2.735861 0.880545 0.855322
v 2.755908 0.827599 0.782240
v 2.753910 0.876413 0.785359
v 2.766431 0.957553 0.762668
v 2.828338 0.923771 0.584460
v 2.751098 0.979364 0.828986
v 2.796884 0.904964 0.719309
vn 0.9373 0.3443 -0.0537
vn 0.9288 0.3657 -0.0600
vn 0.9315 0.3585 -0.0611
vn 0.9398 0.3372 -0.0546
vn 0.0234 -0.0574 -0.9981
vn 0.0148 -0.0584 -0.9982
vn 0.0156 -0.0569 -0.9983
vn 0.0240 -0.0544 -0.9982
vn -0.1058 -0.0536 -0.9929
vn -0.0990 -0.0229 -0.9948
vn -0.0228 -0.0247 -0.9994
vn -0.0247 -0.0587 -0.9980
vn -0.0826 -0.1613 -0.9834
vn -0.0196 -0.1222 -0.9923
vn -0.0167 -0.1659 -0.9860
vn -0.0006 -0.5224 -0.8527
vn -0.0000 -0.0810 -0.9967
vn 0.0018 -0.0807 -0.9967
vn 0.0314 -0.4951 -0.8683
vn -0.2448 -0.0897 -0.9654
vn -0.1030 -0.0730 -0.9920
vn -0.0020 -0.0810 -0.9967
vn -0.0344 -0.4932 -0.8692
vn 0.0347 0.3849 -0.9223
vn 0.0020 -0.0391 -0.9992
vn -0.0000 -0.0391 -0.9992
vn 0.0008 0.4164 -0.9092
vn -0.2536 -0.0587 -0.9655
vn -0.2449 -0.0272 -0.9692
vn -0.1030 -0.0467 -0.9936
vn -0.0336 0.3857 -0.9220
vn -0.0020 -0.0391 -0.9992
vn 0.1048 -0.0734 -0.9918
vn 0.2556 -0.0914 -0.9625
vn 0.2547 -0.0298 -0.9666
vn 0.1051 -0.0480 -0.9933
vn 0.2650 -0.0622 -0.9622
vn 0.0265 -0.0366 -0.9990
vn 0.0263 -0.0374 -0.9990
vn 0.0288 -0.0520 -0.9982
vn 0.0255 -0.0530 -0.9983
vn 0.0217 -0.0832 -0.9963
vn 0.0215 -0.0954 -0.9952
vn 0.0507 -0.1052 -0.9932
vn 0.0299 -0.0835 -0.9961
vn 0.0169 -0.0562 -0.9983
vn 0.0250 -0.0536 -0.9983
vn 0.0258 -0.0753 -0.9968
vn 0.0089 -0.0910 -0.9958
vn -0.0000 -0.0601 -0.9982
vn -0.0097 -0.0610 -0.9981
vn 0.1527 -0.0349 -0.9877
vn 0.1624 -0.0415 -0.9859
vn -0.0093 -0.0615 -0.9981
vn -0.0240 -0.0739 -0.9970
vn -0.0236 -0.1503 -0.9884
vn -0.0231 -0.0605 -0.9979
vn -0.0172 -0.0622 -0.9979
vn -0.0166 -0.0626 -0.9979
vn -0.1012 -0.0614 -0.9930
vn -0.0219 -0.0604 -0.9979
vn -0.0959 -0.0614 -0.9935
vn -0.0164 -0.0266 -0.9995
vn -0.0581 -0.0747 -0.9955
vn -0.0389 -0.1386 -0.9896
vn -0.0203 -0.1130 -0.9934
vn -0.0229 -0.1101 -0.9937
vn -0.0106 0.1465 -0.9892
vn -0.0073 0.1290 -0.9916
vn -0.0101 -0.0606 -0.9981
vn -0.0111 -0.0588 -0.9982
vn 0.1458 -0.0261 -0.9890
vn 0.1485 -0.0310 -0.9884
vn 0.0312 0.0621 -0.9976
vn 0.0119 0.0570 -0.9983
vn -0.0133 -0.0235 -0.9996
vn 0.1304 0.0031 -0.9915
vn -0.0157 -0.0620 -0.9980
vn -0.0214 -0.0625 -0.9978
vn -0.0156 -0.0623 -0.9979
vn 0.0284 -0.0530 -0.9982
vn 0.0280 -0.0569 -0.9980
vn 0.0270 -0.0352 -0.9990
vn 0.0673 0.0715 -0.9952
vn -0.0930 -0.0705 -0.9932
vn -0.0209 0.1561 -0.9875
vn 0.0179 -0.0831 -0.9964
vn -0.0928 -0.0548 -0.9942
vn -0.0226 -0.1009 -0.9946
vn 0.0870 -0.1111 -0.9900
vn 0.0187 -0.0551 -0.9983
vn 0.0569 -0.0928 -0.9941
vn 0.0288 -0.0523 -0.9982
vn 0.0733 0.1587 -0.9846
vn -0.0504 0.0887 -0.9948
vn 0.9201 0.3586 -0.1579
vn 0.9066 0.3820 -0.1795
vn 0.9218 0.3759 -0.0943
vn 0.9315 0.3537 -0.0852
vn 0.9802 0.1938 -0.0406
vn 0.9593 0.2756 -0.0611
vn 0.9609 0.2738 -0.0405
vn 0.9818 0.1876 -0.0289
vn 0.9769 0.1986 -0.0784
vn 0.9530 0.2818 -0.1113
vn 0.9602 0.2757 -0.0453
vn 0.9824 0.1834 -0.0358
vn 0.9901 0.1389 -0.0214
vn 0.9926 0.1188 -0.0257
vn 0.9858 0.1550 -0.0643
vn 0.9870 0.1573 -0.0318
vn 0.9481 0.1001 -0.3019
vn 0.9934 0.0065 -0.1142
vn 0.9748 0.1787 0.1336
vn 0.2920 -0.8261 0.4820
vn 0.2620 0.6003 -0.7556
vn 0.3298 0.6900 -0.6443
vn 0.3601 0.7319 -0.5784
vn 0.3621 0.6044 -0.7097
vn 0.5042 0.5681 -0.6505
vn 0.5370 0.4610 -0.7065
vn 0.7232 0.2262 -0.6526
vn 0.5700 0.2792 -0.7728
vn 0.0335 -0.0552 -0.9979
vn 0.0290 -0.0615 -0.9977
vn 0.0127 -0.0603 -0.9981
vn -0.0010 -0.0659 -0.9978
vn 0.7899 0.2114 -0.5756
vn 0.7660 0.3193 -0.5579
vn 0.3447 0.3661 -0.8644
vn 0.5760 0.3435 -0.7418
vn 0.5953 0.6318 -0.4965
vn 0.4590 0.8379 -0.2953
vn 0.4354 0.8650 -0.2492
vn 0.2972 0.9377 -0.1801
vn 0.1125 0.7456 -0.6568
vn 0.1401 0.9247 -0.3541
vn 0.3019 0.8927 -0.3347
vn 0.2455 0.7149 -0.6547
vn 0.4986 0.8130 -0.3005
vn 0.4189 0.6456 -0.6386
vn 0.0002 0.7599 -0.6500
vn -0.0000 0.9316 -0.3635
vn 0.6797 0.6834 -0.2667
vn 0.5690 0.5254 -0.6326
vn 0.7070 0.3905 -0.5896
vn 0.7120 0.6509 -0.2633
vn 0.8432 0.4381 -0.3116
vn 0.8102 0.2942 -0.5070
vn 0.8841 0.1372 -0.4467
vn 0.8867 0.1329 -0.4429
vn 0.6757 0.6971 -0.2398
vn 0.9127 0.1911 -0.3612
vn 0.5358 0.6123 -0.5814
vn 0.3258 0.9152 -0.2373
vn 0.2610 0.9238 -0.2800
vn 0.3535 0.7168 -0.6010
vn 0.3807 0.8869 -0.2618
vn 0.3648 0.7675 -0.5271
vn 0.4725 0.8414 -0.2621
vn 0.4740 0.7695 -0.4281
vn 0.6207 0.7393 -0.2611
vn 0.6421 0.6322 -0.4336
vn 0.8968 0.3173 -0.3082
vn 0.8984 0.0153 -0.4390
vn 0.8941 -0.2072 -0.3970
vn 0.8451 0.0721 -0.5298
vn 0.8205 -0.0804 -0.5659
vn 0.8939 -0.2117 -0.3952
vn 0.8112 -0.5340 -0.2382
vn 0.8769 -0.0337 -0.4795
vn 0.9316 -0.0348 -0.3619
vn -1.0000 -0.0000 -0.0000
vn -1.0000 -0.0003 -0.0001
vn -0.0000 0.9966 -0.0821
vn -0.0000 0.9982 -0.0601
vn -0.0000 0.9132 -0.4074
vn -0.0000 0.9848 -0.1737
vn 0.1628 0.9810 -0.1058
vn -0.0000 0.9929 -0.1191
vn 0.1686 0.9839 -0.0592
vn 0.6352 0.7638 -0.1145
vn 0.5220 0.8449 -0.1166
vn 0.4815 0.8749 -0.0527
vn 0.6049 0.7770 -0.1745
vn 0.5820 0.7635 -0.2801
vn 0.4577 0.8598 -0.2262
vn 0.3374 0.9340 -0.1177
vn 0.5631 0.7508 -0.3453
vn 0.3490 0.9295 -0.1190
vn 0.3490 0.9354 -0.0563
vn 0.2833 0.9470 -0.1515
vn 0.1890 0.9749 -0.1175
vn 0.1824 0.9815 -0.0578
vn 0.2342 0.9699 -0.0672
vn 0.6889 0.7222 -0.0612
vn 0.5144 0.8548 -0.0688
vn 0.5145 0.8559 -0.0515
vn 0.6822 0.7298 -0.0439
vn 0.3306 0.9396 -0.0886
vn 0.3363 0.9400 -0.0566
vn 0.2121 0.9670 -0.1414
vn 0.2336 0.9609 -0.1488
vn 0.2209 0.9704 -0.0974
vn 0.1997 0.9741 -0.1063
vn 0.1803 0.9771 -0.1128
vn 0.1748 0.9789 -0.1057
vn 0.4266 0.8640 -0.2676
vn 0.2300 0.9628 -0.1418
vn 0.8725 -0.1714 -0.4576
vn 0.8351 -0.3908 -0.3871
vn 0.8104 0.0228 -0.5855
vn 0.7011 -0.4281 -0.5703
vn -1.0000 -0.0001 -0.0001
vn 0.6907 0.1626 -0.7046
vn 0.9269 0.3728 -0.0432
vn 0.9972 0.0709 0.0237
vn 0.7616 0.0149 -0.6479
vn 0.8799 0.0627 -0.4710
vn 0.8431 0.3317 -0.4234
vn 0.7997 0.3655 -0.4764
vn -0.0000 -0.9947 -0.1033
vn -0.0014 0.8268 -0.5625
vn -0.0000 0.2591 -0.9659
vn -0.0976 0.2578 -0.9613
vn -0.3208 0.7925 -0.5186
vn -0.0029 0.9544 -0.2987
vn -0.8520 0.5023 -0.1480
vn 0.9178 -0.0263 -0.3963
vn -0.7240 -0.0434 -0.6884
vn -0.7811 -0.0248 -0.6239
vn 0.6833 -0.2871 -0.6713
vn 0.0062 -0.9629 -0.2696
vn 0.0161 -0.7891 -0.6141
vn -0.1650 -0.4498 -0.8778
vn -0.0627 -0.4640 -0.8836
vn -0.9999 -0.0135 0.0007
vn -0.0310 -0.9989 0.0353
vn -1.0000 0.0005 -0.0000
vn -1.0000 0.0004 -0.0000
vn -0.9969 -0.0079 0.0786
vn -0.9988 -0.0223 -0.0425
vn -0.9977 -0.0221 -0.0640
vn -0.9983 -0.0083 0.0569
vn -0.9960 0.0293 0.0847
vn -0.9896 0.0207 -0.1423
vn -0.0788 -0.9951 0.0599
vn -0.0363 -0.9987 0.0347
vn -0.0098 -0.1325 -0.9911
vn -0.0175 -0.0604 -0.9980
vn -0.0178 -0.0604 -0.9980
vn -0.0228 -0.7949 -0.6063
vn -0.0175 -0.0686 -0.9975
vn -0.0190 -0.7949 -0.6064
vn -0.0163 -0.3551 -0.9347
vn -0.0181 -0.3551 -0.9347
vn -0.0018 -0.0344 -0.9994
vn -0.0071 -0.0604 -0.9982
vn -0.0067 -0.0604 -0.9982
vn -0.0031 -0.0344 -0.9994
vn 0.7051 0.1021 -0.7017
vn 0.7303 0.1089 -0.6744
vn 0.7888 0.0081 -0.6146
vn 0.7892 0.0227 -0.6137
vn -0.9988 -0.0057 0.0496
vn -0.9697 0.0198 0.2436
vn -0.9787 -0.1653 0.1218
vn -0.9978 -0.0641 0.0163
vn -0.8695 -0.3641 -0.3338
vn 0.1343 0.0164 -0.9908
vn -0.7897 -0.0940 -0.6062
vn -0.8828 -0.0326 0.4686
vn 0.2230 -0.5581 -0.7992
vn -0.0017 -0.0407 -0.9992
vn 0.0019 -0.0447 -0.9990
vn -0.0441 -0.5698 -0.8206
vn 0.9887 0.0320 -0.1463
vn 0.9882 0.0326 -0.1498
vn 0.3853 -0.0032 -0.9228
vn 0.1019 0.2255 -0.9689
vn -0.6830 -0.0208 -0.7301
vn -0.5928 -0.1297 -0.7949
vn 0.1243 0.0041 -0.9922
vn -0.4381 -0.6346 -0.6367
vn 0.5897 -0.0297 -0.8071
vn 0.6162 0.3013 -0.7277
vn 0.7442 0.4055 -0.5309
vn 0.8566 0.2710 -0.4391
vn 0.7205 0.5888 -0.3664
vn 0.5753 0.6063 -0.5490
vn 0.3938 -0.9180 0.0473
vn 0.4060 -0.9122 0.0563
vn 0.7235 -0.6890 0.0415
vn 0.7253 -0.6872 0.0414
vn -0.8859 -0.4469 0.1244
vn -0.9486 -0.3042 0.0877
vn 0.9859 -0.1671 0.0101
vn 0.9858 -0.1665 0.0202
vn -0.6175 -0.7797 0.1037
vn -0.7401 -0.6623 0.1167
vn -0.2576 -0.9625 0.0852
vn -0.3765 -0.9167 0.1342
vn 0.0487 -0.9963 0.0703
vn -0.0535 -0.9963 0.0668
vn 0.2586 0.6196 -0.7411
vn 0.3408 0.9070 -0.2473
vn 0.7176 0.6936 -0.0628
vn 0.7178 0.6949 -0.0418
vn 0.2936 0.9482 -0.1214
vn 0.1933 0.9732 -0.1246
vn 0.1936 0.9793 -0.0590
vn 0.2930 0.9544 -0.0575
vn 0.1978 0.9785 -0.0589
vn 0.1775 0.9823 -0.0591
vn 0.2001 0.6355 -0.7457
vn 0.1263 0.6285 -0.7675
vn 0.1900 0.9530 -0.2358
vn 0.2837 0.9291 -0.2372
vn 0.5429 0.5207 -0.6589
vn 0.6759 0.6847 -0.2727
vn 0.3588 0.8717 -0.3339
vn 0.2966 0.6408 -0.7081
vn 0.1263 0.6520 -0.7477
vn 0.2008 0.9312 -0.3043
vn 0.4565 0.8865 -0.0756
vn 0.4754 0.8782 -0.0529
vn -0.9993 0.0072 0.0367
vn -0.9962 0.0020 -0.0867
vn -0.3607 -0.0820 -0.9291
vn -0.2474 -0.0675 -0.9666
vn 0.6686 0.7303 -0.1401
vn 0.4935 0.8585 -0.1397
vn 0.4949 0.8674 -0.0522
vn 0.6713 0.7398 -0.0445
vn 0.0107 -0.0485 -0.9988
vn -0.0548 0.0657 -0.9963
vn 0.4957 -0.8659 -0.0667
vn 0.4975 -0.8659 0.0521
vn -0.0939 -0.9938 0.0598
vn -0.2237 -0.9739 0.0385
vn -0.6306 -0.6962 -0.3429
vn -0.4976 0.8658 -0.0521
vn -0.4976 0.8646 -0.0702
vn -0.9960 0.0703 0.0552
vn -0.9978 0.0669 -0.0040
vn 0.8496 0.5115 -0.1285
vn 0.8541 0.5191 -0.0312
vn -0.5376 -0.7677 -0.3487
vn 0.8773 0.1244 -0.4636
vn 0.8115 0.0015 -0.5843
vn 0.5806 -0.1319 -0.8034
vn -0.0137 -0.0177 -0.9998
vn -0.0099 -0.0289 -0.9995
vn 0.4149 -0.3978 -0.8183
vn -0.9680 -0.0679 0.2415
vn -0.9664 -0.0676 0.2481
vn -0.9372 -0.0545 0.3445
vn -0.0000 -0.4139 -0.9103
vn -0.0554 -0.4134 -0.9089
vn -0.1545 -0.0594 -0.9862
vn 0.9173 -0.0264 -0.3973
vn 0.5350 -0.0523 -0.8432
vn 0.4367 0.1341 -0.8896
vn 0.7932 0.2641 -0.5487
vn -0.0814 -0.5751 -0.8140
vn -0.0000 -0.5771 -0.8167
vn -0.0000 -0.4140 -0.9103
vn 0.3074 -0.3202 -0.8961
vn -0.0000 0.0601 0.9982
vn -0.0000 -0.9982 0.0601
vn -0.0317 -0.9943 -0.1016
vn -0.6206 -0.0471 -0.7827
vn -0.0317 -0.9943 -0.1017
vn -0.5412 0.8393 -0.0505
vn -0.8577 0.5132 -0.0308
vn -0.8577 0.5131 -0.0309
vn 0.4355 -0.7311 -0.5252
vn 0.0059 -0.9976 -0.0684
vn 0.4354 -0.7312 -0.5252
vn -0.9735 -0.0099 -0.2287
vn 0.9734 -0.0267 -0.2276
vn 0.9734 -0.0267 -0.2277
vn 1.0000 -0.0086 0.0005
vn -1.0000 0.0086 -0.0005
vn 0.1231 0.9906 -0.0596
vn -0.1927 -0.8689 0.4558
vn -0.1804 -0.9755 0.1261
vn -0.1231 -0.9906 0.0596
vn -0.1277 -0.9500 0.2851
vn -0.1863 -0.9792 0.0799
vn -0.2204 -0.9106 0.3495
vn -0.1493 -0.9876 0.0480
vn -0.2506 -0.9135 0.3205
vn -0.0432 -0.9990 0.0104
vn -0.0798 -0.9950 0.0599
vn 0.0771 -0.9967 -0.0233
vn 0.0727 -0.9956 0.0599
vn -0.3731 -0.9267 -0.0440
vn -0.2273 -0.9716 -0.0654
vn -0.1949 -0.9762 -0.0947
vn -0.1299 -0.9822 -0.1354
vn 0.0064 -0.9868 -0.1616
vn 0.1552 -0.9594 -0.2357
vn 0.9834 -0.1813 0.0109
vn 0.8795 -0.3067 -0.3640
vn -0.0231 -0.5491 -0.8354
vn -0.2525 -0.5118 -0.8212
vn -0.1107 0.5572 0.8229
vn 0.0311 0.5483 0.8357
vn -0.0126 0.5045 0.8633
vn -0.9305 -0.1161 -0.3475
vn -0.5483 0.5065 0.6654
vn 0.3114 -0.5500 -0.7749
vn -0.4616 0.3870 0.7982
vn 0.5736 -0.4991 -0.6495
vn -0.9832 0.1825 -0.0110
vn -0.6431 -0.3660 -0.6726
vn 0.0165 0.9998 0.0112
vn -0.0165 0.9998 0.0112
vn -0.0282 -0.8519 0.5230
vn 0.0281 -0.8527 0.5216
vn -0.0554 0.9974 -0.0464
vn -0.9987 0.0512 -0.0031
vn -0.5458 -0.8347 0.0729
vn -0.0425 -0.0600 -0.9973
vn 0.0425 -0.0600 -0.9973
vn 0.0425 -0.3975 -0.9166
vn -0.0425 -0.3975 -0.9166
vn 0.0425 -0.6870 -0.7254
vn -0.0425 -0.6870 -0.7254
vn 0.0425 -0.8937 -0.4467
vn -0.0425 -0.8937 -0.4467
vn 0.0425 -0.9926 -0.1141
vn -0.0425 -0.9926 -0.1141
vn 0.0425 -0.9717 0.2323
vn -0.0425 -0.9717 0.2323
vn 0.0425 -0.8337 0.5506
vn -0.0425 -0.8337 0.5506
vn 0.0425 -0.5951 0.8026
vn -0.0425 -0.5951 0.8026
vn 0.0425 -0.2847 0.9577
vn -0.0425 -0.2847 0.9577
vn 0.0425 0.0600 0.9973
vn -0.0425 0.0600 0.9973
vn 0.0425 0.3975 0.9166
vn -0.0425 0.3975 0.9166
vn 0.0424 0.6870 0.7254
vn -0.0424 0.6870 0.7254
vn 0.0425 0.8937 0.4467
vn -0.0425 0.8937 0.4467
vn 0.0425 0.9926 0.1141
vn -0.0425 0.9926 0.1141
vn 0.0425 0.9717 -0.2323
vn -0.0425 0.9717 -0.2323
vn 0.0425 0.8337 -0.5506
vn -0.0425 0.8337 -0.5506
vn 0.0425 0.5951 -0.8026
vn -0.0425 0.5951 -0.8026
vn 0.0425 0.2847 -0.9577
vn -0.0425 0.2847 -0.9577
vn 0.9960 0.0802 0.0401
vn 0.9960 0.0891 0.0102
vn -0.9960 0.0054 0.0895
vn -0.9960 -0.0256 0.0859
vn -0.9960 -0.0054 -0.0895
vn -0.9960 0.0256 -0.0859
vn 0.9960 -0.0256 0.0859
vn 0.9960 0.0054 0.0895
vn 0.9960 0.0256 -0.0859
vn 0.9960 -0.0054 -0.0895
vn -0.9960 -0.0872 0.0209
vn -0.9960 -0.0891 -0.0103
vn -0.9960 0.0872 -0.0209
vn -0.9960 0.0891 0.0104
vn -0.9960 -0.0357 -0.0822
vn 0.9960 -0.0891 -0.0103
vn 0.9960 -0.0872 0.0209
vn 0.9960 0.0872 -0.0210
vn 0.9960 -0.0357 -0.0822
vn -0.9960 0.0357 0.0822
vn 0.9960 0.0358 0.0822
vn -0.9960 -0.0748 0.0494
vn -0.9960 0.0748 -0.0494
vn 0.9960 -0.0747 0.0495
vn 0.9960 0.0748 -0.0494
vn -0.9960 -0.0617 -0.0651
vn -0.9960 0.0617 0.0651
vn 0.9960 -0.0615 -0.0653
vn 0.9960 0.0617 0.0651
vn -0.9960 -0.0534 0.0720
vn -0.9960 0.0534 -0.0720
vn 0.9960 -0.0534 0.0720
vn 0.9960 0.0534 -0.0720
vn -0.9960 -0.0802 -0.0401
vn -0.9960 0.0802 0.0401
vn 0.9960 -0.0802 -0.0400
vn 0.5818 0.4844 -0.6533
vn 0.5819 0.2317 -0.7796
vn -0.5819 0.2317 -0.7796
vn -0.5818 0.4844 -0.6533
vn 0.5818 0.0489 0.8119
vn 0.5818 0.3236 0.7462
vn -0.5818 0.3236 0.7462
vn -0.5818 0.0489 0.8119
vn 0.5818 -0.5593 -0.5905
vn 0.5819 -0.7275 -0.3636
vn -0.5819 -0.7275 -0.3636
vn -0.5818 -0.5593 -0.5905
vn 0.5819 -0.0489 -0.8118
vn -0.5819 -0.0489 -0.8118
vn 0.5818 0.5593 0.5905
vn -0.5818 0.5593 0.5905
vn 0.5819 -0.8080 -0.0928
vn -0.5819 -0.8080 -0.0928
vn 0.5819 0.7275 0.3636
vn -0.5819 0.7275 0.3636
vn 0.5819 -0.7910 0.1891
vn -0.5819 -0.7910 0.1891
vn 0.5819 0.8080 0.0928
vn -0.5819 0.8080 0.0928
vn 0.5819 -0.6786 0.4482
vn -0.5819 -0.6786 0.4482
vn 0.5819 0.7910 -0.1891
vn -0.5819 0.7910 -0.1891
vn 0.5818 -0.4844 0.6533
vn -0.5818 -0.4844 0.6533
vn 0.5819 0.6786 -0.4482
vn -0.5819 0.6786 -0.4482
vn 0.5818 -0.2317 0.7796
vn -0.5818 -0.2317 0.7796
vn 0.5819 -0.3236 -0.7461
vn -0.5819 -0.3236 -0.7461
vn -0.9889 -0.1241 0.0820
vn -0.9889 -0.1446 0.0346
vn -0.9889 0.1023 0.1080
vn -0.9889 0.0592 0.1364
vn 0.9889 0.1241 -0.0820
vn 0.9889 0.0886 -0.1195
vn -0.9889 -0.0886 0.1195
vn -0.9889 0.1330 0.0665
vn 0.9889 0.0424 -0.1425
vn -0.9889 -0.0424 0.1425
vn -0.9889 0.1477 0.0170
vn 0.9889 -0.0089 -0.1484
vn -0.9889 0.0089 0.1484
vn -0.9889 0.1446 -0.0346
vn 0.9889 -0.0592 -0.1364
vn -0.9889 0.1241 -0.0820
vn 0.9889 -0.1023 -0.1080
vn -0.9889 0.0886 -0.1195
vn 0.9889 -0.1330 -0.0665
vn -0.9889 0.0424 -0.1425
vn 0.9889 -0.1477 -0.0170
vn -0.9889 -0.0089 -0.1484
vn 0.9889 -0.1446 0.0346
vn 0.9889 0.0089 0.1484
vn 0.9889 0.0592 0.1364
vn -0.9889 -0.0592 -0.1364
vn 0.9889 -0.1241 0.0820
vn 0.9889 0.1023 0.1080
vn -0.9889 -0.1023 -0.1080
vn 0.9889 -0.0886 0.1195
vn 0.9889 0.1330 0.0665
vn -0.9889 -0.1330 -0.0665
vn 0.9889 -0.0424 0.1425
vn 0.9889 0.1477 0.0170
vn -0.9889 -0.1477 -0.0170
vn 0.9889 0.1446 -0.0346
vn -0.9081 -0.0256 -0.4179
vn 0.9080 -0.0413 -0.4169
vn -0.9081 -0.0256 -0.4180
vn -0.9987 0.0510 -0.0031
vn -0.9926 0.1202 0.0186
vn -0.9926 0.1171 -0.0329
vn 0.9987 -0.0502 0.0030
vn -0.1716 -0.5438 0.8215
vn 0.8549 -0.4775 0.2029
vn -0.1716 -0.6385 -0.7503
vn -0.1596 -0.0592 -0.9854
vn -0.1893 -0.0603 -0.9801
vn -1.0000 -0.0000 -0.0001
vn -0.0012 -0.9982 0.0594
vn -1.0000 0.0001 -0.0000
vn -1.0000 0.0004 0.0003
vn -0.9998 0.0078 0.0178
vn -0.1905 -0.0673 -0.9794
vn -0.2140 -0.0758 -0.9739
vn -0.8075 0.5851 -0.0749
vn -0.0589 0.9981 -0.0164
vn 0.0588 -0.9929 0.1038
vn -0.0003 -0.9947 0.1032
vn -0.0001 0.9999 -0.0173
vn -0.8074 0.5899 0.0042
vn 0.8681 -0.4955 0.0298
vn 0.8126 -0.5817 0.0350
vn 0.8120 -0.5788 0.0749
vn -0.5121 0.8536 -0.0957
vn -0.5121 0.8589 -0.0074
vn -0.0589 0.9929 -0.1034
vn -0.0001 0.9947 -0.1028
vn 0.0589 -0.9965 0.0600
vn 0.9987 0.0510 -0.0031
vn 0.9920 0.1216 -0.0333
vn 0.9920 0.1247 0.0185
vn -0.9987 -0.0502 0.0030
vn -0.8499 -0.4886 0.1976
vn 0.1716 -0.5438 0.8214
vn 0.1716 -0.5438 0.8215
vn 0.1716 -0.6385 -0.7503
vn 0.8023 0.5969 0.0039
vn -0.8069 -0.5858 0.0755
vn 0.0551 0.9983 -0.0165
vn -0.0550 -0.9931 0.1038
vn 0.8023 0.5921 -0.0755
vn -0.8075 -0.5888 0.0354
vn -0.8621 -0.5058 0.0304
vn 0.5051 0.8577 -0.0960
vn 0.0550 0.9931 -0.1034
vn 0.5051 0.8630 -0.0076
vn -0.0550 -0.9967 0.0600
vn -0.2645 0.0568 -0.9627
vn 0.8619 0.0099 -0.5069
vn 0.8619 -0.0706 -0.5021
vn -0.2645 -0.1718 -0.9490
vn -0.2333 -0.9724 0.0064
vn 0.2335 -0.9701 -0.0668
vn 0.2295 -0.9671 0.1095
vn -0.2319 -0.9556 0.1819
vn -0.2333 0.9661 -0.1103
vn -0.2319 0.9705 0.0659
vn 0.2295 0.9733 -0.0073
vn 0.2335 0.9551 -0.1827
vn 0.9630 0.0632 0.2620
vn 0.9630 -0.0314 0.2677
vn -0.2462 0.1553 0.9567
vn -0.2462 -0.0393 0.9684
vn -0.9918 0.0077 0.1279
vn -0.8420 0.5384 -0.0324
vn -0.8420 -0.5384 0.0324
vn -0.8421 -0.5384 0.0324
vn -0.8421 0.5384 -0.0324
vn 0.8421 0.5384 -0.0324
vn 0.8420 0.5384 -0.0324
vn 0.8421 -0.5384 0.0324
vn 0.8420 -0.5384 0.0324
vn 0.4048 0.6950 -0.5943
vn 0.9859 -0.1478 -0.0784
vn 0.8731 -0.4637 -0.1507
vn 0.9167 -0.3343 -0.2190
vn 0.7226 -0.5723 -0.3878
vn 0.8806 -0.3029 -0.3643
vn 0.8794 -0.2580 -0.4001
vn 0.8316 -0.4097 -0.3750
vn 0.8035 -0.3441 -0.4858
vn -0.9790 -0.0436 0.1994
vn -0.9597 0.1477 0.2393
vn 0.8171 0.3927 -0.4221
vn 0.7979 0.1646 -0.5799
vn 0.8900 -0.0222 -0.4554
vn 0.7839 0.2167 -0.5819
vn 0.7765 0.2166 -0.5917
vn 0.9182 0.2197 -0.3295
vn 0.8624 0.1898 -0.4692
vn 0.9973 -0.0707 -0.0216
vn 0.9837 -0.1776 -0.0286
vn 0.8188 0.3942 -0.4174
vn 0.9185 -0.1242 -0.3753
vn 0.9137 -0.2961 -0.2784
vn -0.0075 -0.0667 -0.9977
vn 0.2061 0.1413 -0.9683
vn 0.1765 0.1251 -0.9763
vn -0.0113 -0.0683 -0.9976
vn -0.0046 -0.0474 -0.9989
vn -0.0039 -0.0668 -0.9978
vn 0.0851 0.1326 -0.9875
vn 0.0284 0.1192 -0.9925
vn 0.0104 -0.0261 -0.9996
vn 0.0091 -0.0261 -0.9996
vn 0.0509 0.1199 -0.9915
vn 0.0685 0.1150 -0.9910
vn 0.0013 -0.0168 -0.9999
vn 0.0038 -0.0002 -1.0000
vn 0.0095 0.0023 -1.0000
vn 0.0092 0.0077 -0.9999
vn 0.0229 0.1139 -0.9932
vn 0.3645 0.0953 -0.9263
vn 0.1615 -0.0196 -0.9867
vn 0.0001 0.4923 -0.8704
vn -0.0000 0.4923 -0.8704
vn 0.6422 -0.0438 -0.7653
vn 0.7952 0.0047 -0.6063
vn 0.5797 -0.0197 -0.8146
vn 0.6095 0.2657 -0.7470
vn 0.2421 0.2008 -0.9493
vn 0.3524 0.3750 -0.8575
vn 0.1536 0.2391 -0.9588
vn 0.2142 0.3808 -0.8995
vn 0.3388 0.2522 -0.9064
vn 0.3706 0.3278 -0.8690
vn 0.6533 0.2978 -0.6960
vn 0.4814 0.0689 -0.8738
vn 0.7539 0.1460 -0.6406
vn 0.8504 0.2001 -0.4866
vn 0.5616 0.0727 -0.8242
vn 0.5561 0.1429 -0.8188
vn 0.2738 0.0291 -0.9613
vn -0.0025 -0.0656 -0.9978
vn 0.1363 0.1602 -0.9776
vn 0.0001 0.0626 -0.9980
vn 0.0002 0.2873 -0.9578
vn 0.0555 0.2515 -0.9663
vn 0.0263 0.0250 -0.9993
vn 0.0297 -0.0193 -0.9994
vn 0.0996 0.2074 -0.9732
vn -0.5125 -0.0237 -0.8584
vn 0.5173 -0.8504 0.0961
vn 0.5178 -0.8539 0.0514
vn -0.5101 -0.8547 0.0964
vn -0.5107 -0.8582 0.0517
vn 0.8209 0.3822 -0.4244
vn 0.8071 0.3828 -0.4495
vn 0.8721 0.3850 -0.3021
vn 0.1498 -0.9788 0.1395
vn 0.1165 -0.9926 0.0351
vn -0.0672 -0.9892 0.1304
vn 0.0375 -0.9962 0.0790
vn -0.0598 -0.9944 0.0875
vn 0.0445 -0.9942 0.0978
vn -0.0733 -0.9867 0.1454
vn -0.0226 -0.9990 0.0376
vn -0.0261 -0.9917 0.1259
vn 0.0177 -0.0503 -0.9986
vn 0.0111 -0.0621 -0.9980
vn 0.0082 -0.0667 -0.9977
vn -0.0009 -0.0703 -0.9975
vn 0.0059 -0.0458 -0.9989
vn 0.0546 -0.0516 -0.9972
vn 0.0366 -0.0151 -0.9992
vn -0.0073 -0.0602 -0.9982
vn -0.0019 -0.0602 -0.9982
vn -0.0014 -0.0516 -0.9987
vn -0.0047 -0.0366 -0.9993
vn 0.0182 0.0261 -0.9995
vn 0.0696 -0.0190 -0.9974
vn 0.0938 -0.0503 -0.9943
vn 0.0283 -0.0457 -0.9986
vn -0.0031 -0.0555 -0.9985
vn 0.0161 -0.0498 -0.9986
vn 0.0002 -0.0611 -0.9981
vn 0.0030 -0.0116 -0.9999
vn 0.0631 -0.0350 -0.9974
vn 0.0194 -0.0576 -0.9982
vn -0.0338 -0.0564 -0.9978
vn 0.0434 -0.0015 -0.9991
vn 0.0095 0.0211 -0.9997
vn -0.0268 -0.0542 -0.9982
vn 0.0101 -0.0235 -0.9997
vn 0.0385 -0.0504 -0.9980
vn -0.0157 -0.0422 -0.9990
vn -0.0094 -0.0574 -0.9983
vn -0.0000 -0.0738 -0.9973
vn 0.0011 -0.0733 -0.9973
vn 0.0003 -0.0604 -0.9982
vn -0.0000 -0.0736 -0.9973
vn 0.0140 0.0282 -0.9995
vn 0.0163 0.0157 -0.9997
vn 0.0323 0.0195 -0.9993
vn 0.0232 0.0716 -0.9972
vn -0.0008 -0.0863 -0.9963
vn 0.0097 -0.0867 -0.9962
vn 0.0125 -0.0211 -0.9997
vn 0.0320 0.1128 -0.9931
vn -0.0005 0.0208 -0.9998
vn -0.0000 0.0210 -0.9998
vn 0.0017 0.0253 -0.9997
vn 0.0072 0.0178 -0.9998
vn -0.0111 -0.2316 -0.9728
vn -0.0064 -0.2169 -0.9762
vn -0.0108 -0.3159 -0.9487
vn -0.0235 -0.3940 -0.9188
vn -0.6345 -0.6999 -0.3280
vn -0.1442 -0.9420 -0.3032
vn -0.0171 -0.0571 -0.9982
vn -0.0845 -0.0275 -0.9960
vn -0.1164 -0.0426 -0.9923
vn -0.0012 0.0204 -0.9998
vn -0.0268 0.0117 -0.9996
vn -0.0128 0.0139 -0.9998
vn -0.0445 -0.9460 -0.3211
vn -0.0000 -0.0604 -0.9982
vn 0.0049 -0.0911 -0.9958
vn -0.0007 -0.0938 -0.9956
vn 0.0003 -0.0899 -0.9960
vn -0.0004 -0.0599 -0.9982
vn -0.9278 0.1342 -0.3481
vn -0.9388 -0.1151 -0.3245
vn -0.0181 -0.0135 -0.9997
vn -0.0088 0.0018 -1.0000
vn 0.0090 0.0046 -0.9999
vn 0.0060 0.0104 -0.9999
vn -0.0203 -0.0400 -0.9990
vn -0.0448 -0.0762 -0.9961
vn 0.0003 -0.1044 -0.9945
vn 0.0004 -0.0882 -0.9961
vn 0.0002 -0.1048 -0.9945
vn -0.0007 -0.1033 -0.9947
vn -0.1873 -0.0758 -0.9794
vn -0.1069 -0.1145 -0.9877
vn 0.0296 -0.0718 -0.9970
vn 0.0138 -0.0755 -0.9970
vn 0.0126 -0.0701 -0.9975
vn 0.3482 -0.0734 -0.9345
vn 0.1671 -0.0645 -0.9838
vn 0.1369 -0.0819 -0.9872
vn 0.2518 -0.1132 -0.9611
vn 0.1776 -0.0658 -0.9819
vn 0.4448 -0.0501 -0.8942
vn 0.0989 -0.0331 -0.9945
vn -0.0131 -0.0522 -0.9986
vn -0.0017 -0.0609 -0.9981
vn -0.0079 -0.0608 -0.9981
vn -0.0083 -0.0601 -0.9982
vn -0.0016 -0.0603 -0.9982
vn 0.6774 -0.7343 0.0443
vn 0.0917 -0.1668 -0.9817
vn 0.0855 0.0536 -0.9949
vn 0.6780 0.7337 -0.0442
vn 0.0344 -0.0609 -0.9975
vn 0.0345 -0.0597 -0.9976
vn 0.0046 -0.0356 -0.9994
vn 0.0157 -0.0326 -0.9993
vn 0.0159 0.0132 -0.9998
vn 0.0053 0.0266 -0.9996
vn 0.0238 0.0032 -0.9997
vn 0.4151 -0.0506 -0.9084
vn 0.1797 -0.0574 -0.9821
vn 0.0294 -0.0643 -0.9975
vn 0.0239 -0.0850 -0.9961
vn 0.0424 -0.0834 -0.9956
vn 0.0647 -0.0692 -0.9955
vn 0.0600 -0.1083 -0.9923
vn 0.0764 -0.0912 -0.9929
vn -0.0034 -0.0576 -0.9983
vn -0.0005 -0.0601 -0.9982
vn 0.0001 -0.0619 -0.9981
vn 0.0028 -0.0617 -0.9981
vn -0.0026 0.0156 -0.9999
vn -0.0020 -0.0556 -0.9985
vn -0.0001 -0.0608 -0.9982
vn -0.0598 0.9221 -0.3822
vn -0.3547 0.8437 -0.4030
vn -0.0006 -0.0936 -0.9956
vn -0.0012 0.0089 -1.0000
vn 0.0041 -0.1074 -0.9942
vn 0.0179 -0.1072 -0.9941
vn -0.1073 -0.0874 -0.9904
vn -0.0315 -0.0679 -0.9972
vn -0.0271 -0.0647 -0.9975
vn -0.1161 -0.0755 -0.9904
vn -0.0147 -0.0548 -0.9984
vn 0.0224 -0.0479 -0.9986
vn -0.0239 -0.1773 -0.9839
vn -0.0083 -0.1061 -0.9943
vn 0.9151 0.3767 0.1442
vn 0.1457 0.1148 -0.9826
vn -0.0456 0.0001 -0.9990
vn 0.0869 -0.1060 -0.9906
vn 0.0621 -0.0442 -0.9971
vn 0.0581 -0.0414 -0.9975
vn 0.3235 0.0761 -0.9432
vn 0.3276 0.0610 -0.9428
vn -0.8762 0.3469 -0.3346
vn 0.6712 0.3285 -0.6645
vn 0.9801 -0.0268 -0.1966
vn 0.8607 -0.0901 -0.5010
vn -0.9986 0.0531 -0.0042
vn -0.9986 0.0532 -0.0043
vn -0.9998 -0.0222 -0.0000
vn -0.9998 -0.0222 0.0001
vn 0.0012 -0.0626 -0.9980
vn 0.4854 0.7003 -0.5234
vn -0.0193 0.9022 -0.4309
vn 0.0002 -0.0596 -0.9982
vn 0.0610 -0.0526 -0.9967
vn 0.0110 0.0127 -0.9999
vn -0.0048 0.0695 -0.9976
vn -0.1874 -0.0515 -0.9809
vn -0.0762 -0.0154 -0.9970
vn 0.1161 0.1589 -0.9804
vn 0.0350 -0.0603 -0.9976
vn 0.0368 -0.0668 -0.9971
vn 0.0154 -0.0678 -0.9976
vn 0.0926 0.1775 -0.9797
vn -0.0079 -0.0592 -0.9982
vn 0.0469 -0.0631 -0.9969
vn 0.8852 0.1863 -0.4263
vn 0.9585 -0.1098 -0.2630
vn -0.0018 -0.0615 -0.9981
vn -0.0010 -0.0552 -0.9985
vn -0.9890 -0.1479 0.0073
vn -0.9950 -0.0994 0.0045
vn 0.9998 0.0223 -0.0000
vn 0.9987 -0.0507 0.0044
vn 0.9987 -0.0507 0.0043
vn -0.1271 -0.9902 0.0577
vn -0.6059 -0.7942 0.0457
vn -0.6060 -0.7942 0.0457
vn -0.1272 -0.9902 0.0577
vn -0.0132 -0.1009 -0.9948
vn 0.0189 -0.0848 -0.9962
vn 0.0311 -0.0621 -0.9976
vn -0.0049 -0.0642 -0.9979
vn -0.0290 -0.0751 -0.9967
vn 0.0913 -0.0628 -0.9938
vn 0.0204 -0.0261 -0.9995
vn 0.0241 0.0068 -0.9997
vn 0.2944 0.0260 -0.9553
vn 0.9781 0.2078 -0.0108
vn 0.9815 0.1914 -0.0099
vn 0.9782 0.2074 -0.0108
vn -0.0534 -0.0818 -0.9952
vn -0.0287 -0.0929 -0.9953
vn 0.0224 -0.0070 -0.9997
vn -0.1092 -0.0795 -0.9908
vn -0.0269 -0.1207 -0.9923
vn 0.0123 -0.0871 -0.9961
vn -0.0006 -0.0905 -0.9959
vn 0.0293 -0.0134 -0.9995
vn -0.8815 0.4713 -0.0285
vn 0.0172 0.9981 -0.0587
vn 0.0173 0.9981 -0.0589
vn -0.8815 0.4713 -0.0289
vn -0.9625 -0.2710 0.0147
vn -0.9680 -0.2504 0.0134
vn 0.9627 -0.2699 0.0168
vn 0.3226 -0.9449 0.0560
vn 0.3205 -0.9456 0.0561
vn 0.9617 -0.2736 0.0178
vn -0.0306 -0.9977 0.0597
vn -0.0296 -0.9978 0.0585
vn -0.0297 -0.9978 0.0586
vn 0.9950 0.1000 -0.0038
vn 1.0000 0.0053 0.0008
vn 0.9946 0.1038 -0.0046
vn 0.9976 -0.0688 0.0054
vn 0.9976 -0.0692 0.0054
vn 0.1620 0.9852 -0.0562
vn 0.2613 0.9636 -0.0560
vn 0.2612 0.9637 -0.0560
vn 0.1620 0.9852 -0.0563
vn 0.1015 0.9931 -0.0582
vn 0.3701 0.9274 -0.0554
vn 0.3699 0.9275 -0.0542
vn -0.9473 -0.3198 0.0174
vn -0.9473 -0.3197 0.0174
vn -0.9810 -0.1937 0.0100
vn -0.9762 -0.2165 0.0114
vn -0.9762 -0.2166 0.0114
vn 0.0059 -0.0726 -0.9973
vn 0.0658 0.0962 -0.9932
vn -0.0030 -0.1308 -0.9914
vn -0.0000 -0.1298 -0.9915
vn -0.0006 -0.1179 -0.9930
vn -0.0031 -0.1161 -0.9932
vn 0.0191 -0.0662 -0.9976
vn 0.0714 -0.0734 -0.9947
vn -0.0268 -0.0646 -0.9975
vn 0.9842 -0.1502 0.0938
vn 0.9921 -0.0877 0.0893
vn 0.0019 -0.1268 -0.9919
vn 0.0012 -0.1172 -0.9931
vn 0.0001 -0.0606 -0.9982
vn 0.1503 -0.9274 -0.3424
vn 0.8290 -0.3223 -0.4571
vn -0.0014 -0.1012 -0.9949
vn 0.0833 -0.1888 -0.9785
vn -0.9934 -0.1147 0.0054
vn -0.9789 0.2040 -0.0134
vn -0.9934 -0.1147 0.0053
vn 0.5425 0.8387 -0.0487
vn 0.5391 0.8410 -0.0460
vn 0.9950 0.0993 -0.0045
vn -0.1492 -0.9871 0.0577
vn -0.7958 -0.6045 0.0345
vn -0.7958 -0.6045 0.0344
vn 1.0000 0.0039 0.0011
vn 1.0000 0.0039 0.0008
vn -0.2638 0.9628 -0.0583
vn 0.1366 0.9890 -0.0576
vn -0.2629 0.9631 -0.0576
vn -0.0509 -0.9970 0.0584
vn -0.0510 -0.9970 0.0584
vn -0.0265 -0.2923 -0.9560
vn -0.0309 -0.2497 -0.9678
vn 0.9889 0.1483 -0.0074
vn 0.9889 0.1482 -0.0074
vn 0.3473 -0.9361 0.0555
vn 0.3473 -0.9361 0.0563
vn 0.4543 0.7101 -0.5379
vn 0.0261 -0.0846 -0.9961
vn 0.9810 0.1935 -0.0100
vn -0.9243 -0.3812 0.0212
vn -0.9243 -0.3811 0.0211
vn -0.0300 -0.0606 -0.9977
vn -0.0869 -0.0795 -0.9930
vn 0.0455 -0.0152 -0.9988
vn 0.0418 -0.0415 -0.9983
vn 0.6066 0.2138 -0.7657
vn 0.6543 0.1533 -0.7405
vn 0.0993 -0.0707 -0.9925
vn 0.0205 -0.0707 -0.9973
vn 0.5454 -0.2191 -0.8090
vn 0.9769 -0.0065 -0.2138
vn 0.8790 -0.0120 -0.4767
vn -0.0010 -0.0567 -0.9984
vn -0.0042 -0.0562 -0.9984
vn -0.0033 -0.0530 -0.9986
vn -0.0205 -0.0460 -0.9987
vn 0.0134 -0.0670 -0.9977
vn 0.7104 -0.0393 -0.7027
vn 0.9779 -0.0324 -0.2067
vn 0.0043 -0.0615 -0.9981
vn 0.0030 -0.0622 -0.9981
vn 0.0234 -0.0997 -0.9947
vn 0.0370 -0.1153 -0.9926
vn 0.0035 -0.0617 -0.9981
vn 0.0014 -0.0624 -0.9980
vn -0.0455 -0.0584 -0.9973
vn 0.0241 -0.0164 -0.9996
vn -0.0097 -0.0752 -0.9971
vn -0.0066 -0.0696 -0.9976
vn -0.6968 0.0740 -0.7135
vn -0.9751 -0.1267 -0.1819
vn 0.0300 -0.2085 -0.9776
vn 0.0151 0.1862 -0.9824
vn -0.0387 0.1541 -0.9873
vn -0.0650 0.1313 -0.9892
vn -0.3211 -0.3900 -0.8630
vn 0.9074 -0.1063 -0.4066
vn 0.6414 0.3535 -0.6809
vn 0.6342 0.2962 -0.7141
vn 0.8561 -0.1221 -0.5022
vn 0.1703 0.2136 -0.9620
vn -0.1060 -0.1682 -0.9800
vn -0.1089 0.0528 -0.9927
vn 0.9901 0.0366 0.1359
vn 0.9940 0.1084 -0.0172
vn 0.9937 0.0933 0.0617
vn -0.2923 -0.0510 -0.9550
vn 0.0117 -0.0422 -0.9990
vn 0.0050 -0.0497 -0.9987
vn 0.0068 -0.0413 -0.9991
vn -0.0022 -0.0468 -0.9989
vn -0.0013 -0.0556 -0.9985
vn -0.6723 -0.7390 0.0445
vn -0.6704 0.7407 -0.0447
vn -0.0092 -0.0704 -0.9975
vn -0.0115 -0.0696 -0.9975
vn -0.2084 -0.0775 -0.9750
vn -0.0011 -0.0454 -0.9990
vn -0.0007 -0.0542 -0.9985
vn -0.0063 -0.8021 -0.5972
vn 0.0004 -0.0607 -0.9982
vn 0.0006 -0.7982 -0.6023
vn -0.0029 -0.0471 -0.9989
vn -0.0018 -0.0594 -0.9982
vn -0.0023 -0.0588 -0.9983
vn -0.0026 -0.0606 -0.9982
vn 0.0097 -0.0235 -0.9997
vn 0.9044 -0.1797 -0.3871
vn 0.9935 0.1128 -0.0159
vn 0.2158 0.8952 0.3900
vn 0.5345 -0.0522 -0.8435
vn 0.0073 -0.0323 -0.9995
vn -0.6115 -0.1644 -0.7740
vn 0.0104 -0.0615 -0.9981
vn -0.0029 -0.0596 -0.9982
vn -0.0029 -0.0591 -0.9982
vn 0.0010 -0.0523 -0.9986
vn -0.0018 -0.0463 -0.9989
vn -0.0023 -0.0616 -0.9981
vn -0.0156 -0.0722 -0.9973
vn -0.0118 -0.7882 -0.6153
vn -0.1454 -0.7647 -0.6277
vn -0.2933 -0.0780 -0.9528
vn -0.0000 0.2590 -0.9659
vn 0.0003 0.8138 -0.5811
vn -0.1640 -0.0587 -0.9847
vn -0.0149 -0.0772 -0.9969
vn -0.0004 -0.0753 -0.9972
vn 0.0006 -0.9636 -0.2673
vn 0.0054 -0.0709 -0.9975
vn 0.8299 -0.2003 -0.5208
vn 0.7718 -0.1300 -0.6225
vn 0.9026 -0.1147 -0.4149
vn 0.9306 -0.1108 -0.3488
vn 0.0337 -0.0675 -0.9971
vn 0.0281 -0.0875 -0.9958
vn -0.0002 -0.0640 -0.9980
vn -0.0030 -0.0601 -0.9982
vn -0.0091 -0.0596 -0.9982
vn -0.0094 -0.0603 -0.9981
vn 0.0274 -0.0627 -0.9977
vn 0.0210 -0.0562 -0.9982
vn 0.1585 0.3223 -0.9333
vn 0.0201 -0.0386 -0.9991
vn 0.0138 -0.0404 -0.9991
vn 0.0685 0.3838 -0.9209
vn 0.0005 0.9472 -0.3207
vn 0.2130 0.2177 -0.9525
vn 0.0416 -0.0184 -0.9990
vn 0.0218 -0.0561 -0.9982
vn 0.0080 -0.0311 -0.9995
vn -0.0025 -0.0584 -0.9983
vn 0.2620 -0.0575 -0.9633
vn 0.2366 -0.1927 -0.9523
vn 0.0442 -0.0802 -0.9958
vn 0.1138 -0.0598 -0.9917
vn 0.0269 -0.0629 -0.9977
vn 0.0832 -0.0778 -0.9935
vn 0.0280 -0.1346 -0.9905
vn 0.0412 -0.1362 -0.9898
vn 0.0316 -0.0605 -0.9977
vn -0.0076 -0.0612 -0.9981
vn -0.0020 -0.0661 -0.9978
vn 0.0133 -0.1025 -0.9946
vn 0.0311 -0.0594 -0.9978
vn 0.0197 -0.0398 -0.9990
vn 0.0789 -0.0671 -0.9946
vn -0.0073 -0.0589 -0.9982
vn -0.0023 -0.0576 -0.9983
vn 0.1036 0.0032 -0.9946
vn 0.2562 0.1085 -0.9605
vn 0.1351 -0.0553 -0.9893
vn 0.1344 -0.0635 -0.9889
vn 0.1351 -0.0554 -0.9893
vn -0.5694 -0.0828 -0.8179
vn 0.0161 -0.0601 -0.9981
vn -0.5403 -0.0182 -0.8413
vn 0.0229 -0.1184 -0.9927
vn -0.0355 -0.4773 -0.8780
vn 0.0087 -0.0800 -0.9968
vn 0.0111 -0.0842 -0.9964
vn 0.0093 -0.5224 -0.8526
vn 0.0088 -0.0401 -0.9992
vn -0.2073 -0.0458 -0.9772
vn 0.0318 -0.0050 -0.9995
vn -0.0339 0.3680 -0.9292
vn 0.0437 -0.4928 -0.8690
vn 0.0137 -0.0869 -0.9961
vn -0.2075 -0.0720 -0.9756
vn -0.4509 -0.2353 -0.8610
vn -0.4049 0.4219 -0.8112
vn 0.0005 0.1927 -0.9813
vn 0.0005 -0.2512 -0.9679
vn 0.2360 -0.1657 -0.9575
vn -0.5932 -0.0521 -0.8034
vn -0.0000 -0.2369 -0.9715
vn -0.0000 0.1927 -0.9813
vn 0.0011 -0.2391 -0.9710
vn -0.0002 -0.6675 -0.7446
vn -0.0000 -0.6478 -0.7618
vn -0.0000 -0.6939 -0.7201
vn -0.0000 -0.6972 -0.7169
vn -0.0020 -0.6649 -0.7469
vn -0.0460 -0.6694 -0.7415
vn -0.0002 -0.6667 -0.7454
vn 0.1179 0.1515 -0.9814
vn -0.6745 0.0111 -0.7382
vn -0.0000 -0.2355 -0.9719
vn 0.1466 -0.3141 -0.9380
vn -0.7602 -0.0343 -0.6488
vn -0.3486 -0.3756 -0.8587
vn -0.0000 -0.8122 -0.5834
vn 0.0005 -0.4711 -0.8821
vn 0.7428 -0.3142 -0.5911
vn -0.2334 0.1463 -0.9613
vn 0.6192 0.4077 -0.6711
vn 0.6791 -0.1752 -0.7128
vn -0.0001 -0.2354 -0.9719
vn -0.0000 -0.2353 -0.9719
vn 0.1021 -0.7852 -0.6107
vn 0.0005 -0.4271 -0.9042
vn -0.0000 -0.4707 -0.8823
vn -0.0000 -0.8136 -0.5814
vn 0.0001 -0.8136 -0.5814
vn 0.0721 0.1139 -0.9909
vn -0.7960 -0.0291 -0.6045
vn 0.1536 -0.0594 -0.9864
vn -0.1960 -0.4031 -0.8939
vn -0.2614 -0.0083 -0.9652
vn -0.8092 -0.0213 -0.5872
vn -0.4010 0.4381 -0.8045
vn -0.1433 0.1241 -0.9819
vn 0.0005 -0.2361 -0.9717
vn 0.0011 -0.0552 -0.9985
vn -0.0131 -0.0236 -0.9996
vn 0.1478 -0.0279 -0.9886
vn -0.0000 0.0249 -0.9997
vn -0.0352 -0.0696 -0.9970
vn -0.0208 -0.0644 -0.9977
vn 0.1733 -0.0009 -0.9849
vn 0.1732 -0.0009 -0.9849
vn -0.0000 0.2031 -0.9792
vn 0.0005 0.2031 -0.9792
vn -0.4376 -0.3507 -0.8280
vn 0.7060 0.3804 -0.5973
vn -0.0000 0.2422 -0.9702
vn 0.0001 0.2422 -0.9702
vn -0.9805 0.0476 -0.1908
vn -0.9982 0.0599 -0.0033
vn 0.8858 0.1125 -0.4503
vn 0.9879 0.1550 -0.0093
vn -0.0002 -0.3568 -0.9342
vn -0.0000 -0.3568 -0.9342
vn -0.9982 -0.0599 0.0036
vn -0.9805 -0.0702 -0.1837
vn 0.8858 -0.1656 -0.4336
vn 0.9879 -0.1550 0.0093
vn 0.0686 0.1855 -0.9802
vn 0.0733 0.1472 -0.9864
vn 0.3362 0.9401 -0.0566
vn 0.2705 0.9610 -0.0579
vn 0.0735 -0.2644 -0.9616
vn 0.0686 -0.3018 -0.9509
vn 0.2706 -0.9610 0.0579
vn 0.3361 -0.9401 0.0566
vn 0.0259 0.1185 -0.9926
vn -0.0000 0.1126 -0.9936
vn 0.1440 0.9878 -0.0595
vn -0.0000 -0.2310 -0.9729
vn 0.0260 -0.2368 -0.9712
vn 0.1440 -0.9878 0.0595
vn 0.6852 0.1525 -0.7122
vn 0.9618 0.2731 -0.0164
vn 0.6853 -0.2368 -0.6887
vn 0.9618 -0.2732 0.0163
vn -0.0011 -0.0982 -0.9952
vn -0.0012 -0.0987 -0.9951
vn 0.0148 -0.0919 -0.9957
vn 0.0002 -0.0967 -0.9953
vn -0.0003 -0.0754 -0.9972
vn -0.0003 -0.0753 -0.9972
vn -0.0004 -0.0754 -0.9972
vn 0.0147 -0.0831 -0.9964
vn 0.0147 -0.0832 -0.9964
vn 0.0071 -0.0957 -0.9954
vn 0.0245 -0.0028 -0.9997
vn 0.0249 -0.0099 -0.9996
vn 0.0112 -0.0220 -0.9997
vn 0.2924 0.9486 -0.1214
vn 0.6015 0.1459 -0.7854
vn 0.7979 0.0174 -0.6026
vn 0.7781 0.2679 -0.5681
vn -1.0000 -0.0002 -0.0001
vn 0.3483 0.9298 -0.1190
vn 0.7056 0.6951 -0.1376
vn 0.4078 0.8985 -0.1623
vn 0.1814 0.9414 -0.2845
vn 0.6936 0.7060 -0.1434
vn -0.2657 -0.9623 0.0580
vn 0.1508 0.9637 -0.2202
vn 0.3172 0.9270 -0.2001
vn 0.9479 0.0062 -0.3184
vn 0.2917 0.9481 -0.1264
vn 0.2208 0.9658 -0.1362
vn 0.1065 0.6450 -0.7567
vn 0.3501 0.9236 -0.1560
vn 0.4889 0.8539 -0.1785
vn 0.5109 0.8424 -0.1712
vn 0.6235 0.7645 -0.1636
vn 0.6727 0.7070 -0.2182
vn 0.2059 0.9679 -0.1440
vn 0.5968 0.7928 -0.1237
vn 0.7404 0.6605 -0.1247
vn -0.0000 0.9725 -0.2330
vn -0.0000 0.9966 -0.0820
vn -0.1368 -0.9888 0.0596
vn 0.6629 0.7342 -0.1465
vn 0.8071 -0.4512 -0.3808
vn 0.9116 -0.3246 -0.2522
vn 0.8379 -0.5165 -0.1762
vn 0.7363 0.3235 -0.5944
vn 0.7459 0.3144 -0.5871
vn -1.0000 -0.0000 -0.0005
vn -0.0103 -0.0604 -0.9981
vn -0.0140 -0.0604 -0.9981
vn -0.0104 -0.0604 -0.9981
vn -0.9969 0.0045 -0.0783
vn -0.9994 0.0104 0.0337
vn -0.9971 0.0062 -0.0760
vn -0.9999 -0.0068 -0.0156
vn -0.9996 -0.0017 0.0295
vn -0.0115 -0.9661 -0.2580
vn -0.0065 -0.9650 -0.2620
vn -0.0000 0.9472 -0.3206
vn -0.0000 0.8140 -0.5809
vn -0.0002 0.8140 -0.5808
vn -0.0001 0.2591 -0.9658
vn -0.0000 -0.9637 -0.2671
vn -0.9627 -0.0105 -0.2705
vn -0.9646 -0.0644 -0.2557
vn -0.4283 -0.0420 -0.9027
vn -0.1544 -0.0594 -0.9862
vn -0.0163 -0.0604 -0.9980
vn 0.0112 -0.0549 -0.9984
vn 0.0133 -0.0226 -0.9997
vn 0.7171 -0.0386 -0.6959
vn 0.7388 0.0674 -0.6705
vn 0.9997 0.0216 0.0069
vn 0.9924 0.1229 -0.0065
vn 0.9997 0.0230 -0.0014
vn 0.9924 0.1229 -0.0074
vn 0.5322 0.1801 -0.8273
vn 0.5515 0.1508 -0.8204
vn 0.7859 0.2341 -0.5723
vn 0.7837 0.2363 -0.5744
vn 0.8541 0.1282 -0.5040
vn 0.9283 0.1518 -0.3393
vn 0.8373 0.2213 -0.5000
vn 0.9071 0.2521 -0.3371
vn 0.8271 0.2633 -0.4966
vn 0.8942 0.2968 -0.3352
vn 0.8362 0.4428 -0.3235
vn 0.9833 0.1819 -0.0110
vn 0.7936 0.6073 -0.0372
vn 0.9579 0.2866 -0.0173
vn 0.9427 0.3330 -0.0200
vn 0.8330 0.5522 -0.0332
vn 0.9507 0.1533 -0.2697
vn 0.9599 0.0677 -0.2720
vn 0.9957 0.0922 -0.0107
vn -0.0826 0.8546 0.5126
vn 0.7312 -0.0844 -0.6770
vn 0.6432 -0.1239 -0.7556
vn -0.9699 -0.0185 -0.2428
vn -0.9423 -0.2540 -0.2179
vn -0.9699 -0.2428 0.0185
vn -0.9699 0.0185 0.2428
vn -0.9423 -0.2179 0.2540
vn -0.9423 0.2540 0.2179
vn -0.9699 0.2428 -0.0185
vn -0.9423 0.2179 -0.2540
vn 0.0550 0.9974 -0.0465
vn -0.2998 0.9184 -0.2583
vn 0.3105 0.9128 -0.2652
vn 0.5167 -0.8531 0.0728
vn -0.0097 -0.9986 0.0519
vn 0.0097 -0.9986 0.0519
vn -0.5004 0.8642 -0.0520
vn 0.5283 0.8475 -0.0510
vn -0.0176 -0.9980 0.0601
vn 0.0178 -0.9980 0.0601
vn 0.9987 -0.0512 0.0031
vn -0.0000 0.9586 -0.2846
vn 0.4237 0.5617 -0.7106
vn 0.4236 0.5618 -0.7106
vn 0.5795 -0.4087 -0.7050
vn 0.5795 -0.4087 -0.7051
vn 0.0003 -0.9982 0.0608
vn -0.0014 -0.9982 0.0602
vn 0.0006 -0.9981 0.0613
vn -0.0023 -0.9982 0.0601
vn -0.0006 -0.9982 0.0601
vn -0.0000 1.0000 -0.0000
vn -0.3622 0.9304 -0.0560
vn 0.8635 -0.2072 -0.4598
vn 0.9945 0.0617 0.0852
vn 0.7529 -0.2164 -0.6216
vn 0.6973 -0.2665 -0.6654
vn 0.6452 -0.2232 -0.7307
vn 0.5754 -0.0576 -0.8158
vn 0.7280 -0.0307 -0.6849
vn 0.7422 0.0485 -0.6684
vn 0.6192 0.0449 -0.7839
vn 0.6845 -0.0978 -0.7224
vn 0.7727 -0.2300 -0.5917
vn 0.7618 0.1895 -0.6195
vn 0.7906 0.3001 -0.5337
vn 0.8056 -0.0072 -0.5924
vn 0.9540 0.0608 -0.2935
vn 0.9278 -0.3560 -0.1113
vn 0.8895 -0.3107 -0.3351
vn 0.9268 0.0238 -0.3748
vn 0.7701 0.1478 -0.6206
vn 0.6416 0.5203 -0.5636
vn 0.8380 0.1957 -0.5094
vn 0.8869 0.0616 -0.4577
vn 0.9561 0.0661 -0.2856
vn 0.8897 -0.0739 -0.4505
vn 0.9391 -0.0970 -0.3297
vn 0.9500 -0.0542 -0.3074
vn 0.7955 0.1451 -0.5883
vn 0.9693 0.0189 -0.2452
vn 0.9554 -0.0187 -0.2947
vn 0.7972 0.2352 -0.5560
vn 0.6558 0.5605 -0.5057
vn 0.8119 0.1515 -0.5639
vn 0.9031 -0.0408 -0.4274
vn 0.8910 0.1856 -0.4143
vn 0.9337 -0.1484 -0.3258
vn 0.9336 -0.1882 -0.3049
vn 0.8631 -0.0577 -0.5017
vn 0.8592 -0.1085 -0.5000
vn 0.9452 -0.1247 -0.3017
vn 0.9387 -0.1504 -0.3101
vn 0.8394 -0.2240 -0.4953
vn 0.8893 -0.2710 -0.3684
vn 0.9634 -0.0520 -0.2630
vn 0.7852 0.1849 -0.5910
vn 0.8898 -0.3395 -0.3049
vn 0.9571 -0.0489 -0.2857
vn 0.9416 -0.0859 -0.3257
vn 0.9526 -0.0790 -0.2939
vn 0.9414 -0.1307 -0.3110
vn 0.9331 -0.1564 -0.3238
vn 0.9251 -0.1283 -0.3573
vn 0.9038 -0.0702 -0.4223
vn 0.5322 0.6284 -0.5674
vn 0.4843 0.7359 -0.4733
vn 0.8022 0.3139 -0.5079
vn 0.5870 0.3268 -0.7407
vn 0.7821 0.1149 -0.6125
vn 0.9771 0.0539 -0.2061
vn 0.9582 0.1499 -0.2437
vn 0.8483 -0.0915 -0.5215
vn 0.6741 -0.1315 -0.7268
vn 0.6585 0.2054 -0.7240
vn 0.7385 0.0206 -0.6739
vn 0.9910 -0.0063 -0.1340
vn 0.8935 -0.4346 0.1132
vn 0.7338 -0.2534 -0.6303
vn 0.7751 0.0858 -0.6260
vn 0.5763 0.2315 -0.7837
vn 0.7296 -0.2540 -0.6350
vn 0.9826 0.0264 -0.1837
vn 0.9771 -0.1633 -0.1362
vn 0.9373 0.3483 0.0120
vn 0.9398 0.3413 0.0138
vn 0.9315 0.3633 0.0177
vn 0.9288 0.3702 0.0157
vn 0.0234 0.0628 0.9978
vn 0.0239 0.0657 0.9976
vn 0.0156 0.0633 0.9979
vn 0.0148 0.0618 0.9980
vn -0.1058 0.0659 0.9922
vn -0.0247 0.0615 0.9978
vn -0.0228 0.0954 0.9952
vn -0.0990 0.0966 0.9904
vn -0.0826 -0.0421 0.9957
vn -0.0167 -0.0464 0.9988
vn -0.0196 -0.0023 0.9998
vn -0.0006 -0.4164 0.9092
vn 0.0314 -0.3873 0.9214
vn 0.0018 0.0394 0.9992
vn -0.0000 0.0392 0.9992
vn -0.2448 0.0268 0.9692
vn -0.0344 -0.3854 0.9221
vn -0.0020 0.0392 0.9992
vn -0.1030 0.0465 0.9936
vn 0.0347 0.4928 0.8694
vn 0.0008 0.5224 0.8527
vn -0.0000 0.0810 0.9967
vn 0.0020 0.0810 0.9967
vn -0.2536 0.0576 0.9656
vn -0.1030 0.0728 0.9920
vn -0.2449 0.0892 0.9654
vn -0.0336 0.4935 0.8691
vn -0.0020 0.0811 0.9967
vn 0.1049 0.0461 0.9934
vn 0.2556 0.0247 0.9665
vn 0.2547 0.0864 0.9631
vn 0.1051 0.0715 0.9919
vn 0.2650 0.0537 0.9628
vn 0.0265 0.0835 0.9962
vn 0.0255 0.0671 0.9974
vn 0.0288 0.0681 0.9973
vn 0.0263 0.0827 0.9962
vn 0.0217 0.0369 0.9991
vn 0.0299 0.0366 0.9989
vn 0.0507 0.0147 0.9986
vn 0.0215 0.0247 0.9995
vn 0.0169 0.0639 0.9978
vn 0.0249 0.0665 0.9975
vn 0.0258 0.0448 0.9987
vn 0.0089 0.0291 0.9995
vn -0.0097 0.0592 0.9982
vn -0.0093 0.0587 0.9982
vn 0.1624 0.0771 0.9837
vn 0.1527 0.0838 0.9847
vn -0.0240 0.0463 0.9986
vn -0.0236 -0.0307 0.9993
vn -0.0231 0.0597 0.9979
vn -0.0166 0.0576 0.9982
vn -0.0172 0.0580 0.9982
vn -0.1014 0.0581 0.9931
vn -0.0959 0.0582 0.9937
vn -0.0219 0.0597 0.9980
vn -0.0164 0.0935 0.9955
vn -0.0581 0.0453 0.9973
vn -0.0389 -0.0189 0.9991
vn -0.0229 0.0099 0.9997
vn -0.0202 0.0069 0.9998
vn -0.0106 0.2641 0.9644
vn -0.0073 0.2470 0.9690
vn -0.0101 0.0595 0.9982
vn -0.0111 0.0614 0.9981
vn 0.1487 0.0879 0.9850
vn 0.1458 0.0928 0.9850
vn 0.0312 0.1813 0.9829
vn 0.0119 0.1764 0.9843
vn 0.1305 0.1220 0.9839
vn -0.0133 0.0966 0.9952
vn -0.0157 0.0582 0.9982
vn -0.0156 0.0579 0.9982
vn -0.0214 0.0576 0.9981
vn 0.0284 0.0671 0.9973
vn 0.0280 0.0633 0.9976
vn 0.0673 0.1904 0.9794
vn 0.0270 0.0849 0.9960
vn -0.0930 0.0492 0.9944
vn -0.0209 0.2734 0.9617
vn 0.0179 0.0370 0.9992
vn -0.0928 0.0649 0.9936
vn -0.0226 0.0192 0.9996
vn 0.0870 0.0085 0.9962
vn 0.0187 0.0650 0.9977
vn 0.0569 0.0271 0.9980
vn 0.0288 0.0678 0.9973
vn 0.0733 0.2756 0.9585
vn -0.0504 0.2074 0.9770
vn 0.9201 0.3749 0.1137
vn 0.9315 0.3613 0.0422
vn 0.9218 0.3845 0.0485
vn 0.9066 0.4008 0.1324
vn 0.9802 0.1973 0.0171
vn 0.9818 0.1897 0.0061
vn 0.9609 0.2767 0.0073
vn 0.9593 0.2809 0.0276
vn 0.9769 0.2066 0.0540
vn 0.9530 0.2931 0.0767
vn 0.9824 0.1863 0.0136
vn 0.9602 0.2791 0.0119
vn 0.9901 0.1405 0.0046
vn 0.9926 0.1210 0.0113
vn 0.9858 0.1616 0.0452
vn 0.9870 0.1600 0.0127
vn 0.9610 0.0660 0.2687
vn 0.9754 0.0079 -0.2203
vn 0.9885 0.0051 -0.1509
vn 0.9657 0.1044 0.2378
vn 0.1963 0.7130 0.6731
vn 0.2001 0.7719 0.6034
vn 0.2321 0.8569 0.4603
vn 0.2472 0.7987 0.5485
vn 0.2615 0.7747 0.5757
vn 0.2935 0.8527 0.4321
vn 0.2969 0.7531 0.5871
vn 0.3463 0.8444 0.4088
vn 0.0335 0.0649 0.9973
vn -0.0010 0.0544 0.9985
vn 0.0127 0.0598 0.9981
vn 0.0290 0.0586 0.9979
vn 0.3519 0.7237 0.5937
vn 0.3833 0.8404 0.3831
vn 0.3292 0.4867 0.8092
vn 0.5653 0.4424 0.6963
vn 0.4002 0.9164 -0.0019
vn 0.7816 0.5777 0.2352
vn 0.1125 0.8190 0.5627
vn 0.2456 0.7885 0.5639
vn 0.3019 0.9264 0.2252
vn 0.1401 0.9605 0.2406
vn 0.4189 0.7175 0.5565
vn 0.4987 0.8432 0.2008
vn 0.0002 0.8324 0.5541
vn -0.0000 0.9685 0.2491
vn 0.5690 0.5975 0.5650
vn 0.6796 0.7104 0.1827
vn 0.7070 0.4584 0.5385
vn 0.8102 0.3529 0.4681
vn 0.8432 0.4723 0.2568
vn 0.7120 0.6778 0.1833
vn 0.8842 0.1896 0.4270
vn 0.9128 0.2338 0.3348
vn 0.6718 0.7249 0.1520
vn 0.8867 0.1850 0.4238
vn 0.5253 0.6842 0.5059
vn 0.3294 0.8034 0.4961
vn 0.2505 0.9559 0.1532
vn 0.3246 0.9348 0.1444
vn 0.2536 0.8677 0.4276
vn 0.2597 0.9498 0.1743
vn 0.3203 0.8601 0.3970
vn 0.3194 0.9277 0.1930
vn 0.3782 0.8320 0.4058
vn 0.3999 0.8998 0.1745
vn 0.4655 0.7905 0.3979
vn 0.5301 0.8366 0.1380
vn 0.9411 -0.0171 0.3378
vn 0.9264 -0.0212 0.3760
vn 0.9254 -0.0660 0.3733
vn 0.6488 0.6728 0.3555
vn 0.5620 0.8164 0.1329
vn 0.4654 0.6823 0.5638
vn 0.4500 0.8151 0.3650
vn -1.0000 -0.0002 0.0001
vn -0.0000 0.9993 -0.0381
vn -0.0000 0.9555 0.2949
vn -0.0000 0.9985 0.0543
vn 0.1628 0.9866 -0.0126
vn -0.0000 1.0000 -0.0009
vn 0.6352 0.7721 0.0220
vn 0.6048 0.7923 0.0800
vn 0.5220 0.8528 0.0144
vn 0.5228 0.8456 -0.1076
vn 0.3066 0.9513 0.0331
vn 0.3490 0.9371 0.0066
vn 0.2230 0.9748 0.0033
vn 0.1871 0.9823 -0.0006
vn 0.6889 0.7244 -0.0259
vn 0.5145 0.8568 -0.0342
vn 0.3306 0.9435 -0.0248
vn 0.2121 0.9769 0.0244
vn 0.1996 0.9798 -0.0113
vn 0.2209 0.9751 -0.0197
vn 0.2336 0.9718 0.0324
vn 0.1803 0.9836 -0.0052
vn 0.2343 0.9722 0.0063
vn 0.4235 0.8917 0.1600
vn 0.1748 0.9845 -0.0125
vn 0.8092 -0.4880 -0.3273
vn 0.9436 0.1505 -0.2949
vn -1.0000 -0.0000 0.0001
vn -1.0000 -0.0001 0.0001
vn 0.8706 -0.1690 0.4621
vn 0.8832 -0.0696 0.4638
vn 0.6473 -0.0308 0.7616
vn 0.6152 -0.1648 0.7709
vn 0.9157 -0.1574 0.3698
vn 0.9624 -0.1613 0.2188
vn 0.9554 -0.0442 0.2921
vn -0.0000 -0.9751 0.2219
vn -0.0014 0.8883 0.4592
vn -0.3208 0.8490 0.4198
vn -0.0976 0.3713 0.9234
vn -0.0000 0.3731 0.9278
vn -0.0029 0.9833 0.1821
vn -0.8520 0.5164 0.0866
vn 0.9178 0.0215 0.3966
vn 0.6833 -0.2033 0.7013
vn -0.7811 0.0503 0.6224
vn -0.7240 0.0434 0.6885
vn 0.0062 -0.9236 0.3832
vn -0.0627 -0.3546 0.9329
vn -0.1657 -0.3414 0.9252
vn 0.0176 -0.7098 0.7042
vn -0.9999 -0.0149 0.0012
vn -1.0000 0.0003 -0.0000
vn -0.0316 -0.9959 0.0850
vn -0.9969 -0.0173 -0.0770
vn -0.9983 -0.0150 -0.0555
vn -0.9977 -0.0143 0.0662
vn -0.9988 -0.0171 0.0449
vn -0.9960 0.0189 -0.0876
vn -0.9896 0.0376 0.1388
vn -0.0363 -0.9957 0.0853
vn -0.0098 -0.0126 0.9999
vn -0.0175 0.0598 0.9981
vn -0.0178 0.0598 0.9981
vn -0.0190 -0.7164 0.6974
vn -0.0208 -0.7164 0.6974
vn -0.0175 0.0515 0.9985
vn -0.0175 0.0516 0.9985
vn -0.0181 -0.2404 0.9705
vn -0.0163 -0.2404 0.9705
vn -0.0031 0.0857 0.9963
vn -0.0018 0.0857 0.9963
vn -0.0067 0.0598 0.9982
vn -0.0071 0.0598 0.9982
vn 0.9285 0.0211 0.3707
vn 0.8740 0.0254 0.4853
vn 0.8721 0.0260 0.4886
vn 0.9271 0.0227 0.3740
vn -0.9965 -0.0085 0.0827
vn -0.9832 -0.1562 0.0945
vn -0.9992 -0.0375 -0.0124
vn -0.3156 -0.4366 0.8425
vn -0.5429 -0.2249 0.8091
vn -0.0452 0.0600 0.9972
vn 0.0095 0.0766 0.9970
vn 0.2426 -0.4594 0.8545
vn 0.0407 -0.5278 0.8484
vn -0.0010 0.0746 0.9972
vn -0.0021 0.0789 0.9969
vn 0.6008 0.0476 0.7980
vn 0.1250 0.0609 0.9903
vn 0.1247 0.0608 0.9903
vn 0.5988 0.0478 0.7994
vn -0.2367 -0.0056 0.9716
vn 0.0038 0.0650 0.9979
vn -0.1573 -0.5200 0.8396
vn 0.0039 0.0758 0.9971
vn 0.1250 -0.0690 0.9898
vn 0.1340 0.0422 0.9901
vn 0.2316 0.7130 -0.6618
vn 0.3765 0.5854 -0.7180
vn 0.4120 -0.9087 0.0674
vn 0.7254 -0.6871 0.0415
vn -0.8877 -0.4524 0.0854
vn 0.9858 -0.1677 -0.0002
vn -0.5874 -0.8052 0.0821
vn -0.2457 -0.9661 0.0791
vn 0.0859 -0.9933 0.0769
vn 0.2586 0.7041 0.6614
vn 0.3408 0.9302 0.1367
vn 0.7176 0.6961 -0.0209
vn 0.2936 0.9559 0.0067
vn 0.1933 0.9811 0.0069
vn 0.2001 0.7204 0.6641
vn 0.2837 0.9509 0.1240
vn 0.1900 0.9744 0.1198
vn 0.1264 0.7161 0.6865
vn 0.5429 0.5960 0.5917
vn 0.2966 0.7211 0.6262
vn 0.3588 0.9054 0.2269
vn 0.6758 0.7125 0.1886
vn 0.1263 0.7370 0.6640
vn 0.2008 0.9610 0.1904
vn 0.4565 0.8892 -0.0313
vn -0.9993 0.0027 -0.0373
vn -0.9962 0.0124 0.0858
vn -0.3607 0.0300 0.9322
vn -0.2474 0.0489 0.9677
vn 0.6686 0.7418 0.0514
vn 0.4935 0.8690 0.0357
vn -0.0548 0.1847 0.9813
vn 0.0107 0.0717 0.9974
vn 0.4957 -0.8517 0.1702
vn -0.2237 -0.9715 0.0786
vn -0.6307 -0.6500 0.4239
vn -0.9960 0.0632 -0.0633
vn -0.4976 0.8667 -0.0340
vn 0.8497 0.5232 0.0661
vn -0.5376 -0.7204 0.4383
vn 0.9289 0.3475 -0.1280
vn 0.8799 0.2971 -0.3709
vn 0.5806 -0.0346 0.8134
vn 0.4149 -0.2967 0.8601
vn -0.0099 0.0911 0.9958
vn -0.0137 0.1024 0.9947
vn -0.9865 -0.0804 0.1428
vn -0.1545 0.0594 0.9862
vn -0.0554 -0.3012 0.9519
vn -0.0000 -0.3017 0.9534
vn 0.9173 0.0214 0.3976
vn 0.7933 0.3280 0.5129
vn 0.4367 0.2398 0.8671
vn 0.5350 0.0492 0.8434
vn -0.0814 -0.4733 0.8771
vn -0.0000 -0.4749 0.8800
vn 0.3074 -0.2105 0.9280
vn -0.0000 -0.3018 0.9534
vn -0.6206 0.0471 0.7827
vn -0.0310 0.9783 0.2050
vn -0.0310 0.9783 0.2049
vn 0.4355 -0.6628 0.6091
vn 0.4354 -0.6629 0.6091
vn 0.0059 -0.9822 0.1876
vn -0.9735 0.0176 0.2282
vn 0.9734 0.0008 0.2292
vn -0.1928 -0.9173 -0.3483
vn -0.1278 -0.9773 -0.1691
vn -0.1804 -0.9836 -0.0082
vn -0.2203 -0.9460 -0.2378
vn -0.1863 -0.9817 0.0382
vn -0.2507 -0.9453 -0.2085
vn -0.1493 -0.9863 0.0708
vn -0.0432 -0.9930 0.1095
vn 0.0772 -0.9868 0.1426
vn -0.2273 -0.9568 0.1815
vn -0.3731 -0.9147 0.1549
vn -0.1949 -0.9578 0.2111
vn -0.1299 -0.9589 0.2522
vn 0.0065 -0.9603 0.2787
vn 0.1552 -0.9242 0.3491
vn 0.8795 -0.2608 0.3981
vn -0.0231 -0.4450 0.8953
vn -0.2525 -0.4095 0.8766
vn -0.1107 0.4545 -0.8838
vn 0.0311 0.4441 -0.8954
vn -0.0126 0.3973 -0.9176
vn -0.9305 -0.0735 0.3589
vn -0.5483 0.4230 -0.7214
vn 0.3114 -0.4531 0.8353
vn -0.4616 0.2885 -0.8389
vn 0.5736 -0.4176 0.7047
vn -0.6431 -0.2826 0.7117
vn 0.0165 0.9912 -0.1311
vn 0.0281 -0.9091 -0.4156
vn -0.0282 -0.9085 -0.4170
vn -0.0165 0.9912 -0.1310
vn -0.0554 0.9957 -0.0736
vn -0.5458 -0.8374 0.0278
vn -0.0424 0.0600 0.9973
vn -0.0424 0.2847 -0.9577
vn 0.0424 0.2847 -0.9577
vn -0.0425 0.6870 0.7254
vn 0.0425 0.6870 0.7254
vn 0.9960 0.0872 -0.0208
vn -0.9960 -0.0053 -0.0895
vn -0.9960 0.0053 0.0895
vn -0.9960 -0.0890 -0.0105
vn -0.9960 0.0891 0.0103
vn 0.9960 0.0891 0.0103
vn 0.9960 -0.0802 -0.0401
vn -0.9960 -0.0616 -0.0651
vn -0.9960 0.0616 0.0651
vn 0.9960 -0.0616 -0.0651
vn 0.9960 0.0616 0.0651
vn 0.9960 -0.0748 0.0494
vn -0.5819 0.3236 0.7461
vn 0.5819 0.3236 0.7461
vn 0.5818 -0.0489 -0.8119
vn -0.5818 -0.0489 -0.8119
vn -0.5818 0.2317 -0.7796
vn 0.5818 0.2317 -0.7796
vn 0.5819 -0.6786 0.4483
vn -0.5819 0.0489 0.8118
vn 0.5819 0.0489 0.8118
vn 0.5819 -0.8080 -0.0929
vn 0.5819 0.8080 0.0929
vn -0.5818 -0.3236 -0.7462
vn 0.5818 -0.3236 -0.7462
vn -0.5819 -0.2317 0.7796
vn 0.5819 -0.2317 0.7796
vn -0.9081 0.0247 0.4180
vn 0.9080 0.0090 0.4189
vn 0.8549 -0.4984 -0.1442
vn -0.1716 -0.5438 0.8214
vn -0.1596 0.0594 0.9854
vn -0.1893 0.0592 0.9801
vn -0.0012 -0.9982 0.0601
vn -1.0000 0.0004 -0.0003
vn -0.2140 0.0418 0.9759
vn -0.1905 0.0509 0.9804
vn -0.9998 0.0056 -0.0186
vn -0.8075 0.5899 0.0042
vn 0.0001 0.9947 -0.1028
vn -0.0000 -0.9999 0.0169
vn 0.0589 -0.9981 0.0160
vn 0.8120 -0.5837 -0.0050
vn -0.0000 0.9999 -0.0173
vn 0.1717 -0.6385 -0.7503
vn -0.8499 -0.5087 -0.1376
vn -0.8069 -0.5906 -0.0046
vn -0.0550 -0.9984 0.0161
vn -0.0550 -0.9967 0.0601
vn -0.2645 0.1718 0.9490
vn -0.2645 -0.0568 0.9627
vn 0.8619 -0.0099 0.5069
vn 0.8619 0.0706 0.5021
vn -0.2333 -0.9661 0.1103
vn -0.2319 -0.9705 -0.0659
vn 0.2295 -0.9733 0.0073
vn 0.2335 -0.9551 0.1827
vn -0.2333 0.9724 -0.0064
vn 0.2335 0.9701 0.0668
vn 0.2295 0.9671 -0.1095
vn -0.2319 0.9556 -0.1819
vn 0.9630 -0.0632 -0.2620
vn 0.9630 0.0314 -0.2677
vn -0.2462 -0.1553 -0.9567
vn -0.2462 0.0393 -0.9684
vn -0.9918 -0.0077 -0.1279
vn 0.9349 0.1625 0.3154
vn 0.8991 0.3853 0.2076
vn 0.8808 0.3703 0.2951
vn 0.7546 0.5642 0.3350
vn 0.7141 0.6834 0.1513
vn 0.7004 0.5114 0.4980
vn 0.6929 0.6185 0.3707
vn 0.7159 0.6865 -0.1271
vn 0.9472 0.3186 -0.0354
vn -0.4494 -0.8807 0.1495
vn -0.9985 0.0546 -0.0090
vn 0.4460 0.8728 0.1984
vn 0.8797 0.3072 0.3631
vn 0.8455 0.3733 0.3818
vn 0.6358 0.1269 -0.7614
vn 0.6012 0.1486 -0.7852
vn 0.7853 0.4479 0.4275
vn 0.6895 0.4746 0.5472
vn 0.6565 0.4549 0.6017
vn 0.4943 0.5036 0.7086
vn 0.4384 0.4463 0.7801
vn -0.0075 0.0535 0.9985
vn -0.0112 0.0518 0.9986
vn 0.1765 0.2413 0.9543
vn 0.2061 0.2564 0.9443
vn -0.0046 0.0727 0.9973
vn 0.0284 0.2374 0.9710
vn 0.0850 0.2501 0.9645
vn -0.0039 0.0533 0.9986
vn 0.0104 0.0940 0.9955
vn 0.0685 0.2331 0.9700
vn 0.0509 0.2379 0.9699
vn 0.0091 0.0940 0.9955
vn 0.0013 0.1033 0.9946
vn 0.0092 0.1276 0.9918
vn 0.0094 0.1221 0.9925
vn 0.0038 0.1197 0.9928
vn 0.0229 0.2322 0.9724
vn 0.1615 0.0989 0.9819
vn 0.3645 0.2058 0.9082
vn -0.0000 0.5932 0.8050
vn 0.3048 0.4316 0.8490
vn 0.3410 0.5194 0.7836
vn 0.2624 0.4250 0.8663
vn 0.3029 0.5442 0.7824
vn 0.2000 0.3873 0.9000
vn 0.2379 0.5183 0.8214
vn 0.1374 0.3849 0.9127
vn 0.1690 0.5125 0.8419
vn 0.3129 0.3823 0.8695
vn 0.3218 0.4746 0.8193
vn 0.6500 0.3727 0.6623
vn 0.4818 0.1733 0.8590
vn 0.5626 0.1715 0.8087
vn 0.8500 0.2582 0.4592
vn 0.7540 0.2216 0.6184
vn 0.2738 0.1442 0.9509
vn 0.5561 0.2401 0.7957
vn -0.0026 0.0545 0.9985
vn 0.1362 0.2763 0.9514
vn 0.0001 0.1819 0.9833
vn 0.0264 0.1447 0.9891
vn 0.0554 0.3656 0.9291
vn 0.0002 0.4001 0.9165
vn 0.0297 0.1007 0.9945
vn 0.0996 0.3227 0.9413
vn -0.1842 -0.1057 0.9772
vn 0.5173 -0.8558 0.0066
vn -0.5102 -0.8601 0.0068
vn 0.9916 0.0799 -0.1013
vn 0.9845 0.0175 0.1746
vn 0.9809 0.0165 0.1938
vn 0.9890 0.0899 -0.1171
vn 0.0003 -0.9982 0.0598
vn 0.0031 -0.9981 0.0622
vn 0.0046 -0.9981 0.0620
vn 0.0050 -0.9981 0.0617
vn 0.0033 -0.9980 0.0628
vn 0.0177 0.0699 0.9974
vn -0.0009 0.0498 0.9988
vn 0.0082 0.0535 0.9985
vn 0.0111 0.0580 0.9983
vn 0.0061 0.0742 0.9972
vn 0.0369 0.1049 0.9938
vn 0.0547 0.0683 0.9962
vn -0.0073 0.0600 0.9982
vn -0.0047 0.0835 0.9965
vn -0.0014 0.0686 0.9976
vn -0.0019 0.0600 0.9982
vn 0.0182 0.1458 0.9891
vn 0.0284 0.0744 0.9968
vn 0.0938 0.0693 0.9932
vn 0.0697 0.1009 0.9925
vn 0.0161 0.0703 0.9974
vn -0.0031 0.0646 0.9979
vn 0.0002 0.0589 0.9983
vn 0.0003 0.0605 0.9982
vn 0.0030 0.1084 0.9941
vn -0.0338 0.0637 0.9974
vn 0.0194 0.0626 0.9979
vn 0.0632 0.0849 0.9944
vn 0.0435 0.1183 0.9920
vn 0.0101 0.0966 0.9953
vn -0.0268 0.0660 0.9975
vn 0.0095 0.1411 0.9900
vn 0.0385 0.0697 0.9968
vn -0.0094 0.0628 0.9980
vn -0.0157 0.0780 0.9968
vn -0.0000 0.0465 0.9989
vn -0.0001 0.0601 0.9982
vn 0.0011 0.0469 0.9989
vn 0.0140 0.1479 0.9889
vn 0.0232 0.1907 0.9814
vn 0.0323 0.1393 0.9897
vn 0.0164 0.1355 0.9906
vn 0.0097 0.0334 0.9994
vn -0.0008 0.0339 0.9994
vn 0.0320 0.2311 0.9724
vn 0.0125 0.0990 0.9950
vn -0.0005 0.1406 0.9901
vn 0.0073 0.1376 0.9905
vn 0.0017 0.1450 0.9894
vn -0.0000 0.1408 0.9900
vn -0.0111 -0.1132 0.9935
vn -0.0235 -0.2810 0.9594
vn -0.0108 -0.1998 0.9798
vn -0.0064 -0.0982 0.9951
vn -0.0827 -0.9018 0.4241
vn -0.6654 -0.6252 0.4079
vn -0.0171 0.0630 0.9979
vn -0.1164 0.0768 0.9902
vn -0.0845 0.0922 0.9921
vn -0.0012 0.1402 0.9901
vn -0.0128 0.1338 0.9909
vn -0.0268 0.1315 0.9909
vn -0.0009 -0.9026 0.4305
vn 0.0049 0.0290 0.9996
vn -0.0007 0.0266 0.9996
vn 0.0003 0.0303 0.9995
vn -0.9382 -0.0875 0.3347
vn -0.9311 0.1328 0.3398
vn -0.0088 0.1217 0.9925
vn -0.0181 0.1065 0.9941
vn 0.0090 0.1245 0.9922
vn 0.0060 0.1303 0.9915
vn -0.0203 0.0801 0.9966
vn 0.0004 0.0320 0.9995
vn 0.0003 0.0157 0.9999
vn -0.0448 0.0438 0.9980
vn -0.0007 0.0168 0.9999
vn 0.0002 0.0153 0.9999
vn 0.0299 0.0467 0.9985
vn -0.1070 0.0048 0.9942
vn -0.1874 0.0423 0.9814
vn 0.0126 0.0501 0.9987
vn 0.0138 0.0447 0.9989
vn 0.3482 0.0392 0.9366
vn 0.2518 0.0029 0.9678
vn 0.1369 0.0371 0.9899
vn 0.1671 0.0541 0.9845
vn 0.1776 0.0524 0.9827
vn 0.0989 0.0865 0.9913
vn 0.4449 0.0576 0.8937
vn -0.0130 0.0680 0.9976
vn -0.0017 0.0593 0.9982
vn -0.0016 0.0602 0.9982
vn -0.0083 0.0601 0.9982
vn -0.0079 0.0593 0.9982
vn 0.6775 -0.7342 0.0442
vn 0.6781 0.7336 -0.0441
vn 0.0905 0.1675 0.9817
vn 0.0971 -0.0424 0.9944
vn 0.0344 0.0592 0.9977
vn 0.0345 0.0604 0.9976
vn 0.0157 0.0875 0.9960
vn 0.0046 0.0845 0.9964
vn 0.0053 0.1464 0.9892
vn 0.0160 0.1331 0.9910
vn 0.0238 0.1231 0.9921
vn 0.4151 0.0588 0.9079
vn 0.1797 0.0607 0.9819
vn 0.0294 0.0559 0.9980
vn 0.0239 0.0351 0.9991
vn 0.0423 0.0367 0.9984
vn 0.0765 0.0286 0.9967
vn 0.0600 0.0115 0.9981
vn 0.0646 0.0507 0.9966
vn -0.0036 0.0624 0.9980
vn 0.0022 0.0577 0.9983
vn 0.0004 0.0583 0.9983
vn -0.0026 0.1354 0.9908
vn -0.0020 0.0646 0.9979
vn -0.0001 0.0595 0.9982
vn -0.2913 0.9047 0.3111
vn -0.1508 0.9489 0.2772
vn -0.0006 0.0271 0.9996
vn -0.0016 0.1290 0.9916
vn 0.0041 0.0127 0.9999
vn 0.0179 0.0128 0.9998
vn -0.1073 0.0320 0.9937
vn -0.1161 0.0439 0.9923
vn -0.0271 0.0554 0.9981
vn -0.0315 0.0522 0.9981
vn 0.0224 0.0722 0.9971
vn -0.0147 0.0653 0.9978
vn -0.0239 -0.0580 0.9980
vn -0.0083 0.0139 0.9999
vn -0.0026 0.0665 0.9978
vn -0.0028 0.0646 0.9979
vn 0.0834 0.2840 0.9552
vn 0.0865 0.3190 0.9438
vn 0.0621 0.0758 0.9952
vn 0.3276 0.1736 0.9287
vn 0.3235 0.1887 0.9272
vn 0.0581 0.0786 0.9952
vn 0.0365 0.0773 0.9963
vn 0.1677 0.0858 0.9821
vn 0.3046 0.1844 0.9345
vn 0.1526 0.2456 0.9573
vn -0.9986 0.0532 -0.0021
vn -0.9998 -0.0221 0.0026
vn -0.9998 -0.0220 0.0026
vn -0.9986 0.0533 -0.0022
vn 0.0012 0.0576 0.9983
vn 0.0002 0.0606 0.9982
vn 0.0676 0.9483 0.3100
vn 0.4351 0.7862 0.4389
vn 0.0611 0.0673 0.9959
vn 0.0110 0.1325 0.9911
vn -0.0048 0.1887 0.9820
vn -0.1874 0.0665 0.9800
vn 0.0028 0.0681 0.9977
vn 0.0729 0.3423 0.9368
vn 0.0350 0.0598 0.9976
vn 0.0368 0.0532 0.9979
vn 0.0163 0.0565 0.9983
vn 0.0699 0.3089 0.9485
vn -0.0079 0.0610 0.9981
vn 0.0469 0.0569 0.9973
vn 0.8888 0.4541 0.0621
vn -0.0010 0.0650 0.9979
vn -0.0019 0.0590 0.9983
vn -0.9890 -0.1477 0.0105
vn -0.9950 -0.0991 0.0074
vn -0.9950 -0.0991 0.0075
vn 0.9998 0.0222 -0.0027
vn 0.9987 -0.0508 0.0017
vn 0.9987 -0.0509 0.0018
vn 0.9998 0.0221 -0.0027
vn -0.1271 -0.9900 0.0615
vn -0.1272 -0.9900 0.0615
vn -0.6060 -0.7939 0.0499
vn -0.6059 -0.7939 0.0499
vn 0.0189 0.0353 0.9992
vn -0.0132 0.0191 0.9997
vn 0.0310 0.0580 0.9978
vn -0.0291 0.0450 0.9986
vn -0.0049 0.0560 0.9984
vn 0.0240 0.1266 0.9917
vn 0.0206 0.0939 0.9954
vn 0.0913 0.0569 0.9942
vn 0.2938 0.1418 0.9453
vn 0.9782 0.2070 -0.0142
vn 0.9782 0.2071 -0.0142
vn 0.9815 0.1912 -0.0131
vn 0.9815 0.1912 -0.0132
vn -0.0287 0.0271 0.9992
vn -0.0534 0.0382 0.9978
vn 0.0224 0.1130 0.9933
vn -0.1092 0.0399 0.9932
vn -0.0269 -0.0008 0.9996
vn 0.0123 0.0330 0.9994
vn -0.0006 0.0297 0.9996
vn 0.0293 0.1066 0.9939
vn -0.8815 0.4714 -0.0278
vn -0.8815 0.4713 -0.0283
vn 0.0173 0.9980 -0.0614
vn 0.0172 0.9980 -0.0612
vn -0.9625 -0.2708 0.0180
vn -0.9680 -0.2503 0.0168
vn -0.9680 -0.2502 0.0167
vn 0.9627 -0.2701 0.0149
vn 0.9617 -0.2737 0.0159
vn 0.3205 -0.9455 0.0578
vn 0.3226 -0.9448 0.0577
vn -0.0307 -0.9977 0.0604
vn -0.0306 -0.9977 0.0604
vn -0.0300 -0.9977 0.0615
vn -0.0296 -0.9977 0.0616
vn 0.9950 0.0998 -0.0077
vn 0.9946 0.1035 -0.0084
vn 1.0000 0.0052 -0.0015
vn 1.0000 0.0050 -0.0017
vn 0.9976 -0.0688 0.0029
vn 0.9976 -0.0694 0.0030
vn 0.1620 0.9848 -0.0624
vn 0.1620 0.9848 -0.0623
vn 0.2612 0.9634 -0.0600
vn 0.2613 0.9634 -0.0600
vn 0.1015 0.9929 -0.0614
vn 0.3699 0.9273 -0.0563
vn 0.3700 0.9272 -0.0574
vn -0.9473 -0.3195 0.0211
vn -0.9473 -0.3196 0.0211
vn -0.9810 -0.1935 0.0133
vn -0.9762 -0.2162 0.0147
vn -0.9762 -0.2163 0.0147
vn 0.0062 0.0473 0.9989
vn 0.0592 0.2181 0.9741
vn -0.0030 -0.0110 0.9999
vn -0.0031 0.0038 1.0000
vn -0.0006 0.0022 1.0000
vn 0.0001 -0.0099 1.0000
vn -0.0268 0.0555 0.9981
vn 0.0726 0.0540 0.9959
vn 0.0184 0.0519 0.9985
vn 0.6309 0.0358 0.7750
vn 0.5467 0.1470 0.8243
vn 0.0012 0.0026 1.0000
vn 0.0019 -0.0069 1.0000
vn 0.1908 -0.8738 0.4473
vn 0.8361 -0.2203 0.5025
vn 0.0833 -0.0700 0.9941
vn -0.0015 0.0188 0.9998
vn -0.9934 -0.1145 0.0085
vn -0.9934 -0.1145 0.0084
vn -0.9789 0.2041 -0.0112
vn 0.5391 0.8406 -0.0524
vn 0.5425 0.8383 -0.0550
vn 0.9950 0.0991 -0.0074
vn -0.1492 -0.9869 0.0611
vn -0.7958 -0.6043 0.0384
vn 1.0000 0.0037 -0.0013
vn -0.2638 0.9628 -0.0582
vn -0.2629 0.9631 -0.0578
vn 0.1366 0.9887 -0.0615
vn 0.1365 0.9887 -0.0612
vn -0.0509 -0.9968 0.0616
vn -0.0019 -0.1311 0.9914
vn -0.0582 -0.1666 0.9843
vn 0.9889 0.1481 -0.0105
vn 0.3473 -0.9360 0.0573
vn 0.3473 -0.9361 0.0564
vn 0.9243 0.1513 0.3504
vn 0.0261 0.0355 0.9990
vn 0.0003 0.0599 0.9982
vn 0.9810 0.1933 -0.0133
vn -0.9243 -0.3809 0.0247
vn -0.0300 0.0595 0.9978
vn -0.0870 0.0402 0.9954
vn 0.0453 0.1050 0.9934
vn 0.0418 0.0785 0.9960
vn 0.7845 0.0550 0.6177
vn 0.8396 0.1023 0.5335
vn 0.0993 0.0489 0.9939
vn 0.0206 0.0495 0.9986
vn 0.8774 0.0329 0.4787
vn 0.9774 0.0306 0.2091
vn 0.5409 -0.1239 0.8319
vn -0.0005 0.0636 0.9980
vn -0.0056 0.0610 0.9981
vn 0.0134 0.0532 0.9985
vn -0.0207 0.0741 0.9970
vn 0.0008 0.0679 0.9977
vn 0.8849 -0.0206 0.4653
vn 0.8051 -0.0236 0.5927
vn 0.0041 0.0587 0.9983
vn 0.0030 0.0580 0.9983
vn 0.0371 0.0046 0.9993
vn -0.0090 0.0147 0.9999
vn 0.0032 0.0584 0.9983
vn -0.0011 0.0576 0.9983
vn -0.0437 0.0462 0.9980
vn -0.0147 0.0498 0.9987
vn -0.0151 0.1076 0.9941
vn -0.0042 0.0493 0.9988
vn -0.9756 -0.0980 0.1967
vn -0.6976 0.1585 0.6988
vn 0.0056 -0.0967 0.9953
vn -0.0142 0.2723 0.9621
vn -0.0115 0.3060 0.9520
vn -0.0688 0.2463 0.9668
vn -0.3296 -0.2754 0.9031
vn 0.9126 -0.4083 -0.0209
vn 0.8801 -0.4605 -0.1157
vn 0.7763 -0.6091 0.1622
vn 0.8059 -0.5578 0.1985
vn 0.1731 0.3254 0.9296
vn -0.1025 -0.0535 0.9933
vn -0.1106 0.1699 0.9792
vn 0.9974 -0.0485 -0.0533
vn 0.9882 -0.1260 -0.0872
vn 0.9964 -0.0027 0.0844
vn -0.2923 0.0639 0.9542
vn 0.0068 0.0788 0.9969
vn 0.0050 0.0704 0.9975
vn 0.0117 0.0779 0.9969
vn -0.0021 0.0733 0.9973
vn -0.0013 0.0646 0.9979
vn -0.6703 0.7408 -0.0446
vn -0.6723 -0.7390 0.0443
vn -0.0091 0.0498 0.9987
vn -0.2084 0.0423 0.9771
vn -0.0115 0.0506 0.9987
vn -0.0010 0.0748 0.9972
vn -0.0007 0.0659 0.9978
vn -0.0000 -0.7247 0.6891
vn -0.0059 -0.7202 0.6938
vn 0.0003 0.0596 0.9982
vn -0.0029 0.0731 0.9973
vn -0.0018 0.0605 0.9982
vn -0.0025 0.0610 0.9981
vn -0.0026 0.0595 0.9982
vn 0.0097 0.0966 0.9953
vn 0.9970 -0.0503 0.0585
vn 0.9305 -0.1120 -0.3488
vn 0.9688 -0.1943 -0.1538
vn 0.5345 0.0494 0.8437
vn 0.0073 0.0878 0.9961
vn 0.0154 0.0916 0.9957
vn 0.0095 0.0596 0.9982
vn -0.0030 0.0606 0.9982
vn -0.0029 0.0610 0.9981
vn 0.0010 0.0679 0.9977
vn -0.0018 0.0739 0.9973
vn -0.0023 0.0585 0.9983
vn -0.0156 0.0479 0.9987
vn -0.2933 0.0371 0.9553
vn -0.1454 -0.6839 0.7149
vn -0.0153 -0.7086 0.7054
vn 0.0003 0.8777 0.4793
vn 0.0001 0.3730 0.9278
vn -0.1640 0.0599 0.9846
vn -0.0149 0.0429 0.9990
vn -0.0004 0.0449 0.9990
vn 0.0005 -0.9246 0.3809
vn 0.0054 0.0497 0.9987
vn 0.6332 -0.2196 0.7422
vn 0.7420 -0.1407 0.6555
vn 0.6907 -0.0039 0.7231
vn 0.6281 -0.0199 0.7778
vn 0.0281 0.0326 0.9991
vn 0.0337 0.0526 0.9980
vn -0.0002 0.0562 0.9984
vn -0.0030 0.0601 0.9982
vn -0.0094 0.0599 0.9982
vn -0.0091 0.0606 0.9981
vn 0.0210 0.0639 0.9977
vn 0.0274 0.0574 0.9980
vn 0.1585 0.4320 0.8878
vn 0.0685 0.4915 0.8682
vn 0.0138 0.0798 0.9967
vn 0.0201 0.0816 0.9965
vn 0.0005 0.9788 0.2047
vn 0.2130 0.3304 0.9195
vn 0.0416 0.1016 0.9940
vn 0.0218 0.0641 0.9977
vn 0.0080 0.0891 0.9960
vn -0.0028 0.0619 0.9981
vn 0.2620 0.0586 0.9633
vn 0.1138 0.0596 0.9917
vn 0.0442 0.0398 0.9982
vn 0.2366 -0.0771 0.9685
vn 0.0269 0.0573 0.9980
vn 0.0832 0.0419 0.9956
vn 0.0412 -0.0164 0.9990
vn 0.0280 -0.0148 0.9995
vn 0.0316 0.0597 0.9977
vn -0.0076 0.0589 0.9982
vn -0.0022 0.0543 0.9985
vn 0.0133 0.0176 0.9998
vn 0.0311 0.0607 0.9977
vn 0.0789 0.0527 0.9955
vn 0.0197 0.0804 0.9966
vn -0.0074 0.0613 0.9981
vn -0.0024 0.0626 0.9980
vn 0.2562 0.2230 0.9405
vn 0.1036 0.1225 0.9871
vn 0.1352 0.0638 0.9888
vn 0.1343 0.0558 0.9894
vn 0.1344 0.0556 0.9894
vn -0.5694 0.0159 0.8219
vn -0.5403 0.0828 0.8374
vn 0.0161 0.0601 0.9981
vn 0.0229 0.0015 0.9997
vn -0.0356 -0.3685 0.9289
vn 0.0093 -0.4164 0.9091
vn 0.0112 0.0359 0.9993
vn 0.0087 0.0402 0.9992
vn 0.0088 0.0801 0.9967
vn -0.0339 0.4769 0.8783
vn 0.0318 0.1149 0.9929
vn -0.2073 0.0717 0.9757
vn 0.0437 -0.3850 0.9219
vn 0.0136 0.0332 0.9994
vn -0.2075 0.0455 0.9772
vn -0.4509 -0.1304 0.8830
vn 0.0005 -0.1332 0.9911
vn 0.0005 0.3090 0.9511
vn -0.4049 0.5162 0.7547
vn -0.5931 0.0444 0.8039
vn 0.2349 -0.0501 0.9707
vn -0.0001 -0.1186 0.9929
vn 0.0026 -0.1209 0.9927
vn -0.0000 0.3090 0.9511
vn -0.0005 -0.5517 0.8340
vn -0.0001 -0.5733 0.8193
vn -0.0000 -0.6062 0.7953
vn -0.0002 -0.6025 0.7981
vn -0.0000 -0.5705 0.8213
vn -0.0000 -0.5724 0.8200
vn -0.0461 -0.5756 0.8164
vn -0.6745 0.0993 0.7316
vn 0.1179 0.2681 0.9561
vn -0.0000 -0.1172 0.9931
vn -0.7602 0.0438 0.6482
vn 0.1466 -0.1993 0.9689
vn -0.3487 -0.2699 0.8976
vn 0.0009 -0.7364 0.6766
vn 0.7439 -0.2423 0.6229
vn -0.0000 -0.3618 0.9322
vn -0.2334 0.2606 0.9368
vn 0.6832 -0.0893 0.7248
vn 0.6192 0.4852 0.6174
vn -0.0000 -0.1170 0.9931
vn -0.0000 -0.1171 0.9931
vn 0.1021 -0.7063 0.7005
vn -0.0000 -0.7380 0.6748
vn -0.0000 -0.3614 0.9324
vn 0.0002 -0.3156 0.9489
vn -0.7960 0.0440 0.6037
vn 0.0721 0.2319 0.9701
vn 0.1536 0.0594 0.9864
vn -0.1960 -0.2930 0.9358
vn -0.8092 0.0493 0.5855
vn -0.2614 0.1076 0.9592
vn -0.1433 0.2410 0.9599
vn -0.4010 0.5315 0.7461
vn 0.0011 -0.1178 0.9930
vn 0.1478 0.0909 0.9848
vn -0.0132 0.0964 0.9953
vn 0.0011 0.0650 0.9979
vn -0.0000 0.1447 0.9895
vn -0.0208 0.0558 0.9982
vn -0.0351 0.0505 0.9981
vn 0.1733 0.1173 0.9779
vn 0.1732 0.1173 0.9779
vn -0.0000 0.3191 0.9477
vn 0.0005 0.3191 0.9477
vn -0.4375 -0.2488 0.8641
vn 0.7060 0.4493 0.5474
vn -0.0002 0.3568 0.9342
vn -0.0000 0.3568 0.9342
vn -0.9982 0.0599 -0.0036
vn -0.9805 0.0702 0.1837
vn 0.8858 0.1656 0.4336
vn -0.0000 -0.2422 0.9702
vn 0.0001 -0.2422 0.9702
vn -0.9805 -0.0476 0.1908
vn 0.8858 -0.1125 0.4503
vn 0.0685 0.3018 0.9509
vn 0.3361 0.9401 -0.0566
vn 0.0735 0.2644 0.9616
vn 0.0736 -0.1471 0.9864
vn 0.3360 -0.9401 0.0566
vn 0.2706 -0.9610 0.0578
vn 0.0686 -0.1855 0.9802
vn 0.0259 0.2368 0.9712
vn -0.0000 0.2310 0.9729
vn -0.0000 -0.1126 0.9936
vn 0.0260 -0.1186 0.9926
vn 0.6852 0.2368 0.6888
vn 0.9618 0.2732 -0.0163
vn 0.9618 -0.2732 0.0164
vn 0.6852 -0.1524 0.7122
vn -0.0014 0.0211 0.9998
vn -0.0011 0.0219 0.9998
vn 0.0002 0.0234 0.9997
vn 0.0149 0.0283 0.9995
vn -0.0003 0.0448 0.9990
vn -0.0004 0.0448 0.9990
vn 0.0149 0.0369 0.9992
vn 0.0147 0.0370 0.9992
vn 0.0073 0.0245 0.9997
vn 0.0245 0.1171 0.9928
vn 0.0249 0.1099 0.9936
vn 0.0111 0.0981 0.9951
vn 0.2924 0.9563 0.0067
vn 0.9784 0.1995 -0.0536
vn 0.9363 0.2142 -0.2783
vn 0.6908 0.7227 0.0211
vn 0.3483 0.9374 0.0066
vn 0.4078 0.9115 0.0534
vn 0.7056 0.7066 0.0532
vn 0.1814 0.9687 0.1695
vn 0.6936 0.7181 0.0577
vn -0.2657 -0.9623 0.0579
vn 0.3172 0.9443 0.0874
vn 0.1508 0.9832 0.1030
vn 0.9736 -0.1940 -0.1204
vn 0.2198 0.9754 0.0196
vn 0.2949 0.9554 0.0121
vn 0.1065 0.7311 0.6739
vn 0.3197 0.9463 0.0489
vn 0.2379 0.9703 0.0436
vn 0.5109 0.8569 0.0689
vn 0.7388 0.6000 -0.3069
vn 0.3035 0.9419 0.1442
vn 0.2029 0.9789 0.0256
vn 0.5968 0.8019 0.0277
vn 0.7404 0.6706 0.0445
vn -0.0000 0.9934 0.1147
vn 0.9097 -0.3467 -0.2287
vn 0.6878 -0.7214 0.0813
vn 0.7459 0.3826 0.5452
vn 0.7363 0.3925 0.5513
vn -1.0000 0.0001 0.0005
vn -0.0103 0.0598 0.9982
vn -0.0104 0.0598 0.9982
vn -0.0140 0.0598 0.9981
vn -0.9969 0.0139 0.0772
vn -0.9994 0.0063 -0.0347
vn -0.9971 0.0153 0.0747
vn -0.9999 -0.0049 0.0163
vn -0.9996 -0.0052 -0.0291
vn -0.0115 -0.9281 0.3720
vn -0.0065 -0.9266 0.3759
vn -0.0000 0.9788 0.2046
vn -0.0000 0.8778 0.4791
vn -0.0002 0.8778 0.4790
vn -0.0001 0.3731 0.9278
vn -0.0000 -0.9247 0.3808
vn -0.9648 -0.0332 0.2610
vn -0.9627 0.0221 0.2697
vn -0.4283 0.0611 0.9016
vn -0.1544 0.0593 0.9862
vn -0.0163 0.0598 0.9981
vn -0.0167 0.0598 0.9981
vn 0.0112 0.0653 0.9978
vn 0.0132 0.0975 0.9951
vn 0.7171 0.0451 0.6955
vn 0.7388 0.1473 0.6576
vn 0.9997 0.0206 -0.0094
vn 0.9924 0.1228 -0.0084
vn 0.5516 0.2481 0.7964
vn 0.5322 0.2781 0.7997
vn 0.7837 0.3035 0.5419
vn 0.7860 0.3010 0.5400
vn 0.9283 0.1914 0.3187
vn 0.8541 0.1878 0.4850
vn 0.9071 0.2907 0.3045
vn 0.8373 0.2797 0.4698
vn 0.8942 0.3349 0.2972
vn 0.8271 0.3210 0.4614
vn 0.8362 0.4784 0.2680
vn 0.8952 -0.3529 -0.2721
vn 0.9706 -0.0474 -0.2362
vn 0.9845 -0.1481 -0.0941
vn 0.9709 -0.2375 -0.0312
vn 0.9734 -0.1478 0.1748
vn 0.9980 -0.0106 0.0624
vn -0.9699 -0.2433 0.0107
vn -0.9423 -0.2260 0.2468
vn -0.9699 0.0107 0.2433
vn -0.9699 -0.0107 -0.2433
vn -0.9423 -0.2468 -0.2260
vn -0.9423 0.2260 -0.2468
vn -0.9699 0.2433 -0.0107
vn -0.9423 0.2468 0.2260
vn 0.0550 0.9958 -0.0735
vn -0.2998 0.9427 0.1463
vn 0.3105 0.9381 0.1538
vn 0.5167 -0.8557 0.0301
vn -0.0097 -0.9976 0.0682
vn 0.0097 -0.9976 0.0682
vn -0.0000 0.9859 0.1676
vn 0.4236 0.6430 0.6381
vn 0.4237 0.6429 0.6381
vn 0.5795 -0.3212 0.7490
vn 0.5788 -0.3211 0.7496
vn -0.0000 -0.9834 0.1813
vn 0.0003 -0.9982 0.0595
vn -0.0014 -0.9982 0.0600
vn 0.0006 -0.9983 0.0590
vn 0.8730 -0.2895 -0.3925
vn 0.9892 -0.0498 -0.1379
vn 0.9220 0.0896 0.3766
vn 0.8979 0.0779 0.4332
vn 0.8973 0.0009 0.4415
vn 0.9118 -0.0147 0.4105
vn 0.9031 -0.1601 0.3984
vn 0.8900 -0.1142 0.4415
vn 0.8531 -0.2763 0.4426
vn 0.8851 -0.2816 0.3705
vn 0.6593 0.7483 0.0733
vn 0.7046 0.7047 0.0838
vn 0.8573 0.5010 -0.1183
vn 0.8577 0.5084 -0.0764
vn 0.9861 0.0898 -0.1397
vn 0.9620 0.0822 -0.2604
vn 0.9440 -0.2114 -0.2532
vn 0.9782 -0.1766 -0.1090
vn 0.6506 0.2082 0.7304
vn 0.7092 0.1826 0.6810
vn 0.7206 0.4556 0.5227
vn 0.6388 0.5524 0.5355
vn 0.6965 -0.5275 0.4865
vn 0.8066 -0.3941 0.4406
vn 0.7861 -0.3151 0.5317
vn 0.6568 -0.4396 0.6127
vn 0.7634 -0.5615 0.3193
vn 0.7694 -0.5532 0.3193
vn 0.8185 -0.4400 0.3694
vn 0.7485 -0.5437 0.3796
vn 0.6014 0.7443 0.2905
vn 0.6846 0.6533 0.3232
vn 0.6514 0.7305 0.2051
vn 0.5802 0.7967 0.1689
vn 0.9499 -0.1700 0.2622
vn 0.9252 -0.2005 0.3222
vn 0.9050 -0.2789 0.3211
vn 0.9227 -0.2448 0.2979
vn 0.9766 0.0528 0.2085
vn 0.9570 0.0924 0.2751
vn 0.9501 -0.0452 0.3086
vn 0.9734 -0.0589 0.2213
vn 0.9644 0.0409 0.2612
vn 0.9401 -0.0019 0.3410
vn 0.9669 0.1431 0.2114
vn 0.9559 0.1589 0.2472
vn 0.9750 0.1046 0.1960
vn 0.9733 -0.0050 0.2295
vn 0.9681 -0.0442 0.2466
vn 0.9610 -0.0951 0.2596
vn 0.9437 -0.1861 0.2735
vn 0.5704 0.6167 0.5425
vn 0.5371 0.8018 0.2619
vn 0.5290 0.8363 0.1441
vn 0.8399 -0.4852 0.2432
vn 0.7583 -0.5685 0.3192
vn 0.6824 -0.6231 0.3822
vn 0.5983 -0.6162 0.5122
vn 0.5420 -0.5283 0.6536
vn 0.5788 -0.0312 0.8149
vn 0.5999 0.2292 0.7665
vn 0.8573 0.5131 -0.0428
vn 0.9953 0.0971 0.0053
vn 0.9864 -0.1153 0.1170
vn 0.6274 0.7759 0.0659
vn 0.9306 0.1633 0.3277
vn 0.8990 0.1698 0.4037
vn 0.5390 -0.2695 0.7980
vn 0.9408 -0.3091 0.1393
vn 0.9416 0.0834 0.3261
vn 0.9368 -0.0100 0.3498
vn 0.9369 -0.0114 0.3495
vn 0.9350 -0.0083 0.3545
vn 0.9371 -0.0126 0.3489
vn 0.9374 -0.0135 0.3480
vn 0.9377 -0.0136 0.3473
vn 0.9353 -0.0183 0.3534
vn 0.9279 -0.0421 0.3703
vn 0.9270 -0.0301 0.3739
vn 0.9281 0.0073 0.3723
vn 0.9267 0.0263 0.3749
vn 0.9305 0.0167 0.3659
vn 0.9380 -0.0027 0.3466
vn 0.9376 -0.0035 0.3476
vn 0.9372 -0.0052 0.3488
vn 0.9369 -0.0071 0.3495
vn 0.9368 -0.0087 0.3499
vt 0.558950 0.969805
vt 0.558414 0.996316
vt 0.506865 0.999438
vt 0.507962 0.972030
vt 0.039249 0.936205
vt 0.051913 0.936320
vt 0.053540 0.950266
vt 0.042398 0.950327
vt 0.105735 0.974662
vt 0.103784 0.988216
vt 0.098380 0.987738
vt 0.100003 0.974574
vt 0.103682 0.931801
vt 0.096970 0.932405
vt 0.088959 0.926184
vt 0.160930 0.930946
vt 0.162284 0.937814
vt 0.128539 0.937879
vt 0.117783 0.931644
vt 0.211273 0.935097
vt 0.201949 0.940804
vt 0.196662 0.937980
vt 0.204894 0.931774
vt 0.117613 0.986537
vt 0.128406 0.981170
vt 0.162172 0.981334
vt 0.160785 0.987361
vt 0.212478 0.950716
vt 0.212673 0.969273
vt 0.211469 0.983220
vt 0.201975 0.978467
vt 0.204893 0.986660
vt 0.196661 0.981266
vt 0.123247 0.940683
vt 0.112531 0.934359
vt 0.111197 0.983234
vt 0.123093 0.978360
vt 0.109921 0.967494
vt 0.109684 0.948763
vt 0.052870 0.986523
vt 0.034626 0.986253
vt 0.027157 0.972512
vt 0.048445 0.973782
vt 0.039990 0.929669
vt 0.042513 0.921225
vt 0.051599 0.922228
vt 0.051536 0.930196
vt 0.055484 0.960108
vt 0.044913 0.960082
vt 0.044295 0.919316
vt 0.020466 0.918905
vt 0.023863 0.917507
vt 0.062303 0.950510
vt 0.059435 0.950320
vt 0.057819 0.936377
vt 0.060016 0.936407
vt 0.071276 0.923031
vt 0.072898 0.924604
vt 0.099602 0.960717
vt 0.080533 0.974275
vt 0.078950 0.960477
vt 0.105682 0.960788
vt 0.099317 0.950851
vt 0.105645 0.950910
vt 0.081194 0.987283
vt 0.061819 0.921729
vt 0.062064 0.923403
vt 0.075453 0.931372
vt 0.059923 0.930630
vt 0.080581 0.990246
vt 0.096467 0.990701
vt 0.064125 0.960305
vt 0.066685 0.974063
vt 0.064120 0.974024
vt 0.061383 0.960178
vt 0.054398 0.989238
vt 0.039219 0.988367
vt 0.070023 0.986982
vt 0.067294 0.986791
vt 0.076386 0.936566
vt 0.098920 0.936786
vt 0.077823 0.950653
vt 0.020551 0.949085
vt 0.017115 0.934958
vt 0.061134 0.986743
vt 0.061253 0.989492
vt 0.105554 0.936850
vt 0.071455 0.989959
vt 0.018137 0.928197
vt 0.057949 0.921197
vt 0.057521 0.922902
vt 0.052035 0.920382
vt 0.058214 0.973931
vt 0.057453 0.930492
vt 0.023299 0.958828
vt 0.069107 0.988777
vt 0.101144 0.990878
vt 0.634514 0.963865
vt 0.630137 0.988140
vt 0.609962 0.993194
vt 0.609935 0.967678
vt 0.610045 0.930662
vt 0.609904 0.948578
vt 0.559372 0.949875
vt 0.559842 0.931176
vt 0.636679 0.928077
vt 0.636618 0.945181
vt 0.508836 0.951216
vt 0.509614 0.932564
vt 0.560284 0.915460
vt 0.510432 0.915460
vt 0.632872 0.915501
vt 0.610136 0.915460
vt 0.896873 0.696518
vt 0.883687 0.720752
vt 0.884912 0.713426
vt 0.889282 0.700332
vt 0.147596 0.730748
vt 0.147239 0.753860
vt 0.117696 0.747634
vt 0.119087 0.725754
vt 0.087856 0.740087
vt 0.091943 0.716867
vt 0.065490 0.733271
vt 0.079354 0.711256
vt 0.316856 0.657973
vt 0.316856 0.667305
vt 0.307792 0.668547
vt 0.307679 0.659361
vt 0.054046 0.727717
vt 0.056129 0.701274
vt 0.172133 0.730640
vt 0.168133 0.756975
vt 0.822439 0.440630
vt 0.827621 0.457277
vt 0.783718 0.458785
vt 0.783419 0.437584
vt 0.728171 0.578839
vt 0.722786 0.577914
vt 0.721361 0.672324
vt 0.725804 0.673495
vt 0.722940 0.717032
vt 0.726890 0.718732
vt 0.732768 0.519911
vt 0.727220 0.519373
vt 0.724614 0.734194
vt 0.729196 0.734673
vt 0.732671 0.859971
vt 0.728180 0.857788
vt 0.724227 0.874061
vt 0.731026 0.875356
vt 0.931883 0.648691
vt 0.928419 0.652106
vt 0.924312 0.632697
vt 0.925138 0.631799
vt 0.917570 0.619971
vt 0.916529 0.622941
vt 0.894561 0.587524
vt 0.899233 0.586963
vt 0.892059 0.550636
vt 0.897227 0.549871
vt 0.888525 0.511101
vt 0.893723 0.510427
vt 0.883933 0.481628
vt 0.889139 0.480894
vt 0.878898 0.455220
vt 0.883681 0.454512
vt 0.918585 0.860361
vt 0.918375 0.827263
vt 0.931932 0.860015
vt 0.875322 0.444240
vt 0.880722 0.444059
vt 0.041625 0.721698
vt 0.044976 0.697417
vt 0.567593 0.885374
vt 0.582534 0.882876
vt 0.588294 0.885041
vt 0.573008 0.888370
vt 0.129926 0.494879
vt 0.175850 0.495890
vt 0.072826 0.491754
vt 0.078106 0.493738
vt 0.129917 0.491966
vt 0.175850 0.492207
vt 0.646983 0.574332
vt 0.651139 0.515292
vt 0.596092 0.512339
vt 0.592138 0.571740
vt 0.650415 0.871746
vt 0.653226 0.859369
vt 0.598021 0.860532
vt 0.598736 0.871474
vt 0.828041 0.484055
vt 0.828484 0.513426
vt 0.784639 0.514430
vt 0.784182 0.485449
vt 0.652722 0.848242
vt 0.597385 0.849246
vt 0.828387 0.552506
vt 0.827874 0.588440
vt 0.783966 0.587904
vt 0.784668 0.552661
vt 0.648372 0.731155
vt 0.647166 0.714442
vt 0.592003 0.717087
vt 0.593088 0.734814
vt 0.645685 0.669625
vt 0.590670 0.670250
vt 0.697044 0.802041
vt 0.696532 0.764199
vt 0.650640 0.764999
vt 0.651268 0.802476
vt 0.838865 0.618359
vt 0.840713 0.623596
vt 0.789210 0.622758
vt 0.786353 0.621024
vt 0.792421 0.925830
vt 0.792421 0.939369
vt 0.783133 0.939921
vt 0.783133 0.926388
vt 0.643232 0.893112
vt 0.644841 0.886286
vt 0.694953 0.887390
vt 0.694953 0.896604
vt 0.019685 0.570742
vt 0.024540 0.571144
vt 0.022730 0.582316
vt 0.016782 0.582493
vt 0.896740 0.827734
vt 0.896531 0.810897
vt 0.918788 0.810928
vt 0.464556 0.519033
vt 0.463985 0.510305
vt 0.532307 0.510305
vt 0.532260 0.519031
vt 0.464451 0.585698
vt 0.466279 0.564887
vt 0.532095 0.564827
vt 0.532059 0.585349
vt 0.462636 0.598305
vt 0.531299 0.602184
vt 0.319557 0.534326
vt 0.311359 0.533852
vt 0.311249 0.520021
vt 0.319504 0.521435
vt 0.332236 0.604836
vt 0.334227 0.626073
vt 0.325271 0.626734
vt 0.322986 0.604160
vt 0.566769 0.533343
vt 0.584045 0.534008
vt 0.584045 0.562935
vt 0.566769 0.561606
vt 0.566769 0.503494
vt 0.584279 0.503494
vt 0.584045 0.505081
vt 0.566769 0.505081
vt 0.558792 0.797946
vt 0.566472 0.796887
vt 0.573503 0.868938
vt 0.559603 0.868938
vt 0.558792 0.787947
vt 0.566472 0.786888
vt 0.081495 0.375058
vt 0.081439 0.479307
vt 0.064551 0.478981
vt 0.064617 0.374839
vt 0.089786 0.200677
vt 0.081576 0.206651
vt 0.064713 0.206589
vt 0.074392 0.200620
vt 0.089787 0.198474
vt 0.074393 0.198420
vt 0.089801 0.172126
vt 0.074409 0.172098
vt 0.089816 0.144083
vt 0.089814 0.145779
vt 0.074425 0.145776
vt 0.074427 0.144083
vt 0.074212 0.145537
vt 0.074212 0.158791
vt 0.074417 0.158937
vt 0.073741 0.200743
vt 0.074212 0.198555
vt 0.064537 0.207083
vt 0.064537 0.374931
vt 0.493769 0.438460
vt 0.494167 0.384234
vt 0.464567 0.383779
vt 0.464201 0.437943
vt 0.840756 0.208178
vt 0.853802 0.105624
vt 0.876213 0.105643
vt 0.868361 0.209045
vt 0.106905 0.661080
vt 0.105059 0.670786
vt 0.093091 0.661944
vt 0.097401 0.652244
vt 0.170602 0.665684
vt 0.174836 0.675026
vt 0.147081 0.680764
vt 0.146411 0.671947
vt 0.446043 0.437752
vt 0.446203 0.383606
vt 0.428835 0.383595
vt 0.428897 0.437730
vt 0.082617 0.633683
vt 0.088362 0.621819
vt 0.122557 0.678225
vt 0.123210 0.668959
vt 0.056822 0.633958
vt 0.060330 0.621819
vt 0.790596 0.810753
vt 0.790769 0.827632
vt 0.783014 0.827613
vt 0.783060 0.810728
vt 0.762523 0.202443
vt 0.661904 0.202337
vt 0.661868 0.183338
vt 0.762498 0.183663
vt 0.765206 0.291007
vt 0.661838 0.283790
vt 0.661882 0.268456
vt 0.762502 0.268572
vt 0.661838 0.168832
vt 0.762476 0.169681
vt 0.661953 0.258245
vt 0.762572 0.258221
vt 0.661921 0.243479
vt 0.762540 0.243493
vt 0.661926 0.223557
vt 0.762545 0.223764
vt 0.732416 0.848055
vt 0.727856 0.846879
vt 0.649802 0.747479
vt 0.594214 0.752140
vt 0.651731 0.822888
vt 0.651444 0.812002
vt 0.595934 0.812594
vt 0.596280 0.823595
vt 0.594862 0.766412
vt 0.595677 0.803005
vt 0.732028 0.822881
vt 0.732022 0.812368
vt 0.726813 0.811203
vt 0.727019 0.821927
vt 0.731385 0.750587
vt 0.726553 0.751092
vt 0.726778 0.757945
vt 0.731548 0.757631
vt 0.731914 0.765380
vt 0.726953 0.765439
vt 0.650364 0.755728
vt 0.594564 0.758973
vt 0.559080 0.755397
vt 0.573487 0.755397
vt 0.175850 0.481133
vt 0.128644 0.480220
vt 0.128672 0.375669
vt 0.175850 0.376279
vt 0.081564 0.230785
vt 0.081557 0.245266
vt 0.064691 0.245167
vt 0.064699 0.230700
vt 0.544673 0.755397
vt 0.544096 0.787947
vt 0.339169 0.484832
vt 0.321316 0.483272
vt 0.321617 0.357526
vt 0.339843 0.357169
vt 0.338697 0.489121
vt 0.318584 0.487648
vt 0.360353 0.487193
vt 0.360813 0.357497
vt 0.363704 0.357566
vt 0.363019 0.483342
vt 0.356705 0.488527
vt 0.355404 0.493173
vt 0.337964 0.493288
vt 0.318493 0.357643
vt 0.315729 0.483584
vt 0.315729 0.357808
vt 0.357055 0.483049
vt 0.356616 0.357278
vt 0.319401 0.492396
vt 0.862780 0.810813
vt 0.884183 0.827741
vt 0.196315 0.636367
vt 0.203295 0.654388
vt 0.191093 0.667394
vt 0.188011 0.652406
vt 0.912378 0.086084
vt 0.968098 0.086242
vt 0.968098 0.210343
vt 0.912380 0.209159
vt 0.466297 0.541531
vt 0.466304 0.533746
vt 0.532181 0.533733
vt 0.532159 0.541507
vt 0.319611 0.547218
vt 0.330591 0.549392
vt 0.330643 0.565013
vt 0.319718 0.573000
vt 0.554809 0.518615
vt 0.546663 0.526404
vt 0.546663 0.518220
vt 0.554809 0.505081
vt 0.334079 0.519038
vt 0.339347 0.533770
vt 0.330539 0.533772
vt 0.325027 0.519038
vt 0.263919 0.118259
vt 0.253115 0.117885
vt 0.249738 0.440713
vt 0.260349 0.438003
vt 0.214516 0.438405
vt 0.219530 0.116429
vt 0.257807 0.443285
vt 0.265877 0.445857
vt 0.267741 0.442090
vt 0.264045 0.440047
vt 0.205335 0.121400
vt 0.205346 0.116126
vt 0.170963 0.116093
vt 0.170944 0.121377
vt 0.257888 0.449599
vt 0.292285 0.446619
vt 0.292263 0.129572
vt 0.257863 0.129558
vt 0.000000 0.000000
vt 0.214695 0.444422
vt 0.214874 0.450438
vt 0.247527 0.453346
vt 0.248633 0.447030
vt 0.214516 0.438406
vt 0.214994 0.454533
vt 0.247015 0.457288
vt 0.383193 0.284847
vt 0.380243 0.224239
vt 0.394472 0.223152
vt 0.397735 0.284918
vt 0.382798 0.285526
vt 0.398039 0.285737
vt 0.393335 0.347729
vt 0.379066 0.346506
vt 0.395649 0.223095
vt 0.379066 0.224310
vt 0.309668 0.286943
vt 0.306719 0.347551
vt 0.320947 0.348638
vt 0.324211 0.286872
vt 0.309274 0.286264
vt 0.324515 0.286052
vt 0.319811 0.224061
vt 0.305542 0.225284
vt 0.322125 0.348695
vt 0.305542 0.347480
vt 0.215756 0.479728
vt 0.242932 0.476337
vt 0.224934 0.494856
vt 0.204338 0.484171
vt 0.263266 0.478050
vt 0.243879 0.494856
vt 0.277560 0.474052
vt 0.262824 0.494856
vt 0.281769 0.466220
vt 0.281769 0.494855
vt 0.307097 0.466220
vt 0.301144 0.493257
vt 0.214556 0.510700
vt 0.202624 0.491184
vt 0.233806 0.518293
vt 0.259737 0.521074
vt 0.276246 0.516401
vt 0.290514 0.506816
vt 0.215406 0.478009
vt 0.203988 0.482453
vt 0.224584 0.493137
vt 0.242582 0.474618
vt 0.243529 0.493137
vt 0.262916 0.476332
vt 0.262474 0.493137
vt 0.277211 0.472333
vt 0.281419 0.493137
vt 0.281419 0.466220
vt 0.300795 0.491539
vt 0.306747 0.466220
vt 0.202274 0.489466
vt 0.214206 0.508982
vt 0.233456 0.516574
vt 0.259387 0.519355
vt 0.275896 0.514682
vt 0.290164 0.505097
vt 0.661207 0.044920
vt 0.660373 0.110915
vt 0.654670 0.111177
vt 0.655509 0.045328
vt 0.664062 0.116835
vt 0.763957 0.116975
vt 0.764073 0.122646
vt 0.664087 0.122714
vt 0.544775 0.111320
vt 0.544775 0.197566
vt 0.533575 0.197566
vt 0.533575 0.111320
vt 0.521056 0.197566
vt 0.521056 0.111320
vt 0.509295 0.197566
vt 0.509295 0.111320
vt 0.498253 0.197566
vt 0.498253 0.111320
vt 0.489268 0.197566
vt 0.489268 0.111320
vt 0.481407 0.197566
vt 0.481407 0.111320
vt 0.474461 0.197566
vt 0.474461 0.111320
vt 0.468113 0.197566
vt 0.468113 0.111320
vt 0.460251 0.197566
vt 0.460251 0.111320
vt 0.452389 0.197566
vt 0.452389 0.111320
vt 0.446041 0.197566
vt 0.446041 0.111320
vt 0.439095 0.197566
vt 0.439095 0.111320
vt 0.431234 0.197566
vt 0.431234 0.111320
vt 0.422249 0.197566
vt 0.422249 0.111320
vt 0.411207 0.197566
vt 0.411207 0.111320
vt 0.399446 0.197566
vt 0.399446 0.111320
vt 0.386927 0.197566
vt 0.386927 0.111320
vt 0.375727 0.197566
vt 0.375727 0.111320
vt 0.320429 0.152129
vt 0.321749 0.160002
vt 0.312427 0.159913
vt 0.311195 0.152762
vt 0.368345 0.082089
vt 0.368820 0.088192
vt 0.358502 0.088486
vt 0.358230 0.081602
vt 0.361082 0.155995
vt 0.360489 0.169709
vt 0.350508 0.169609
vt 0.350613 0.157072
vt 0.324109 0.179066
vt 0.323484 0.185130
vt 0.313446 0.185556
vt 0.313762 0.178670
vt 0.315663 0.097453
vt 0.316309 0.111159
vt 0.305818 0.110140
vt 0.305686 0.097572
vt 0.357214 0.216368
vt 0.353546 0.225408
vt 0.344436 0.220907
vt 0.347554 0.213237
vt 0.365374 0.115025
vt 0.364827 0.124197
vt 0.354390 0.122788
vt 0.355955 0.114421
vt 0.360795 0.183464
vt 0.350420 0.181965
vt 0.308726 0.041762
vt 0.312391 0.050801
vt 0.302732 0.053929
vt 0.299616 0.046260
vt 0.319845 0.142956
vt 0.309703 0.144396
vt 0.315964 0.083701
vt 0.305590 0.085204
vt 0.368335 0.094064
vt 0.358547 0.095416
vt 0.323851 0.173151
vt 0.313845 0.171748
vt 0.362280 0.059398
vt 0.365644 0.067753
vt 0.355685 0.070192
vt 0.353126 0.063857
vt 0.363223 0.133753
vt 0.352441 0.133648
vt 0.320830 0.199413
vt 0.317436 0.207757
vt 0.308272 0.203302
vt 0.310824 0.196962
vt 0.318473 0.133405
vt 0.307636 0.133549
vt 0.360749 0.195279
vt 0.350353 0.193518
vt 0.367875 0.100253
vt 0.358082 0.101065
vt 0.315919 0.071888
vt 0.305524 0.073648
vt 0.323076 0.166906
vt 0.313371 0.166104
vt 0.367394 0.075328
vt 0.357305 0.076078
vt 0.361877 0.144395
vt 0.351291 0.144950
vt 0.322597 0.191861
vt 0.312490 0.191078
vt 0.317252 0.122756
vt 0.306480 0.122278
vt 0.359707 0.206396
vt 0.349674 0.203934
vt 0.366622 0.107146
vt 0.357126 0.107268
vt 0.314881 0.060773
vt 0.304849 0.063232
vt 0.400632 0.094125
vt 0.392479 0.095563
vt 0.384327 0.094125
vt 0.377157 0.089986
vt 0.371836 0.083644
vt 0.369004 0.075865
vt 0.369004 0.067586
vt 0.371836 0.059807
vt 0.377157 0.053465
vt 0.384327 0.049326
vt 0.392479 0.047888
vt 0.400632 0.049326
vt 0.407802 0.053465
vt 0.413123 0.059807
vt 0.415955 0.067586
vt 0.415955 0.075865
vt 0.413123 0.083644
vt 0.407802 0.089986
vt 0.430894 0.063798
vt 0.438063 0.059659
vt 0.446216 0.058222
vt 0.454369 0.059659
vt 0.461538 0.063798
vt 0.466860 0.070140
vt 0.469691 0.077920
vt 0.469691 0.086198
vt 0.466860 0.093977
vt 0.461538 0.100319
vt 0.454369 0.104459
vt 0.446216 0.105896
vt 0.438063 0.104459
vt 0.430894 0.100319
vt 0.425572 0.093977
vt 0.422741 0.086198
vt 0.422741 0.077920
vt 0.425572 0.070140
vt 0.444053 0.044444
vt 0.457078 0.046669
vt 0.456839 0.020002
vt 0.443815 0.022465
vt 0.384180 0.038261
vt 0.392256 0.038356
vt 0.392221 0.029304
vt 0.384236 0.029435
vt 0.498582 0.043994
vt 0.509600 0.040775
vt 0.509504 0.025248
vt 0.498456 0.022145
vt 0.471356 0.047286
vt 0.471143 0.019147
vt 0.398849 0.038274
vt 0.398811 0.029318
vt 0.519909 0.037685
vt 0.519801 0.028255
vt 0.406011 0.038189
vt 0.405967 0.029302
vt 0.530209 0.037835
vt 0.530113 0.027970
vt 0.414071 0.038208
vt 0.413970 0.029139
vt 0.354069 0.037754
vt 0.362239 0.037992
vt 0.362476 0.029165
vt 0.354373 0.028901
vt 0.423147 0.037982
vt 0.423121 0.029106
vt 0.369491 0.038198
vt 0.369637 0.029258
vt 0.432902 0.041422
vt 0.432735 0.025685
vt 0.376140 0.038316
vt 0.376215 0.029309
vt 0.485608 0.046444
vt 0.485460 0.019810
vt 0.432260 0.017592
vt 0.420729 0.022636
vt 0.497697 0.014237
vt 0.484506 0.012818
vt 0.363315 0.038086
vt 0.370546 0.036102
vt 0.444464 0.014539
vt 0.509627 0.017282
vt 0.377256 0.034957
vt 0.457698 0.012995
vt 0.520169 0.021442
vt 0.384192 0.034898
vt 0.471101 0.012742
vt 0.528257 0.021036
vt 0.391162 0.034983
vt 0.363543 0.029135
vt 0.356373 0.025962
vt 0.397807 0.036124
vt 0.370613 0.031391
vt 0.404949 0.038244
vt 0.377289 0.032682
vt 0.412460 0.041189
vt 0.384235 0.032797
vt 0.420947 0.044736
vt 0.471403 0.053694
vt 0.484744 0.053446
vt 0.391146 0.032683
vt 0.432654 0.049407
vt 0.497900 0.051910
vt 0.397787 0.031483
vt 0.444848 0.052346
vt 0.509873 0.048802
vt 0.404913 0.029264
vt 0.458049 0.053659
vt 0.520294 0.044234
vt 0.412320 0.026204
vt 0.528421 0.044509
vt 0.355877 0.040836
vt 0.340051 0.285357
vt 0.338033 0.345704
vt 0.365938 0.347152
vt 0.368530 0.285120
vt 0.339658 0.284632
vt 0.368877 0.284327
vt 0.364797 0.221997
vt 0.336855 0.223909
vt 0.367115 0.347216
vt 0.336855 0.345654
vt 0.613061 0.222029
vt 0.613102 0.280724
vt 0.534095 0.279856
vt 0.534536 0.222777
vt 0.614282 0.339431
vt 0.537058 0.339431
vt 0.536730 0.280976
vt 0.614125 0.280859
vt 0.614050 0.221932
vt 0.536445 0.221773
vt 0.544096 0.797946
vt 0.545702 0.868938
vt 0.636749 0.905676
vt 0.694953 0.905818
vt 0.552652 0.887871
vt 0.557721 0.891698
vt 0.563840 0.503494
vt 0.554809 0.532149
vt 0.554809 0.559217
vt 0.583531 0.565322
vt 0.573487 0.572240
vt 0.561545 0.594499
vt 0.560332 0.614237
vt 0.547177 0.614237
vt 0.547754 0.597093
vt 0.567540 0.578316
vt 0.573488 0.598488
vt 0.567540 0.587474
vt 0.457078 0.046670
vt 0.413970 0.029138
vt 0.356373 0.025961
vt 0.497900 0.051909
vt 0.521620 0.223865
vt 0.524339 0.220591
vt 0.501348 0.279434
vt 0.502787 0.280977
vt 0.413224 0.281009
vt 0.412695 0.280554
vt 0.520588 0.278698
vt 0.524259 0.339366
vt 0.525459 0.282262
vt 0.514949 0.223999
vt 0.513738 0.278549
vt 0.502309 0.223157
vt 0.412693 0.222151
vt 0.502360 0.221773
vt 0.412693 0.221717
vt 0.503273 0.339431
vt 0.413754 0.339431
vt 0.534540 0.222780
vt 0.534046 0.279846
vt 0.536729 0.280976
vt 0.519457 0.278624
vt 0.525394 0.282323
vt 0.501213 0.279409
vt 0.502788 0.280977
vt 0.520967 0.223875
vt 0.523580 0.339362
vt 0.514315 0.223971
vt 0.502303 0.223164
vt 0.512647 0.278517
vt 0.197025 0.880660
vt 0.182130 0.880660
vt 0.182130 0.800563
vt 0.197025 0.800564
vt 0.125690 0.764424
vt 0.134453 0.764148
vt 0.140960 0.794364
vt 0.130670 0.794364
vt 0.125690 0.916799
vt 0.130670 0.886860
vt 0.140960 0.886860
vt 0.134453 0.917076
vt 0.144798 0.881205
vt 0.144798 0.800019
vt 0.128043 0.881274
vt 0.128043 0.799950
vt 0.122051 0.919786
vt 0.136939 0.920256
vt 0.122051 0.761438
vt 0.136939 0.760969
vt 0.044516 0.879117
vt 0.012376 0.879117
vt 0.012376 0.802107
vt 0.044516 0.802107
vt 0.093712 0.879117
vt 0.125853 0.879117
vt 0.091522 0.880660
vt 0.125853 0.802107
vt 0.093713 0.802107
vt 0.091522 0.800563
vt 0.070294 0.846496
vt 0.070294 0.856076
vt 0.055538 0.856076
vt 0.055538 0.846496
vt 0.070029 0.824106
vt 0.055273 0.824106
vt 0.070029 0.822654
vt 0.055273 0.818980
vt 0.070294 0.816518
vt 0.055538 0.816518
vt 0.888648 0.917837
vt 0.877643 0.930589
vt 0.873007 0.932279
vt 0.882470 0.915484
vt 0.877544 0.432357
vt 0.872742 0.432809
vt 0.010738 0.642957
vt 0.012350 0.646156
vt 0.006561 0.669788
vt 0.003808 0.665290
vt 0.861089 0.432888
vt 0.857268 0.418721
vt 0.868006 0.419480
vt 0.032596 0.568806
vt 0.029554 0.581663
vt 0.838717 0.208895
vt 0.838766 0.105623
vt 0.859911 0.444415
vt 0.008706 0.637621
vt 0.003976 0.661068
vt 0.872777 0.419589
vt 0.662832 0.437474
vt 0.661636 0.383595
vt 0.652477 0.383799
vt 0.653582 0.437917
vt 0.891125 0.416068
vt 0.896324 0.424087
vt 0.882361 0.431902
vt 0.877565 0.419698
vt 0.902692 0.435443
vt 0.886140 0.443877
vt 0.562160 0.882368
vt 0.547566 0.884032
vt 0.745045 0.740151
vt 0.733792 0.735154
vt 0.736234 0.750080
vt 0.748255 0.753190
vt 0.750601 0.767181
vt 0.749374 0.759252
vt 0.736334 0.757316
vt 0.736890 0.765320
vt 0.749663 0.854494
vt 0.751192 0.827563
vt 0.737053 0.823839
vt 0.736991 0.849235
vt 0.256082 0.830990
vt 0.259294 0.821850
vt 0.299363 0.823128
vt 0.292326 0.844890
vt 0.737291 0.803906
vt 0.751902 0.807424
vt 0.737178 0.862161
vt 0.748859 0.870403
vt 0.175850 0.488512
vt 0.129907 0.489042
vt 0.067529 0.489763
vt 0.576753 0.880704
vt 0.907526 0.454450
vt 0.888481 0.453801
vt 0.911898 0.471984
vt 0.894361 0.480157
vt 0.916426 0.503091
vt 0.898939 0.509750
vt 0.919811 0.543907
vt 0.902412 0.549104
vt 0.921121 0.581900
vt 0.903920 0.586400
vt 0.933718 0.607485
vt 0.918614 0.616991
vt 0.947517 0.632134
vt 0.935359 0.645265
vt 0.925967 0.630897
vt 0.939551 0.618483
vt 0.737846 0.876656
vt 0.751891 0.883707
vt 0.741207 0.727264
vt 0.730853 0.720437
vt 0.752057 0.521783
vt 0.738335 0.520451
vt 0.733573 0.579766
vt 0.746885 0.582052
vt 0.741920 0.678998
vt 0.730262 0.674670
vt 0.084085 0.538100
vt 0.080314 0.538184
vt 0.078917 0.531231
vt 0.082843 0.530737
vt 0.085380 0.547615
vt 0.081734 0.547446
vt 0.086423 0.567944
vt 0.082802 0.568021
vt 0.082717 0.558030
vt 0.086344 0.558106
vt 0.085977 0.575435
vt 0.082359 0.575449
vt 0.085292 0.580778
vt 0.081691 0.580576
vt 0.082640 0.594276
vt 0.080892 0.592528
vt 0.077434 0.606025
vt 0.079730 0.607572
vt 0.077623 0.607006
vt 0.518223 0.282309
vt 0.516363 0.220591
vt 0.516999 0.339363
vt 0.518131 0.282345
vt 0.516314 0.339361
vt 0.523680 0.220610
vt 0.382109 0.384283
vt 0.382501 0.438259
vt 0.565038 0.439240
vt 0.564930 0.384865
vt 0.523669 0.384686
vt 0.523239 0.438976
vt 0.848309 0.054524
vt 0.857197 0.054741
vt 0.860228 0.056021
vt 0.848480 0.056195
vt 0.862481 0.058677
vt 0.849028 0.095673
vt 0.849010 0.095673
vt 0.864598 0.063923
vt 0.866709 0.069152
vt 0.848991 0.095673
vt 0.868925 0.095673
vt 0.207350 0.635954
vt 0.250972 0.657884
vt 0.270451 0.658982
vt 0.268972 0.671300
vt 0.247635 0.676232
vt 0.200933 0.741531
vt 0.191502 0.746027
vt 0.175934 0.759060
vt 0.198603 0.732749
vt 0.315644 0.812472
vt 0.329151 0.812163
vt 0.329148 0.820764
vt 0.315657 0.820894
vt 0.204717 0.728477
vt 0.198149 0.728476
vt 0.196603 0.710261
vt 0.202506 0.710348
vt 0.211840 0.818417
vt 0.202874 0.806562
vt 0.209387 0.800110
vt 0.218176 0.814183
vt 0.387040 0.668864
vt 0.327706 0.667856
vt 0.327706 0.657356
vt 0.387040 0.657355
vt 0.218465 0.653364
vt 0.213672 0.653581
vt 0.218603 0.640525
vt 0.225943 0.644925
vt 0.297265 0.728477
vt 0.295575 0.714571
vt 0.305128 0.714977
vt 0.305395 0.728477
vt 0.305667 0.753193
vt 0.315557 0.727344
vt 0.315479 0.753756
vt 0.233675 0.676385
vt 0.219046 0.676544
vt 0.223786 0.658624
vt 0.237372 0.658254
vt 0.244179 0.658069
vt 0.240321 0.676312
vt 0.225178 0.728477
vt 0.237194 0.728477
vt 0.240171 0.739976
vt 0.231687 0.738809
vt 0.254725 0.653341
vt 0.272231 0.654740
vt 0.751715 0.818296
vt 0.737249 0.813536
vt 0.261343 0.728477
vt 0.261517 0.713123
vt 0.274688 0.713683
vt 0.276371 0.728477
vt 0.288721 0.818306
vt 0.274530 0.818300
vt 0.271459 0.816552
vt 0.288871 0.817050
vt 0.668659 0.985691
vt 0.658680 0.980444
vt 0.660631 0.977723
vt 0.668431 0.982016
vt 0.199819 0.752247
vt 0.205570 0.738357
vt 0.203017 0.748542
vt 0.261261 0.742880
vt 0.250895 0.741453
vt 0.249690 0.728477
vt 0.699974 0.982075
vt 0.699492 0.985760
vt 0.219792 0.693031
vt 0.234319 0.693293
vt 0.248487 0.653436
vt 0.653699 0.971409
vt 0.653962 0.945259
vt 0.657070 0.946035
vt 0.656398 0.970528
vt 0.246653 0.740869
vt 0.243682 0.728477
vt 0.220605 0.711237
vt 0.235014 0.711996
vt 0.229101 0.653965
vt 0.238087 0.644925
vt 0.247481 0.644925
vt 0.241578 0.653618
vt 0.255286 0.644925
vt 0.262194 0.644925
vt 0.304099 0.659995
vt 0.303296 0.658631
vt 0.307490 0.655418
vt 0.200648 0.676681
vt 0.212469 0.659060
vt 0.299029 0.799470
vt 0.300670 0.798693
vt 0.299523 0.814393
vt 0.296891 0.814327
vt 0.300258 0.773282
vt 0.298930 0.773437
vt 0.298832 0.758026
vt 0.315864 0.715406
vt 0.329109 0.795701
vt 0.315564 0.796035
vt 0.315805 0.782253
vt 0.329312 0.782168
vt 0.849081 0.982205
vt 0.849081 0.953512
vt 0.849081 0.953513
vt 0.306451 0.797995
vt 0.306193 0.783493
vt 0.240695 0.828270
vt 0.220905 0.824375
vt 0.224745 0.817745
vt 0.242506 0.819430
vt 0.289468 0.728477
vt 0.285955 0.714162
vt 0.296779 0.752492
vt 0.298972 0.784263
vt 0.300429 0.783850
vt 0.306840 0.814360
vt 0.201528 0.692712
vt 0.208370 0.658220
vt 0.194629 0.676270
vt 0.735237 0.979325
vt 0.722236 0.980444
vt 0.728585 0.958221
vt 0.731116 0.951602
vt 0.733434 0.953192
vt 0.248726 0.712579
vt 0.239623 0.750733
vt 0.239693 0.741999
vt 0.246183 0.742738
vt 0.246109 0.751058
vt 0.253417 0.798771
vt 0.256896 0.812765
vt 0.250144 0.812713
vt 0.246943 0.798669
vt 0.659535 0.936038
vt 0.689336 0.932353
vt 0.688864 0.935455
vt 0.661635 0.938919
vt 0.240897 0.693385
vt 0.241522 0.712273
vt 0.272542 0.644925
vt 0.284813 0.658448
vt 0.205663 0.771437
vt 0.203239 0.774009
vt 0.199387 0.759454
vt 0.201896 0.755951
vt 0.250417 0.783595
vt 0.243951 0.783518
vt 0.240037 0.757445
vt 0.246511 0.757508
vt 0.248281 0.772791
vt 0.241820 0.772731
vt 0.258883 0.814942
vt 0.250274 0.815725
vt 0.261456 0.816237
vt 0.263566 0.820126
vt 0.103640 0.680671
vt 0.095722 0.699903
vt 0.084225 0.694356
vt 0.088517 0.672540
vt 0.194096 0.765278
vt 0.199552 0.780292
vt 0.195519 0.789045
vt 0.188170 0.771835
vt 0.076578 0.660109
vt 0.061698 0.684249
vt 0.048745 0.679526
vt 0.055516 0.659816
vt 0.249666 0.848032
vt 0.249594 0.856149
vt 0.249593 0.856149
vt 0.721403 0.932896
vt 0.719487 0.937772
vt 0.708506 0.935792
vt 0.707882 0.932578
vt 0.192727 0.756597
vt 0.280642 0.746336
vt 0.209292 0.736825
vt 0.304351 0.663257
vt 0.121852 0.688793
vt 0.120635 0.709168
vt 0.283517 0.666302
vt 0.283576 0.660495
vt 0.147310 0.696268
vt 0.147648 0.713622
vt 0.315557 0.771596
vt 0.306009 0.773168
vt 0.784231 0.632881
vt 0.791986 0.632901
vt 0.792155 0.648072
vt 0.784350 0.658936
vt 0.386465 0.810851
vt 0.386386 0.820211
vt 0.251712 0.877354
vt 0.249985 0.862442
vt 0.249986 0.862442
vt 0.251713 0.877353
vt 0.243265 0.855833
vt 0.243266 0.855832
vt 0.243334 0.847311
vt 0.243333 0.847311
vt 0.264567 0.919744
vt 0.261695 0.918878
vt 0.262058 0.918479
vt 0.264568 0.919743
vt 0.226124 0.814493
vt 0.242761 0.815446
vt 0.314844 0.645902
vt 0.315454 0.653357
vt 0.305202 0.645902
vt 0.315454 0.676752
vt 0.307718 0.671870
vt 0.299037 0.821259
vt 0.306840 0.821690
vt 0.306807 0.823519
vt 0.185919 0.728471
vt 0.250407 0.902603
vt 0.253530 0.916305
vt 0.253531 0.916304
vt 0.250408 0.902602
vt 0.212903 0.797114
vt 0.221089 0.812176
vt 0.315807 0.824455
vt 0.303184 0.668507
vt 0.304233 0.667090
vt 0.302014 0.657750
vt 0.269273 0.679256
vt 0.248161 0.693487
vt 0.251114 0.819870
vt 0.210040 0.843758
vt 0.213672 0.842263
vt 0.213672 0.842262
vt 0.210040 0.843757
vt 0.213068 0.886452
vt 0.210130 0.876033
vt 0.210131 0.876032
vt 0.213069 0.886451
vt 0.299141 0.917880
vt 0.296317 0.920727
vt 0.296318 0.920726
vt 0.299141 0.917879
vt 0.291315 0.920537
vt 0.274326 0.920051
vt 0.274327 0.920050
vt 0.291316 0.920536
vt 0.301033 0.862949
vt 0.301130 0.877984
vt 0.301131 0.877983
vt 0.301034 0.862947
vt 0.301227 0.903385
vt 0.301227 0.903384
vt 0.264376 0.848171
vt 0.283287 0.851542
vt 0.264377 0.848170
vt 0.235522 0.844198
vt 0.243800 0.845338
vt 0.243800 0.845337
vt 0.235523 0.844198
vt 0.260118 0.916356
vt 0.260118 0.916355
vt 0.253796 0.887896
vt 0.253797 0.887895
vt 0.256724 0.902702
vt 0.256723 0.902703
vt 0.173086 0.694138
vt 0.172253 0.714936
vt 0.298550 0.657750
vt 0.295548 0.657680
vt 0.287815 0.644925
vt 0.294633 0.644925
vt 0.738704 0.952849
vt 0.740854 0.950968
vt 0.746997 0.974961
vt 0.018164 0.607896
vt 0.026322 0.608531
vt 0.019709 0.625696
vt 0.014844 0.623340
vt 0.291430 0.657630
vt 0.280997 0.644925
vt 0.712256 0.985691
vt 0.712485 0.982016
vt 0.720285 0.977723
vt 0.294955 0.820646
vt 0.293997 0.817245
vt 0.206455 0.860924
vt 0.207549 0.853694
vt 0.207549 0.853693
vt 0.206456 0.860924
vt 0.299031 0.857549
vt 0.299032 0.857548
vt 0.243669 0.862381
vt 0.243670 0.862381
vt 0.230094 0.918042
vt 0.225181 0.915781
vt 0.225182 0.915780
vt 0.230095 0.918041
vt 0.301170 0.888548
vt 0.301171 0.888547
vt 0.250124 0.846208
vt 0.254263 0.846778
vt 0.254263 0.846777
vt 0.250125 0.846208
vt 0.246326 0.918972
vt 0.246327 0.918971
vt 0.245409 0.877296
vt 0.245409 0.877295
vt 0.253657 0.919245
vt 0.253658 0.919244
vt 0.924904 0.901096
vt 0.936787 0.903041
vt 0.894860 0.920402
vt 0.284623 0.668308
vt 0.742272 0.981342
vt 0.734013 0.985295
vt 0.247487 0.887820
vt 0.247488 0.887820
vt 0.217195 0.901086
vt 0.217196 0.901085
vt 0.206194 0.784446
vt 0.208674 0.782115
vt 0.185815 0.709558
vt 0.203649 0.792451
vt 0.012300 0.624008
vt 0.010236 0.631460
vt 0.195625 0.692500
vt 0.187794 0.688821
vt 0.723845 0.946035
vt 0.726953 0.945259
vt 0.740309 0.939646
vt 0.737991 0.938056
vt 0.737003 0.932896
vt 0.742779 0.936864
vt 0.012377 0.610554
vt 0.012969 0.616153
vt 0.728827 0.946073
vt 0.729499 0.949102
vt 0.742222 0.948274
vt 0.746396 0.943004
vt 0.729204 0.942975
vt 0.736098 0.953630
vt 0.742598 0.945176
vt 0.741926 0.942146
vt 0.735327 0.937619
vt 0.732721 0.938400
vt 0.730571 0.940280
vt 0.115999 0.116788
vt 0.100562 0.127321
vt 0.095587 0.120016
vt 0.104172 0.109622
vt 0.819431 0.980700
vt 0.819431 0.955198
vt 0.892743 0.684566
vt 0.894356 0.691299
vt 0.889282 0.683588
vt 0.779926 0.982247
vt 0.776872 0.984918
vt 0.781449 0.969719
vt 0.781868 0.978420
vt 0.502589 0.728026
vt 0.473440 0.753709
vt 0.438153 0.753044
vt 0.439005 0.726372
vt 0.329269 0.715423
vt 0.327960 0.676752
vt 0.819431 0.955199
vt 0.438075 0.668864
vt 0.438075 0.657355
vt 0.502589 0.664565
vt 0.502589 0.672146
vt 0.386825 0.715805
vt 0.387040 0.677252
vt 0.387040 0.645902
vt 0.387040 0.653362
vt 0.327960 0.653361
vt 0.328214 0.645902
vt 0.329111 0.727158
vt 0.329111 0.771332
vt 0.329047 0.753857
vt 0.386584 0.794282
vt 0.329314 0.824576
vt 0.896881 0.669543
vt 0.893002 0.676582
vt 0.889681 0.670219
vt 0.330565 0.541582
vt 0.339371 0.541579
vt 0.386624 0.825089
vt 0.386619 0.770208
vt 0.386620 0.754287
vt 0.439021 0.715755
vt 0.386620 0.726372
vt 0.438075 0.677256
vt 0.438075 0.653362
vt 0.438075 0.645902
vt 0.502588 0.645902
vt 0.502589 0.656985
vt 0.325120 0.586417
vt 0.339443 0.565005
vt 0.334159 0.586371
vt 0.502589 0.719496
vt 0.502589 0.687307
vt 0.301350 0.669385
vt 0.346097 0.605849
vt 0.347968 0.626073
vt 0.323183 0.510305
vt 0.332318 0.510305
vt 0.021574 0.102137
vt 0.015186 0.091616
vt 0.025350 0.090236
vt 0.028462 0.099034
vt 0.352546 0.533767
vt 0.352567 0.541574
vt 0.502589 0.812144
vt 0.502589 0.840929
vt 0.440005 0.820212
vt 0.439666 0.810852
vt 0.407503 0.820212
vt 0.407409 0.810851
vt 0.386620 0.781810
vt 0.397402 0.767433
vt 0.397239 0.782375
vt 0.439948 0.825090
vt 0.407619 0.825090
vt 0.258737 0.973285
vt 0.260278 0.972381
vt 0.280642 0.980010
vt 0.280657 0.981078
vt 0.323337 0.598470
vt 0.332460 0.598456
vt 0.247630 0.968608
vt 0.249878 0.967959
vt 0.361066 0.893078
vt 0.323427 0.872758
vt 0.386619 0.741466
vt 0.235136 0.950638
vt 0.239520 0.937814
vt 0.241709 0.939006
vt 0.238437 0.951231
vt 0.502589 0.849772
vt 0.447619 0.912508
vt 0.502588 0.912554
vt 0.482801 0.794285
vt 0.473439 0.797761
vt 0.478716 0.794999
vt 0.479683 0.783806
vt 0.398237 0.795011
vt 0.403386 0.797662
vt 0.438037 0.798324
vt 0.479526 0.768912
vt 0.478559 0.756377
vt 0.482724 0.757051
vt 0.399308 0.755784
vt 0.403523 0.753604
vt 0.242000 0.959124
vt 0.239122 0.959050
vt 0.324585 0.948988
vt 0.324480 0.965954
vt 0.321546 0.965459
vt 0.321661 0.949680
vt 0.320411 0.939449
vt 0.320438 0.976980
vt 0.323501 0.937846
vt 0.317345 0.935473
vt 0.315142 0.936388
vt 0.280834 0.936258
vt 0.280826 0.935213
vt 0.315141 0.980017
vt 0.320331 0.976877
vt 0.323656 0.978455
vt 0.317351 0.980941
vt 0.244794 0.935405
vt 0.247157 0.936234
vt 0.320304 0.939551
vt 0.225943 0.636306
vt 0.225943 0.621605
vt 0.236443 0.621605
vt 0.236443 0.636306
vt 0.294633 0.636306
vt 0.304563 0.636306
vt 0.280997 0.636306
vt 0.280997 0.621605
vt 0.287815 0.621605
vt 0.287815 0.636306
vt 0.274269 0.636306
vt 0.253546 0.636306
vt 0.262194 0.636306
vt 0.244898 0.636306
vt 0.294633 0.621605
vt 0.304563 0.623107
vt 0.244898 0.621605
vt 0.294633 0.613286
vt 0.304563 0.613286
vt 0.287815 0.613286
vt 0.494908 0.421494
vt 0.488180 0.421494
vt 0.494908 0.399089
vt 0.488180 0.399089
vt 0.450354 0.421494
vt 0.439854 0.421494
vt 0.236443 0.613286
vt 0.244898 0.613286
vt 0.274269 0.621605
vt 0.274269 0.613286
vt 0.280997 0.613286
vt 0.262194 0.621605
vt 0.262194 0.613286
vt 0.253546 0.613286
vt 0.253546 0.621605
vt 0.294633 0.599200
vt 0.304563 0.604305
vt 0.225943 0.613286
vt 0.294633 0.591879
vt 0.304563 0.591879
vt 0.501726 0.421494
vt 0.450354 0.399089
vt 0.439854 0.399089
vt 0.501726 0.399089
vt 0.225943 0.599200
vt 0.215795 0.599200
vt 0.215795 0.591879
vt 0.225943 0.591879
vt 0.274269 0.599200
vt 0.274269 0.591879
vt 0.280997 0.591879
vt 0.280997 0.599200
vt 0.287815 0.599200
vt 0.287815 0.591879
vt 0.262194 0.599200
vt 0.262194 0.591879
vt 0.220457 0.621605
vt 0.220458 0.613286
vt 0.244898 0.599200
vt 0.244898 0.591879
vt 0.253546 0.591879
vt 0.253546 0.599200
vt 0.236443 0.599200
vt 0.236443 0.591879
vt 0.476105 0.399089
vt 0.467457 0.399089
vt 0.458809 0.399089
vt 0.476105 0.421494
vt 0.467457 0.421494
vt 0.458809 0.421494
vt 0.508544 0.399089
vt 0.508544 0.421494
vt 0.040649 0.750194
vt 0.042983 0.750194
vt 0.046548 0.750194
vt 0.050803 0.750194
vt 0.054126 0.750194
vt 0.054504 0.750194
vt 0.053182 0.750194
vt 0.039660 0.750194
vt 0.040649 0.743905
vt 0.042983 0.743905
vt 0.046548 0.743905
vt 0.050803 0.743905
vt 0.054126 0.743905
vt 0.054504 0.743905
vt 0.053182 0.743905
vt 0.039660 0.743905
vt 0.044525 0.769717
vt 0.047127 0.770558
vt 0.047127 0.761152
vt 0.044525 0.761992
vt 0.049857 0.771620
vt 0.054426 0.771620
vt 0.054426 0.760089
vt 0.049857 0.760089
vt 0.042462 0.769246
vt 0.042462 0.762463
vt 0.293685 0.669488
vt 0.296519 0.669473
vt 0.286839 0.669473
vt 0.347645 0.519037
vt 0.300019 0.848261
vt 0.305718 0.851546
vt 0.315314 0.861647
vt 0.697152 0.811516
vt 0.697390 0.822305
vt 0.897957 0.633002
vt 0.886925 0.648651
vt 0.885400 0.633009
vt 0.877719 0.648645
vt 0.083965 0.489573
vt 0.815536 0.428372
vt 0.792677 0.414927
vt 0.591511 0.889619
vt 0.588819 0.899522
vt 0.708060 0.847238
vt 0.128707 0.231023
vt 0.128703 0.245541
vt 0.695969 0.747694
vt 0.696242 0.755123
vt 0.726749 0.801757
vt 0.694165 0.731494
vt 0.132833 0.144083
vt 0.132832 0.145787
vt 0.132825 0.172207
vt 0.132819 0.198626
vt 0.132818 0.200836
vt 0.128713 0.206827
vt 0.105285 0.436760
vt 0.095332 0.440697
vt 0.692449 0.576481
vt 0.691102 0.670656
vt 0.604478 0.885397
vt 0.861995 0.934242
vt 0.869817 0.922870
vt 0.898017 0.625339
vt 0.894359 0.619876
vt 0.732011 0.802830
vt 0.871843 0.551931
vt 0.868223 0.512361
vt 0.692709 0.714856
vt 0.863584 0.482869
vt 0.859456 0.456129
vt 0.872156 0.588546
vt 0.708431 0.858205
vt 0.702093 0.872019
vt 0.696772 0.517741
vt 0.088458 0.491823
vt 0.092937 0.494065
vt 0.175850 0.200995
vt 0.175850 0.207003
vt 0.175850 0.198778
vt 0.175850 0.172287
vt 0.175850 0.144083
vt 0.175850 0.145795
vt 0.175850 0.231261
vt 0.175850 0.245817
vt 0.783323 0.425762
vt 0.784108 0.414521
vt 0.871034 0.728138
vt 0.793638 0.731099
vt 0.793471 0.725423
vt 0.871492 0.720992
vt 0.784350 0.731657
vt 0.784350 0.725893
vt 0.965533 0.711575
vt 0.963353 0.719217
vt 0.947502 0.695017
vt 0.949403 0.689137
vt 0.562758 0.577321
vt 0.548331 0.579950
vt 0.548715 0.567418
vt 0.562152 0.587190
vt 0.064537 0.245569
vt 0.064537 0.231136
vt 0.573488 0.614237
vt 0.548043 0.588522
vt 0.560010 0.650635
vt 0.546532 0.650635
vt 0.568614 0.651184
vt 0.568614 0.660831
vt 0.546361 0.660281
vt 0.559924 0.660281
vt 0.410073 0.541552
vt 0.410065 0.533757
vt 0.535531 0.618407
vt 0.534730 0.626128
vt 0.466234 0.626165
vt 0.466868 0.614528
vt 0.405701 0.598345
vt 0.406736 0.585996
vt 0.410094 0.564939
vt 0.406759 0.519035
vt 0.405660 0.510305
vt 0.346007 0.510305
vt 0.347705 0.586301
vt 0.352629 0.564992
vt 0.346130 0.598435
vt 0.407808 0.626123
vt 0.406500 0.610262
vt 0.309497 0.598056
vt 0.319264 0.597144
vt 0.318509 0.605594
vt 0.308807 0.606369
vt 0.308760 0.619461
vt 0.313615 0.618107
vt 0.314647 0.629180
vt 0.309597 0.628539
vt 0.317919 0.613848
vt 0.308522 0.612525
vt 0.319264 0.630186
vt 0.310516 0.634917
vt 0.352588 0.549380
vt 0.410080 0.549348
vt 0.466292 0.549317
vt 0.175850 0.159041
vt 0.132829 0.158997
vt 0.089808 0.158953
vt 0.339395 0.549387
vt 0.566769 0.519212
vt 0.546663 0.550958
vt 0.546663 0.534589
vt 0.532138 0.549280
vt 0.074212 0.172046
vt 0.584045 0.519544
vt 0.311691 0.575344
vt 0.311470 0.547683
vt 0.207350 0.599200
vt 0.207350 0.591879
vt 0.197787 0.599200
vt 0.196633 0.591879
vt 0.079934 0.515505
vt 0.075478 0.516353
vt 0.079361 0.512469
vt 0.074905 0.513317
vt 0.761517 0.139319
vt 0.662065 0.138574
vt 0.761563 0.133172
vt 0.662111 0.132427
vt 0.782403 0.974021
vt 0.779151 0.966168
vt 0.773172 0.986027
vt 0.769388 0.985405
vt 0.766097 0.983147
vt 0.763799 0.979596
vt 0.772077 0.963288
vt 0.762845 0.975294
vt 0.763380 0.970895
vt 0.765322 0.967068
vt 0.768376 0.964397
vt 0.775860 0.963910
vt 0.956738 0.664235
vt 0.951311 0.683237
vt 0.940473 0.663965
vt 0.948654 0.645230
vt 0.936071 0.674203
vt 0.938268 0.669093
vt 0.969288 0.682282
vt 0.967721 0.703908
vt 0.183234 0.760177
vt 0.247377 0.828909
vt 0.049918 0.439816
vt 0.049797 0.461416
vt 0.044976 0.461138
vt 0.045044 0.439685
vt 0.050125 0.484917
vt 0.045334 0.484413
vt 0.049930 0.510891
vt 0.045123 0.510245
vt 0.048747 0.545567
vt 0.044426 0.544960
vt 0.039313 0.460869
vt 0.039322 0.439559
vt 0.039696 0.483912
vt 0.039460 0.509591
vt 0.039313 0.544502
vt 0.782670 0.620130
vt 0.045810 0.560483
vt 0.879999 0.745959
vt 0.890035 0.745796
vt 0.880036 0.745959
vt 0.892846 0.787322
vt 0.886930 0.800918
vt 0.793730 0.813183
vt 0.791815 0.739505
vt 0.791927 0.745356
vt 0.153533 0.561417
vt 0.102083 0.560616
vt 0.118116 0.524880
vt 0.154334 0.509944
vt 0.119044 0.450968
vt 0.115107 0.441015
vt 0.091078 0.450519
vt 0.104836 0.464727
vt 0.114790 0.460790
vt 0.204984 0.562217
vt 0.190070 0.525999
vt 0.188951 0.597954
vt 0.152732 0.612890
vt 0.116997 0.596835
vt 0.095014 0.460472
vt 0.102083 0.560617
vt 0.204984 0.562218
vt 0.188950 0.597954
vt 0.114790 0.300012
vt 0.104836 0.303948
vt 0.095014 0.299694
vt 0.091078 0.289741
vt 0.105285 0.275982
vt 0.095332 0.279919
vt 0.119044 0.290190
vt 0.115107 0.280236
vt 0.664862 0.039664
vt 0.673496 0.050552
vt 0.672636 0.106358
vt 0.653787 0.040854
vt 0.643407 0.048047
vt 0.652931 0.115311
vt 0.642806 0.108272
vt 0.764399 0.048200
vt 0.764305 0.037019
vt 0.763703 0.106379
vt 0.561032 0.010253
vt 0.557683 0.018990
vt 0.557683 0.138099
vt 0.561151 0.146674
vt 0.664704 0.033788
vt 0.764249 0.031345
vt 0.200412 0.436707
vt 0.196689 0.438755
vt 0.198213 0.442805
vt 0.206364 0.440605
vt 0.204134 0.434659
vt 0.219528 0.116492
vt 0.208947 0.114899
vt 0.257888 0.449507
vt 0.257883 0.124275
vt 0.257903 0.118991
vt 0.787232 0.053272
vt 0.795935 0.053272
vt 0.795936 0.095673
vt 0.787232 0.095673
vt 0.813977 0.057648
vt 0.813942 0.095673
vt 0.804688 0.095673
vt 0.804688 0.054206
vt 0.778516 0.058910
vt 0.779760 0.054482
vt 0.779760 0.095673
vt 0.778516 0.095673
vt 0.716971 0.064641
vt 0.716973 0.059731
vt 0.716974 0.095673
vt 0.737080 0.058910
vt 0.754245 0.058910
vt 0.754245 0.095673
vt 0.737080 0.095673
vt 0.771800 0.058910
vt 0.771800 0.095673
vt 0.716974 0.058910
vt 0.789324 0.052897
vt 0.793153 0.052897
vt 0.807948 0.054051
vt 0.810626 0.054051
vt 0.798600 0.053131
vt 0.801281 0.053131
vt 0.775828 0.058910
vt 0.775828 0.095673
vt 0.713385 0.064641
vt 0.713385 0.069350
vt 0.713385 0.095673
vt 0.713385 0.082511
vt 0.813980 0.054206
vt 0.782921 0.052968
vt 0.785082 0.052968
vt 0.205324 0.126674
vt 0.170924 0.126660
vt 0.778069 0.391925
vt 0.774148 0.224181
vt 0.961574 0.225474
vt 0.947979 0.382016
vt 0.982706 0.225196
vt 0.976263 0.365843
vt 0.990207 0.271449
vt 0.988844 0.336931
vt 0.873629 0.808523
vt 0.893487 0.756530
vt 0.893487 0.756529
vt 0.517044 0.220548
vt 0.257967 0.092743
vt 0.266136 0.068394
vt 0.297826 0.071149
vt 0.291662 0.092173
vt 0.269245 0.041067
vt 0.261826 0.014694
vt 0.288658 0.024456
vt 0.302075 0.043805
vt 0.093730 0.064331
vt 0.110151 0.071354
vt 0.103230 0.074787
vt 0.089753 0.068712
vt 0.123018 0.082535
vt 0.126859 0.101344
vt 0.109161 0.099209
vt 0.110676 0.083746
vt 0.016670 0.075873
vt 0.022910 0.066059
vt 0.034326 0.070925
vt 0.026303 0.078736
vt 0.042543 0.117791
vt 0.030725 0.109931
vt 0.036311 0.105832
vt 0.044785 0.110583
vt 0.079076 0.126790
vt 0.058932 0.123238
vt 0.060184 0.116384
vt 0.079258 0.121270
vt 0.041953 0.062380
vt 0.069090 0.062798
vt 0.067835 0.068104
vt 0.047174 0.068333
vt 0.179233 0.035460
vt 0.183543 0.014123
vt 0.220873 0.013735
vt 0.217241 0.037452
vt 0.177283 0.078870
vt 0.175300 0.059017
vt 0.211446 0.063334
vt 0.206810 0.088107
vt 0.895656 0.891249
vt 0.902837 0.896276
vt 0.882296 0.928894
vt 0.940083 0.826792
vt 0.941119 0.810960
vt 0.895664 0.864274
vt 0.904886 0.860363
vt 0.179001 0.091383
vt 0.206342 0.102144
vt 0.163594 0.081084
vt 0.146890 0.069308
vt 0.141398 0.054475
vt 0.142865 0.034486
vt 0.159127 0.019657
vt 0.012768 0.060342
vt 0.036834 0.055864
vt 0.070442 0.057478
vt 0.102785 0.132992
vt 0.079038 0.134463
vt 0.057493 0.131021
vt 0.038995 0.125772
vt 0.022641 0.115439
vt 0.003816 0.092804
vt 0.005755 0.074194
vt 0.117937 0.067785
vt 0.128739 0.082408
vt 0.134494 0.103523
vt 0.097566 0.059287
vt 0.241750 0.110483
vt 0.273421 0.112373
vt 0.013191 0.106123
vt 0.117594 0.118761
vt 0.913717 0.898434
vt 0.942085 0.862327
vt 0.589952 0.951768
vt 0.587906 0.954544
vt 0.574510 0.947557
vt 0.583808 0.956992
vt 0.578931 0.958527
vt 0.572957 0.959465
vt 0.565905 0.959819
vt 0.560043 0.957429
vt 0.555365 0.951706
vt 0.555342 0.944521
vt 0.557915 0.940256
vt 0.564917 0.937972
vt 0.573832 0.938001
vt 0.582158 0.938144
vt 0.587525 0.940031
vt 0.590461 0.943130
vt 0.590934 0.947802
s 1
f 109/1/1 101/2/2 3/3/3 107/4/4
f 35/5/5 63/6/6 65/7/7 48/8/8
f 38/9/9 32/10/10 89/11/11 87/12/12
f 44/13/13 86/14/14 56/15/15
f 10/16/16 23/17/17 25/18/18 13/19/19
f 15/20/20 20/21/21 22/22/22 16/23/23
f 18/24/24 26/25/25 24/26/26 8/27/27
f 5/28/28 7/29/28 12/30/29 19/31/30 20/21/21 15/20/20
f 11/32/31 21/33/32 19/31/30 12/30/29
f 16/23/23 22/22/22 23/17/17 10/16/16
f 27/34/33 14/35/34 13/19/19 25/18/18
f 17/36/35 28/37/36 26/25/25 18/24/24
f 8/27/27 24/26/26 21/33/32 11/32/31
f 20/21/21 19/31/30 21/33/32 22/22/22
f 21/33/32 24/26/26 23/17/17 22/22/22
f 24/26/26 26/25/25 25/18/18 23/17/17
f 26/25/25 28/37/36 27/34/33 25/18/18
f 17/36/35 9/38/37 6/39/37 14/35/34 27/34/33 28/37/36
f 29/40/38 34/41/39 39/42/40 49/43/41
f 51/44/42 46/45/43 57/46/44 66/47/45
f 93/48/46 91/49/47 48/8/8 65/7/7
f 47/50/48 46/45/43 40/51/49 41/52/50
f 74/53/51 64/54/52 68/55/53 75/56/54
f 52/57/55 56/15/15 79/58/56
f 97/59/57 87/12/12 85/60/58 96/61/59
f 90/62/60 97/59/57 53/63/61 42/64/62
f 87/12/12 89/11/11 84/65/63 85/60/58
f 71/66/64 52/57/55 79/58/56 81/67/65
f 79/58/56 80/68/66 83/69/67 81/67/65
f 36/70/68 84/65/63 89/11/11 50/71/69
f 95/72/70 96/61/59 85/60/58 82/73/71
f 95/72/70 82/73/71 69/74/72 94/75/73
f 30/76/74 76/77/75 34/41/39 29/40/38
f 82/73/71 88/78/76 60/79/77 69/74/72
f 31/80/78 45/81/79 53/63/61 54/82/80
f 55/83/81 77/84/82 35/5/5 48/8/8
f 84/65/63 88/78/76 82/73/71 85/60/58
f 29/40/38 62/85/83 78/86/84 30/76/74
f 31/80/78 75/56/54 83/69/67 80/68/66
f 42/64/62 53/63/61 45/81/79 37/87/85
f 36/70/68 73/88/86 88/78/76 84/65/63
f 40/51/49 46/45/43 51/44/42 43/89/87
f 45/81/79 31/80/78 80/68/66 86/14/14
f 80/68/66 79/58/56 56/15/15 86/14/14
f 72/90/88 71/66/64 81/67/65 59/91/89
f 57/46/44 46/45/43 47/50/48 58/92/90
f 51/44/42 66/47/45 63/6/6 35/5/5
f 49/43/41 70/93/91 62/85/83 29/40/38
f 67/94/92 83/69/67 75/56/54 68/55/53
f 54/82/80 74/53/51 75/56/54 31/80/78
f 81/67/65 83/69/67 67/94/92 59/91/89
f 37/87/85 45/81/79 86/14/14 44/13/13
f 91/49/47 92/95/93 55/83/81 48/8/8
f 60/79/77 88/78/76 73/88/86 61/96/94
f 43/89/87 51/44/42 35/5/5 77/84/82
f 32/10/10 33/97/95 50/71/69 89/11/11
f 49/43/41 39/42/40 92/95/93 91/49/47
f 74/53/51 95/72/70 94/75/73 64/54/52
f 74/53/51 54/82/80 96/61/59 95/72/70
f 38/9/9 87/12/12 97/59/57 90/62/60
f 53/63/61 97/59/57 96/61/59 54/82/80
f 70/93/91 49/43/41 91/49/47 93/48/46
f 106/98/96 1/99/97 98/100/98 108/101/99
f 108/101/99 98/100/98 101/2/2 109/1/1
f 112/102/100 104/103/101 105/104/102 113/105/103
f 110/106/104 102/107/105 104/103/101 112/102/100
f 113/105/103 105/104/102 103/108/106 111/109/107
f 104/103/101 108/101/99 109/1/1 105/104/102
f 102/107/105 106/98/96 108/101/99 104/103/101
f 105/104/102 109/1/1 107/4/4 103/108/106
f 100/110/108 113/105/103 111/109/107 4/111/109
f 2/112/110 110/106/104 112/102/100 99/113/111
f 99/113/111 112/102/100 113/105/103 100/110/108
f 959/114/112 119/115/113 1197/116/114 851/117/115
f 1198/118/116 137/119/117 139/120/118 1199/121/119
f 1199/121/119 139/120/118 141/122/120 1200/123/121
f 1200/123/121 141/122/120 143/124/122 1201/125/123
f 887/126/124 885/127/125 830/128/126 831/129/127
f 1201/125/123 143/124/122 145/130/128 1202/131/129
f 1392/132/130 1384/133/131 137/119/117 1198/118/116
f 1278/134/132 1253/135/133 176/136/134 623/137/135
f 1515/138/136 121/139/137 128/140/138 1495/141/139
f 1495/141/139 128/140/138 124/142/140 1496/143/141
f 1516/144/142 126/145/143 121/139/137 1515/138/136
f 1496/143/141 124/142/140 130/146/144 1497/147/145
f 1498/148/146 132/149/147 134/150/148 1499/151/149
f 1531/152/150 1358/153/151 136/154/152 1500/155/153
f 1534/156/154 1385/157/155 138/158/156 1501/159/157
f 1501/159/157 138/158/156 140/160/158 1502/161/159
f 1502/161/159 140/160/158 142/162/160 1503/163/161
f 1503/163/161 142/162/160 144/164/162 1504/165/163
f 1504/165/163 144/164/162 146/166/164 1505/167/165
f 1525/168/166 1513/169/167 1557/170/168
f 1505/167/165 146/166/164 622/171/169 1523/172/170
f 1202/131/129 145/130/128 619/173/171 1205/174/172
f 1522/175/173 1518/176/173 156/177/174 490/178/173
f 1241/179/175 1243/179/175 161/180/176 157/180/176
f 1518/181/177 1519/181/177 158/182/178 156/182/178
f 1528/183/173 1520/184/173 161/180/173 1243/179/173
f 1273/185/179 1274/186/180 166/187/176 164/188/181
f 1272/189/182 1254/190/183 169/191/184 170/192/185
f 1252/193/186 1251/194/187 174/195/188 175/196/189
f 1254/190/183 1261/197/190 228/198/191 169/191/184
f 1249/199/192 1248/200/193 172/201/194 173/202/195
f 1250/203/196 1247/204/197 165/205/198 168/206/199
f 1253/135/133 1252/193/186 175/196/189 176/136/134
f 1247/204/197 1246/207/200 167/208/201 165/205/198
f 1251/194/187 1249/199/192 173/202/195 174/195/188
f 1370/209/202 1231/210/203 1262/211/204 1372/212/205
f 1395/213/206 1245/214/207 171/215/208 1375/216/209
f 1270/217/210 1265/218/211 624/219/212 115/220/213
f 1277/221/214 1241/222/214 157/223/173 491/224/173
f 617/225/215 177/226/216 180/227/217 628/228/218
f 1513/169/167 118/229/219 259/230/220 1512/231/221
f 1246/207/200 1273/185/179 164/188/181 167/208/201
f 1296/232/222 1298/233/222 184/234/222 185/235/222
f 1297/236/223 1301/237/224 266/238/225 188/239/226
f 1295/240/227 1297/236/223 188/239/226 182/241/228
f 1335/242/229 1315/243/230 120/244/231 186/245/232
f 939/246/233 892/247/234 191/248/235 183/249/236
f 1324/250/173 1319/251/173 195/252/173 182/253/228
f 496/254/237 154/255/238 194/256/239 495/257/240
f 492/258/241 1398/259/242 155/260/243 489/261/244
f 494/262/245 1399/263/246 1398/259/242 492/258/241
f 1292/264/173 1209/265/173 159/266/173 1289/267/173
f 1226/268/173 1225/269/173 198/270/173 200/271/173
f 1227/272/173 1226/268/173 200/271/173 202/273/173
f 1326/274/173 1227/272/173 202/273/173 1321/275/173
f 1208/276/247 1228/277/173 204/278/173 160/279/248
f 160/279/248 204/278/249 194/280/249 154/279/238
f 1336/281/250 194/280/251 204/278/251 1338/282/250
f 193/283/252 195/284/253 202/273/253 200/271/254
f 196/285/255 193/283/252 200/271/254 198/270/256
f 155/266/257 1291/286/258 1289/267/259 159/266/260
f 1512/287/261 1524/288/262 147/289/263 617/290/264
f 670/291/265 214/292/266 212/293/267 666/294/268
f 663/295/269 219/296/270 220/297/271 665/298/272
f 1389/299/273 1387/300/274 217/301/275 659/302/276
f 177/303/277 178/304/278 671/305/279 618/306/280
f 665/298/272 220/297/271 221/307/281 667/308/282
f 659/302/276 217/301/275 218/309/283 661/310/284
f 667/308/282 221/307/281 627/311/285 618/312/286
f 661/310/284 218/309/283 219/296/270 663/295/269
f 149/313/287 116/314/288 117/315/289 260/316/290
f 1390/317/291 1386/318/292 207/319/293 656/320/294
f 666/321/268 212/322/267 211/323/295 664/324/296
f 656/320/294 207/319/293 206/325/297 654/326/298
f 664/324/296 211/323/295 210/327/299 662/328/300
f 662/328/300 210/327/299 209/329/301 660/330/302
f 660/330/302 209/329/301 208/331/303 658/332/304
f 1508/333/305 227/334/306 132/149/147 1498/148/146
f 1276/335/307 1250/203/196 168/206/199 237/336/308
f 1260/337/309 1373/338/310 1366/339/311 225/340/312
f 1372/212/205 1262/211/204 234/341/313 1367/342/314
f 1507/343/315 1532/344/316 1364/345/317 224/346/318
f 1510/347/319 236/348/320 232/349/321 1521/350/322
f 1508/333/305 1507/343/315 224/346/318 227/334/306
f 1509/351/323 1521/350/322 232/349/321 231/352/324
f 1262/211/204 1275/353/325 233/354/326 234/341/313
f 1290/355/327 1291/356/328 1399/263/246 494/262/245
f 162/357/173 1242/358/173 1293/359/173 1288/360/173
f 1497/147/145 130/146/144 236/348/320 1510/347/319
f 1275/353/325 1276/335/307 237/336/308 233/354/326
f 1284/361/173 1234/362/173 238/363/173 1280/364/173
f 955/365/329 1290/355/327 494/262/245 241/366/330
f 1261/197/190 1260/337/309 225/340/312 228/198/191
f 255/367/331 243/368/332 245/369/333 256/370/334
f 243/368/332 255/367/331 258/371/335 253/372/336
f 252/373/337 251/374/338 250/375/339 248/376/340
f 258/371/335 252/377/337 248/378/340 257/379/341
f 254/380/342 253/372/343 247/381/344 249/382/345
f 245/369/333 243/368/332 253/372/343 254/380/342
f 255/367/331 244/383/346 252/377/337 258/371/335
f 244/383/346 246/384/347 251/374/338 252/373/337
f 253/372/336 258/371/335 257/379/341 247/385/348
f 244/383/346 255/367/331 256/370/334 246/384/347
f 1264/386/349 259/230/220 118/229/219 1239/387/350
f 655/388/351 215/389/352 216/390/353 657/391/354
f 263/392/355 264/393/356 261/394/357 262/395/357
f 1331/396/50 1300/397/358 265/398/359 1339/399/360
f 1318/400/361 1323/401/362 268/402/363 187/403/364
f 1334/404/173 1339/405/360 265/406/359 185/407/365
f 733/408/366 1299/409/367 267/410/368 186/411/232
f 274/412/369 273/413/369 275/414/369 276/415/369
f 150/416/176 275/414/176 273/413/176 151/417/176
f 1460/418/369 270/419/369 269/420/369 1461/421/369
f 1461/422/370 269/423/370 271/424/370 1462/425/370
f 153/426/370 274/427/370 276/428/370 152/429/370
f 151/430/371 153/430/372 1438/430/372 1437/430/373
f 1459/431/374 272/432/375 270/433/376 1460/434/374
f 1459/431/377 150/416/378 1435/435/378 1463/431/379
f 271/436/173 269/437/173 270/433/376 272/432/375
f 279/438/176 277/439/176 278/440/176 280/441/176
f 282/442/370 284/443/370 283/444/370 281/445/370
f 279/438/380 280/441/381 284/443/382 282/442/380
f 280/441/381 278/440/383 283/446/383 284/443/382
f 277/439/384 279/438/380 282/442/380 281/447/384
f 287/448/176 285/449/176 286/450/176 288/451/176
f 290/452/370 292/453/370 291/454/370 289/455/370
f 287/448/380 288/451/381 292/453/382 290/452/380
f 288/451/381 286/450/383 291/456/383 292/453/382
f 285/449/384 287/448/380 290/452/380 289/457/384
f 293/458/385 294/459/385 300/460/385 299/461/385
f 294/459/385 295/462/385 301/463/385 300/460/385
f 295/462/385 296/464/385 302/465/385 301/463/385
f 296/464/385 297/466/385 303/467/385 302/465/385
f 297/466/385 298/468/385 304/469/385 303/467/385
f 299/461/385 300/460/385 306/470/385 305/471/385
f 300/460/385 301/463/385 307/472/385 306/470/385
f 301/463/385 302/465/385 308/473/385 307/472/385
f 302/465/385 303/467/385 309/474/385 308/473/385
f 303/467/385 304/469/385 310/475/385 309/474/385
f 311/476/386 317/477/387 318/478/388 312/479/389
f 312/479/389 318/478/388 319/480/390 313/481/391
f 313/481/391 319/480/390 320/482/392 314/483/393
f 314/483/393 320/482/392 321/484/394 315/485/395
f 315/485/395 321/484/394 322/486/396 316/487/397
f 317/477/387 323/488/398 324/489/399 318/478/388
f 318/478/388 324/489/399 325/490/400 319/480/390
f 319/480/390 325/490/400 326/491/401 320/482/392
f 320/482/392 326/491/401 327/492/402 321/484/394
f 321/484/394 327/492/402 328/493/403 322/486/396
f 298/468/404 316/487/397 322/486/396 304/469/405
f 308/473/406 326/491/401 325/490/400 307/472/407
f 293/458/408 311/476/386 312/479/389 294/459/409
f 294/459/409 312/479/389 313/481/391 295/462/410
f 305/471/411 323/488/398 317/477/387 299/461/412
f 309/474/413 327/492/402 326/491/401 308/473/406
f 295/462/410 313/481/391 314/483/393 296/464/414
f 304/469/405 322/486/396 328/493/403 310/475/415
f 296/464/414 314/483/393 315/485/395 297/466/416
f 306/470/417 324/489/399 323/488/398 305/471/411
f 310/475/415 328/493/403 327/492/402 309/474/413
f 299/461/412 317/477/387 311/476/386 293/458/408
f 307/472/407 325/490/400 324/489/399 306/470/417
f 1423/494/418 1427/495/419 1434/496/420 1431/497/421
f 1426/498/422 1424/499/423 1432/500/423 1433/501/424
f 329/502/425 330/503/426 332/504/427 331/505/428
f 331/505/428 332/504/427 334/506/429 333/507/430
f 333/507/430 334/506/429 336/508/431 335/509/432
f 335/509/432 336/508/431 338/510/433 337/511/434
f 337/511/434 338/510/433 340/512/435 339/513/436
f 339/513/436 340/512/435 342/514/437 341/515/438
f 341/515/438 342/514/437 344/516/439 343/517/440
f 343/517/440 344/516/439 346/518/441 345/519/442
f 345/519/442 346/518/441 348/520/443 347/521/444
f 347/521/444 348/520/443 350/522/445 349/523/446
f 349/523/446 350/522/445 352/524/447 351/525/448
f 351/525/448 352/524/447 354/526/449 353/527/450
f 353/527/450 354/526/449 356/528/451 355/529/452
f 355/529/452 356/528/451 358/530/453 357/531/454
f 357/531/454 358/530/453 360/532/455 359/533/456
f 359/533/456 360/532/455 362/534/457 361/535/458
f 361/535/458 362/534/457 364/536/459 363/537/460
f 363/537/460 364/536/459 330/538/426 329/539/425
f 356/540/451 354/541/449 390/542/461 392/543/462
f 345/544/442 347/545/444 383/546/463 381/547/464
f 363/548/460 329/549/425 365/550/465 399/551/466
f 348/552/443 346/553/441 382/554/467 384/555/468
f 330/556/426 364/557/459 400/558/469 366/559/470
f 337/560/434 339/561/436 375/562/471 373/563/472
f 355/564/452 357/565/454 393/566/473 391/567/474
f 329/549/425 331/568/428 367/569/475 365/550/465
f 340/570/435 338/571/433 374/572/476 376/573/477
f 358/574/453 356/540/451 392/543/462 394/575/478
f 332/576/427 330/556/426 366/559/470 368/577/479
f 347/545/444 349/578/446 385/579/480 383/546/463
f 350/580/445 348/552/443 384/555/468 386/581/481
f 339/582/436 341/583/438 377/584/482 375/585/471
f 357/565/454 359/586/456 395/587/483 393/566/473
f 342/588/437 340/589/435 376/590/477 378/591/484
f 360/592/455 358/574/453 394/575/478 396/593/485
f 331/568/428 333/594/430 369/595/486 367/569/475
f 349/578/446 351/596/448 387/597/487 385/579/480
f 334/598/429 332/576/427 368/577/479 370/599/488
f 352/600/447 350/580/445 386/581/481 388/601/489
f 341/583/438 343/602/440 379/603/490 377/584/482
f 359/586/456 361/604/458 397/605/491 395/587/483
f 344/606/439 342/588/437 378/591/484 380/607/492
f 362/608/457 360/592/455 396/593/485 398/609/493
f 333/594/430 335/610/432 371/611/494 369/595/486
f 351/596/448 353/612/450 389/613/495 387/597/487
f 336/614/431 334/598/429 370/599/488 372/615/496
f 354/541/449 352/600/447 388/601/489 390/542/461
f 343/602/440 345/544/442 381/547/464 379/603/490
f 361/604/458 363/548/460 399/551/466 397/605/491
f 346/553/441 344/606/439 380/607/492 382/554/467
f 364/557/459 362/608/457 398/609/493 400/558/469
f 335/610/432 337/560/434 373/563/472 371/611/494
f 353/612/450 355/564/452 391/567/474 389/613/495
f 338/571/433 336/614/431 372/615/496 374/572/476
f 365/616/465 367/617/475 369/618/486 371/619/494 373/620/472 375/621/471 377/622/482 379/623/490 381/624/464 383/625/463 385/626/480 387/627/487 389/628/495 391/629/474 393/630/473 395/631/483 397/632/491 399/633/466
f 368/634/479 366/635/470 400/636/469 398/637/493 396/638/485 394/639/478 392/640/462 390/641/461 388/642/489 386/643/481 384/644/468 382/645/467 380/646/492 378/647/484 376/648/477 374/649/476 372/650/496 370/651/488
f 417/652/497 418/653/498 436/654/499 435/655/500
f 410/656/501 411/657/502 429/658/503 428/659/504
f 403/660/505 404/661/506 422/662/507 421/663/508
f 418/653/498 401/664/509 419/665/510 436/654/499
f 411/657/502 412/666/511 430/667/512 429/658/503
f 404/661/506 405/668/513 423/669/514 422/662/507
f 412/666/511 413/670/515 431/671/516 430/667/512
f 405/668/513 406/672/517 424/673/518 423/669/514
f 413/670/515 414/674/519 432/675/520 431/671/516
f 406/676/517 407/677/521 425/678/522 424/679/518
f 414/674/519 415/680/523 433/681/524 432/675/520
f 407/677/521 408/682/525 426/683/526 425/678/522
f 415/680/523 416/684/527 434/685/528 433/681/524
f 408/682/525 409/686/529 427/687/530 426/683/526
f 401/664/509 402/688/531 420/689/532 419/665/510
f 416/684/527 417/652/497 435/655/500 434/685/528
f 409/686/529 410/656/501 428/659/504 427/687/530
f 402/688/531 403/660/505 421/663/508 420/689/532
f 434/685/528 470/690/533 469/691/534 433/681/524
f 421/663/508 457/692/535 455/693/536 420/689/532
f 407/677/521 443/694/537 444/695/538 408/682/525
f 435/655/500 471/696/539 470/690/533 434/685/528
f 422/662/507 458/697/540 457/692/535 421/663/508
f 408/682/525 444/695/538 445/698/541 409/686/529
f 436/654/499 472/699/542 471/696/539 435/655/500
f 423/669/514 459/700/543 458/697/540 422/662/507
f 409/686/529 445/698/541 446/701/544 410/656/501
f 419/665/510 456/702/545 472/699/542 436/654/499
f 424/673/518 460/703/546 459/700/543 423/669/514
f 410/656/501 446/701/544 447/704/547 411/657/502
f 425/678/522 461/705/548 460/706/546 424/679/518
f 411/657/502 447/704/547 448/707/549 412/666/511
f 426/683/526 462/708/550 461/705/548 425/678/522
f 412/666/511 448/707/549 449/709/551 413/670/515
f 427/687/530 463/710/552 462/708/550 426/683/526
f 413/670/515 449/709/551 450/711/553 414/674/519
f 428/659/504 464/712/554 463/710/552 427/687/530
f 414/674/519 450/711/553 451/713/555 415/680/523
f 401/664/509 438/714/556 437/715/557 402/688/531
f 429/658/503 465/716/558 464/712/554 428/659/504
f 415/680/523 451/713/555 452/717/559 416/684/527
f 402/688/531 437/715/557 439/718/560 403/660/505
f 430/667/512 466/719/561 465/716/558 429/658/503
f 416/684/527 452/717/559 453/720/562 417/652/497
f 403/660/505 439/718/560 440/721/563 404/661/506
f 431/671/516 467/722/564 466/719/561 430/667/512
f 417/652/497 453/720/562 454/723/565 418/653/498
f 404/661/506 440/721/563 441/724/566 405/668/513
f 432/675/520 468/725/567 467/722/564 431/671/516
f 418/653/498 454/723/565 438/714/556 401/664/509
f 405/668/513 441/724/566 442/726/568 406/672/517
f 433/681/524 469/691/534 468/725/567 432/675/520
f 420/689/532 455/693/536 456/702/545 419/665/510
f 406/676/517 442/727/568 443/694/537 407/677/521
f 475/728/176 473/729/176 474/730/176 476/731/176
f 478/732/370 480/733/370 479/734/370 477/735/370
f 475/728/569 476/731/570 480/733/570 478/732/571
f 476/731/570 474/730/383 479/736/383 480/733/570
f 473/729/384 475/728/569 478/732/571 477/737/384
f 483/738/572 481/739/572 482/740/573 484/741/574
f 486/742/575 488/743/575 487/744/575 485/745/575
f 482/740/573 481/739/576 485/745/576 487/744/577
f 481/739/576 483/738/578 486/746/578 485/745/576
f 483/738/578 484/741/574 488/747/50 486/746/578
f 241/366/330 494/262/245 492/258/241 192/748/579
f 192/748/579 492/258/241 489/261/244 125/749/580
f 1274/750/581 1277/221/214 491/224/173 166/751/173
f 1516/752/173 1522/175/173 490/178/173 126/753/173
f 184/754/582 496/254/237 495/257/240 185/407/583
f 1317/755/173 1324/250/173 182/253/228 188/756/226
f 195/252/173 193/757/173 196/758/173 182/253/228
f 1282/759/584 493/760/585 239/761/586 929/762/587
f 1397/763/173 196/758/173 1283/764/173 1396/765/173
f 513/652/497 514/766/498 532/654/499 531/655/500
f 506/656/501 507/657/502 525/658/503 524/659/504
f 499/660/505 500/661/506 518/662/507 517/663/508
f 514/766/498 497/664/509 515/665/510 532/654/499
f 507/657/502 508/666/511 526/667/512 525/658/503
f 500/661/506 501/668/513 519/669/514 518/662/507
f 508/666/511 509/670/515 527/671/516 526/667/512
f 501/668/513 502/672/517 520/673/518 519/669/514
f 509/670/515 510/674/519 528/767/520 527/671/516
f 502/676/517 503/677/521 521/678/522 520/679/518
f 510/674/519 511/680/523 529/681/524 528/767/520
f 503/677/521 504/682/525 522/683/526 521/678/522
f 511/680/523 512/684/527 530/685/528 529/681/524
f 504/682/525 505/686/529 523/687/530 522/683/526
f 497/664/509 498/688/531 516/689/532 515/665/510
f 512/684/527 513/652/497 531/655/500 530/685/528
f 505/686/529 506/656/501 524/659/504 523/687/530
f 498/688/531 499/660/505 517/663/508 516/689/532
f 530/685/528 566/690/533 565/691/534 529/681/524
f 517/663/508 553/692/535 551/693/536 516/689/532
f 503/677/521 539/694/537 540/695/538 504/682/525
f 531/655/500 567/696/539 566/690/533 530/685/528
f 518/662/507 554/697/540 553/692/535 517/663/508
f 504/682/525 540/695/538 541/698/541 505/686/529
f 532/654/499 568/699/542 567/696/539 531/655/500
f 519/669/514 555/700/543 554/697/540 518/662/507
f 505/686/529 541/698/541 542/701/544 506/656/501
f 515/665/510 552/702/545 568/699/542 532/654/499
f 520/673/518 556/703/546 555/700/543 519/669/514
f 506/656/501 542/701/544 543/704/547 507/657/502
f 521/678/522 557/705/548 556/768/546 520/679/518
f 507/657/502 543/704/547 544/707/549 508/666/511
f 522/683/526 558/708/550 557/705/548 521/678/522
f 508/666/511 544/707/549 545/709/551 509/670/515
f 523/687/530 559/710/552 558/708/550 522/683/526
f 509/670/515 545/709/551 546/711/553 510/674/519
f 524/659/504 560/712/554 559/710/552 523/687/530
f 510/674/519 546/711/553 547/713/555 511/680/523
f 497/664/509 534/714/556 533/715/557 498/688/531
f 525/658/503 561/716/558 560/712/554 524/659/504
f 511/680/523 547/713/555 548/717/559 512/684/527
f 498/688/531 533/715/557 535/769/560 499/660/505
f 526/667/512 562/719/561 561/716/558 525/658/503
f 512/684/527 548/717/559 549/720/562 513/652/497
f 499/660/505 535/769/560 536/721/563 500/661/506
f 527/671/516 563/722/564 562/719/561 526/667/512
f 513/652/497 549/720/562 550/723/565 514/766/498
f 500/661/506 536/721/563 537/724/566 501/668/513
f 528/767/520 564/725/567 563/722/564 527/671/516
f 514/766/498 550/723/565 534/714/556 497/664/509
f 501/668/513 537/724/566 538/726/568 502/672/517
f 529/681/524 565/691/534 564/725/567 528/767/520
f 516/689/532 551/693/536 552/702/545 515/665/510
f 502/676/517 538/727/568 539/694/537 503/677/521
f 488/747/50 484/741/574 1479/770/588 1474/771/50
f 569/772/589 571/773/590 575/774/591 573/775/592
f 484/741/574 482/740/573 1478/776/593 1479/770/588
f 487/744/577 488/743/594 1474/777/595 1475/778/596
f 1480/779/597 1477/780/598 569/772/589 570/781/599
f 570/781/599 569/772/589 573/775/592 574/782/600
f 572/783/50 570/781/599 574/782/600 576/784/50
f 571/773/590 572/785/601 576/786/370 575/774/591
f 579/738/602 580/787/603 578/788/604 577/739/602
f 582/742/605 581/745/605 583/789/605 584/743/605
f 578/788/604 583/789/606 581/745/607 577/739/608
f 577/739/608 581/745/607 582/746/609 579/738/609
f 579/738/609 582/746/609 584/747/50 580/787/603
f 578/788/604 1485/790/610 1484/791/611 583/789/606
f 585/792/612 573/775/592 575/774/591 587/793/613
f 580/787/603 1488/794/614 1485/790/610 578/788/604
f 583/789/606 1484/791/611 1481/795/615 584/743/616
f 1487/796/617 586/797/618 585/792/612 1486/798/619
f 586/797/618 574/782/600 573/775/592 585/792/612
f 588/783/50 576/784/50 574/782/600 586/797/618
f 587/793/613 575/774/591 576/786/370 588/785/620
f 605/799/621 594/800/622 601/801/623 608/802/624
f 598/803/625 602/804/626 604/805/627 599/806/628
f 589/807/629 592/808/630 595/809/631 593/810/632
f 594/800/622 596/811/633 603/812/634 601/801/623
f 596/811/633 606/813/635 607/814/636 603/812/634
f 605/815/621 606/813/635 592/808/630 589/807/629
f 589/807/629 593/810/632 594/816/622 605/815/621
f 593/810/632 595/809/631 596/811/633 594/816/622
f 595/809/631 592/808/630 606/813/635 596/811/633
f 598/803/625 599/806/628 607/814/636 608/817/624
f 608/817/624 601/818/623 602/804/626 598/803/625
f 601/818/623 603/812/634 604/805/627 602/804/626
f 603/812/634 607/814/636 599/806/628 604/805/627
f 591/819/637 590/820/637 597/821/637 600/822/637
f 590/823/637 591/824/637 606/813/635 605/825/621
f 600/826/637 597/827/637 608/828/624 607/814/636
f 591/824/637 600/826/637 607/814/636 606/813/635
f 597/827/637 590/823/637 605/825/621 608/828/624
f 611/829/638 612/830/639 616/831/640 613/832/641
f 609/833/642 611/829/638 613/832/641 614/834/643
f 610/835/644 609/833/642 614/834/643 615/836/645
f 612/837/639 610/835/644 615/836/645 616/838/640
f 1514/839/646 1511/840/647 621/841/648 119/842/113
f 1517/843/649 1523/172/170 622/171/169 181/844/650
f 1204/845/651 1205/846/172 619/847/171 222/848/652
f 1211/849/653 1237/850/654 621/851/648 181/844/650
f 177/226/216 618/852/286 627/853/285 180/227/217
f 669/854/655 213/855/656 214/292/266 670/291/265
f 1236/856/657 1211/849/653 181/844/650 622/171/169
f 1203/857/658 1204/845/651 222/848/652 620/858/659
f 1511/859/647 1517/843/649 181/844/650 621/851/648
f 260/860/660 625/861/661 179/862/662 149/863/663
f 620/864/659 222/865/664 642/866/665 652/867/666
f 222/865/664 619/868/667 653/869/668 642/866/665
f 125/749/580 489/261/244 651/870/173 632/871/173
f 129/872/669 633/873/670 650/874/671 235/875/672
f 229/876/673 230/877/674 649/878/675 648/879/676
f 226/880/677 223/881/678 646/882/679 647/883/680
f 235/875/672 650/874/671 649/878/675 230/877/674
f 1362/884/681 728/885/682 781/886/683 229/887/684
f 229/876/673 648/879/676 1368/888/685 1362/889/681
f 226/880/677 647/883/680 634/890/686 131/891/687
f 1242/358/173 162/357/173 645/892/173 1266/893/173
f 155/266/257 159/266/260 644/894/688 643/894/689
f 489/261/244 155/260/243 643/895/173 651/870/173
f 145/896/690 641/897/691 653/869/668 619/868/667
f 143/898/692 640/899/693 641/897/691 145/896/690
f 141/900/694 639/901/695 640/899/693 143/898/692
f 139/902/696 638/903/697 639/901/695 141/900/694
f 137/904/698 637/905/699 638/903/697 139/902/696
f 1384/906/131 1388/907/700 637/905/699 137/904/698
f 1357/908/701 1360/909/702 636/910/703 135/911/704
f 131/891/687 634/890/686 635/912/705 133/913/706
f 123/914/707 631/915/708 633/873/670 129/872/669
f 125/916/709 632/917/710 629/918/711 122/919/712
f 127/920/713 630/921/714 631/915/708 123/914/707
f 122/919/712 629/918/711 630/921/714 127/920/713
f 657/922/354 656/923/294 654/924/298 655/925/351
f 1389/926/273 1390/927/291 656/923/294 657/922/354
f 661/928/284 660/929/302 658/930/304 659/931/276
f 663/932/269 662/933/300 660/929/302 661/928/284
f 665/934/272 664/935/296 662/933/300 663/932/269
f 667/936/282 666/937/268 664/935/296 665/934/272
f 670/938/265 668/939/715 669/940/655
f 666/937/268 667/936/282 668/939/715 670/938/265
f 617/290/264 147/289/263 178/304/278 177/303/277
f 1477/780/598 1476/941/716 571/773/590 569/772/589
f 482/740/573 487/744/577 1475/778/596 1478/776/593
f 1482/942/50 588/783/50 586/797/618 1487/796/617
f 1476/941/716 1473/943/717 572/785/601 571/773/590
f 1486/798/619 585/792/612 587/793/613 1483/944/718
f 1483/944/718 587/793/613 588/785/620 1482/945/719
f 584/747/50 1481/946/50 1488/794/614 580/787/603
f 618/306/280 671/305/279 668/947/715 667/948/282
f 1264/949/720 1255/950/721 626/951/722 259/952/722
f 668/953/715 671/954/723 178/955/724 669/956/655
f 178/955/724 147/957/725 213/958/726 669/956/655
f 1506/959/727 1524/960/728 626/961/729 205/962/730
f 625/963/731 205/962/730 626/961/729
f 189/964/732 215/389/352 655/388/351
f 832/965/50 833/966/733 834/967/734 835/968/735
f 839/969/736 736/970/737 135/971/704 791/972/738
f 914/973/739 895/974/740 898/975/741 911/976/742
f 706/977/743 782/978/744 755/979/745 699/980/746
f 131/981/687 133/982/706 825/983/747 822/984/748
f 886/985/50 889/986/50 891/987/749 890/988/50
f 708/989/750 786/990/751 752/991/752 696/992/753
f 779/993/754 748/994/755 738/995/756 778/996/757
f 737/997/758 778/996/757 916/998/759 910/999/760
f 802/1000/761 743/1001/762 757/1002/763 800/1003/50
f 802/1000/761 800/1003/50 801/1004/50 803/1005/764
f 700/1006/765 727/1007/766 717/1008/767 684/1009/768
f 832/965/50 814/1010/769 797/1011/770 833/966/733
f 223/881/678 1363/1012/771 1369/1013/772 646/882/679
f 795/1014/773 794/1015/774 749/1016/775 762/1017/776
f 759/1018/777 760/1019/778 750/1020/779 787/1021/780
f 767/1022/50 710/1023/50 852/1024/781 845/1025/782
f 823/1026/783 839/969/736 763/1027/784 765/1028/785
f 788/1029/786 818/1030/787 819/1031/788 795/1014/773
f 767/1022/50 845/1025/782 843/1032/789 766/1033/790
f 701/1034/791 743/1001/762 802/1000/761 725/1035/792
f 832/965/50 801/1004/50 722/1036/793 814/1010/769
f 799/1037/50 798/1038/794 848/1039/795 850/1040/796
f 818/1030/787 716/1041/797 726/1042/798 819/1031/788
f 685/1043/799 719/1044/800 727/1007/766 700/1006/765
f 702/1045/801 682/1046/802 713/1047/803 723/1048/804
f 814/1010/769 722/1036/793 712/1049/805 815/1050/806
f 831/129/127 858/1051/807 859/1052/808 771/1053/809
f 743/1001/762 783/1054/810 785/1055/811 757/1002/763
f 756/1056/812 837/1057/813 827/1058/814 744/1059/815
f 777/1060/816 693/1061/817 676/1062/818
f 916/998/759 778/996/757 738/995/756 883/1063/819
f 896/1064/820 915/1065/821 912/1066/822 964/1067/823
f 889/1068/824 919/1068/825 922/1069/826 891/1070/827
f 829/1071/828 1189/1072/829 912/1066/822 915/1065/821
f 223/1073/678 226/1074/677 790/1075/830 742/1076/831
f 779/993/754 761/1077/832 740/1078/833 748/994/755
f 699/980/746 685/1043/799 700/1006/765 706/977/743
f 676/1062/818 769/1079/834 761/1077/832 779/993/754
f 1185/1080/835 693/1061/817 777/1060/816 1190/1081/836
f 827/1058/814 837/1057/813 829/1071/828 828/1082/837
f 701/1034/791 707/1083/838 783/1054/810 743/1001/762
f 216/390/839 215/389/840 824/1084/841 840/1085/842
f 824/1084/841 215/389/840 786/990/751
f 836/1086/843 741/1087/844 842/1088/50 681/1089/845 865/1090/846
f 795/1014/773 819/1031/788 820/1091/847 794/1015/774
f 702/1045/801 708/989/750 696/992/753 682/1046/802
f 809/1092/50 805/1093/50 806/1094/50 810/1095/50
f 811/1096/50 807/1097/848 808/1098/848 812/1099/50
f 757/1002/763 785/1055/811 708/989/750 702/1045/801
f 711/1100/849 703/1101/50 846/1102/850 849/1103/851
f 801/1004/50 832/965/50 835/968/735 803/1005/764
f 725/1035/792 802/1000/761 803/1005/764 724/1104/852
f 719/1044/800 718/1105/853 726/1042/798 727/1007/766
f 792/1106/854 711/1107/855 797/1011/770
f 698/1108/856 754/1109/857 789/1110/858 675/1111/859
f 1188/1112/50 811/1096/50 812/1099/50 1187/1113/50
f 729/1114/50 809/1092/50 810/1095/50 730/1115/50
f 729/1114/50 730/1115/50 731/1116/50 732/1117/50
f 807/1097/848 721/1118/860 720/1119/861 808/1098/848
f 805/1093/50 717/1008/767 716/1041/797 806/1094/50
f 821/1120/862 813/1121/863 728/885/682 721/1118/860
f 920/1122/864 715/1123/865 714/1124/866 906/1125/867
f 800/1003/50 723/1048/804 722/1036/793 801/1004/50
f 761/1077/832 762/1017/776 749/1016/775 740/1078/833
f 675/1111/859 789/1110/858 823/1026/783 765/1028/785
f 1361/1126/868 673/1127/869 689/1128/870 1350/1129/871
f 905/1130/872 709/1131/873 683/1132/874 877/1133/875
f 806/1134/876 1032/1134/877 1040/1135/878 810/1136/879
f 841/1137/880 855/1138/881 847/1139/882 768/1140/883
f 764/1141/884 736/970/737 839/969/736 823/1026/783
f 793/1142/885 762/1017/776 761/1077/832 769/1079/834
f 706/977/743 700/1006/765 684/1009/768 677/1143/886
f 830/128/126 773/1144/887 858/1051/807 831/129/127
f 921/1145/888 735/1146/889 715/1123/865 920/1122/864
f 785/1055/811 824/1084/841 786/990/751 708/989/750
f 799/1147/890 834/967/734 833/966/733 798/1148/891
f 932/1149/892 753/1150/893 735/1146/889 921/1145/888
f 909/1151/894 776/1152/895 737/997/758 910/999/760
f 117/1153/289 116/1154/288 1268/1155/896 1267/1156/897
f 898/975/741 895/974/740 969/1157/898 973/1158/899
f 731/1159/900 730/1160/901 1041/1161/901 1037/1162/900
f 809/1163/902 1039/1164/902 1030/1165/903 805/1166/904
f 821/1167/905 721/1168/906 1034/1169/907 1046/1170/908
f 823/1026/783 789/1110/858 1361/1126/868 764/1141/884
f 677/1143/886 791/972/738 782/978/744 706/977/743
f 742/1076/831 790/1075/830 679/1171/909 686/1172/910
f 892/1173/234 903/1174/911 771/1053/809 191/1175/235
f 830/128/126 885/127/125 904/1176/912 774/1177/913
f 781/886/683 838/1178/914 826/1179/915 780/1180/916
f 791/972/738 135/971/704 690/1181/917 782/978/744
f 819/1031/788 726/1042/798 718/1105/853 820/1091/847
f 1190/1081/836 1189/1072/829 829/1071/828 837/1057/813
f 812/1182/918 808/1183/919 1035/1184/919 1043/1185/920
f 822/984/748 825/983/747 758/1186/921 745/1187/922
f 911/976/742 913/1188/923 780/1180/916 826/1179/915
f 914/973/739 828/1082/837 829/1071/828 915/1065/821
f 771/1053/809 903/1174/911 887/126/124 831/129/127
f 774/1177/913 705/1189/924 773/1190/887 830/128/126
f 859/1052/808 860/1191/925 191/1175/235 771/1053/809
f 796/1192/926 816/1193/927 835/968/735 834/967/734
f 804/1194/928 742/1076/831 686/1172/910 720/1119/861
f 763/1195/929 677/1196/930 1021/1197/931 1020/1198/932
f 1186/1199/933 698/1200/934 1028/1201/934 1193/1202/933
f 744/1203/935 678/1204/936 1014/1205/937 1013/1206/938
f 787/1207/939 750/1208/940 1016/1209/941 1026/1210/939
f 676/1211/942 693/1212/943 1022/1213/943 1017/1214/944
f 756/1215/945 744/1203/935 1013/1206/938 1018/1216/946
f 788/1217/947 793/1218/948 1029/1218/949 1027/1219/950
f 684/1220/951 717/1221/952 1031/1222/953 1025/1223/951
f 721/1168/906 807/1224/954 1033/1225/955 1034/1169/907
f 1188/1226/956 1195/1227/956 1042/1228/957 811/1229/958
f 800/1003/50 757/1002/763 702/1045/801 723/1048/804
f 1393/1230/959 1391/1231/960 753/1150/893 932/1149/892
f 906/1125/867 714/1124/866 709/1131/873 905/1130/872
f 841/1232/961 768/1233/962 739/1234/963 680/1235/964
f 750/1208/940 821/1167/905 1046/1170/908 1016/1209/941
f 798/1148/891 833/966/733 797/1011/770 711/1107/855
f 836/1086/843 861/1236/965 688/1237/966 773/1238/967
f 710/1023/50 799/1037/50 850/1040/796 852/1024/781
f 703/1101/50 768/1140/883 847/1139/882 846/1102/850
f 902/1239/968 877/1240/875 683/1241/874 672/1242/969
f 768/1233/962 703/1243/970 691/1244/971 739/1234/963
f 798/1038/794 711/1100/849 849/1103/851 848/1039/795
f 694/1245/972 766/1033/790 843/1032/789 844/1246/973
f 694/1245/972 844/1246/973 853/1247/974 741/1087/844
f 781/886/683 692/1248/975 678/1249/976 838/1178/914
f 692/1248/975 759/1018/777 787/1021/780 678/1249/976
f 675/1250/977 765/1251/978 1023/1252/978 1048/1253/979
f 793/1218/948 769/1254/980 1024/1255/981 1029/1218/949
f 809/1163/902 729/1256/982 1036/1257/982 1039/1164/902
f 777/1060/816 676/1062/818 737/997/758 776/1152/895
f 679/1258/983 745/1259/984 1015/1260/985 1047/1261/983
f 717/1221/952 805/1166/904 1030/1165/903 1031/1222/953
f 1185/1262/986 756/1215/945 1018/1216/946 1192/1263/987
f 716/1264/988 818/1265/989 1044/1266/989 1045/1267/990
f 788/1217/947 1027/1219/950 1044/1266/989 818/1265/989
f 686/1268/991 679/1258/983 1047/1261/983 1012/1269/992
f 811/1229/958 1042/1228/957 1033/1225/955 807/1224/954
f 677/1196/930 684/1220/951 1025/1223/951 1021/1197/931
f 843/1032/789 845/1025/782 871/1025/993 869/1032/994
f 729/1256/982 732/1270/995 1038/1271/996 1036/1257/982
f 808/1183/919 720/1272/997 1049/1273/998 1035/1184/919
f 769/1254/980 676/1211/942 1017/1214/944 1024/1255/981
f 698/1200/934 675/1250/977 1048/1253/979 1028/1201/934
f 1514/839/646 1558/1274/999 1203/1275/658 620/1276/659
f 710/1277/1000 796/1192/926 834/967/734 799/1147/890
f 797/1011/770 814/1010/769 815/1050/806 792/1106/854
f 816/1193/927 724/1104/852 803/1005/764 835/968/735
f 686/1268/991 1012/1269/992 1049/1273/998 720/1272/997
f 678/1204/936 787/1207/939 1026/1210/939 1014/1205/937
f 806/1134/876 716/1264/988 1045/1267/990 1032/1134/877
f 765/1251/978 763/1195/929 1020/1198/932 1023/1252/978
f 730/1160/901 810/1136/879 1040/1135/878 1041/1161/901
f 783/1054/810 840/1085/842 824/1084/841 785/1055/811
f 705/1278/50 775/1279/50 836/1086/843 773/1238/967
f 775/1279/50 694/1245/972 741/1087/844 836/1086/843
f 1187/1280/1001 1194/1281/1001 1038/1271/996 732/1270/995
f 745/1259/984 758/1282/1002 1019/1283/1003 1015/1260/985
f 1191/1284/1004 754/1109/857 698/1108/856 1186/1285/1005
f 782/978/744 690/1181/917 674/1286/1006 755/979/745
f 763/1027/784 839/969/736 791/972/738 677/1143/886
f 965/1287/1007 673/1127/869 754/1109/857 1191/1284/1004
f 697/1288/1008 672/1242/969 1204/845/651 1543/1289/1009
f 707/1083/838 784/1290/1010 840/1085/842 783/1054/810
f 784/1290/1010 687/1291/1011 216/390/839 840/1085/842
f 786/990/751 215/389/840 189/964/732 752/991/752
f 218/309/283 921/1145/888 920/1122/864 219/296/270
f 853/1247/974 872/1247/1012 882/1292/1013 856/1292/1014
f 857/1293/1015 856/1292/1014 855/1138/881 841/1137/880
f 704/1294/1016 864/1295/1017 860/1296/1018 859/1297/1019
f 881/1298/1020 902/1239/968 1542/1299/1021
f 751/1300/1022 866/1301/1023 857/1293/1015
f 688/1237/966 867/1302/1024 858/1303/1025 773/1238/967
f 862/1304/1026 751/1300/1022 857/1293/1015 841/1137/880
f 747/1305/1027 861/1236/965 836/1086/843 865/1090/846
f 770/1306/50 863/1307/1028 858/1303/1025 867/1302/1024
f 672/1242/969 683/1241/874 1205/846/172 1204/845/651
f 860/1296/1018 864/1295/1017 772/1308/1029 868/1309/1030
f 858/1303/1025 863/1307/1028 704/1294/1016 859/1297/1019
f 860/1296/1018 868/1309/1030 695/1310/1031 841/1137/880
f 857/1293/1015 866/1301/1023 681/1089/845 842/1088/50
f 850/1040/796 848/1039/795 874/1039/1032 876/1040/1033
f 853/1247/974 844/1246/973 870/1246/1034 872/1247/1012
f 846/1102/850 847/1139/882 879/1139/1035 873/1102/1036
f 871/1025/993 875/1103/1037 873/1102/1036 869/1032/994
f 845/1025/782 852/1024/781 878/1024/1038 871/1025/993
f 844/1246/973 843/1032/789 869/1032/994 870/1246/1034
f 1577/1311/1039 1553/1312/1040 1494/1313/1041 1550/1314/1042
f 870/1246/1034 879/1139/1035 880/1138/1043 872/1247/1012
f 870/1246/1034 869/1032/994 873/1102/1036 879/1139/1035
f 846/1102/850 873/1102/1036 875/1103/1037 849/1103/851
f 875/1103/1037 871/1025/993 878/1024/1038 874/1039/1032
f 876/1040/1033 874/1039/1032 878/1024/1038
f 872/1247/1012 880/1138/1043 882/1292/1013
f 628/228/218 180/227/217 902/1239/968 881/1298/1020
f 917/1315/1044 918/1316/1045 922/1069/826 919/1068/825
f 855/1138/881 856/1292/1014 882/1292/1013 880/1138/1043
f 848/1039/795 849/1103/851 875/1103/1037 874/1039/1032
f 852/1024/781 850/1040/796 876/1040/1033 878/1024/1038
f 854/1317/1046 1539/1318/1047 851/117/115 941/1319/1048
f 847/1139/882 855/1138/881 880/1138/1043 879/1139/1035
f 688/1320/966 861/1321/965 863/1322/1028 867/1323/1024
f 949/1324/1049 979/1325/1050 972/1326/1051 948/1327/1052
f 888/1328/1053 883/1063/819 904/1176/912 901/1329/1054
f 918/1316/1045 917/1315/1044 885/1315/1055 887/1330/1056
f 925/1331/1057 924/1332/1058 928/1333/1059 929/1334/587
f 884/1335/1060 888/1328/1053 901/1329/1054 899/1336/1061
f 885/1315/1055 917/1315/1044 919/1068/825 889/1068/824
f 893/1337/1062 908/1338/50 907/1339/1063 894/1340/1064
f 887/126/124 903/1174/911 907/1339/1063 891/987/749
f 916/998/759 883/1063/819 888/1328/1053 897/1341/1065
f 922/1069/826 918/1316/1045 887/1330/1056 891/1070/827
f 914/973/739 915/1065/821 896/1064/820 895/974/740
f 886/985/50 899/1336/1061 901/1329/1054 889/986/50
f 828/1082/837 914/973/739 911/976/742 826/1179/915
f 944/1342/1066 909/1151/894 910/999/760 960/1343/1067
f 904/1176/912 885/127/125 889/986/50 901/1329/1054
f 969/1157/898 895/974/740 896/1064/820 967/1344/1068
f 900/1345/1069 913/1188/923 911/976/742 898/975/741
f 892/1173/234 894/1340/1064 907/1339/1063 903/1174/911
f 746/1346/1070 1538/1347/1071 941/1319/1048 1196/1348/1072
f 907/1339/1063 908/1338/50 890/988/50 891/987/749
f 1340/1349/1073 267/410/368 1299/409/367 1316/1350/50
f 973/1158/899 961/1351/1074 900/1345/1069 898/975/741
f 219/296/270 920/1122/864 906/1125/867 220/297/1075
f 217/301/1076 932/1149/892 921/1145/888 218/309/283
f 963/1352/1077 944/1342/1066 960/1343/1067 970/1353/1078
f 220/297/1075 906/1125/867 905/1130/872 221/307/281
f 923/1354/1079 948/1327/1052 971/1355/1080 884/1335/1060
f 899/1336/1061 933/1356/1081 923/1354/1079 884/1335/1060
f 931/1357/1082 926/1358/1083 190/1359/1084 930/1360/1085
f 180/227/217 627/853/285 877/1240/875 902/1239/968
f 187/1361/364 268/402/363 947/1362/1086 1308/1363/1087
f 924/1332/1058 925/1331/1057 886/985/50 890/988/50
f 774/1177/913 904/1176/912 883/1063/819 738/995/756
f 927/1364/1088 923/1354/1079 933/1356/1081 239/1365/586
f 933/1356/1081 899/1336/1061 886/985/50 925/1331/1057
f 775/1366/1089 738/995/756 748/994/1090
f 221/307/281 905/1130/872 877/1133/875 627/311/285
f 1311/1367/1091 894/1368/1064 892/247/234 939/246/233
f 924/1332/1058 931/1357/1082 930/1360/1085 928/1333/1059
f 1387/300/1092 1393/1230/959 932/1149/892 217/301/1076
f 908/1338/50 893/1337/1062 926/1358/1083 931/1357/1082
f 186/411/222 120/1369/222 938/1370/222 733/408/222
f 1576/1371/1093 1541/1372/1094 1490/1373/1095 1546/1374/1096
f 933/1356/1081 925/1331/1057 929/1334/587 239/1365/586
f 1316/1350/50 1299/409/367 936/1375/358 1333/1376/50
f 679/1171/909 790/1075/830 822/984/748 745/1187/922
f 790/1075/830 226/1074/677 131/981/687 822/984/748
f 912/1066/822 909/1151/894 944/1342/1066 964/1067/823
f 955/1377/329 241/1378/330 954/1379/1097 951/1380/1098
f 838/1178/914 678/1249/976 744/1059/815 827/1058/814
f 727/1007/766 726/1042/798 716/1041/797 717/1008/767
f 962/1381/50 973/1158/899 969/1157/898 953/1382/1099
f 956/1383/1100 963/1352/1077 945/1384/1101 968/1385/1102
f 972/1326/1051 971/1355/1080 948/1327/1052
f 962/1381/50 954/1379/1097 942/1386/1103 946/1387/1104
f 999/1388/1105 1007/1389/1106 1005/1390/1107 987/1391/1108
f 183/1392/236 187/1361/364 1308/1363/1087 939/1393/1109
f 776/1152/895 909/1151/894 912/1066/822 1189/1072/829
f 998/1394/1110 1011/1395/1111 1007/1389/1106 999/1388/1105
f 967/1344/1068 896/1064/820 964/1067/823 956/1383/1100
f 127/1396/1112 123/1397/1113 961/1351/1074 946/1387/1104
f 948/1327/1052 923/1354/1079 927/1364/1088 949/1324/1049
f 970/1353/1078 960/1343/1067 897/1341/1065 971/1355/1080 966/1398/1114
f 971/1355/1080 897/1341/1065 888/1328/1053 884/1335/1060
f 985/1399/1115 995/1400/1116 1010/1401/1117 1008/1402/1118
f 954/1379/1097 241/1378/330 192/1403/579 942/1386/1103
f 973/1158/899 962/1381/50 946/1387/1104 961/1351/1074
f 122/1404/1119 127/1396/1112 946/1387/1104 942/1386/1103
f 964/1067/823 944/1342/1066 963/1352/1077 956/1383/1100
f 738/995/756 775/1366/1089 705/1189/924 774/1177/913
f 954/1379/1097 962/1381/50 953/1382/1099 951/1380/1098
f 125/1405/580 122/1404/1119 942/1386/1103 192/1403/579
f 952/1406/1120 955/1377/329 974/1407/1121 975/1408/1122
f 952/1406/1120 975/1408/1122 950/1409/1123
f 968/1385/1102 980/1410/1124 967/1344/1068 956/1383/1100
f 969/1157/898 967/1344/1068 980/1410/1124 981/1411/1125
f 969/1157/898 981/1411/1125 957/1412/1126 953/1382/1099
f 951/1380/1098 957/1412/1126 974/1407/1121 955/1377/329
f 951/1380/1098 953/1382/1099 957/1412/1126
f 943/1413/1127 978/1414/1128 958/1415/1129
f 970/1353/1078 977/1416/1130 945/1384/1101 963/1352/1077
f 970/1353/1078 966/1398/1114 976/1417/1131 977/1416/1130
f 949/1324/1049 958/1415/1129 978/1414/1128 979/1325/1050
f 971/1355/1080 972/1326/1051 976/1417/1131 966/1398/1114
f 985/1399/1115 1008/1402/1118 1009/1418/1132 988/1419/1133
f 984/1420/1134 986/1421/1135 982/1422/1135 983/1423/1136
f 991/1424/1137 983/1423/1138 982/1422/1138 990/1425/1139
f 996/1426/1140 984/1420/1134 983/1423/1136 991/1424/1137
f 997/1427/1141 1003/1428/1142 1004/1429/1143 989/1430/1144
f 1002/1431/1145 1000/1432/1146 990/1425/1139 993/1433/1147 992/1434/1148
f 994/1435/1149 989/1430/1144 1004/1429/1143 1006/1436/1150
f 986/1421/1135 993/1433/1147 990/1425/1139 982/1422/1135
f 988/1419/1133 1009/1418/1132 1011/1395/1111 998/1394/1110
f 994/1435/1149 1006/1436/1150 1010/1401/1117 995/1400/1116
f 996/1426/1140 991/1424/1137 1001/1437/1151 1003/1428/1142 997/1427/1141
f 992/1434/1148 987/1391/1108 1005/1390/1107 1002/1431/1145
f 1001/1437/1151 1000/1432/1146 1002/1431/1145 1003/1428/1142
f 1002/1431/1145 1005/1390/1107 1004/1429/1143 1003/1428/1142
f 1005/1390/1107 1007/1389/1106 1006/1436/1150 1004/1429/1143
f 1007/1389/1106 1011/1395/1111 1010/1401/1117 1006/1436/1150
f 1009/1418/1132 1008/1402/1118 1010/1401/1117 1011/1395/1111
f 991/1424/1137 990/1425/1139 1000/1432/1146 1001/1437/1151
f 713/1047/803 712/1049/805 722/1036/793 723/1048/804
f 788/1029/786 795/1014/773 762/1017/776 793/1142/885
f 1066/1438/1152 1109/1439/1153 1110/1440/1154 1054/1441/1155
f 191/1175/235 680/1235/964 1053/1442/1156 1058/1443/1157
f 1077/1444/1158 1108/1445/1159 1106/1446/1159 1100/1447/1160
f 691/1244/971 792/1106/854 1057/1448/1161 1055/1444/1162
f 712/1049/805 1062/1449/1163 1063/1450/1164 815/1050/806
f 815/1050/806 1063/1450/1164 1057/1448/1161 792/1106/854
f 739/1234/963 1059/1447/1165 1053/1442/1156 680/1235/964
f 682/1046/802 1060/1441/1166 1064/1451/1167 713/1047/803
f 1058/1443/1157 1053/1442/1156 1065/1452/1168 1070/1453/1169
f 1054/1441/1155 1110/1440/1154 1113/1454/1159 1050/1451/1170
f 1065/1452/1168 1076/1455/1171 1081/1456/1172 1070/1453/1169
f 691/1244/971 1055/1444/1162 1059/1447/1165 739/1234/963
f 696/992/753 1056/1438/1173 1060/1441/1166 682/1046/802
f 752/991/752 1056/1438/1173 696/992/753
f 713/1047/803 1064/1451/1167 1062/1449/1163 712/1049/805
f 1082/1457/1174 1115/1457/1175 1116/1455/1176 1076/1455/1171
f 1067/1458/176 1108/1458/176 1111/1459/176 1069/1459/176
f 1068/1439/1177 1109/1439/1153 1066/1438/1152 1056/1438/1173
f 1090/1460/176 1126/1460/176 1129/1461/176 1092/1461/176
f 1060/1441/1166 1054/1441/1155 1050/1451/1170 1064/1451/1167
f 1072/1462/176 1110/1462/176 1109/1463/1153 1068/1463/1177
f 1100/1447/1160 1106/1446/1159 1107/1452/1178 1089/1442/1179
f 1062/1449/1163 1105/1449/1180 1051/1450/1181 1063/1450/1164
f 1083/1464/1182 1119/1464/1183 1122/1465/1184 1087/1465/1185
f 1069/1466/50 1080/1467/1185 1078/1468/1185 1067/1445/50
f 1071/1446/50 1082/1457/1174 1076/1455/1171 1065/1452/1168
f 1074/1469/50 1086/1470/1185 1080/1467/1185 1069/1466/50
f 1075/1454/50 1087/1465/1185 1085/1471/1186 1073/1472/50
f 1076/1455/1171 1088/1473/1187 1093/1474/1188 1081/1456/1172
f 1073/1472/50 1085/1471/1186 1086/1470/1185 1074/1469/50
f 1067/1445/50 1078/1468/1185 1082/1457/1174 1071/1446/50
f 1072/1440/1189 1083/1464/1182 1087/1465/1185 1075/1454/50
f 1068/1439/1177 1079/1475/1190 1083/1464/1182 1072/1440/1189
f 1050/1451/1170 1113/1454/1159 1114/1472/1159 1105/1449/1180
f 1088/1473/1187 1458/1476/1191 1103/1477/1192 1093/1474/1188
f 1071/1478/176 1106/1478/176 1108/1458/176 1067/1458/176
f 1095/1479/176 1128/1479/176 1127/1480/1193 1091/1480/1194
f 1064/1451/1167 1050/1451/1170 1105/1449/1180 1062/1449/1163
f 1085/1471/1186 1123/1471/1184 1121/1470/1184 1086/1470/1185
f 1051/1450/1181 1112/1469/1159 1111/1466/1159 1052/1448/1195
f 1053/1442/1156 1089/1442/1179 1107/1452/1178 1065/1452/1168
f 1094/1481/176 1124/1481/176 1126/1460/176 1090/1460/176
f 1087/1465/1185 1122/1465/1184 1123/1471/1184 1085/1471/1186
f 1091/1482/1194 1061/1483/1196 1449/1484/1197 1102/1485/1198
f 1063/1450/1164 1051/1450/1181 1052/1448/1195 1057/1448/1161
f 1092/1486/1199 1455/1487/1199 1101/1488/1199 1090/1489/1199
f 1094/1490/1199 1457/1491/1199 1458/1476/1191 1088/1473/1187
f 1098/1492/1199 1456/1493/1199 1455/1487/1199 1092/1486/1199
f 1068/1439/1177 1096/1494/1200 1084/1495/1201 1079/1475/1190
f 1099/1496/1199 1454/1497/1199 1104/1498/1199 1097/1499/1199
f 1077/1444/1158 1052/1448/1195 1111/1466/1159 1108/1445/1159
f 1097/1499/1199 1104/1498/1199 1456/1493/1199 1098/1492/1199
f 1090/1489/1199 1101/1488/1199 1457/1491/1199 1094/1490/1199
f 1095/1500/1202 1453/1501/1203 1454/1497/1199 1099/1496/1199
f 1091/1482/1194 1102/1485/1198 1453/1501/1203 1095/1500/1202
f 1105/1449/1180 1114/1472/1159 1112/1469/1159 1051/1450/1181
f 1123/1471/1184 1132/1499/1204 1130/1492/1204 1121/1470/1184
f 1117/1468/1184 1126/1489/1204 1124/1490/1204 1115/1457/1175
f 1119/1464/1183 1128/1500/1205 1131/1496/1204 1122/1465/1184
f 1118/1475/1206 1127/1482/1193 1128/1500/1205 1119/1464/1183
f 1120/1467/1184 1129/1486/1204 1126/1489/1204 1117/1468/1184
f 1115/1457/1175 1124/1490/1204 1125/1473/1207 1116/1455/1176
f 1121/1470/1184 1130/1492/1204 1129/1486/1204 1120/1467/1184
f 1122/1465/1184 1131/1496/1204 1132/1499/1204 1123/1471/1184
f 1092/1461/176 1129/1461/176 1130/1502/176 1098/1502/176
f 1059/1447/1165 1100/1447/1160 1089/1442/1179 1053/1442/1156
f 1097/1503/176 1132/1503/176 1131/1504/176 1099/1504/176
f 1069/1459/176 1111/1459/176 1112/1505/176 1074/1505/176
f 1098/1502/176 1130/1502/176 1132/1503/176 1097/1503/176
f 1073/1506/176 1114/1506/176 1113/1507/176 1075/1507/176
f 1078/1468/1185 1117/1468/1184 1115/1457/1175 1082/1457/1174
f 1091/1482/1194 1127/1482/1193 1118/1475/1206 1079/1475/1190
f 1099/1504/176 1131/1504/176 1128/1479/176 1095/1479/176
f 1074/1505/176 1112/1505/176 1114/1506/176 1073/1506/176
f 1079/1475/1190 1118/1475/1206 1119/1464/1183 1083/1464/1182
f 1055/1444/1162 1077/1444/1158 1100/1447/1160 1059/1447/1165
f 1075/1507/176 1113/1507/176 1110/1462/176 1072/1462/176
f 1056/1438/1173 1066/1438/1152 1054/1441/1155 1060/1441/1166
f 1080/1467/1185 1120/1467/1184 1117/1468/1184 1078/1468/1185
f 1088/1508/1187 1125/1508/1207 1124/1481/176 1094/1481/176
f 1076/1455/1171 1116/1455/1176 1125/1473/1207 1088/1473/1187
f 1057/1448/1161 1052/1448/1195 1077/1444/1158 1055/1444/1162
f 1065/1509/1168 1107/1509/1178 1106/1478/176 1071/1478/176
f 1086/1470/1185 1121/1470/1184 1120/1467/1184 1080/1467/1185
f 1137/1510/1208 1135/1511/1209 1141/1511/176 1144/1510/176
f 1133/1512/1208 1134/1513/1209 1145/1513/176 1142/1512/176
f 1140/1514/1208 1138/1515/1210 1147/1515/1211 1148/1514/176
f 1135/1511/1209 1133/1512/1208 1142/1512/176 1141/1511/176
f 1139/1516/1208 1140/1514/1208 1148/1514/176 1146/1516/176
f 1136/1517/1212 1137/1510/1208 1144/1510/176 1143/1517/1213
f 1134/1513/1209 1139/1516/1208 1146/1516/176 1145/1513/176
f 1152/1518/1214 1162/1518/370 1159/1519/370 1149/1519/1215
f 1150/1520/1215 1160/1520/370 1163/1521/370 1153/1521/1215
f 1156/1522/1215 1157/1522/370 1158/1523/1216 1155/1523/1217
f 1149/1519/1215 1159/1519/370 1160/1520/370 1150/1520/1215
f 1154/1524/1215 1164/1524/370 1157/1522/370 1156/1522/1215
f 1151/1525/1218 1161/1525/1219 1162/1518/370 1152/1518/1214
f 1153/1521/1215 1163/1521/370 1164/1524/370 1154/1524/1215
f 1133/1512/1208 1150/1520/1215 1153/1521/1215 1134/1513/1209
f 1137/1510/1208 1152/1518/1214 1149/1519/1215 1135/1511/1209
f 1134/1513/1209 1153/1521/1215 1154/1524/1215 1139/1516/1208
f 1140/1514/1208 1156/1522/1215 1155/1523/1217 1138/1515/1210
f 1143/1517/1213 1161/1525/1219 1151/1525/1218 1136/1517/1212
f 1139/1516/1208 1154/1524/1215 1156/1522/1215 1140/1514/1208
f 1135/1511/1209 1149/1519/1215 1150/1520/1215 1133/1512/1208
f 1138/1515/1210 1155/1523/1217 1158/1523/1216 1147/1515/1211
f 1136/1517/1212 1151/1525/1218 1152/1518/1214 1137/1510/1208
f 1169/1526/1220 1167/1527/1221 1183/1527/1222 1180/1526/1223
f 1174/1528/1224 1177/1529/1225 1170/1529/1226 1173/1528/1227
f 1165/1530/1228 1166/1531/1229 1179/1531/176 1182/1530/1230
f 1178/1532/1231 1175/1533/1232 1172/1533/1233 1184/1532/370
f 1168/1534/1234 1169/1526/1220 1180/1526/1223 1181/1534/1235
f 1177/1529/1225 1176/1535/1236 1171/1535/1237 1170/1529/1226
f 1165/1530/1228 1175/1533/1232 1178/1532/1231 1166/1531/1229
f 1175/1533/1232 1174/1528/1224 1173/1528/1227 1172/1533/1233
f 1169/1526/1220 1177/1529/1225 1174/1528/1224 1167/1527/1221
f 1167/1527/1221 1174/1528/1224 1175/1533/1232 1165/1530/1228
f 1176/1535/1236 1168/1534/1234 1181/1534/1235 1171/1535/1237
f 1168/1534/1234 1176/1535/1236 1177/1529/1225 1169/1526/1220
f 1167/1527/1221 1165/1530/1228 1182/1530/1230 1183/1527/1222
f 737/997/758 676/1062/818 779/993/754 778/996/757
f 725/1035/792 724/1104/852 718/1105/1238 719/1044/1239
f 133/982/706 965/1287/1007 1191/1284/1004 825/983/747
f 825/983/747 1191/1284/1004 1186/1285/1005 758/1186/921
f 812/1182/918 1043/1185/920 1194/1281/1001 1187/1280/1001
f 693/1212/943 1185/1262/986 1192/1263/987 1022/1213/943
f 731/1159/900 1037/1162/900 1195/1227/956 1188/1226/956
f 758/1282/1002 1186/1199/933 1193/1202/933 1019/1283/1003
f 777/1060/816 776/1152/895 1189/1072/829 1190/1081/836
f 731/1116/50 1188/1112/50 1187/1113/50 732/1117/50
f 756/1056/812 1185/1080/835 1190/1081/836 837/1057/813
f 703/1243/970 711/1107/855 792/1106/854 691/1244/971
f 816/1193/927 796/1192/926 794/1015/1240 820/1091/1241
f 718/1105/1238 724/1104/852 816/1193/927 820/1091/1241
f 766/1536/1242 694/1537/1243 775/1366/1089 748/994/1090 740/1078/1244
f 796/1192/926 710/1277/1000 767/1538/1245 749/1016/1246 794/1015/1240
f 687/1291/1011 784/1290/1010 755/979/745 674/1286/1006
f 784/1290/1010 707/1083/838 699/980/746 755/979/745
f 767/1538/1245 766/1536/1242 740/1078/1244 749/1016/1246
f 191/1175/235 860/1191/925 841/1232/961 680/1235/964
f 707/1083/838 701/1034/791 685/1043/1247 699/980/746
f 701/1034/791 725/1035/792 719/1044/1239 685/1043/1247
f 1309/1539/366 936/1375/358 1299/409/367 733/408/366
f 230/1540/1248 229/887/684 781/886/683 780/1180/916
f 230/1540/1248 780/1180/916 913/1188/923 235/1541/1249
f 235/1541/1249 913/1188/923 900/1345/1069 129/1542/1250
f 129/1542/1250 900/1345/1069 961/1351/1074 123/1397/1113
f 759/1018/777 692/1248/975 813/1121/863 760/1019/778
f 692/1248/975 781/886/683 728/885/682 813/1121/863
f 224/346/318 1364/345/317 1371/1543/310 1229/1544/1251
f 827/1058/814 828/1082/837 826/1179/915 838/1178/914
f 910/999/760 916/998/759 897/1341/1065 960/1343/1067
f 709/1131/873 1202/131/129 1205/174/172 683/1132/874
f 1391/1231/960 1392/132/130 1198/118/116 753/1150/893
f 714/1124/866 1201/125/123 1202/131/129 709/1131/873
f 715/1123/865 1200/123/121 1201/125/123 714/1124/866
f 735/1146/889 1199/121/119 1200/123/121 715/1123/865
f 753/1150/893 1198/118/116 1199/121/119 735/1146/889
f 118/1545/219 746/1346/1070 1196/1348/1072 1240/1546/1252
f 1239/1547/350 118/1545/219 1240/1546/1252 734/1548/1253
f 159/266/173 1209/265/173 1238/1549/173 644/894/173
f 1278/134/132 1244/1550/1254 1211/849/653 1236/856/657
f 1244/1550/1254 1265/1551/211 1237/850/654 1211/849/653
f 126/753/173 490/178/173 1235/1552/1255 1218/1553/214
f 227/334/306 224/346/318 1229/1544/1251 1230/1554/1256
f 1285/1555/173 1263/1556/173 1234/362/173 1284/361/173
f 232/349/321 236/348/320 1233/1557/1257 1232/1558/1258
f 231/352/324 232/349/321 1232/1558/1258 1231/210/203
f 1365/1559/1259 231/352/324 1231/210/203 1370/209/202
f 236/348/320 130/146/144 1220/1560/1260 1233/1557/1257
f 1271/1561/1261 1259/1562/173 1228/277/173 1208/276/247
f 1327/1563/173 1258/1564/173 1227/272/173 1326/274/173
f 1258/1564/173 1257/1565/173 1226/268/173 1227/272/173
f 1257/1565/173 1256/1566/173 1225/269/173 1226/268/173
f 1292/264/173 1408/1567/173 1401/1568/173
f 128/140/138 121/139/137 1214/1569/1262 1215/1570/1263
f 490/178/173 156/177/174 1207/1571/1255 1235/1552/1255
f 119/842/113 621/841/648 1237/1572/654 1206/1573/1264
f 1385/157/155 136/154/152 1213/1574/1265 1394/1575/1266
f 1509/351/323 231/352/324 1365/1559/1259 1533/1576/1267
f 142/162/160 140/160/158 1219/1577/1268 1221/1578/1269
f 124/142/140 128/140/138 1215/1570/1263 1216/1579/1270
f 146/166/164 144/164/162 1222/1580/1271 1223/1581/1272
f 130/146/144 124/142/140 1216/1579/1270 1220/1560/1260
f 140/160/158 138/158/156 1217/1582/1273 1219/1577/1268
f 132/149/147 227/334/306 1230/1554/1256 1224/1583/1274
f 144/164/162 142/162/160 1221/1578/1269 1222/1580/1271
f 134/150/148 132/149/147 1224/1583/1274 1212/1584/1275
f 121/139/137 126/145/143 1218/1585/1276 1214/1569/1262
f 1519/181/173 1527/1586/173 1210/1587/173 158/182/173
f 156/182/178 158/182/178 1210/1587/1277 1207/1587/1277
f 622/171/169 146/166/164 1223/1581/1272 1236/856/657
f 199/1588/173 197/1589/173 1256/1566/173 1257/1565/173
f 201/1590/173 199/1588/173 1257/1565/173 1258/1564/173
f 1320/1591/173 201/1590/173 1258/1564/173 1327/1563/173
f 163/1592/1278 203/1593/173 1259/1562/173 1271/1561/1261
f 1281/1594/173 242/1595/173 1263/1556/173 1285/1555/173
f 148/1596/1279 624/1597/212 1265/1551/211 1244/1550/1254
f 623/137/135 148/1596/1279 1244/1550/1254 1278/134/132
f 1206/1598/1264 1270/1599/210 114/1600/1280 817/1601/1281
f 119/115/113 1206/1598/1264 817/1601/1281 1197/116/114
f 116/1154/288 1239/1547/350 734/1548/1253 1268/1155/896
f 149/863/663 179/862/662 1255/950/721 1264/949/720
f 1209/265/173 1242/358/173 1266/893/173 1238/1549/173
f 1218/1553/214 1235/1552/1255 1277/221/214 1274/750/581
f 149/313/287 1264/386/349 1239/387/350 116/314/288
f 155/260/243 1398/259/242 1399/263/246 1291/356/328
f 1230/1554/1256 1229/1544/1251 1260/337/309 1261/197/190
f 1232/1558/1258 1233/1557/1257 1276/335/307 1275/353/325
f 1231/210/203 1232/1558/1258 1275/353/325 1262/211/204
f 1233/1557/1257 1220/1560/1260 1250/203/196 1276/335/307
f 1215/1570/1263 1214/1569/1262 1273/185/179 1246/207/200
f 1235/1552/1255 1207/1571/1255 1241/222/214 1277/221/214
f 1206/1573/1264 1237/1572/654 1265/218/211 1270/217/210
f 1394/1575/1266 1213/1574/1265 1245/214/207 1395/213/206
f 1229/1544/1251 1371/1543/310 1373/338/310 1260/337/309
f 1221/1578/1269 1219/1577/1268 1249/199/192 1251/194/187
f 1216/1579/1270 1215/1570/1263 1246/207/200 1247/204/197
f 1223/1581/1272 1222/1580/1271 1252/193/186 1253/135/133
f 1220/1560/1260 1216/1579/1270 1247/204/197 1250/203/196
f 1219/1577/1268 1217/1582/1273 1248/200/193 1249/199/192
f 1224/1583/1274 1230/1554/1256 1261/197/190 1254/190/183
f 1222/1580/1271 1221/1578/1269 1251/194/187 1252/193/186
f 1212/1584/1275 1224/1583/1274 1254/190/183 1272/189/182
f 1214/1569/1262 1218/1585/1276 1274/186/180 1273/185/179
f 1527/1586/173 1528/183/173 1243/179/173 1210/1587/173
f 1207/1587/1277 1210/1587/1277 1243/179/175 1241/179/175
f 1236/856/657 1223/1581/1272 1253/135/133 1278/134/132
f 1270/1599/210 115/1602/213 1269/1603/1282 114/1600/1280
f 133/982/706 689/1128/870 673/1127/869 965/1287/1007
f 789/1110/858 754/1109/857 673/1127/869 1361/1126/868
f 1499/1604/149 134/1605/148 1354/1606/1283 1530/1607/1284
f 943/1413/1127 958/1415/1129 952/1406/1120 950/1409/1123
f 955/1377/329 952/1406/1120 958/1415/1129 949/1324/1049
f 196/758/173 1397/763/173 1279/1608/173 182/253/228
f 182/253/228 1279/1608/173 930/1609/1085 190/1610/1084
f 1225/269/173 1284/361/173 1280/364/173 198/270/173
f 1283/764/173 1282/759/584 1286/1611/1285 1396/765/173
f 240/1612/1286 1283/1613/1287 1280/364/1287 238/363/1288
f 240/1614/1289 493/760/585 1282/759/584 1283/764/173
f 197/1589/173 1281/1594/173 1285/1555/173 1256/1566/173
f 1286/1611/1285 1282/759/584 929/762/587 928/1615/1059
f 1256/1566/173 1285/1555/173 1284/361/173 1225/269/173
f 856/1292/1014 857/1293/1015 842/1088/50 741/1087/844 853/1247/974
f 1279/1608/173 1286/1611/1285 928/1615/1059 930/1609/1085
f 1396/765/173 1286/1611/1285 1279/1608/173 1397/763/173
f 239/761/586 493/760/585 1287/1616/1290 927/1617/1088
f 238/363/1288 1289/267/259 1291/286/258 240/1612/1286
f 493/760/585 240/1614/1289 935/1618/1291 1287/1616/1290
f 240/1614/1289 1291/356/328 1400/1619/1292 935/1618/1291
f 1234/362/173 1292/264/173 1289/267/173 238/363/173
f 949/1620/1049 1294/1621/1293 1290/355/327 955/365/329
f 242/1595/173 1288/360/173 1293/359/173 1263/1556/173
f 1294/1621/1293 1400/1619/1292 1291/356/328 1290/355/327
f 1287/1616/1290 935/1618/1291 1400/1619/1292 1294/1621/1293
f 927/1617/1088 1287/1616/1290 1294/1621/1293 949/1620/1049
f 185/235/365 265/398/359 1300/397/358 1296/232/366
f 1332/1622/50 1304/1623/367 1300/397/358 1331/396/50
f 182/1624/1294 190/1625/1084 926/1626/1083 1295/1627/1295
f 1306/1628/1296 1303/1629/1297 1297/236/223 1295/240/227
f 1303/1629/1297 1305/1630/224 1301/237/224 1297/236/223
f 1302/1631/222 1307/1632/222 1298/233/222 1296/232/222
f 1309/1539/222 1312/1633/222 1307/1632/222 1302/1631/222
f 934/1634/1298 937/1635/1299 1305/1630/224 1303/1629/1297
f 1311/1636/1296 934/1634/1298 1303/1629/1297 1306/1628/1296
f 1333/1376/50 936/1375/358 1304/1623/367 1332/1622/50
f 1296/232/366 1300/397/358 1304/1623/367 1302/1631/366
f 1295/1627/1295 926/1626/1083 893/1637/1062 1306/1638/1300
f 924/1332/1058 890/988/50 908/1338/50 931/1357/1082
f 939/1393/1109 1308/1363/1087 934/1634/1298 1311/1636/1296
f 1308/1363/1087 947/1362/1086 937/1635/1299 934/1634/1298
f 733/408/222 938/1370/222 1312/1633/222 1309/1539/222
f 1302/1631/366 1304/1623/367 936/1375/358 1309/1539/366
f 1306/1638/1300 893/1637/1062 894/1368/1064 1311/1367/1091
f 1103/1639/1192 120/1640/231 1315/1641/230 1093/1642/1188
f 1070/1643/1169 1313/1644/1301 940/1645/1302 1058/1646/1157
f 1093/1642/1188 1315/1641/230 1314/1647/1303 1081/1648/1172
f 1081/1648/1172 1314/1647/1303 1313/1644/1301 1070/1643/1169
f 1058/1646/1157 940/1645/1302 183/1649/236 191/1650/235
f 1313/1644/1301 1314/1647/1303 183/1649/236 940/1645/1302
f 937/1635/1299 1330/1651/50 1329/1652/50 1305/1630/224
f 1305/1630/224 1329/1652/50 1328/1653/50 1301/237/224
f 1337/1654/173 1320/1591/173 1327/1563/173 1342/1655/173
f 1342/1655/173 1327/1563/173 1326/274/173 1341/1656/173
f 947/1362/1086 1325/1657/50 1330/1651/50 937/1635/1299
f 268/402/363 1323/401/362 1325/1657/50 947/1362/1086
f 1334/404/173 1310/1658/173 1324/250/173 1317/755/173
f 188/756/226 266/1659/225 1322/1660/1304 1317/755/173
f 1335/242/229 1340/1349/1073 1323/401/362 1318/400/361
f 1301/237/224 1328/1653/50 1322/1661/1304 266/238/225
f 195/284/253 1319/1662/1305 1321/275/1305 202/273/253
f 1341/1656/173 1326/274/173 1321/275/173 1338/282/173
f 1310/1658/173 1336/1663/173 1319/251/173 1324/250/173
f 187/403/364 183/1664/236 1314/1665/1303 1318/400/361
f 495/257/240 194/256/239 1336/1663/173 1310/1658/173
f 1228/277/173 1341/1656/173 1338/282/173 204/278/173
f 186/245/232 267/410/368 1340/1349/1073 1335/242/229
f 185/407/583 495/257/240 1310/1658/173 1334/404/173
f 1259/1562/173 1342/1655/173 1341/1656/173 1228/277/173
f 203/1593/173 1337/1654/173 1342/1655/173 1259/1562/173
f 1330/1651/50 1333/1376/50 1332/1622/50 1329/1652/50
f 1329/1652/50 1332/1622/50 1331/396/50 1328/1653/50
f 1325/1657/50 1316/1350/50 1333/1376/50 1330/1651/50
f 1323/401/362 1340/1349/1073 1316/1350/50 1325/1657/50
f 1317/755/173 1322/1660/1304 1339/405/360 1334/404/173
f 1328/1653/50 1331/396/50 1339/399/360 1322/1661/1304
f 1319/1662/1305 1336/281/250 1338/282/250 1321/275/1305
f 1318/400/361 1314/1665/1303 1315/243/230 1335/242/229
f 1056/1438/1173 752/991/752 1096/1494/1200 1068/1439/1177
f 1079/1475/1190 1084/1495/1201 1061/1483/1196 1091/1482/1194
f 1061/1483/1196 1084/1495/1201 1096/1494/1200 752/991/752
f 752/991/752 189/964/732 1343/1666/1306 1061/1483/1196
f 1061/1483/1196 1343/1666/1306 1447/1667/1307 1449/1484/1197
f 1343/1666/1306 189/964/732 655/388/351 1344/1668/1308
f 1447/1667/1307 1343/1666/1306 1344/1668/1308 1345/1669/1309
f 1344/1670/1308 655/925/351 654/924/298 1346/1671/1310
f 1345/1672/1309 1344/1670/1308 1346/1671/1310 1347/1673/1311
f 1346/1674/1310 654/326/298 206/325/297 1348/1675/1312
f 1347/1676/1311 1346/1674/1310 1348/1675/1312 1349/1677/1313
f 867/1323/1024 863/1322/1028 770/1678/50
f 863/1322/1028 861/1321/965 704/1679/1016
f 704/1679/1016 861/1321/965 747/1680/1027 865/1681/846
f 865/1681/846 681/1682/845 866/1683/1023 772/1684/1029
f 866/1683/1023 751/1685/1022 862/1686/1026 695/1687/1031
f 695/1687/1031 868/1688/1030 772/1684/1029 866/1683/1023
f 772/1684/1029 864/1689/1017 704/1679/1016 865/1681/846
f 689/1690/870 1356/1691/1314 1353/1692/1315 1350/1693/871
f 1530/1607/1284 1354/1606/1283 1351/1694/1316 1529/1695/1317
f 133/1696/706 635/1697/705 1356/1691/1314 689/1690/870
f 1350/1693/871 1353/1692/1315 1360/909/702 1357/908/701
f 1529/1695/1317 1351/1694/1316 1358/153/151 1531/152/150
f 1361/1126/868 1350/1129/871 1357/1698/701 764/1141/884
f 135/971/704 736/970/737 764/1141/884 1357/1698/701
f 813/1121/863 821/1120/862 750/1020/779 760/1019/778
f 804/1194/928 720/1119/861 721/1118/860 728/885/682
f 1362/884/681 1363/1699/771 804/1194/928 728/885/682
f 1369/1013/772 1363/1012/771 1362/889/681 1368/888/685
f 1371/1543/310 1364/345/317 1365/1559/1259 1370/209/202
f 1532/344/316 1369/1013/772 1368/888/685 1533/1576/1267
f 1373/338/310 1371/1543/310 1370/209/202 1372/212/205
f 1366/339/311 1373/338/310 1372/212/205 1367/342/314
f 804/1194/928 1363/1699/771 223/1073/678 742/1076/831
f 171/1700/208 1359/1701/1318 1378/1702/1319 1375/1703/209
f 1359/1701/1318 1352/1704/1320 1376/1705/1321 1378/1702/1319
f 1352/1704/1320 1355/1706/1322 1377/1707/1323 1376/1705/1321
f 1355/1706/1322 170/1708/185 1374/1709/1324 1377/1707/1323
f 1375/1703/209 1378/1702/1319 1383/1710/1325 1380/1711/1326
f 1378/1702/1319 1376/1705/1321 1381/1712/1327 1383/1710/1325
f 1376/1705/1321 1377/1707/1323 1382/1713/1328 1381/1712/1327
f 1377/1707/1323 1374/1709/1324 1379/1714/1329 1382/1713/1328
f 1217/1582/1273 1394/1575/1266 1395/213/206 1248/200/193
f 138/158/156 1385/157/155 1394/1575/1266 1217/1582/1273
f 674/1286/1006 690/1181/917 1392/132/130 1391/1231/960
f 216/390/839 687/1291/1011 1393/1230/959 1387/300/1092
f 687/1291/1011 674/1286/1006 1391/1231/960 1393/1230/959
f 659/931/276 658/930/304 1390/927/291 1389/926/273
f 135/911/704 636/910/703 1388/907/700 1384/906/131
f 658/332/304 208/331/303 1386/318/292 1390/317/291
f 657/391/354 216/390/353 1387/300/274 1389/299/273
f 1248/200/193 1395/213/206 1375/216/209 172/201/194
f 1500/155/153 136/154/152 1385/157/155 1534/156/154
f 690/1181/917 135/971/704 1384/133/131 1392/132/130
f 1375/216/209 1380/1715/1326 172/201/194
f 169/1716/184 1379/1714/1329 1374/1709/1324 170/1708/185
f 114/1600/1280 1269/1603/1282 1267/1156/897 1268/1155/896
f 734/1717/1253 1240/1718/1252 1467/1718/1330 1469/1719/1331
f 851/1720/115 1197/1721/114 1471/1721/1332 1472/1720/1333
f 114/1722/1280 1268/1723/896 1470/1724/1334 1465/1722/1335
f 1283/1613/1287 196/285/255 198/270/256 1280/364/1287
f 1409/1725/173 1405/1726/1336 1401/1727/1337 1408/1728/1338
f 1293/359/173 1407/1729/173 1404/1730/173
f 1209/265/173 1292/264/173 1401/1568/173 1405/1731/173
f 1242/358/173 1406/1732/173 1403/1733/173
f 1407/1734/1339 1409/1725/173 1408/1728/1338 1404/1735/1340
f 1403/1736/1341 1406/1737/1342 1409/1725/173 1407/1734/1339
f 1406/1737/1342 1402/1738/1343 1405/1726/1336 1409/1725/173
f 841/1137/880 695/1310/1031 862/1304/1026
f 1406/1732/173 1242/358/173 1209/265/173 1402/1739/173
f 1407/1729/173 1293/359/173 1242/358/173 1403/1733/173
f 1408/1567/173 1292/264/173 1293/359/173 1404/1730/173
f 1405/1731/173 1402/1739/173 1209/265/173
f 1418/1725/173 1414/1740/1336 1410/1727/1337 1417/1728/1338
f 1416/1741/1339 1418/1725/173 1417/1728/1338 1413/1735/1340
f 1412/1742/1341 1415/1737/1342 1418/1725/173 1416/1741/1339
f 1415/1737/1342 1411/1738/1343 1414/1740/1336 1418/1725/173
f 1412/1743/173 1293/359/173 1415/1744/173
f 1411/1745/173 1292/264/173 1414/1746/173
f 1234/362/173 1417/1747/173 1410/1748/173
f 1263/1556/173 1416/1749/173 1413/1750/173
f 1263/1556/173 1293/359/173 1412/1743/173 1416/1749/173
f 1293/359/173 1292/264/173 1411/1745/173 1415/1744/173
f 1292/264/173 1234/362/173 1410/1748/173 1414/1746/173
f 1263/1556/173 1413/1750/173 1417/1747/173 1234/362/173
f 1421/1751/1344 1422/1752/1345 1423/494/418
f 1426/498/422 1427/495/419 1428/1753/1346
f 1430/1754/1347 1431/497/421 1422/1755/1348
f 1433/1756/424 1428/1757/1349 1434/496/420
f 1419/1758/1350 1422/1752/1345 1421/1751/1344 1420/1759/1350
f 1424/499/1351 1426/498/422 1428/1753/1346 1425/1760/1351
f 1427/495/419 1423/494/418 1422/1752/1345 1428/1753/1346
f 1429/1761/1352 1430/1754/1347 1422/1755/1348 1419/1762/1352
f 1425/1763/1353 1428/1757/1349 1433/1756/424 1432/1764/1353
f 1428/1757/1349 1422/1755/1348 1431/497/421 1434/496/420
f 1426/498/422 1433/1756/424 1434/496/420 1427/495/419
f 1430/1754/1347 1421/1751/1344 1423/494/418 1431/497/421
f 1420/1759/1354 1421/1751/1344 1430/1765/1347 1429/1766/1354
f 1464/1767/50 1440/1768/50 1439/1769/50 1463/1770/50
f 1436/1771/50 1435/435/50 1437/1772/50 1438/1773/50
f 153/426/1355 152/429/1355 1436/429/1355 1438/1774/1355
f 1462/1775/1355 271/1776/1356 1440/1776/1357 1464/1775/1355
f 271/436/1356 272/432/1358 1439/432/1359 1440/436/1357
f 150/416/378 151/417/371 1437/1772/373 1435/435/378
f 1101/1777/1360 1104/1778/370 1448/1779/370 1444/1780/370
f 1347/1781/370 1349/1782/370 1445/1783/370 1102/1784/370
f 120/1785/1361 1103/1786/1362 1446/1787/1363 1441/1788/1364
f 1101/1777/1360 1444/1780/370 1446/1787/1363 1103/1786/1362
f 1102/1784/370 1445/1783/370 1448/1779/370 1104/1778/370
f 154/1789/238 496/1790/237 1442/1791/370
f 1298/1792/370 1307/1793/370 1451/1794/370 1450/1795/370
f 1307/1793/370 1312/1796/370 1452/1797/370 1451/1794/370
f 496/1790/237 184/1798/582 1442/1791/370
f 184/1798/582 1298/1792/370 1450/1795/370 1442/1791/370
f 1455/1799/1365 1456/1800/1365 1104/1778/1365 1101/1777/1365
f 1449/1801/370 1447/1802/370 1347/1781/370 1102/1784/370
f 1102/1784/370 1104/1778/370 1454/1803/370 1453/1804/370
f 938/1805/370 120/1785/1361 1441/1788/1364 1443/1806/370
f 160/1807/248 154/1789/238 1442/1791/370 1208/1808/247
f 1312/1796/370 938/1805/370 1443/1806/370 1452/1797/370
f 1208/1808/247 1442/1791/370 163/1809/1278 1271/1810/1261
f 1347/1781/370 1447/1802/370 1345/1811/370
f 1458/1812/370 1457/1813/370 1101/1777/1360 1103/1786/1362
f 152/429/1355 1462/1775/1355 1464/1775/1355 1436/429/1355
f 1436/1771/50 1464/1767/50 1463/1770/50 1435/435/50
f 272/432/1358 1459/431/377 1463/431/379 1439/432/1359
f 150/416/1366 1459/431/374 1460/434/374 275/414/1366
f 276/1814/370 1461/422/370 1462/425/370 152/1815/370
f 275/414/369 1460/418/369 1461/421/369 276/415/369
f 1465/1816/1335 1470/1817/1334 1469/1818/1331 1466/1819/1367
f 1467/1820/1330 1471/1821/1332 1466/1819/1367 1469/1818/1331
f 1467/1820/1330 1468/1822/1368 1472/1823/1333 1471/1821/1332
f 1196/430/1072 851/430/115 1472/430/1333 1468/430/1368
f 817/1824/1281 114/1722/1280 1465/1722/1335 1466/1824/1367
f 1240/1718/1252 1196/1825/1072 1468/1826/1368 1467/1718/1330
f 1197/1721/114 817/1824/1281 1466/1824/1367 1471/1721/1332
f 1268/1723/896 734/1717/1253 1469/1719/1331 1470/1724/1334
f 1476/941/716 1477/780/598 1478/776/593 1475/778/596
f 1480/779/597 1473/1827/50 1474/771/50 1479/770/588
f 1477/780/598 1480/779/597 1479/770/588 1478/776/593
f 1473/943/717 1476/941/716 1475/778/596 1474/777/595
f 1484/791/611 1485/790/610 1486/798/619 1483/944/718
f 1488/794/614 1481/946/50 1482/942/50 1487/796/617
f 1485/790/610 1488/794/614 1487/796/617 1486/798/619
f 1481/795/615 1484/791/611 1483/944/718 1482/945/719
f 1473/1827/50 1480/779/597 570/781/599 572/783/50
f 1575/1828/1369 1560/1829/1370 1493/1830/1371 1550/1831/1372
f 1574/1832/1373 1559/1833/1374 1492/1834/1375 1549/1835/1376
f 1573/1836/1377 1555/1837/1378 1492/1838/1379 1559/1839/1380
f 1572/1840/1381 1554/1841/1382 1493/1842/1383 1549/1843/1384
f 1571/1844/1385 1556/1845/1386 1489/1846/1387 1545/1847/1388
f 1570/1848/1389 1552/1849/1390 1491/1850/1391 1551/1851/1392
f 1569/1852/1393 1562/1853/1394 1537/1854/1395 1561/1855/1396
f 1568/1856/1397 1563/1857/1398 1535/1858/1399 1547/1859/1400
f 1567/1860/1401 1547/1861/1402 1535/1862/1403 1564/1863/1404
f 1566/1864/1405 1548/1865/1406 1536/1866/1407 1565/1867/1408
f 636/910/703 1500/155/153 1534/156/154 1388/907/700
f 1364/345/317 1532/344/316 1533/1576/1267 1365/1559/1259
f 1353/1692/1315 1529/1695/1317 1531/152/150 1360/909/702
f 1356/1691/1314 1530/1607/1284 1529/1695/1317 1353/1692/1315
f 635/1697/705 1499/1604/149 1530/1607/1284 1356/1691/1314
f 1238/1549/173 1266/893/173 1528/183/173 1527/1586/173
f 644/894/173 1238/1549/173 1527/1586/173 1519/181/173
f 648/879/676 1509/351/323 1533/1576/1267 1368/888/685
f 119/842/113 959/1868/112 1544/1869/1409 1514/839/646
f 213/958/726 147/957/725 1524/960/728 1506/959/727
f 652/867/666 642/866/665 1517/843/649 1511/859/647
f 642/866/665 653/869/668 1523/172/170 1517/843/649
f 620/1276/659 652/1870/666 1511/840/647 1514/839/646
f 632/871/173 651/870/173 1522/175/173 1516/752/173
f 633/873/670 1497/147/145 1510/347/319 650/874/671
f 648/879/676 649/878/675 1521/350/322 1509/351/323
f 647/883/680 646/882/679 1507/343/315 1508/333/305
f 650/874/671 1510/347/319 1521/350/322 649/878/675
f 646/882/679 1369/1013/772 1532/344/316 1507/343/315
f 647/883/680 1508/333/305 1498/148/146 634/890/686
f 259/952/1410 626/951/1410 1524/288/262 1512/287/261
f 628/1871/218 1513/169/167 1512/231/221 617/1872/215
f 1266/893/173 645/892/173 1520/184/173 1528/183/173
f 643/894/689 644/894/688 1519/181/177 1518/181/177
f 651/870/173 643/895/173 1518/176/173 1522/175/173
f 641/897/691 1505/167/165 1523/172/170 653/869/668
f 746/1873/1070 118/229/219 1540/1874/1411
f 640/899/693 1504/165/163 1505/167/165 641/897/691
f 639/901/695 1503/163/161 1504/165/163 640/899/693
f 638/903/697 1502/161/159 1503/163/161 639/901/695
f 637/905/699 1501/159/157 1502/161/159 638/903/697
f 1388/907/700 1534/156/154 1501/159/157 637/905/699
f 1360/909/702 1531/152/150 1500/155/153 636/910/703
f 634/890/686 1498/148/146 1499/151/149 635/912/705
f 631/915/708 1496/143/141 1497/147/145 633/873/670
f 632/917/710 1516/144/142 1515/138/136 629/918/711
f 630/921/714 1495/141/139 1496/143/141 631/915/708
f 629/918/711 1515/138/136 1495/141/139 630/921/714
f 1551/1875/1412 1566/1864/1405 1565/1867/1408 1537/1876/1413
f 1491/1877/1414 1546/1878/1415 1566/1864/1405 1551/1875/1412
f 1546/1878/1415 1490/1879/1416 1548/1865/1406 1566/1864/1405
f 1548/1865/1406 1567/1860/1401 1564/1863/1404 1536/1866/1407
f 1490/1879/1416 1545/1880/1417 1567/1860/1401 1548/1865/1406
f 1545/1880/1417 1489/1881/1418 1547/1861/1402 1567/1860/1401
f 1556/1845/1386 1568/1856/1397 1547/1859/1400 1489/1846/1387
f 746/1882/1419 1540/1883/1420 1568/1856/1397 1556/1845/1386
f 1540/1883/1420 1525/1884/1421 1563/1857/1398 1568/1856/1397
f 1553/1312/1040 1569/1852/1393 1561/1855/1396 1494/1313/1041
f 1203/1885/1422 1558/1886/1423 1569/1852/1393 1553/1312/1040
f 1558/1886/1423 1526/1887/1424 1562/1853/1394 1569/1852/1393
f 1562/1853/1394 1570/1848/1389 1551/1851/1392 1537/1854/1395
f 1526/1887/1424 1544/1888/1425 1570/1848/1389 1562/1853/1394
f 1544/1888/1425 959/1889/1426 1552/1849/1390 1570/1848/1389
f 1541/1372/1094 1571/1844/1385 1545/1847/1388 1490/1373/1095
f 854/1890/1427 1538/1891/1428 1571/1844/1385 1541/1372/1094
f 1538/1891/1428 746/1882/1419 1556/1845/1386 1571/1844/1385
f 1555/1837/1378 1572/1840/1381 1549/1843/1384 1492/1838/1379
f 881/1892/1429 1542/1893/1430 1572/1840/1381 1555/1837/1378
f 1542/1893/1430 697/1894/1431 1554/1841/1382 1572/1840/1381
f 1563/1857/1398 1573/1836/1377 1559/1839/1380 1535/1858/1399
f 1525/1884/1421 1557/1895/1432 1573/1836/1377 1563/1857/1398
f 1557/1895/1432 881/1892/1429 1555/1837/1378 1573/1836/1377
f 1560/1829/1370 1574/1832/1373 1549/1835/1376 1493/1830/1371
f 1536/1866/1407 1564/1863/1404 1574/1832/1373 1560/1829/1370
f 1564/1863/1404 1535/1862/1403 1559/1833/1374 1574/1832/1373
f 1561/1896/1433 1575/1828/1369 1550/1831/1372 1494/1897/1434
f 1537/1876/1413 1565/1867/1408 1575/1828/1369 1561/1896/1433
f 1565/1867/1408 1536/1866/1407 1560/1829/1370 1575/1828/1369
f 1552/1849/1390 1576/1371/1093 1546/1374/1096 1491/1850/1391
f 959/1889/1426 1539/1898/1435 1576/1371/1093 1552/1849/1390
f 1539/1898/1435 854/1890/1427 1541/1372/1094 1576/1371/1093
f 1554/1841/1382 1577/1311/1039 1550/1314/1042 1493/1842/1383
f 697/1894/1431 1543/1899/1436 1577/1311/1039 1554/1841/1382
f 1543/1899/1436 1203/1885/1422 1553/1312/1040 1577/1311/1039
f 1514/839/646 1544/1869/1409 1526/1900/1437
f 1558/1274/999 1514/839/646 1526/1900/1437
f 1543/1289/1009 1204/845/651 1203/857/658
f 1542/1299/1021 902/1239/968 672/1242/969 697/1288/1008
f 1557/170/168 1513/169/167 628/1871/218 881/1901/1020
f 1540/1874/1411 118/229/219 1513/169/167 1525/168/166
f 941/1319/1048 1538/1347/1071 854/1317/1046
f 851/117/115 1539/1318/1047 959/114/112
f 1686/1/1438 1684/4/1439 1580/3/1440 1678/2/1441
f 1612/5/1442 1625/8/1443 1642/7/1444 1640/6/1445
f 1615/9/1446 1664/12/1447 1666/11/1448 1609/10/1449
f 1621/13/1450 1633/15/1451 1663/14/1452
f 1587/16/1453 1590/19/1454 1602/18/1455 1600/17/1456
f 1592/20/1457 1593/23/1458 1599/22/1459 1597/21/1460
f 1595/24/1461 1585/27/1462 1601/26/1463 1603/25/1464
f 1582/28/1465 1592/20/1457 1597/21/1460 1596/31/1466 1589/30/1467 1584/29/1465
f 1588/32/1468 1589/30/1467 1596/31/1466 1598/33/1469
f 1593/23/1458 1587/16/1453 1600/17/1456 1599/22/1459
f 1604/34/1470 1602/18/1455 1590/19/1454 1591/35/1471
f 1594/36/1472 1595/24/1461 1603/25/1464 1605/37/1473
f 1585/27/1462 1588/32/1468 1598/33/1469 1601/26/1463
f 1597/21/1460 1599/22/1459 1598/33/1469 1596/31/1466
f 1598/33/1469 1599/22/1459 1600/17/1456 1601/26/1463
f 1601/26/1463 1600/17/1456 1602/18/1455 1603/25/1464
f 1603/25/1464 1602/18/1455 1604/34/1470 1605/37/1473
f 1594/36/1472 1605/37/1473 1604/34/1470 1591/35/1471 1583/39/1474 1586/38/1474
f 1606/40/1475 1626/43/1476 1616/42/1477 1611/41/1478
f 1628/44/1479 1643/47/1480 1634/46/1481 1623/45/1482
f 1670/48/1483 1642/7/1444 1625/8/1443 1668/49/1484
f 1624/50/1485 1618/52/369 1617/51/1486 1623/45/1482
f 1651/53/1487 1652/56/1488 1645/55/1489 1641/54/1490
f 1629/57/1491 1656/58/1492 1633/15/1451
f 1674/59/1493 1673/61/1494 1662/60/1495 1664/12/1447
f 1667/62/1496 1619/64/1497 1630/63/1498 1674/59/1493
f 1664/12/1447 1662/60/1495 1661/65/1499 1666/11/1448
f 1648/66/1500 1658/67/1501 1656/58/1492 1629/57/1491
f 1656/58/1492 1658/67/1501 1660/69/1502 1657/68/1503
f 1613/70/1504 1627/71/1505 1666/11/1448 1661/65/1499
f 1672/72/1506 1659/73/1507 1662/60/1495 1673/61/1494
f 1672/72/1506 1671/75/1508 1646/74/1509 1659/73/1507
f 1607/76/1510 1606/40/1475 1611/41/1478 1653/77/1511
f 1659/73/1507 1646/74/1509 1637/79/1512 1665/78/1513
f 1608/80/1514 1631/82/1515 1630/63/1498 1622/81/1516
f 1632/83/1517 1625/8/1443 1612/5/1442 1654/84/1518
f 1661/65/1499 1662/60/1495 1659/73/1507 1665/78/1513
f 1606/40/1475 1607/76/1510 1655/86/1519 1639/85/1520
f 1608/80/1514 1657/68/1503 1660/69/1502 1652/56/1488
f 1619/64/1497 1614/87/1521 1622/81/1516 1630/63/1498
f 1613/70/1504 1661/65/1499 1665/78/1513 1650/88/1522
f 1617/51/1486 1620/89/1523 1628/44/1479 1623/45/1482
f 1622/81/1516 1663/14/1452 1657/68/1503 1608/80/1514
f 1657/68/1503 1663/14/1452 1633/15/1451 1656/58/1492
f 1649/90/1524 1636/91/1525 1658/67/1501 1648/66/1500
f 1634/46/1481 1635/92/1526 1624/50/1485 1623/45/1482
f 1628/44/1479 1612/5/1442 1640/6/1445 1643/47/1480
f 1626/43/1476 1606/40/1475 1639/85/1520 1647/93/1527
f 1644/94/1528 1645/55/1489 1652/56/1488 1660/69/1502
f 1631/82/1515 1608/80/1514 1652/56/1488 1651/53/1487
f 1658/67/1501 1636/91/1525 1644/94/1528 1660/69/1502
f 1614/87/1521 1621/13/1450 1663/14/1452 1622/81/1516
f 1668/49/1484 1625/8/1443 1632/83/1517 1669/95/1529
f 1637/79/1512 1638/96/1530 1650/88/1522 1665/78/1513
f 1620/89/1523 1654/84/1518 1612/5/1442 1628/44/1479
f 1609/10/1449 1666/11/1448 1627/71/1505 1610/97/1531
f 1626/43/1476 1668/49/1484 1669/95/1529 1616/42/1477
f 1651/53/1487 1641/54/1490 1671/75/1508 1672/72/1506
f 1651/53/1487 1672/72/1506 1673/61/1494 1631/82/1515
f 1615/9/1446 1667/62/1496 1674/59/1493 1664/12/1447
f 1630/63/1498 1631/82/1515 1673/61/1494 1674/59/1493
f 1647/93/1527 1670/48/1483 1668/49/1484 1626/43/1476
f 1683/98/1532 1685/101/1533 1675/100/1534 1578/99/1535
f 1685/101/1533 1686/1/1438 1678/2/1441 1675/100/1534
f 1689/102/1536 1690/105/1537 1682/104/1538 1681/103/1539
f 1687/106/1540 1689/102/1536 1681/103/1539 1679/107/1541
f 1690/105/1537 1688/109/1542 1680/108/1543 1682/104/1538
f 1681/103/1539 1682/104/1538 1686/1/1438 1685/101/1533
f 1679/107/1541 1681/103/1539 1685/101/1533 1683/98/1532
f 1682/104/1538 1680/108/1543 1684/4/1439 1686/1/1438
f 1677/110/1544 1581/111/1545 1688/109/1542 1690/105/1537
f 1579/112/1546 1676/113/1547 1689/102/1536 1687/106/1540
f 1676/113/1547 1677/110/1544 1690/105/1537 1689/102/1536
f 2467/114/1548 2359/117/1549 2705/116/1550 1694/115/1551
f 2706/118/1552 2707/121/1553 1714/120/1554 1712/119/1555
f 2707/121/1553 2708/123/1556 1716/122/1557 1714/120/1554
f 2708/123/1556 2709/125/1558 1718/124/1559 1716/122/1557
f 2395/126/1560 2339/129/1561 2338/128/1562 2393/127/1563
f 2709/125/1558 2710/131/1564 1720/130/1565 1718/124/1559
f 2884/132/1566 2706/118/1552 1712/119/1555 2877/133/1567
f 2784/134/1568 623/137/135 176/136/134 2761/135/1569
f 2990/138/1570 2971/141/1571 1703/140/1572 1696/139/1573
f 2971/141/1571 2972/143/1574 1699/142/1575 1703/140/1572
f 2991/144/1576 2990/138/1570 1696/139/1573 1701/145/1577
f 2972/143/1574 2973/147/1578 1705/146/1579 1699/142/1575
f 2974/148/1580 2975/151/1581 1709/150/1582 1707/149/1583
f 3005/152/1584 2976/155/1585 1711/154/1586 2858/153/1587
f 3008/156/1588 2977/159/1589 1713/158/1590 2878/157/1591
f 2977/159/1589 2978/161/1592 1715/160/1593 1713/158/1590
f 2978/161/1592 2979/163/1594 1717/162/1595 1715/160/1593
f 2979/163/1594 2980/165/1596 1719/164/1597 1717/162/1595
f 2980/165/1596 2981/167/1598 1721/166/1599 1719/164/1597
f 2999/168/1600 3031/170/1601 2988/169/1602
f 2981/167/1598 2997/172/1603 2134/171/1604 1721/166/1599
f 2710/131/1564 2713/174/1605 2131/173/1606 1720/130/1565
f 2996/175/173 2003/178/173 1730/177/1607 2993/176/173
f 2749/179/1608 157/180/176 161/180/176 2751/179/1608
f 2993/181/1609 1730/182/1610 1731/182/1610 2994/181/1609
f 3002/183/173 2751/179/173 161/180/173 1520/184/173
f 2779/185/1611 164/188/181 166/187/176 2780/186/1612
f 2778/189/1613 1734/192/1614 169/191/184 2762/190/1615
f 2760/193/1616 175/196/189 174/195/188 2759/194/1617
f 2762/190/1615 169/191/184 228/198/191 2769/197/1618
f 2757/199/1619 173/202/195 172/201/194 2756/200/1620
f 2758/203/1621 168/206/199 165/205/198 2755/204/1622
f 2761/135/1569 176/136/134 175/196/189 2760/193/1616
f 2755/204/1622 165/205/198 167/208/201 2754/207/1623
f 2759/194/1617 174/195/188 173/202/195 2757/199/1619
f 2868/209/1624 2870/212/1625 2770/211/1626 2739/210/1627
f 2887/213/1628 2873/216/1629 1735/215/1630 2753/214/1631
f 2776/217/1632 115/220/213 624/219/212 2773/218/1633
f 2783/221/1634 491/224/173 157/223/173 2749/222/1635
f 2129/225/1636 2137/228/1637 1739/227/1638 1736/226/1639
f 2988/169/1602 2987/231/1640 1791/230/1641 1693/229/1642
f 2754/207/1623 167/208/201 164/188/181 2779/185/1611
f 2800/232/1643 1744/235/1643 1743/234/1643 2802/233/1643
f 2801/236/1644 1747/239/1645 1795/238/1646 2805/237/1647
f 2799/240/1648 1741/241/1649 1747/239/1645 2801/236/1644
f 2838/242/1650 1745/245/1651 1695/244/1652 2819/243/1653
f 2447/246/1654 1742/249/1655 1750/248/1656 2400/247/1657
f 2827/250/173 1741/253/1649 1754/252/173 2823/251/173
f 2008/254/1658 2007/257/1659 1753/256/239 1728/255/1660
f 2004/258/1661 2002/261/1662 1729/260/1663 2890/259/1664
f 2006/262/1665 2004/258/1661 2890/259/1664 2891/263/1666
f 2796/264/173 2793/267/173 1732/266/173 2717/265/173
f 2734/268/173 1757/271/173 1756/270/173 2733/269/173
f 2735/272/173 1758/273/173 1757/271/173 2734/268/173
f 2829/274/173 2824/275/173 1758/273/173 2735/272/173
f 2716/276/247 1733/279/1667 1759/278/173 2736/277/173
f 1733/279/1667 1728/279/1660 1753/280/1668 1759/278/1668
f 2839/281/1669 2840/282/1669 1759/278/1670 1753/280/1670
f 1752/283/1671 1757/271/1672 1758/273/1673 1754/284/1674
f 1755/285/1675 1756/270/1676 1757/271/1672 1752/283/1671
f 1729/266/1677 1732/266/1678 2793/267/1679 2795/286/1680
f 2987/287/1681 2129/290/1682 1722/289/1683 2998/288/1684
f 2178/291/1685 2174/294/1686 212/293/267 214/292/1687
f 2171/295/1688 2173/298/1689 1765/297/1690 1764/296/1691
f 2881/299/1692 2167/302/1693 1762/301/1694 2879/300/1695
f 1736/303/1696 2130/306/1697 2179/305/1698 1737/304/1699
f 2173/298/1689 2175/308/1700 1766/307/1701 1765/297/1690
f 2167/302/1693 2169/310/1702 1763/309/1703 1762/301/1694
f 2175/308/1700 2130/312/1704 2136/311/1705 1766/307/1701
f 2169/310/1702 2171/295/1688 1764/296/1691 1763/309/1703
f 1723/313/1706 260/316/290 117/315/289 1692/314/1707
f 2882/317/1708 2164/320/1709 207/319/293 1386/318/292
f 2174/321/1686 2172/324/1710 211/323/295 212/322/267
f 2164/320/1709 2162/326/1711 206/325/297 207/319/293
f 2172/324/1710 2170/328/1712 210/327/299 211/323/295
f 2170/328/1712 2168/330/1713 209/329/301 210/327/299
f 2168/330/1713 2166/332/1714 208/331/303 209/329/301
f 2983/333/1715 2974/148/1580 1707/149/1583 1771/334/1716
f 2782/335/1717 237/336/308 168/206/199 2758/203/1621
f 2768/337/1718 225/340/312 1366/339/311 2871/338/1719
f 2870/212/1625 1367/342/314 234/341/313 2770/211/1626
f 2982/343/1720 1769/346/1721 2864/345/1722 3006/344/1723
f 2985/347/1724 2995/350/1725 1775/349/1726 1777/348/1727
f 2983/333/1715 1771/334/1716 1769/346/1721 2982/343/1720
f 2984/351/1728 1774/352/1729 1775/349/1726 2995/350/1725
f 2770/211/1626 234/341/313 233/354/326 2781/353/1730
f 2794/355/1731 2006/262/1665 2891/263/1666 2795/356/1732
f 162/357/173 1288/360/173 2797/359/173 2750/358/173
f 2973/147/1578 2985/347/1724 1777/348/1727 1705/146/1579
f 2781/353/1730 233/354/326 237/336/308 2782/335/1717
f 2789/361/173 2786/364/173 1778/363/173 2742/362/173
f 2463/365/1733 1781/366/1734 2006/262/1665 2794/355/1731
f 2769/197/1618 228/198/191 225/340/312 2768/337/1718
f 1788/367/1735 256/370/334 245/369/333 1782/368/1736
f 1782/368/1736 1787/372/1737 1790/371/1738 1788/367/1735
f 1786/373/1739 1785/376/1740 250/375/339 251/374/338
f 1790/371/1738 1789/379/1741 1785/378/1740 1786/377/1739
f 254/380/342 249/382/345 1784/381/1742 1787/372/1743
f 245/369/333 254/380/342 1787/372/1743 1782/368/1736
f 1788/367/1735 1790/371/1738 1786/377/1739 1783/383/1744
f 1783/383/1744 1786/373/1739 251/374/338 246/384/347
f 1787/372/1737 1784/385/1745 1789/379/1741 1790/371/1738
f 1783/383/1744 246/384/347 256/370/334 1788/367/1735
f 2772/386/1746 2747/387/1747 1693/229/1642 1791/230/1641
f 2163/388/1748 2165/391/1749 1761/390/1750 1760/389/1751
f 263/392/355 1793/395/1752 1792/394/1752 264/393/356
f 2834/396/369 2841/399/1753 1794/398/1754 2804/397/1755
f 2822/400/1756 1746/403/1757 1797/402/1758 2826/401/1759
f 2837/404/173 1744/407/1760 1794/406/1754 2841/405/1753
f 2241/408/1761 1745/411/1651 1796/410/1762 2803/409/1763
f 1803/412/50 1805/415/50 1804/414/50 1802/413/50
f 1724/416/176 1725/417/176 1802/413/176 1804/414/176
f 2936/418/50 2937/421/50 1798/420/50 1799/419/50
f 2937/422/370 2938/425/370 1800/424/370 1798/423/370
f 1727/426/370 1726/429/370 1805/428/370 1803/427/370
f 1725/430/1764 2923/430/1764 2924/430/1765 1727/430/1766
f 2935/431/374 2936/434/374 1799/433/376 1801/432/376
f 2935/431/1767 2939/431/1768 2921/435/1769 1724/416/1769
f 1800/436/173 1801/432/376 1799/433/376 1798/437/173
f 1806/438/176 1807/441/176 278/440/176 277/439/176
f 1808/442/370 281/445/370 283/444/370 1809/443/370
f 1806/438/1770 1808/442/1770 1809/443/1771 1807/441/1771
f 1807/441/1771 1809/443/1771 283/446/383 278/440/383
f 277/439/384 281/447/384 1808/442/1770 1806/438/1770
f 1810/448/176 1811/451/176 286/450/176 285/449/176
f 1812/452/370 289/455/370 291/454/370 1813/453/370
f 1810/448/1770 1812/452/1770 1813/453/1771 1811/451/1771
f 1811/451/1771 1813/453/1771 291/456/383 286/450/383
f 285/449/384 289/457/384 1812/452/1770 1810/448/1770
f 1814/458/385 1818/461/385 1819/460/385 1815/459/385
f 1815/459/385 1819/460/385 1820/463/385 1816/462/385
f 1816/462/385 1820/463/385 1821/465/385 1817/464/385
f 1817/464/385 1821/465/385 1822/467/385 297/466/385
f 297/466/385 1822/467/385 1823/469/385 298/468/385
f 1818/461/385 1824/471/385 1825/470/385 1819/460/385
f 1819/460/385 1825/470/385 1826/472/385 1820/463/385
f 1820/463/385 1826/472/385 1827/473/385 1821/465/385
f 1821/465/385 1827/473/385 1828/474/385 1822/467/385
f 1822/467/385 1828/474/385 1829/475/385 1823/469/385
f 1830/476/1772 1831/479/1773 1835/478/388 1834/477/1774
f 1831/479/1773 1832/481/1775 1836/480/1776 1835/478/388
f 1832/481/1775 1833/483/1777 1837/482/1778 1836/480/1776
f 1833/483/1777 315/485/395 1838/484/1779 1837/482/1778
f 315/485/395 316/487/397 1839/486/1780 1838/484/1779
f 1834/477/1774 1835/478/388 1841/489/1781 1840/488/1782
f 1835/478/388 1836/480/1776 1842/490/1783 1841/489/1781
f 1836/480/1776 1837/482/1778 1843/491/1784 1842/490/1783
f 1837/482/1778 1838/484/1779 1844/492/1785 1843/491/1784
f 1838/484/1779 1839/486/1780 1845/493/1786 1844/492/1785
f 298/468/404 1823/469/1787 1839/486/1780 316/487/397
f 1827/473/1788 1826/472/1789 1842/490/1783 1843/491/1784
f 1814/458/1790 1815/459/1791 1831/479/1773 1830/476/1772
f 1815/459/1791 1816/462/1792 1832/481/1775 1831/479/1773
f 1824/471/1793 1818/461/1794 1834/477/1774 1840/488/1782
f 1828/474/1795 1827/473/1788 1843/491/1784 1844/492/1785
f 1816/462/1792 1817/464/1796 1833/483/1777 1832/481/1775
f 1823/469/1787 1829/475/1797 1845/493/1786 1839/486/1780
f 1817/464/1796 297/466/416 315/485/395 1833/483/1777
f 1825/470/1798 1824/471/1793 1840/488/1782 1841/489/1781
f 1829/475/1797 1828/474/1795 1844/492/1785 1845/493/1786
f 1818/461/1794 1814/458/1790 1830/476/1772 1834/477/1774
f 1826/472/1789 1825/470/1798 1841/489/1781 1842/490/1783
f 2913/494/1799 2918/497/1800 2920/496/1801 2915/495/1802
f 2914/498/1803 2919/501/1804 1432/500/423 1424/499/423
f 1846/502/1805 1848/505/442 1849/504/441 1847/503/443
f 1848/505/442 1850/507/440 1851/506/439 1849/504/441
f 1850/507/440 1852/509/438 1853/508/437 1851/506/439
f 1852/509/438 1854/511/436 1855/510/435 1853/508/437
f 1854/511/436 1856/513/434 1857/512/433 1855/510/435
f 1856/513/434 1858/515/432 1859/514/431 1857/512/433
f 1858/515/432 1860/517/430 1861/516/429 1859/514/431
f 1860/517/430 1862/519/428 1863/518/427 1861/516/429
f 1862/519/428 1864/521/425 1865/520/426 1863/518/427
f 1864/521/425 1866/523/1806 1867/522/1807 1865/520/426
f 1866/523/1806 1868/525/458 1869/524/457 1867/522/1807
f 1868/525/458 1870/527/456 1871/526/455 1869/524/457
f 1870/527/456 1872/529/454 1873/528/453 1871/526/455
f 1872/529/454 1874/531/452 1875/530/451 1873/528/453
f 1874/531/452 1876/533/450 1877/532/449 1875/530/451
f 1876/533/450 1878/535/1808 1879/534/1809 1877/532/449
f 1878/535/1808 1880/537/446 1881/536/445 1879/534/1809
f 1880/537/446 1846/539/1805 1847/538/443 1881/536/445
f 1873/540/453 1909/543/1810 1907/542/485 1871/541/455
f 1862/544/428 1898/547/475 1900/546/1811 1864/545/425
f 1880/548/446 1916/551/480 1882/550/1812 1846/549/1805
f 1865/552/426 1901/555/470 1899/554/479 1863/553/427
f 1847/556/443 1883/559/468 1917/558/481 1881/557/445
f 1854/560/436 1890/563/471 1892/562/1813 1856/561/434
f 1872/564/454 1908/567/473 1910/566/1814 1874/565/452
f 1846/549/1805 1882/550/1812 1884/569/464 1848/568/442
f 1857/570/433 1893/573/476 1891/572/477 1855/571/435
f 1875/574/451 1911/575/1815 1909/543/1810 1873/540/453
f 1849/576/441 1885/577/467 1883/559/468 1847/556/443
f 1864/545/425 1900/546/1811 1902/579/466 1866/578/1806
f 1867/580/1807 1903/581/469 1901/555/470 1865/552/426
f 1856/582/434 1892/585/1813 1894/584/494 1858/583/432
f 1874/565/452 1910/566/1814 1912/587/495 1876/586/450
f 1859/588/431 1895/591/1816 1893/590/476 1857/589/433
f 1877/592/449 1913/593/461 1911/575/1815 1875/574/451
f 1848/568/442 1884/569/464 1886/595/490 1850/594/440
f 1866/578/1806 1902/579/466 1904/597/491 1868/596/458
f 1851/598/439 1887/599/492 1885/577/467 1849/576/441
f 1869/600/457 1905/601/493 1903/581/469 1867/580/1807
f 1858/583/432 1894/584/494 1896/603/1817 1860/602/430
f 1876/586/450 1912/587/495 1914/605/1818 1878/604/1808
f 1861/606/429 1897/607/1819 1895/591/1816 1859/588/431
f 1879/608/1809 1915/609/1820 1913/593/461 1877/592/449
f 1850/594/440 1886/595/490 1888/611/482 1852/610/438
f 1868/596/458 1904/597/491 1906/613/483 1870/612/456
f 1853/614/437 1889/615/1821 1887/599/492 1851/598/439
f 1871/541/455 1907/542/485 1905/601/493 1869/600/457
f 1860/602/430 1896/603/1817 1898/547/475 1862/544/428
f 1878/604/1808 1914/605/1818 1916/551/480 1880/548/446
f 1863/553/427 1899/554/479 1897/607/1819 1861/606/429
f 1881/557/445 1917/558/481 1915/609/1820 1879/608/1809
f 1852/610/438 1888/611/482 1890/563/471 1854/560/436
f 1870/612/456 1906/613/483 1908/567/473 1872/564/454
f 1855/571/435 1891/572/477 1889/615/1821 1853/614/437
f 1882/616/1812 1916/633/480 1914/632/1818 1912/631/495 1910/630/1814 1908/629/473 1906/628/483 1904/627/491 1902/626/466 1900/625/1811 1898/624/475 1896/623/1817 1894/622/494 1892/621/1813 1890/620/471 1888/619/482 1886/618/490 1884/617/464
f 1885/634/467 1887/651/492 1889/650/1821 1891/649/477 1893/648/476 1895/647/1816 1897/646/1819 1899/645/479 1901/644/470 1903/643/469 1905/642/493 1907/641/485 1909/640/1810 1911/639/1815 1913/638/461 1915/637/1820 1917/636/481 1883/635/468
f 1934/652/511 1952/655/512 1953/654/1822 1935/653/1823
f 1927/656/1824 1945/659/1825 1946/658/1826 1928/657/1827
f 1920/660/525 1938/663/526 1939/662/522 1921/661/1828
f 1935/653/1823 1953/654/1822 1936/665/1829 1918/664/1830
f 1928/657/1827 1946/658/1826 1947/667/500 1929/666/497
f 1921/661/1828 1939/662/522 1940/669/518 1922/668/517
f 1929/666/497 1947/667/500 1948/671/528 1930/670/527
f 1922/668/517 1940/669/518 1941/673/514 1923/672/1831
f 1930/670/527 1948/671/528 1949/675/524 1931/674/523
f 1923/676/1831 1941/679/514 1942/678/507 1924/677/506
f 1931/674/523 1949/675/524 1950/681/520 1932/680/1832
f 1924/677/506 1942/678/507 1943/683/508 1925/682/505
f 1932/680/1832 1950/681/520 1951/685/516 1933/684/515
f 1925/682/505 1943/683/508 1944/687/1833 1926/686/1834
f 1918/664/1830 1936/665/1829 1937/689/1835 1919/688/1836
f 1933/684/515 1951/685/516 1952/655/512 1934/652/511
f 1926/686/1834 1944/687/1833 1945/659/1825 1927/656/1824
f 1919/688/1836 1937/689/1835 1938/663/526 1920/660/525
f 1951/685/516 1950/681/520 1986/691/567 1987/690/564
f 1938/663/526 1937/689/1835 1972/693/552 1974/692/550
f 1924/677/506 1925/682/505 1961/695/560 1960/694/563
f 1952/655/512 1951/685/516 1987/690/564 1988/696/561
f 1939/662/522 1938/663/526 1974/692/550 1975/697/548
f 1925/682/505 1926/686/1834 1962/698/557 1961/695/560
f 1953/654/1822 1952/655/512 1988/696/561 1989/699/558
f 1940/669/518 1939/662/522 1975/697/548 1976/700/546
f 1926/686/1834 1927/656/1824 1963/701/556 1962/698/557
f 1936/665/1829 1953/654/1822 1989/699/558 1973/702/554
f 1941/673/514 1940/669/518 1976/700/546 1977/703/543
f 1927/656/1824 1928/657/1827 1964/704/565 1963/701/556
f 1942/678/507 1941/679/514 1977/706/543 1978/705/540
f 1928/657/1827 1929/666/497 1965/707/562 1964/704/565
f 1943/683/508 1942/678/507 1978/705/540 1979/708/535
f 1929/666/497 1930/670/527 1966/709/559 1965/707/562
f 1944/687/1833 1943/683/508 1979/708/535 1980/710/536
f 1930/670/527 1931/674/523 1967/711/555 1966/709/559
f 1945/659/1825 1944/687/1833 1980/710/536 1981/712/545
f 1931/674/523 1932/680/1832 1968/713/553 1967/711/555
f 1918/664/1830 1919/688/1836 1954/715/541 1955/714/544
f 1946/658/1826 1945/659/1825 1981/712/545 1982/716/542
f 1932/680/1832 1933/684/515 1969/717/551 1968/713/553
f 1919/688/1836 1920/660/525 1956/718/538 1954/715/541
f 1947/667/500 1946/658/1826 1982/716/542 1983/719/539
f 1933/684/515 1934/652/511 1970/720/549 1969/717/551
f 1920/660/525 1921/661/1828 1957/721/537 1956/718/538
f 1948/671/528 1947/667/500 1983/719/539 1984/722/533
f 1934/652/511 1935/653/1823 1971/723/547 1970/720/549
f 1921/661/1828 1922/668/517 1958/724/568 1957/721/537
f 1949/675/524 1948/671/528 1984/722/533 1985/725/534
f 1935/653/1823 1918/664/1830 1955/714/544 1971/723/547
f 1922/668/517 1923/672/1831 1959/726/566 1958/724/568
f 1950/681/520 1949/675/524 1985/725/534 1986/691/567
f 1937/689/1835 1936/665/1829 1973/702/554 1972/693/552
f 1923/676/1831 1924/677/506 1960/694/563 1959/727/566
f 1990/728/176 1991/731/176 474/730/176 473/729/176
f 1992/732/370 477/735/370 479/734/370 1993/733/370
f 1990/728/1837 1992/732/1837 1993/733/1838 1991/731/1838
f 1991/731/1838 1993/733/1838 479/736/383 474/730/383
f 473/729/384 477/737/384 1992/732/1837 1990/728/1837
f 1996/738/572 1997/741/573 1995/740/574 1994/739/572
f 1999/742/575 1998/745/575 2000/744/575 2001/743/575
f 1995/740/574 2000/744/1839 1998/745/578 1994/739/578
f 1994/739/578 1998/745/578 1999/746/576 1996/738/1840
f 1996/738/1840 1999/746/576 2001/747/369 1997/741/573
f 1781/366/1734 1751/748/1841 2004/258/1661 2006/262/1665
f 1751/748/1841 1700/749/1842 2002/261/1662 2004/258/1661
f 2780/750/1634 166/751/173 491/224/173 2783/221/1634
f 2991/752/173 1701/753/173 2003/178/173 2996/175/173
f 1743/754/1843 1744/407/583 2007/257/1659 2008/254/1658
f 2821/755/173 1747/756/1645 1741/253/1649 2827/250/173
f 1754/252/173 1741/253/1649 1755/758/173 1752/757/173
f 2787/759/1844 2437/762/1845 1779/761/1846 2005/760/1847
f 2889/763/173 2888/765/173 2788/764/173 1755/758/173
f 2025/652/511 2043/655/512 2044/654/1822 2026/766/1823
f 2018/656/1824 2036/659/1825 2037/658/1826 2019/657/1827
f 2011/660/525 2029/663/526 2030/662/522 2012/661/1828
f 2026/766/1823 2044/654/1822 2027/665/1829 2009/664/1830
f 2019/657/1827 2037/658/1826 2038/667/500 2020/666/497
f 2012/661/1828 2030/662/522 2031/669/518 2013/668/517
f 2020/666/497 2038/667/500 2039/671/528 2021/670/527
f 2013/668/517 2031/669/518 2032/673/514 2014/672/1831
f 2021/670/527 2039/671/528 2040/767/524 2022/674/523
f 2014/676/1831 2032/679/514 2033/678/507 2015/677/506
f 2022/674/523 2040/767/524 2041/681/520 2023/680/1832
f 2015/677/506 2033/678/507 2034/683/508 2016/682/505
f 2023/680/1832 2041/681/520 2042/685/516 2024/684/515
f 2016/682/505 2034/683/508 2035/687/1833 2017/686/1834
f 2009/664/1830 2027/665/1829 2028/689/1835 2010/688/1836
f 2024/684/515 2042/685/516 2043/655/512 2025/652/511
f 2017/686/1834 2035/687/1833 2036/659/1825 2018/656/1824
f 2010/688/1836 2028/689/1835 2029/663/526 2011/660/525
f 2042/685/516 2041/681/520 2077/691/567 2078/690/564
f 2029/663/526 2028/689/1835 2063/693/552 2065/692/550
f 2015/677/506 2016/682/505 2052/695/560 2051/694/563
f 2043/655/512 2042/685/516 2078/690/564 2079/696/561
f 2030/662/522 2029/663/526 2065/692/550 2066/697/548
f 2016/682/505 2017/686/1834 2053/698/557 2052/695/560
f 2044/654/1822 2043/655/512 2079/696/561 2080/699/558
f 2031/669/518 2030/662/522 2066/697/548 2067/700/546
f 2017/686/1834 2018/656/1824 2054/701/556 2053/698/557
f 2027/665/1829 2044/654/1822 2080/699/558 2064/702/554
f 2032/673/514 2031/669/518 2067/700/546 2068/703/543
f 2018/656/1824 2019/657/1827 2055/704/565 2054/701/556
f 2033/678/507 2032/679/514 2068/768/543 2069/705/540
f 2019/657/1827 2020/666/497 2056/707/562 2055/704/565
f 2034/683/508 2033/678/507 2069/705/540 2070/708/535
f 2020/666/497 2021/670/527 2057/709/559 2056/707/562
f 2035/687/1833 2034/683/508 2070/708/535 2071/710/536
f 2021/670/527 2022/674/523 2058/711/555 2057/709/559
f 2036/659/1825 2035/687/1833 2071/710/536 2072/712/545
f 2022/674/523 2023/680/1832 2059/713/553 2058/711/555
f 2009/664/1830 2010/688/1836 2045/715/541 2046/714/544
f 2037/658/1826 2036/659/1825 2072/712/545 2073/716/542
f 2023/680/1832 2024/684/515 2060/717/551 2059/713/553
f 2010/688/1836 2011/660/525 2047/769/538 2045/715/541
f 2038/667/500 2037/658/1826 2073/716/542 2074/719/539
f 2024/684/515 2025/652/511 2061/720/549 2060/717/551
f 2011/660/525 2012/661/1828 2048/721/537 2047/769/538
f 2039/671/528 2038/667/500 2074/719/539 2075/722/533
f 2025/652/511 2026/766/1823 2062/723/547 2061/720/549
f 2012/661/1828 2013/668/517 2049/724/568 2048/721/537
f 2040/767/524 2039/671/528 2075/722/533 2076/725/534
f 2026/766/1823 2009/664/1830 2046/714/544 2062/723/547
f 2013/668/517 2014/672/1831 2050/726/566 2049/724/568
f 2041/681/520 2040/767/524 2076/725/534 2077/691/567
f 2028/689/1835 2027/665/1829 2064/702/554 2063/693/552
f 2014/676/1831 2015/677/506 2051/694/563 2050/727/566
f 2001/747/369 2950/771/369 2955/770/1848 1997/741/573
f 2081/772/599 2085/775/1849 2087/774/1850 2083/773/1851
f 1997/741/573 2955/770/1848 2954/776/588 1995/740/574
f 2000/744/1839 2951/778/1852 2950/777/595 2001/743/594
f 2956/779/598 2082/781/589 2081/772/599 2953/780/597
f 2082/781/589 2086/782/1853 2085/775/1849 2081/772/599
f 2084/783/369 2088/784/369 2086/782/1853 2082/781/589
f 2083/773/1851 2087/774/1850 2088/786/370 2084/785/601
f 2091/738/602 2089/739/602 2090/788/603 2092/787/604
f 2094/742/605 2096/743/605 2095/789/605 2093/745/605
f 2090/788/603 2089/739/609 2093/745/1854 2095/789/1855
f 2089/739/609 2091/738/607 2094/746/608 2093/745/1854
f 2091/738/607 2092/787/604 2096/747/369 2094/746/608
f 2090/788/603 2095/789/1855 2960/791/1856 2961/790/614
f 2097/792/618 2099/793/1857 2087/774/1850 2085/775/1849
f 2092/787/604 2090/788/603 2961/790/614 2964/794/610
f 2095/789/1855 2096/743/616 2957/795/615 2960/791/1856
f 2963/796/619 2962/798/617 2097/792/618 2098/797/612
f 2098/797/612 2097/792/618 2085/775/1849 2086/782/1853
f 2100/783/369 2098/797/612 2086/782/1853 2088/784/369
f 2099/793/1857 2100/785/1858 2088/786/370 2087/774/1850
f 2117/799/1859 2120/802/1860 2113/801/1861 2106/800/1862
f 2110/803/1863 2111/806/1864 2116/805/1865 2114/804/1866
f 2101/807/1867 2105/810/1868 2107/809/1869 2104/808/1870
f 2106/800/1862 2113/801/1861 2115/812/1871 2108/811/1872
f 2108/811/1872 2115/812/1871 2119/814/1873 2118/813/1874
f 2117/815/1859 2101/807/1867 2104/808/1870 2118/813/1874
f 2101/807/1867 2117/815/1859 2106/816/1862 2105/810/1868
f 2105/810/1868 2106/816/1862 2108/811/1872 2107/809/1869
f 2107/809/1869 2108/811/1872 2118/813/1874 2104/808/1870
f 2110/803/1863 2120/817/1860 2119/814/1873 2111/806/1864
f 2120/817/1860 2110/803/1863 2114/804/1866 2113/818/1861
f 2113/818/1861 2114/804/1866 2116/805/1865 2115/812/1871
f 2115/812/1871 2116/805/1865 2111/806/1864 2119/814/1873
f 2103/819/1875 2112/822/1875 2109/821/1875 2102/820/1875
f 2102/823/1875 2117/825/1859 2118/813/1874 2103/824/1875
f 2112/826/1875 2119/814/1873 2120/828/1860 2109/827/1875
f 2103/824/1875 2118/813/1874 2119/814/1873 2112/826/1875
f 2109/827/1875 2120/828/1860 2117/825/1859 2102/823/1875
f 2123/829/638 2125/832/641 2128/831/640 2124/830/639
f 2121/833/642 2126/834/643 2125/832/641 2123/829/638
f 2122/835/644 2127/836/645 2126/834/643 2121/833/642
f 2124/837/639 2128/838/640 2127/836/645 2122/835/644
f 2989/839/1876 1694/842/1551 2133/841/1877 2986/840/1878
f 2992/843/1879 1740/844/1880 2134/171/1604 2997/172/1603
f 2712/845/1881 1767/848/1882 2131/847/1606 2713/846/1605
f 2719/849/1883 1740/844/1880 2133/851/1877 2745/850/1884
f 1736/226/1639 1739/227/1638 2136/853/1705 2130/852/1704
f 2177/854/1885 2178/291/1685 214/292/1687 213/855/1886
f 2744/856/1887 2134/171/1604 1740/844/1880 2719/849/1883
f 2711/857/1888 2132/858/1889 1767/848/1882 2712/845/1881
f 2986/859/1878 2133/851/1877 1740/844/1880 2992/843/1879
f 260/860/660 1723/863/1890 1738/862/1891 625/861/661
f 2132/864/1889 2160/867/1892 2151/866/1893 1767/865/1894
f 1767/865/1894 2151/866/1893 2161/869/1895 2131/868/1896
f 1700/749/1842 2141/871/173 2159/870/173 2002/261/1662
f 1704/872/1897 1776/875/1898 2158/874/1899 2142/873/1900
f 1772/876/1901 2156/879/1902 2157/878/1903 1773/877/1904
f 1770/880/1905 2155/883/1906 2154/882/1907 1768/881/1908
f 1776/875/1898 1773/877/1904 2157/878/1903 2158/874/1899
f 2862/884/1909 1772/887/1910 2289/886/1911 2236/885/1912
f 1772/876/1901 2862/889/1909 2866/888/1913 2156/879/1902
f 1770/880/1905 1706/891/1914 2143/890/1915 2155/883/1906
f 2750/358/173 2774/893/173 645/892/173 162/357/173
f 1729/266/1677 2152/894/1916 2153/894/1916 1732/266/1678
f 2002/261/1662 2159/870/173 2152/895/173 1729/260/1663
f 1720/896/1917 2131/868/1896 2161/869/1895 2150/897/1918
f 1718/898/1919 1720/896/1917 2150/897/1918 2149/899/1920
f 1716/900/1921 1718/898/1919 2149/899/1920 2148/901/1922
f 1714/902/1923 1716/900/1921 2148/901/1922 2147/903/1924
f 1712/904/1925 1714/902/1923 2147/903/1924 2146/905/1926
f 2877/906/1567 1712/904/1925 2146/905/1926 2880/907/1927
f 2857/908/1928 1710/911/1929 2145/910/1930 2860/909/1931
f 1706/891/1914 1708/913/1932 2144/912/1933 2143/890/1915
f 1698/914/1934 1704/872/1897 2142/873/1900 2140/915/1935
f 1700/916/1936 1697/919/1937 2138/918/1938 2141/917/1939
f 1702/920/1940 1698/914/1934 2140/915/1935 2139/921/1941
f 1697/919/1937 1702/920/1940 2139/921/1941 2138/918/1938
f 2165/922/1749 2163/925/1748 2162/924/1711 2164/923/1709
f 2881/926/1692 2165/922/1749 2164/923/1709 2882/927/1708
f 2169/928/1702 2167/931/1693 2166/930/1714 2168/929/1713
f 2171/932/1688 2169/928/1702 2168/929/1713 2170/933/1712
f 2173/934/1689 2171/932/1688 2170/933/1712 2172/935/1710
f 2175/936/1700 2173/934/1689 2172/935/1710 2174/937/1686
f 2178/938/1685 2177/940/1885 2176/939/1942
f 2174/937/1686 2178/938/1685 2176/939/1942 2175/936/1700
f 2129/290/1682 1736/303/1696 1737/304/1699 1722/289/1683
f 2953/780/597 2081/772/599 2083/773/1851 2952/941/1943
f 1995/740/574 2954/776/588 2951/778/1852 2000/744/1839
f 2958/942/369 2963/796/619 2098/797/612 2100/783/369
f 2952/941/1943 2083/773/1851 2084/785/601 2949/943/717
f 2962/798/617 2959/944/1944 2099/793/1857 2097/792/618
f 2959/944/1944 2958/945/719 2100/785/1858 2099/793/1857
f 2096/747/369 2092/787/604 2964/794/610 2957/946/369
f 2130/306/1697 2175/948/1700 2176/947/1942 2179/305/1698
f 2772/949/1945 1791/952/1946 2135/951/1947 2763/950/1948
f 2176/953/1942 2177/956/1885 1737/955/1949 2179/954/370
f 1737/955/1949 2177/956/1885 213/958/726 1722/957/1950
f 1506/959/727 205/962/730 2135/961/1951 2998/960/1952
f 625/963/731 2135/961/1953 205/962/730
f 1748/964/1954 2163/388/1748 1760/389/1751
f 2340/965/369 2343/968/1955 2342/967/1956 2341/966/1957
f 2347/969/1958 2299/972/1959 1710/971/1929 2244/970/1960
f 2422/973/1961 2419/976/1962 2406/975/1963 2403/974/1964
f 2214/977/1965 2207/980/1966 2263/979/1967 2290/978/1968
f 1706/981/1914 2330/984/1969 2333/983/1970 1708/982/1932
f 2394/985/369 2398/988/369 2399/987/1971 2397/986/1972
f 2216/989/1973 2204/992/1974 2260/991/1975 2294/990/1976
f 2287/993/1977 2286/996/1978 2246/995/1979 2256/994/1980
f 2245/997/1981 2418/999/1982 2424/998/1983 2286/996/1978
f 2310/1000/1984 2308/1003/369 2265/1002/1985 2251/1001/1986
f 2310/1000/1984 2311/1005/1984 2309/1004/369 2308/1003/369
f 2208/1006/1987 2192/1009/1988 2225/1008/1989 2235/1007/1990
f 2340/965/369 2341/966/1957 2305/1011/1991 2322/1010/1992
f 1768/881/1908 2154/882/1907 2867/1013/1993 2863/1012/1994
f 2303/1014/1995 2270/1017/1996 2257/1016/1997 2302/1015/1998
f 2267/1018/1999 2295/1021/2000 2258/1020/2001 2268/1019/2002
f 2275/1022/369 2353/1025/2003 2360/1024/2004 2218/1023/369
f 2331/1026/2005 2273/1028/2006 2271/1027/2007 2347/969/1958
f 2296/1029/2008 2303/1014/1995 2327/1031/2009 2326/1030/2010
f 2275/1022/369 2274/1033/369 2351/1032/2011 2353/1025/2003
f 2209/1034/2012 2233/1035/2013 2310/1000/1984 2251/1001/1986
f 2340/965/369 2322/1010/1992 2230/1036/2014 2309/1004/369
f 2307/1037/369 2358/1040/2015 2356/1039/2016 2306/1038/369
f 2326/1030/2010 2327/1031/2009 2234/1042/2017 2224/1041/2018
f 2193/1043/2019 2208/1006/1987 2235/1007/1990 2227/1044/2020
f 2210/1045/2021 2231/1048/2022 2221/1047/2023 2190/1046/2024
f 2322/1010/1992 2323/1050/2025 2220/1049/2026 2230/1036/2014
f 2339/129/1561 2279/1053/2027 2367/1052/2028 2366/1051/2029
f 2251/1001/1986 2265/1002/1985 2293/1055/2030 2291/1054/2031
f 2264/1056/2032 2252/1059/2033 2335/1058/2034 2345/1057/2035
f 2285/1060/2036 2184/1062/2037 2201/1061/2038
f 2424/998/1983 2391/1063/2039 2246/995/1979 2286/996/1978
f 2404/1064/2040 2472/1067/2041 2420/1066/2042 2423/1065/2043
f 2397/1068/2044 2399/1070/2045 2430/1069/2046 2427/1068/2047
f 2337/1071/2048 2423/1065/2043 2420/1066/2042 2697/1072/2049
f 1768/1073/1908 2250/1076/2050 2298/1075/2051 1770/1074/1905
f 2287/993/1977 2256/994/1980 2248/1078/2052 2269/1077/2053
f 2207/980/1966 2214/977/1965 2208/1006/1987 2193/1043/2019
f 2184/1062/2037 2287/993/1977 2269/1077/2053 2277/1079/2054
f 2693/1080/2055 2698/1081/2056 2285/1060/2036 2201/1061/2038
f 2335/1058/2034 2336/1082/2057 2337/1071/2048 2345/1057/2035
f 2209/1034/2012 2251/1001/1986 2291/1054/2031 2215/1083/2058
f 1761/390/2059 2348/1085/2060 2332/1084/2061 1760/389/2062
f 2332/1084/2061 2294/990/1976 1760/389/2062
f 2344/1086/2063 2373/1090/2064 2189/1089/2065 2350/1088/369 2249/1087/369
f 2303/1014/1995 2302/1015/1998 2328/1091/2066 2327/1031/2009
f 2210/1045/2021 2190/1046/2024 2204/992/1974 2216/989/1973
f 2317/1092/369 2318/1095/369 2314/1094/369 2313/1093/369
f 2319/1096/369 2320/1099/369 2316/1098/2067 2315/1097/2067
f 2265/1002/1985 2210/1045/2021 2216/989/1973 2293/1055/2030
f 2219/1100/2068 2357/1103/2069 2354/1102/2070 2211/1101/369
f 2309/1004/369 2311/1005/1984 2343/968/1955 2340/965/369
f 2233/1035/2013 2232/1104/2071 2311/1005/1984 2310/1000/1984
f 2227/1044/2020 2235/1007/1990 2234/1042/2017 2226/1105/2072
f 2300/1106/2073 2305/1011/1991 2219/1107/2074
f 2206/1108/2075 2183/1111/2076 2297/1110/2077 2262/1109/2078
f 2696/1112/369 2695/1113/369 2320/1099/369 2319/1096/369
f 2237/1114/369 2238/1115/369 2318/1095/369 2317/1092/369
f 2237/1114/369 2240/1117/369 2239/1116/369 2238/1115/369
f 2315/1097/2067 2316/1098/2067 2228/1119/2079 2229/1118/2080
f 2313/1093/369 2314/1094/369 2224/1041/2018 2225/1008/1989
f 2329/1120/2081 2229/1118/2080 2236/885/1912 2321/1121/2082
f 2428/1122/2083 2414/1125/2084 2222/1124/2085 2223/1123/2086
f 2308/1003/369 2309/1004/369 2230/1036/2014 2231/1048/2022
f 2269/1077/2053 2248/1078/2052 2257/1016/1997 2270/1017/1996
f 2183/1111/2076 2273/1028/2006 2331/1026/2005 2297/1110/2077
f 2861/1126/2087 2850/1129/2088 2197/1128/2089 2181/1127/2090
f 2413/1130/2091 2385/1133/2092 2191/1132/2093 2217/1131/2094
f 2314/1134/2095 2318/1136/2096 2548/1135/2097 2540/1134/2098
f 2349/1137/2099 2276/1140/2100 2355/1139/2101 2363/1138/2102
f 2272/1141/2103 2331/1026/2005 2347/969/1958 2244/970/1960
f 2301/1142/2104 2277/1079/2054 2269/1077/2053 2270/1017/1996
f 2214/977/1965 2185/1143/2105 2192/1009/1988 2208/1006/1987
f 2338/128/1562 2339/129/1561 2366/1051/2029 2281/1144/2106
f 2429/1145/2107 2428/1122/2083 2223/1123/2086 2243/1146/2108
f 2293/1055/2030 2216/989/1973 2294/990/1976 2332/1084/2061
f 2307/1147/2109 2306/1148/2110 2341/966/1957 2342/967/1956
f 2440/1149/2111 2429/1145/2107 2243/1146/2108 2261/1150/2112
f 2417/1151/2113 2418/999/1982 2245/997/1981 2284/1152/2114
f 117/1153/289 1267/1156/897 2775/1155/2115 1692/1154/1707
f 2406/975/1963 2481/1158/2116 2477/1157/2117 2403/974/1964
f 2239/1159/2118 2545/1162/2118 2549/1161/2119 2238/1160/2120
f 2317/1163/2121 2313/1166/2122 2538/1165/2123 2547/1164/2124
f 2329/1167/2125 2554/1170/2126 2542/1169/2127 2229/1168/2128
f 2331/1026/2005 2272/1141/2103 2861/1126/2087 2297/1110/2077
f 2185/1143/2105 2214/977/1965 2290/978/1968 2299/972/1959
f 2250/1076/2050 2194/1172/2129 2187/1171/2130 2298/1075/2051
f 2400/1173/1657 1750/1175/1656 2279/1053/2027 2411/1174/2131
f 2338/128/1562 2282/1177/2132 2412/1176/2133 2393/127/1563
f 2289/886/1911 2288/1180/2134 2334/1179/2135 2346/1178/2136
f 2299/972/1959 2290/978/1968 2198/1181/2137 1710/971/1929
f 2327/1031/2009 2328/1091/2066 2226/1105/2072 2234/1042/2017
f 2698/1081/2056 2345/1057/2035 2337/1071/2048 2697/1072/2049
f 2320/1182/2138 2551/1185/2139 2543/1184/2140 2316/1183/2141
f 2330/984/1969 2253/1187/2142 2266/1186/2143 2333/983/1970
f 2419/976/1962 2334/1179/2135 2288/1180/2134 2421/1188/2144
f 2422/973/1961 2423/1065/2043 2337/1071/2048 2336/1082/2057
f 2279/1053/2027 2339/129/1561 2395/126/1560 2411/1174/2131
f 2282/1177/2132 2338/128/1562 2281/1190/2106 2213/1189/2145
f 2367/1052/2028 2279/1053/2027 1750/1175/1656 2368/1191/2146
f 2304/1192/2147 2342/967/1956 2343/968/1955 2324/1193/2148
f 2312/1194/2149 2228/1119/2079 2194/1172/2129 2250/1076/2050
f 2271/1195/2150 2528/1198/2151 2529/1197/2152 2185/1196/2153
f 2694/1199/2154 2701/1202/2154 2536/1201/2155 2206/1200/2156
f 2252/1203/2157 2521/1206/2158 2522/1205/2159 2186/1204/2160
f 2295/1207/2161 2534/1210/2162 2524/1209/2163 2258/1208/2164
f 2184/1211/2165 2525/1214/2166 2530/1213/2167 2201/1212/2168
f 2264/1215/2169 2526/1216/2170 2521/1206/2158 2252/1203/2157
f 2296/1217/2171 2535/1219/2172 2537/1218/2173 2301/1218/2174
f 2192/1220/2175 2533/1223/2175 2539/1222/2176 2225/1221/2177
f 2229/1168/2128 2542/1169/2127 2541/1225/2178 2315/1224/2179
f 2696/1226/2180 2319/1229/2181 2550/1228/2182 2703/1227/2180
f 2308/1003/369 2231/1048/2022 2210/1045/2021 2265/1002/1985
f 2885/1230/2183 2440/1149/2111 2261/1150/2112 2883/1231/2184
f 2414/1125/2084 2413/1130/2091 2217/1131/2094 2222/1124/2085
f 2349/1232/2185 2188/1235/2186 2247/1234/2187 2276/1233/2188
f 2258/1208/2164 2524/1209/2163 2554/1170/2126 2329/1167/2125
f 2306/1148/2110 2219/1107/2074 2305/1011/1991 2341/966/1957
f 2344/1086/2063 2281/1238/2189 2196/1237/2190 2369/1236/2191
f 2218/1023/369 2360/1024/2004 2358/1040/2015 2307/1037/369
f 2211/1101/369 2354/1102/2070 2355/1139/2101 2276/1140/2100
f 2410/1239/2192 2180/1242/2193 2191/1241/2093 2385/1240/2092
f 2276/1233/2188 2247/1234/2187 2199/1244/2194 2211/1243/2195
f 2306/1038/369 2356/1039/2016 2357/1103/2069 2219/1100/2068
f 2202/1245/369 2352/1246/2196 2351/1032/2011 2274/1033/369
f 2202/1245/369 2249/1087/369 2361/1247/2197 2352/1246/2196
f 2289/886/1911 2346/1178/2136 2186/1249/2198 2200/1248/2199
f 2200/1248/2199 2186/1249/2198 2295/1021/2000 2267/1018/1999
f 2183/1250/2200 2556/1253/2201 2531/1252/2202 2273/1251/2202
f 2301/1218/2174 2537/1218/2173 2532/1255/2203 2277/1254/2204
f 2317/1163/2121 2547/1164/2124 2544/1257/2205 2237/1256/2205
f 2285/1060/2036 2284/1152/2114 2245/997/1981 2184/1062/2037
f 2187/1258/2206 2555/1261/2206 2523/1260/2207 2253/1259/2207
f 2225/1221/2177 2539/1222/2176 2538/1165/2123 2313/1166/2122
f 2693/1262/2208 2700/1263/2208 2526/1216/2170 2264/1215/2169
f 2224/1264/2209 2553/1267/2210 2552/1266/2211 2326/1265/2212
f 2296/1217/2171 2326/1265/2212 2552/1266/2211 2535/1219/2172
f 2194/1268/2213 2520/1269/2213 2555/1261/2206 2187/1258/2206
f 2319/1229/2181 2315/1224/2179 2541/1225/2178 2550/1228/2182
f 2185/1196/2153 2529/1197/2152 2533/1223/2175 2192/1220/2175
f 2351/1032/2011 2377/1032/2214 2379/1025/2215 2353/1025/2003
f 2237/1256/2205 2544/1257/2205 2546/1271/2216 2240/1270/2216
f 2316/1183/2141 2543/1184/2140 2557/1273/2217 2228/1272/2218
f 2277/1254/2204 2532/1255/2203 2525/1214/2166 2184/1211/2165
f 2206/1200/2156 2536/1201/2155 2556/1253/2201 2183/1250/2200
f 2989/839/1876 2132/1276/1889 2711/1275/1888 3032/1274/2219
f 2218/1277/2220 2307/1147/2109 2342/967/1956 2304/1192/2147
f 2305/1011/1991 2300/1106/2073 2323/1050/2025 2322/1010/1992
f 2324/1193/2148 2343/968/1955 2311/1005/1984 2232/1104/2071
f 2194/1268/2213 2228/1272/2218 2557/1273/2217 2520/1269/2213
f 2186/1204/2160 2522/1205/2159 2534/1210/2162 2295/1207/2161
f 2314/1134/2095 2540/1134/2098 2553/1267/2210 2224/1264/2209
f 2273/1251/2202 2531/1252/2202 2528/1198/2151 2271/1195/2150
f 2238/1160/2120 2549/1161/2119 2548/1135/2097 2318/1136/2096
f 2291/1054/2031 2293/1055/2030 2332/1084/2061 2348/1085/2060
f 2213/1278/369 2281/1238/2189 2344/1086/2063 2283/1279/2221
f 2283/1279/2221 2344/1086/2063 2249/1087/369 2202/1245/369
f 2695/1280/2222 2240/1270/2216 2546/1271/2216 2702/1281/2222
f 2253/1259/2207 2523/1260/2207 2527/1283/2223 2266/1282/2223
f 2699/1284/2224 2694/1285/2225 2206/1108/2075 2262/1109/2078
f 2290/978/1968 2263/979/1967 2182/1286/2226 2198/1181/2137
f 2271/1027/2007 2185/1143/2105 2299/972/1959 2347/969/1958
f 2473/1287/2227 2699/1284/2224 2262/1109/2078 2181/1127/2090
f 2205/1288/2228 3017/1289/2229 2712/845/1881 2180/1242/2193
f 2215/1083/2058 2291/1054/2031 2348/1085/2060 2292/1290/2230
f 2292/1290/2230 2348/1085/2060 1761/390/2059 2195/1291/2231
f 2294/990/1976 2260/991/1975 1748/964/1954 1760/389/2062
f 1763/309/1703 1764/296/1691 2428/1122/2083 2429/1145/2107
f 2361/1247/2197 2364/1292/2232 2390/1292/2233 2380/1247/2234
f 2365/1293/2235 2349/1137/2099 2363/1138/2102 2364/1292/2232
f 2212/1294/2236 2367/1297/2237 2368/1296/2238 2372/1295/2239
f 2389/1298/2240 3016/1299/2241 2410/1239/2192
f 2259/1300/2242 2365/1293/2235 2374/1301/2243
f 2196/1237/2190 2281/1238/2189 2366/1303/2244 2375/1302/2245
f 2370/1304/2246 2349/1137/2099 2365/1293/2235 2259/1300/2242
f 2255/1305/2247 2373/1090/2064 2344/1086/2063 2369/1236/2191
f 2278/1306/369 2375/1302/2245 2366/1303/2244 2371/1307/2248
f 2180/1242/2193 2712/845/1881 2713/846/1605 2191/1241/2093
f 2368/1296/2238 2376/1309/2249 2280/1308/2250 2372/1295/2239
f 2366/1303/2244 2367/1297/2237 2212/1294/2236 2371/1307/2248
f 2368/1296/2238 2349/1137/2099 2203/1310/2251 2376/1309/2249
f 2365/1293/2235 2350/1088/369 2189/1089/2065 2374/1301/2243
f 2358/1040/2015 2384/1040/2252 2382/1039/2253 2356/1039/2016
f 2361/1247/2197 2380/1247/2234 2378/1246/2254 2352/1246/2196
f 2354/1102/2070 2381/1102/2255 2387/1139/2256 2355/1139/2101
f 2379/1025/2215 2377/1032/2214 2381/1102/2255 2383/1103/2257
f 2353/1025/2003 2379/1025/2215 2386/1024/2258 2360/1024/2004
f 2352/1246/2196 2378/1246/2254 2377/1032/2214 2351/1032/2011
f 3051/1311/2259 3024/1314/2260 2970/1313/2261 3027/1312/2262
f 2378/1246/2254 2380/1247/2234 2388/1138/2263 2387/1139/2256
f 2378/1246/2254 2387/1139/2256 2381/1102/2255 2377/1032/2214
f 2354/1102/2070 2357/1103/2069 2383/1103/2257 2381/1102/2255
f 2383/1103/2257 2382/1039/2253 2386/1024/2258 2379/1025/2215
f 2384/1040/2252 2386/1024/2258 2382/1039/2253
f 2380/1247/2234 2390/1292/2233 2388/1138/2263
f 2137/228/1637 2389/1298/2240 2410/1239/2192 1739/227/1638
f 2425/1315/2264 2427/1068/2047 2430/1069/2046 2426/1316/2265
f 2363/1138/2102 2388/1138/2263 2390/1292/2233 2364/1292/2232
f 2356/1039/2016 2382/1039/2253 2383/1103/2257 2357/1103/2069
f 2360/1024/2004 2386/1024/2258 2384/1040/2252 2358/1040/2015
f 2362/1317/2266 2449/1319/2267 2359/117/1549 3013/1318/2268
f 2355/1139/2101 2387/1139/2256 2388/1138/2263 2363/1138/2102
f 2196/1320/2190 2375/1323/2245 2371/1322/2248 2369/1321/2191
f 2457/1324/2269 2456/1327/2270 2480/1326/2271 2487/1325/2272
f 2396/1328/2273 2409/1329/2274 2412/1176/2133 2391/1063/2039
f 2426/1316/2265 2395/1330/2275 2393/1315/2276 2425/1315/2264
f 2433/1331/2277 2437/1334/1845 2436/1333/2278 2432/1332/2279
f 2392/1335/2280 2407/1336/2281 2409/1329/2274 2396/1328/2273
f 2393/1315/2276 2397/1068/2044 2427/1068/2047 2425/1315/2264
f 2401/1337/2282 2402/1340/2283 2415/1339/2284 2416/1338/369
f 2395/126/1560 2399/987/1971 2415/1339/2284 2411/1174/2131
f 2424/998/1983 2405/1341/2285 2396/1328/2273 2391/1063/2039
f 2430/1069/2046 2399/1070/2045 2395/1330/2275 2426/1316/2265
f 2422/973/1961 2403/974/1964 2404/1064/2040 2423/1065/2043
f 2394/985/369 2397/986/1972 2409/1329/2274 2407/1336/2281
f 2336/1082/2057 2334/1179/2135 2419/976/1962 2422/973/1961
f 2452/1342/2286 2468/1343/2287 2418/999/1982 2417/1151/2113
f 2412/1176/2133 2409/1329/2274 2397/986/1972 2393/127/1563
f 2477/1157/2117 2475/1344/2288 2404/1064/2040 2403/974/1964
f 2408/1345/2289 2406/975/1963 2419/976/1962 2421/1188/2144
f 2400/1173/1657 2411/1174/2131 2415/1339/2284 2402/1340/2283
f 2254/1346/2290 2704/1348/2291 2449/1319/2267 3012/1347/2292
f 2415/1339/2284 2399/987/1971 2398/988/369 2416/1338/369
f 2842/1349/2293 2820/1350/369 2803/409/1763 1796/410/1762
f 2481/1158/2116 2406/975/1963 2408/1345/2289 2469/1351/2294
f 1764/296/1691 1765/297/2295 2414/1125/2084 2428/1122/2083
f 1762/301/2296 1763/309/1703 2429/1145/2107 2440/1149/2111
f 2471/1352/2297 2478/1353/2298 2468/1343/2287 2452/1342/2286
f 1765/297/2295 1766/307/1701 2413/1130/2091 2414/1125/2084
f 2431/1354/2299 2392/1335/2280 2479/1355/2300 2456/1327/2270
f 2407/1336/2281 2392/1335/2280 2431/1354/2299 2441/1356/2301
f 2439/1357/2302 2438/1360/2303 1749/1359/2304 2434/1358/2305
f 1739/227/1638 2410/1239/2192 2385/1240/2092 2136/853/1705
f 1746/1361/1757 2812/1363/2306 2455/1362/2307 1797/402/1758
f 2432/1332/2279 2398/988/369 2394/985/369 2433/1331/2277
f 2282/1177/2132 2246/995/1979 2391/1063/2039 2412/1176/2133
f 2435/1364/2308 1779/1365/1846 2441/1356/2301 2431/1354/2299
f 2441/1356/2301 2433/1331/2277 2394/985/369 2407/1336/2281
f 2283/1366/2309 2256/994/2310 2246/995/1979
f 1766/307/1701 2136/311/1705 2385/1133/2092 2413/1130/2091
f 2815/1367/2311 2447/246/1654 2400/247/1657 2402/1368/2283
f 2432/1332/2279 2436/1333/2278 2438/1360/2303 2439/1357/2302
f 2879/300/2312 1762/301/2296 2440/1149/2111 2885/1230/2183
f 2416/1338/369 2439/1357/2302 2434/1358/2305 2401/1337/2282
f 1745/411/1643 2241/408/1643 2446/1370/1643 1695/1369/1643
f 3050/1371/2313 3020/1374/2314 2966/1373/2315 3015/1372/2316
f 2441/1356/2301 1779/1365/1846 2437/1334/1845 2433/1331/2277
f 2820/1350/369 2836/1376/369 2444/1375/1755 2803/409/1763
f 2187/1171/2130 2253/1187/2142 2330/984/1969 2298/1075/2051
f 2298/1075/2051 2330/984/1969 1706/981/1914 1770/1074/1905
f 2420/1066/2042 2472/1067/2041 2452/1342/2286 2417/1151/2113
f 2463/1377/1733 2459/1380/2317 2462/1379/2318 1781/1378/1734
f 2346/1178/2136 2335/1058/2034 2252/1059/2033 2186/1249/2198
f 2235/1007/1990 2225/1008/1989 2224/1041/2018 2234/1042/2017
f 2470/1381/369 2461/1382/2319 2477/1157/2117 2481/1158/2116
f 2464/1383/2320 2476/1385/2321 2453/1384/2322 2471/1352/2297
f 2480/1326/2271 2456/1327/2270 2479/1355/2300
f 2470/1381/369 2454/1387/2323 2450/1386/2324 2462/1379/2318
f 2507/1388/2325 2495/1391/2326 2513/1390/2327 2515/1389/2328
f 1742/1392/1655 2447/1393/2329 2812/1363/2306 1746/1361/1757
f 2284/1152/2114 2697/1072/2049 2420/1066/2042 2417/1151/2113
f 2506/1394/2330 2507/1388/2325 2515/1389/2328 2519/1395/2331
f 2475/1344/2288 2464/1383/2320 2472/1067/2041 2404/1064/2040
f 1702/1396/2332 2454/1387/2323 2469/1351/2294 1698/1397/2333
f 2456/1327/2270 2457/1324/2269 2435/1364/2308 2431/1354/2299
f 2478/1353/2298 2474/1398/2334 2479/1355/2300 2405/1341/2285 2468/1343/2287
f 2479/1355/2300 2392/1335/2280 2396/1328/2273 2405/1341/2285
f 2493/1399/2335 2516/1402/2336 2518/1401/2337 2503/1400/2338
f 2462/1379/2318 2450/1386/2324 1751/1403/1841 1781/1378/1734
f 2481/1158/2116 2469/1351/2294 2454/1387/2323 2470/1381/369
f 1697/1404/2339 2450/1386/2324 2454/1387/2323 1702/1396/2332
f 2472/1067/2041 2464/1383/2320 2471/1352/2297 2452/1342/2286
f 2246/995/1979 2282/1177/2132 2213/1189/2145 2283/1366/2309
f 2462/1379/2318 2459/1380/2317 2461/1382/2319 2470/1381/369
f 1700/1405/1842 1751/1403/1841 2450/1386/2324 1697/1404/2339
f 2460/1406/2340 2483/1408/2341 2482/1407/2342 2463/1377/1733
f 2460/1406/2340 2458/1409/2343 2483/1408/2341
f 2476/1385/2321 2464/1383/2320 2475/1344/2288 2488/1410/2344
f 2477/1157/2117 2489/1411/2345 2488/1410/2344 2475/1344/2288
f 2477/1157/2117 2461/1382/2319 2465/1412/2346 2489/1411/2345
f 2459/1380/2317 2463/1377/1733 2482/1407/2342 2465/1412/2346
f 2459/1380/2317 2465/1412/2346 2461/1382/2319
f 2451/1413/2347 2466/1415/2348 2486/1414/2349
f 2478/1353/2298 2471/1352/2297 2453/1384/2322 2485/1416/2350
f 2478/1353/2298 2485/1416/2350 2484/1417/2351 2474/1398/2334
f 2457/1324/2269 2487/1325/2272 2486/1414/2349 2466/1415/2348
f 2479/1355/2300 2474/1398/2334 2484/1417/2351 2480/1326/2271
f 2493/1399/2335 2496/1419/2352 2517/1418/2353 2516/1402/2336
f 2492/1420/2354 2491/1423/2354 2490/1422/2355 2494/1421/2356
f 2499/1424/2357 2498/1425/2358 2490/1422/2359 2491/1423/2359
f 2504/1426/2360 2499/1424/2357 2491/1423/2354 2492/1420/2354
f 2505/1427/2361 2497/1430/2362 2512/1429/2363 2511/1428/2364
f 2510/1431/2365 2500/1434/2366 2501/1433/2367 2498/1425/2358 2508/1432/2368
f 2502/1435/2369 2514/1436/2370 2512/1429/2363 2497/1430/2362
f 2494/1421/2356 2490/1422/2355 2498/1425/2358 2501/1433/2367
f 2496/1419/2352 2506/1394/2330 2519/1395/2331 2517/1418/2353
f 2502/1435/2369 2503/1400/2338 2518/1401/2337 2514/1436/2370
f 2504/1426/2360 2505/1427/2361 2511/1428/2364 2509/1437/2371 2499/1424/2357
f 2500/1434/2366 2510/1431/2365 2513/1390/2327 2495/1391/2326
f 2509/1437/2371 2511/1428/2364 2510/1431/2365 2508/1432/2368
f 2510/1431/2365 2511/1428/2364 2512/1429/2363 2513/1390/2327
f 2513/1390/2327 2512/1429/2363 2514/1436/2370 2515/1389/2328
f 2515/1389/2328 2514/1436/2370 2518/1401/2337 2519/1395/2331
f 2517/1418/2353 2519/1395/2331 2518/1401/2337 2516/1402/2336
f 2499/1424/2357 2509/1437/2371 2508/1432/2368 2498/1425/2358
f 2221/1047/2023 2231/1048/2022 2230/1036/2014 2220/1049/2026
f 2296/1029/2008 2301/1142/2104 2270/1017/1996 2303/1014/1995
f 2574/1438/2372 2562/1441/2373 2618/1440/2374 2617/1439/2375
f 1750/1175/1656 2566/1443/2376 2561/1442/2377 2188/1235/2186
f 2585/1444/2378 2608/1447/2379 2614/1446/2380 2616/1445/2380
f 2199/1244/2194 2563/1444/2381 2565/1448/2382 2300/1106/2073
f 2220/1049/2026 2323/1050/2025 2571/1450/2383 2570/1449/2384
f 2323/1050/2025 2300/1106/2073 2565/1448/2382 2571/1450/2383
f 2247/1234/2187 2188/1235/2186 2561/1442/2377 2567/1447/2385
f 2190/1046/2024 2221/1047/2023 2572/1451/2386 2568/1441/2387
f 2566/1443/2376 2578/1453/2388 2573/1452/2389 2561/1442/2377
f 2562/1441/2373 2558/1451/2390 2621/1454/2380 2618/1440/2374
f 2573/1452/2389 2578/1453/2388 2589/1456/2391 2584/1455/2392
f 2199/1244/2194 2247/1234/2187 2567/1447/2385 2563/1444/2381
f 2204/992/1974 2190/1046/2024 2568/1441/2387 2564/1438/2393
f 2260/991/1975 2204/992/1974 2564/1438/2393
f 2221/1047/2023 2220/1049/2026 2570/1449/2384 2572/1451/2386
f 2590/1457/2394 2584/1455/2392 2624/1455/2395 2623/1457/2396
f 2575/1445/176 2577/1466/176 2619/1466/176 2616/1445/176
f 2576/1439/2397 2564/1438/2393 2574/1438/2372 2617/1439/2375
f 2598/1489/176 2600/1486/176 2637/1486/176 2634/1489/176
f 2568/1441/2387 2572/1451/2386 2558/1451/2390 2562/1441/2373
f 2580/1440/176 2576/1439/2397 2617/1439/2375 2618/1440/176
f 2608/1447/2379 2597/1442/2398 2615/1452/2399 2614/1446/2380
f 2570/1449/2384 2571/1450/2383 2559/1450/2400 2613/1449/2401
f 2591/1464/2402 2595/1465/2403 2630/1465/2404 2627/1464/2405
f 2577/1466/369 2575/1445/369 2586/1468/2403 2588/1467/2403
f 2579/1446/369 2573/1452/2389 2584/1455/2392 2590/1457/2394
f 2582/1469/369 2577/1466/369 2588/1467/2403 2594/1470/2403
f 2583/1454/369 2581/1472/369 2593/1471/2403 2595/1465/2403
f 2584/1455/2392 2589/1456/2391 2601/1474/2406 2596/1473/2407
f 2581/1472/369 2582/1469/369 2594/1470/2403 2593/1471/2403
f 2575/1445/369 2579/1446/369 2590/1457/2394 2586/1468/2403
f 2580/1440/2408 2583/1454/369 2595/1465/2403 2591/1464/2402
f 2576/1439/2397 2580/1440/2408 2591/1464/2402 2587/1475/2409
f 2558/1451/2390 2613/1449/2401 2622/1472/2380 2621/1454/2380
f 2596/1473/2407 2601/1474/2406 2611/1477/2410 2934/1476/2411
f 2579/1446/176 2575/1445/176 2616/1445/176 2614/1446/176
f 2603/1500/176 2599/1482/2412 2635/1482/2413 2636/1500/176
f 2572/1451/2386 2570/1449/2384 2613/1449/2401 2558/1451/2390
f 2593/1471/2403 2594/1470/2403 2629/1470/2404 2631/1471/2404
f 2559/1450/2400 2560/1448/2414 2619/1466/2380 2620/1469/2380
f 2561/1442/2377 2573/1452/2389 2615/1452/2399 2597/1442/2398
f 2602/1490/176 2598/1489/176 2634/1489/176 2632/1490/176
f 2595/1465/2403 2593/1471/2403 2631/1471/2404 2630/1465/2404
f 2599/1482/2412 2610/1485/2415 2928/1484/2416 2569/1483/2417
f 2571/1450/2383 2565/1448/2382 2560/1448/2414 2559/1450/2400
f 2600/1486/2418 2598/1489/2418 2609/1488/2418 2931/1487/2418
f 2602/1490/2418 2596/1473/2407 2934/1476/2411 2933/1491/2418
f 2606/1492/2418 2600/1486/2418 2931/1487/2418 2932/1493/2418
f 2576/1439/2397 2587/1475/2409 2592/1495/2419 2604/1494/2420
f 2607/1496/2418 2605/1499/2418 2612/1498/2418 2930/1497/2418
f 2585/1444/2378 2616/1445/2380 2619/1466/2380 2560/1448/2414
f 2605/1499/2418 2606/1492/2418 2932/1493/2418 2612/1498/2418
f 2598/1489/2418 2602/1490/2418 2933/1491/2418 2609/1488/2418
f 2603/1500/2421 2607/1496/2418 2930/1497/2418 2929/1501/2422
f 2599/1482/2412 2603/1500/2421 2929/1501/2422 2610/1485/2415
f 2613/1449/2401 2559/1450/2400 2620/1469/2380 2622/1472/2380
f 2631/1471/2404 2629/1470/2404 2638/1492/2423 2640/1499/2423
f 2625/1468/2404 2623/1457/2396 2632/1490/2423 2634/1489/2423
f 2627/1464/2405 2630/1465/2404 2639/1496/2423 2636/1500/2424
f 2626/1475/2425 2627/1464/2405 2636/1500/2424 2635/1482/2413
f 2628/1467/2404 2625/1468/2404 2634/1489/2423 2637/1486/2423
f 2623/1457/2396 2624/1455/2395 2633/1473/2426 2632/1490/2423
f 2629/1470/2404 2628/1467/2404 2637/1486/2423 2638/1492/2423
f 2630/1465/2404 2631/1471/2404 2640/1499/2423 2639/1496/2423
f 2600/1486/176 2606/1492/176 2638/1492/176 2637/1486/176
f 2567/1447/2385 2561/1442/2377 2597/1442/2398 2608/1447/2379
f 2605/1499/176 2607/1496/176 2639/1496/176 2640/1499/176
f 2577/1466/176 2582/1469/176 2620/1469/176 2619/1466/176
f 2606/1492/176 2605/1499/176 2640/1499/176 2638/1492/176
f 2581/1472/176 2583/1454/176 2621/1454/176 2622/1472/176
f 2586/1468/2403 2590/1457/2394 2623/1457/2396 2625/1468/2404
f 2599/1482/2412 2587/1475/2409 2626/1475/2425 2635/1482/2413
f 2607/1496/176 2603/1500/176 2636/1500/176 2639/1496/176
f 2582/1469/176 2581/1472/176 2622/1472/176 2620/1469/176
f 2587/1475/2409 2591/1464/2402 2627/1464/2405 2626/1475/2425
f 2563/1444/2381 2567/1447/2385 2608/1447/2379 2585/1444/2378
f 2583/1454/176 2580/1440/176 2618/1440/176 2621/1454/176
f 2564/1438/2393 2568/1441/2387 2562/1441/2373 2574/1438/2372
f 2588/1467/2403 2586/1468/2403 2625/1468/2404 2628/1467/2404
f 2596/1473/2407 2602/1490/176 2632/1490/176 2633/1473/2426
f 2584/1455/2392 2596/1473/2407 2633/1473/2426 2624/1455/2395
f 2565/1448/2382 2563/1444/2381 2585/1444/2378 2560/1448/2414
f 2573/1452/2389 2579/1446/176 2614/1446/176 2615/1452/2399
f 2594/1470/2403 2588/1467/2403 2628/1467/2404 2629/1470/2404
f 2645/1510/2427 2652/1510/176 2649/1511/176 2643/1511/2428
f 2641/1512/2428 2650/1512/176 2653/1513/176 2642/1513/2428
f 2648/1514/2428 2656/1514/176 2655/1515/2429 2646/1515/2430
f 2643/1511/2428 2649/1511/176 2650/1512/176 2641/1512/2428
f 2647/1516/2428 2654/1516/176 2656/1514/176 2648/1514/2428
f 2644/1517/2431 2651/1517/1213 2652/1510/176 2645/1510/2427
f 2642/1513/2428 2653/1513/176 2654/1516/176 2647/1516/2428
f 2660/1518/2432 2657/1519/2433 2667/1519/370 2670/1518/370
f 2658/1520/2432 2661/1521/2433 2671/1521/370 2668/1520/370
f 2664/1522/2432 2663/1523/2434 2666/1523/1216 2665/1522/370
f 2657/1519/2433 2658/1520/2432 2668/1520/370 2667/1519/370
f 2662/1524/2432 2664/1522/2432 2665/1522/370 2672/1524/370
f 2659/1525/2435 2660/1518/2432 2670/1518/370 2669/1525/1219
f 2661/1521/2433 2662/1524/2432 2672/1524/370 2671/1521/370
f 2641/1512/2428 2642/1513/2428 2661/1521/2433 2658/1520/2432
f 2645/1510/2427 2643/1511/2428 2657/1519/2433 2660/1518/2432
f 2642/1513/2428 2647/1516/2428 2662/1524/2432 2661/1521/2433
f 2648/1514/2428 2646/1515/2430 2663/1523/2434 2664/1522/2432
f 2651/1517/1213 2644/1517/2431 2659/1525/2435 2669/1525/1219
f 2647/1516/2428 2648/1514/2428 2664/1522/2432 2662/1524/2432
f 2643/1511/2428 2641/1512/2428 2658/1520/2432 2657/1519/2433
f 2646/1515/2430 2655/1515/2429 2666/1523/1216 2663/1523/2434
f 2644/1517/2431 2645/1510/2427 2660/1518/2432 2659/1525/2435
f 2677/1526/2436 2688/1526/1223 2691/1527/2437 2675/1527/2438
f 2682/1528/2439 2681/1528/2440 2678/1529/2441 2685/1529/2442
f 2673/1530/2443 2690/1530/1230 2687/1531/176 2674/1531/2444
f 2686/1532/2445 2692/1532/370 2680/1533/1233 2683/1533/2446
f 2676/1534/2447 2689/1534/2448 2688/1526/1223 2677/1526/2436
f 2685/1529/2442 2678/1529/2441 2679/1535/2449 2684/1535/2450
f 2673/1530/2443 2674/1531/2444 2686/1532/2445 2683/1533/2446
f 2683/1533/2446 2680/1533/1233 2681/1528/2440 2682/1528/2439
f 2677/1526/2436 2675/1527/2438 2682/1528/2439 2685/1529/2442
f 2675/1527/2438 2673/1530/2443 2683/1533/2446 2682/1528/2439
f 2684/1535/2450 2679/1535/2449 2689/1534/2448 2676/1534/2447
f 2676/1534/2447 2677/1526/2436 2685/1529/2442 2684/1535/2450
f 2675/1527/2438 2691/1527/2437 2690/1530/1230 2673/1530/2443
f 2245/997/1981 2286/996/1978 2287/993/1977 2184/1062/2037
f 2233/1035/2013 2227/1044/2451 2226/1105/2452 2232/1104/2071
f 1708/982/1932 2333/983/1970 2699/1284/2224 2473/1287/2227
f 2333/983/1970 2266/1186/2143 2694/1285/2225 2699/1284/2224
f 2320/1182/2138 2695/1280/2222 2702/1281/2222 2551/1185/2139
f 2201/1212/2168 2530/1213/2167 2700/1263/2208 2693/1262/2208
f 2239/1159/2118 2696/1226/2180 2703/1227/2180 2545/1162/2118
f 2266/1282/2223 2527/1283/2223 2701/1202/2154 2694/1199/2154
f 2285/1060/2036 2698/1081/2056 2697/1072/2049 2284/1152/2114
f 2239/1116/369 2240/1117/369 2695/1113/369 2696/1112/369
f 2264/1056/2032 2345/1057/2035 2698/1081/2056 2693/1080/2055
f 2211/1243/2195 2199/1244/2194 2300/1106/2073 2219/1107/2074
f 2324/1193/2148 2328/1091/2453 2302/1015/2454 2304/1192/2147
f 2226/1105/2452 2328/1091/2453 2324/1193/2148 2232/1104/2071
f 2274/1536/2455 2248/1078/2456 2256/994/2310 2283/1366/2309 2202/1537/2455
f 2304/1192/2147 2302/1015/2454 2257/1016/2457 2275/1538/2458 2218/1277/2220
f 2195/1291/2231 2182/1286/2226 2263/979/1967 2292/1290/2230
f 2292/1290/2230 2263/979/1967 2207/980/1966 2215/1083/2058
f 2275/1538/2458 2257/1016/2457 2248/1078/2456 2274/1536/2455
f 1750/1175/1656 2188/1235/2186 2349/1232/2185 2368/1191/2146
f 2215/1083/2058 2207/980/1966 2193/1043/2459 2209/1034/2012
f 2209/1034/2012 2193/1043/2459 2227/1044/2451 2233/1035/2013
f 2813/1539/1761 2241/408/1761 2803/409/1763 2444/1375/1755
f 1773/1540/2460 2288/1180/2134 2289/886/1911 1772/887/1910
f 1773/1540/2460 1776/1541/2461 2421/1188/2144 2288/1180/2134
f 1776/1541/2461 1704/1542/2462 2408/1345/2289 2421/1188/2144
f 1704/1542/2462 1698/1397/2333 2469/1351/2294 2408/1345/2289
f 2267/1018/1999 2268/1019/2002 2321/1121/2082 2200/1248/2199
f 2200/1248/2199 2321/1121/2082 2236/885/1912 2289/886/1911
f 1769/346/1721 2737/1544/2463 2869/1543/1719 2864/345/1722
f 2335/1058/2034 2346/1178/2136 2334/1179/2135 2336/1082/2057
f 2418/999/1982 2468/1343/2287 2405/1341/2285 2424/998/1983
f 2217/1131/2094 2191/1132/2093 2713/174/1605 2710/131/1564
f 2883/1231/2184 2261/1150/2112 2706/118/1552 2884/132/1566
f 2222/1124/2085 2217/1131/2094 2710/131/1564 2709/125/1558
f 2223/1123/2086 2222/1124/2085 2709/125/1558 2708/123/1556
f 2243/1146/2108 2223/1123/2086 2708/123/1556 2707/121/1553
f 2261/1150/2112 2243/1146/2108 2707/121/1553 2706/118/1552
f 1693/1545/1642 2748/1546/2464 2704/1348/2291 2254/1346/2290
f 2747/1547/1747 2242/1548/2465 2748/1546/2464 1693/1545/1642
f 1732/266/173 2153/894/173 2746/1549/173 2717/265/173
f 2784/134/1568 2744/856/1887 2719/849/1883 2752/1550/2466
f 2752/1550/2466 2719/849/1883 2745/850/1884 2773/1551/1633
f 1701/753/173 2726/1553/1635 2743/1552/1607 2003/178/173
f 1771/334/1716 2738/1554/2467 2737/1544/2463 1769/346/1721
f 2790/1555/173 2789/361/173 2742/362/173 2771/1556/173
f 1775/349/1726 2740/1558/2468 2741/1557/2469 1777/348/1727
f 1774/352/1729 2739/210/1627 2740/1558/2468 1775/349/1726
f 2865/1559/2470 2868/209/1624 2739/210/1627 1774/352/1729
f 1777/348/1727 2741/1557/2469 2728/1560/2471 1705/146/1579
f 2777/1561/2472 2716/276/247 2736/277/173 2767/1562/173
f 2830/1563/173 2829/274/173 2735/272/173 2766/1564/173
f 2766/1564/173 2735/272/173 2734/268/173 2765/1565/173
f 2765/1565/173 2734/268/173 2733/269/173 2764/1566/173
f 2796/264/173 2893/1568/173 2900/1567/173
f 1703/140/1572 2723/1570/2473 2722/1569/2474 1696/139/1573
f 2003/178/173 2743/1552/1607 2715/1571/1635 1730/177/1607
f 1694/842/1551 2714/1573/2475 2745/1572/1884 2133/841/1877
f 2878/157/1591 2886/1575/2476 2721/1574/2477 1711/154/1586
f 2984/351/1728 3007/1576/2478 2865/1559/2470 1774/352/1729
f 1717/162/1595 2729/1578/2479 2727/1577/2480 1715/160/1593
f 1699/142/1575 2724/1579/2481 2723/1570/2473 1703/140/1572
f 1721/166/1599 2731/1581/2482 2730/1580/2483 1719/164/1597
f 1705/146/1579 2728/1560/2471 2724/1579/2481 1699/142/1575
f 1715/160/1593 2727/1577/2480 2725/1582/2484 1713/158/1590
f 1707/149/1583 2732/1583/2485 2738/1554/2467 1771/334/1716
f 1719/164/1597 2730/1580/2483 2729/1578/2479 1717/162/1595
f 1709/150/1582 2720/1584/2486 2732/1583/2485 1707/149/1583
f 1696/139/1573 2722/1569/2474 2726/1585/2487 1701/145/1577
f 2994/181/173 1731/182/173 2718/1587/173 3001/1586/173
f 1730/182/1610 2715/1587/1608 2718/1587/1608 1731/182/1610
f 2134/171/1604 2744/856/1887 2731/1581/2482 1721/166/1599
f 199/1588/173 2765/1565/173 2764/1566/173 197/1589/173
f 201/1590/173 2766/1564/173 2765/1565/173 199/1588/173
f 1320/1591/173 2830/1563/173 2766/1564/173 201/1590/173
f 163/1592/1278 2777/1561/2472 2767/1562/173 203/1593/173
f 1281/1594/173 2790/1555/173 2771/1556/173 242/1595/173
f 148/1596/1279 2752/1550/2466 2773/1551/1633 624/1597/212
f 623/137/135 2784/134/1568 2752/1550/2466 148/1596/1279
f 2714/1598/2475 2325/1601/2488 1691/1600/2489 2776/1599/1632
f 1694/115/1551 2705/116/1550 2325/1601/2488 2714/1598/2475
f 1692/1154/1707 2775/1155/2115 2242/1548/2465 2747/1547/1747
f 1723/863/1890 2772/949/1945 2763/950/1948 1738/862/1891
f 2717/265/173 2746/1549/173 2774/893/173 2750/358/173
f 2726/1553/1635 2780/750/1634 2783/221/1634 2743/1552/1607
f 1723/313/1706 1692/314/1707 2747/387/1747 2772/386/1746
f 1729/260/1663 2795/356/1732 2891/263/1666 2890/259/1664
f 2738/1554/2467 2769/197/1618 2768/337/1718 2737/1544/2463
f 2740/1558/2468 2781/353/1730 2782/335/1717 2741/1557/2469
f 2739/210/1627 2770/211/1626 2781/353/1730 2740/1558/2468
f 2741/1557/2469 2782/335/1717 2758/203/1621 2728/1560/2471
f 2723/1570/2473 2754/207/1623 2779/185/1611 2722/1569/2474
f 2743/1552/1607 2783/221/1634 2749/222/1635 2715/1571/1635
f 2714/1573/2475 2776/217/1632 2773/218/1633 2745/1572/1884
f 2886/1575/2476 2887/213/1628 2753/214/1631 2721/1574/2477
f 2737/1544/2463 2768/337/1718 2871/338/1719 2869/1543/1719
f 2729/1578/2479 2759/194/1617 2757/199/1619 2727/1577/2480
f 2724/1579/2481 2755/204/1622 2754/207/1623 2723/1570/2473
f 2731/1581/2482 2761/135/1569 2760/193/1616 2730/1580/2483
f 2728/1560/2471 2758/203/1621 2755/204/1622 2724/1579/2481
f 2727/1577/2480 2757/199/1619 2756/200/1620 2725/1582/2484
f 2732/1583/2485 2762/190/1615 2769/197/1618 2738/1554/2467
f 2730/1580/2483 2760/193/1616 2759/194/1617 2729/1578/2479
f 2720/1584/2486 2778/189/1613 2762/190/1615 2732/1583/2485
f 2722/1569/2474 2779/185/1611 2780/186/1612 2726/1585/2487
f 3001/1586/173 2718/1587/173 2751/179/173 3002/183/173
f 2715/1587/1608 2749/179/1608 2751/179/1608 2718/1587/1608
f 2744/856/1887 2784/134/1568 2761/135/1569 2731/1581/2482
f 2776/1599/1632 1691/1600/2489 1269/1603/1282 115/1602/213
f 1708/982/1932 2473/1287/2227 2181/1127/2090 2197/1128/2089
f 2297/1110/2077 2861/1126/2087 2181/1127/2090 2262/1109/2078
f 2975/1604/1581 3004/1607/2490 2854/1606/2491 1709/1605/1582
f 2451/1413/2347 2458/1409/2343 2460/1406/2340 2466/1415/2348
f 2463/1377/1733 2457/1324/2269 2466/1415/2348 2460/1406/2340
f 1755/758/173 1741/253/1649 2785/1608/173 2889/763/173
f 1741/253/1649 1749/1610/2304 2438/1609/2303 2785/1608/173
f 2733/269/173 1756/270/173 2786/364/173 2789/361/173
f 2788/764/173 2888/765/173 2791/1611/2492 2787/759/1844
f 1780/1612/2493 1778/363/2494 2786/364/2495 2788/1613/2495
f 1780/1614/2496 2788/764/173 2787/759/1844 2005/760/1847
f 197/1589/173 2764/1566/173 2790/1555/173 1281/1594/173
f 2791/1611/2492 2436/1615/2278 2437/762/1845 2787/759/1844
f 2764/1566/173 2733/269/173 2789/361/173 2790/1555/173
f 2364/1292/2232 2361/1247/2197 2249/1087/369 2350/1088/369 2365/1293/2235
f 2785/1608/173 2438/1609/2303 2436/1615/2278 2791/1611/2492
f 2888/765/173 2889/763/173 2785/1608/173 2791/1611/2492
f 1779/761/1846 2435/1617/2308 2792/1616/2497 2005/760/1847
f 1778/363/2494 1780/1612/2493 2795/286/1680 2793/267/1679
f 2005/760/1847 2792/1616/2497 2443/1618/2498 1780/1614/2496
f 1780/1614/2496 2443/1618/2498 2892/1619/2499 2795/356/1732
f 2742/362/173 1778/363/173 2793/267/173 2796/264/173
f 2457/1620/2269 2463/365/1733 2794/355/1731 2798/1621/2500
f 242/1595/173 2771/1556/173 2797/359/173 1288/360/173
f 2798/1621/2500 2794/355/1731 2795/356/1732 2892/1619/2499
f 2792/1616/2497 2798/1621/2500 2892/1619/2499 2443/1618/2498
f 2435/1617/2308 2457/1620/2269 2798/1621/2500 2792/1616/2497
f 1744/235/1760 2800/232/1761 2804/397/1755 1794/398/1754
f 2835/1622/369 2834/396/369 2804/397/1755 2808/1623/1763
f 1741/1624/2501 2799/1627/2502 2434/1626/2305 1749/1625/2304
f 2810/1628/2503 2799/240/1648 2801/236/1644 2807/1629/2504
f 2807/1629/2504 2801/236/1644 2805/237/1647 2809/1630/1647
f 2806/1631/1643 2800/232/1643 2802/233/1643 2811/1632/1643
f 2813/1539/1643 2806/1631/1643 2811/1632/1643 2816/1633/1643
f 2442/1634/2505 2807/1629/2504 2809/1630/1647 2445/1635/2506
f 2815/1636/2503 2810/1628/2503 2807/1629/2504 2442/1634/2505
f 2836/1376/369 2835/1622/369 2808/1623/1763 2444/1375/1755
f 2800/232/1761 2806/1631/1761 2808/1623/1763 2804/397/1755
f 2799/1627/2502 2810/1638/2507 2401/1637/2282 2434/1626/2305
f 2432/1332/2279 2439/1357/2302 2416/1338/369 2398/988/369
f 2447/1393/2329 2815/1636/2503 2442/1634/2505 2812/1363/2306
f 2812/1363/2306 2442/1634/2505 2445/1635/2506 2455/1362/2307
f 2241/408/1643 2813/1539/1643 2816/1633/1643 2446/1370/1643
f 2806/1631/1761 2813/1539/1761 2444/1375/1755 2808/1623/1763
f 2810/1638/2507 2815/1367/2311 2402/1368/2283 2401/1637/2282
f 2611/1639/2410 2601/1642/2406 2819/1641/1653 1695/1640/1652
f 2578/1643/2388 2566/1646/2376 2448/1645/2508 2817/1644/2509
f 2601/1642/2406 2589/1648/2391 2818/1647/2510 2819/1641/1653
f 2589/1648/2391 2578/1643/2388 2817/1644/2509 2818/1647/2510
f 2566/1646/2376 1750/1650/1656 1742/1649/1655 2448/1645/2508
f 2817/1644/2509 2448/1645/2508 1742/1649/1655 2818/1647/2510
f 2445/1635/2506 2809/1630/1647 2832/1652/369 2833/1651/369
f 2809/1630/1647 2805/237/1647 2831/1653/369 2832/1652/369
f 1337/1654/173 2844/1655/173 2830/1563/173 1320/1591/173
f 2844/1655/173 2843/1656/173 2829/274/173 2830/1563/173
f 2455/1362/2307 2445/1635/2506 2833/1651/369 2828/1657/369
f 1797/402/1758 2455/1362/2307 2828/1657/369 2826/401/1759
f 2837/404/173 2821/755/173 2827/250/173 2814/1658/173
f 1747/756/1645 2821/755/173 2825/1660/2511 1795/1659/1646
f 2838/242/1650 2822/400/1756 2826/401/1759 2842/1349/2293
f 2805/237/1647 1795/238/1646 2825/1661/2511 2831/1653/369
f 1754/284/1674 1758/273/1673 2824/275/2512 2823/1662/2513
f 2843/1656/173 2840/282/173 2824/275/173 2829/274/173
f 2814/1658/173 2827/250/173 2823/251/173 2839/1663/173
f 1746/403/1757 2822/400/1756 2818/1665/2510 1742/1664/1655
f 2007/257/1659 2814/1658/173 2839/1663/173 1753/256/239
f 2736/277/173 1759/278/173 2840/282/173 2843/1656/173
f 1745/245/1651 2838/242/1650 2842/1349/2293 1796/410/1762
f 1744/407/583 2837/404/173 2814/1658/173 2007/257/1659
f 2767/1562/173 2736/277/173 2843/1656/173 2844/1655/173
f 203/1593/173 2767/1562/173 2844/1655/173 1337/1654/173
f 2833/1651/369 2832/1652/369 2835/1622/369 2836/1376/369
f 2832/1652/369 2831/1653/369 2834/396/369 2835/1622/369
f 2828/1657/369 2833/1651/369 2836/1376/369 2820/1350/369
f 2826/401/1759 2828/1657/369 2820/1350/369 2842/1349/2293
f 2821/755/173 2837/404/173 2841/405/1753 2825/1660/2511
f 2831/1653/369 2825/1661/2511 2841/399/1753 2834/396/369
f 2823/1662/2513 2824/275/2512 2840/282/1669 2839/281/1669
f 2822/400/1756 2838/242/1650 2819/243/1653 2818/1665/2510
f 2564/1438/2393 2576/1439/2397 2604/1494/2420 2260/991/1975
f 2587/1475/2409 2599/1482/2412 2569/1483/2417 2592/1495/2419
f 2569/1483/2417 2260/991/1975 2604/1494/2420 2592/1495/2419
f 2260/991/1975 2569/1483/2417 2845/1666/2514 1748/964/1954
f 2569/1483/2417 2928/1484/2416 2927/1667/2515 2845/1666/2514
f 2845/1666/2514 2846/1668/2516 2163/388/1748 1748/964/1954
f 2927/1667/2515 2847/1669/2517 2846/1668/2516 2845/1666/2514
f 2846/1670/2516 2848/1671/2518 2162/924/1711 2163/925/1748
f 2847/1672/2517 2849/1673/2519 2848/1671/2518 2846/1670/2516
f 2848/1674/2518 1348/1675/1312 206/325/297 2162/326/1711
f 2849/1676/2519 1349/1677/1313 1348/1675/1312 2848/1674/2518
f 2375/1323/2245 2278/1678/369 2371/1322/2248
f 2371/1322/2248 2212/1679/2236 2369/1321/2191
f 2212/1679/2236 2373/1681/2064 2255/1680/2247 2369/1321/2191
f 2373/1681/2064 2280/1684/2250 2374/1683/2243 2189/1682/2065
f 2374/1683/2243 2203/1687/2251 2370/1686/2246 2259/1685/2242
f 2203/1687/2251 2374/1683/2243 2280/1684/2250 2376/1688/2249
f 2280/1684/2250 2373/1681/2064 2212/1679/2236 2372/1689/2239
f 2197/1690/2089 2850/1693/2088 2853/1692/2520 2856/1691/2521
f 3004/1607/2490 3003/1695/2522 2851/1694/2523 2854/1606/2491
f 1708/1696/1932 2197/1690/2089 2856/1691/2521 2144/1697/1933
f 2850/1693/2088 2857/908/1928 2860/909/1931 2853/1692/2520
f 3003/1695/2522 3005/152/1584 2858/153/1587 2851/1694/2523
f 2861/1126/2087 2272/1141/2103 2857/1698/1928 2850/1129/2088
f 1710/971/1929 2857/1698/1928 2272/1141/2103 2244/970/1960
f 2321/1121/2082 2268/1019/2002 2258/1020/2001 2329/1120/2081
f 2312/1194/2149 2236/885/1912 2229/1118/2080 2228/1119/2079
f 2862/884/1909 2236/885/1912 2312/1194/2149 2863/1699/1994
f 2867/1013/1993 2866/888/1913 2862/889/1909 2863/1012/1994
f 2869/1543/1719 2868/209/1624 2865/1559/2470 2864/345/1722
f 3006/344/1723 3007/1576/2478 2866/888/1913 2867/1013/1993
f 2871/338/1719 2870/212/1625 2868/209/1624 2869/1543/1719
f 1366/339/311 1367/342/314 2870/212/1625 2871/338/1719
f 2312/1194/2149 2250/1076/2050 1768/1073/1908 2863/1699/1994
f 1735/1700/1630 2873/1703/1629 2876/1702/2524 2859/1701/2525
f 2859/1701/2525 2876/1702/2524 2874/1705/2526 2852/1704/2527
f 2852/1704/2527 2874/1705/2526 2875/1707/2528 2855/1706/2529
f 2855/1706/2529 2875/1707/2528 2872/1709/2530 1734/1708/1614
f 2873/1703/1629 1380/1711/1326 1383/1710/1325 2876/1702/2524
f 2876/1702/2524 1383/1710/1325 1381/1712/1327 2874/1705/2526
f 2874/1705/2526 1381/1712/1327 1382/1713/1328 2875/1707/2528
f 2875/1707/2528 1382/1713/1328 1379/1714/1329 2872/1709/2530
f 2725/1582/2484 2756/200/1620 2887/213/1628 2886/1575/2476
f 1713/158/1590 2725/1582/2484 2886/1575/2476 2878/157/1591
f 2182/1286/2226 2883/1231/2184 2884/132/1566 2198/1181/2137
f 1761/390/2059 2879/300/2312 2885/1230/2183 2195/1291/2231
f 2195/1291/2231 2885/1230/2183 2883/1231/2184 2182/1286/2226
f 2167/931/1693 2881/926/1692 2882/927/1708 2166/930/1714
f 1710/911/1929 2877/906/1567 2880/907/1927 2145/910/1930
f 2166/332/1714 2882/317/1708 1386/318/292 208/331/303
f 2165/391/1749 2881/299/1692 2879/300/1695 1761/390/1750
f 2756/200/1620 172/201/194 2873/216/1629 2887/213/1628
f 2976/155/1585 3008/156/1588 2878/157/1591 1711/154/1586
f 2198/1181/2137 2884/132/1566 2877/133/1567 1710/971/1929
f 2873/216/1629 172/201/194 1380/1715/1326
f 169/1716/184 1734/1708/1614 2872/1709/2530 1379/1714/1329
f 1691/1600/2489 2775/1155/2115 1267/1156/897 1269/1603/1282
f 2242/1717/2465 2945/1719/2531 2943/1718/2532 2748/1718/2464
f 2359/1720/1549 2948/1720/2533 2947/1721/2534 2705/1721/1550
f 1691/1722/2489 2941/1722/2535 2946/1724/2536 2775/1723/2115
f 2788/1613/2495 2786/364/2495 1756/270/1676 1755/285/1675
f 2901/1725/173 2900/1728/2537 2893/1727/2538 2897/1726/2539
f 2797/359/173 2896/1730/173 2899/1729/173
f 2717/265/173 2897/1731/173 2893/1568/173 2796/264/173
f 2750/358/173 2895/1733/173 2898/1732/173
f 2899/1734/2540 2896/1735/2541 2900/1728/2537 2901/1725/173
f 2895/1736/2542 2899/1734/2540 2901/1725/173 2898/1737/2543
f 2898/1737/2543 2901/1725/173 2897/1726/2539 2894/1738/2544
f 2349/1137/2099 2370/1304/2246 2203/1310/2251
f 2898/1732/173 2894/1739/173 2717/265/173 2750/358/173
f 2899/1729/173 2895/1733/173 2750/358/173 2797/359/173
f 2900/1567/173 2896/1730/173 2797/359/173 2796/264/173
f 2897/1731/173 2717/265/173 2894/1739/173
f 2910/1725/173 2909/1728/2537 2902/1727/2538 2906/1740/2539
f 2908/1741/2540 2905/1735/2541 2909/1728/2537 2910/1725/173
f 2904/1742/2542 2908/1741/2540 2910/1725/173 2907/1737/2543
f 2907/1737/2543 2910/1725/173 2906/1740/2539 2903/1738/2544
f 2904/1743/173 2907/1744/173 2797/359/173
f 2903/1745/173 2906/1746/173 2796/264/173
f 2742/362/173 2902/1748/173 2909/1747/173
f 2771/1556/173 2905/1750/173 2908/1749/173
f 2771/1556/173 2908/1749/173 2904/1743/173 2797/359/173
f 2797/359/173 2907/1744/173 2903/1745/173 2796/264/173
f 2796/264/173 2906/1746/173 2902/1748/173 2742/362/173
f 2771/1556/173 2742/362/173 2909/1747/173 2905/1750/173
f 2911/1751/2545 2913/494/1799 2912/1752/2546
f 2914/498/1803 2916/1753/2547 2915/495/1802
f 2917/1754/2548 2912/1755/2549 2918/497/1800
f 2919/1756/1804 2920/496/1801 2916/1757/2550
f 1419/1758/1350 1420/1759/1350 2911/1751/2545 2912/1752/2546
f 1424/499/1351 1425/1760/1351 2916/1753/2547 2914/498/1803
f 2915/495/1802 2916/1753/2547 2912/1752/2546 2913/494/1799
f 1429/1761/1352 1419/1762/1352 2912/1755/2549 2917/1754/2548
f 1425/1763/1353 1432/1764/1353 2919/1756/1804 2916/1757/2550
f 2916/1757/2550 2920/496/1801 2918/497/1800 2912/1755/2549
f 2914/498/1803 2915/495/1802 2920/496/1801 2919/1756/1804
f 2917/1754/2548 2918/497/1800 2913/494/1799 2911/1751/2545
f 1420/1759/1354 1429/1766/1354 2917/1765/2548 2911/1751/2545
f 2940/1767/369 2939/1770/369 2925/1769/369 2926/1768/369
f 2922/1771/369 2924/1773/369 2923/1772/369 2921/435/369
f 1727/426/1766 2924/1774/1765 2922/429/2551 1726/429/2551
f 2938/1775/2551 2940/1775/2551 2926/1776/2552 1800/1776/2553
f 1800/436/2553 2926/436/2552 2925/432/2554 1801/432/2555
f 1724/416/1769 2921/435/1769 2923/1772/2556 1725/417/2556
f 2609/1777/2557 1444/1780/370 1448/1779/370 2612/1778/370
f 2849/1781/370 2610/1784/370 1445/1783/370 1349/1782/370
f 1695/1785/2558 1441/1788/1364 1446/1787/1363 2611/1786/2559
f 2609/1777/2557 2611/1786/2559 1446/1787/1363 1444/1780/370
f 2610/1784/370 2612/1778/370 1448/1779/370 1445/1783/370
f 1728/1789/1660 1442/1791/370 2008/1790/1658
f 2802/1792/370 1450/1795/370 1451/1794/370 2811/1793/370
f 2811/1793/370 1451/1794/370 1452/1797/370 2816/1796/370
f 2008/1790/1658 1442/1791/370 1743/1798/1843
f 1743/1798/1843 1442/1791/370 1450/1795/370 2802/1792/370
f 2931/1799/1365 2609/1777/1365 2612/1778/1365 2932/1800/1365
f 2928/1801/370 2610/1784/370 2849/1781/370 2927/1802/370
f 2610/1784/370 2929/1804/370 2930/1803/370 2612/1778/370
f 2446/1805/370 1443/1806/370 1441/1788/1364 1695/1785/2558
f 1733/1807/1667 2716/1808/247 1442/1791/370 1728/1789/1660
f 2816/1796/370 1452/1797/370 1443/1806/370 2446/1805/370
f 2716/1808/247 2777/1810/2472 163/1809/1278 1442/1791/370
f 2849/1781/370 2847/1811/370 2927/1802/370
f 2934/1812/370 2611/1786/2559 2609/1777/2557 2933/1813/370
f 1726/429/2551 2922/429/2551 2940/1775/2551 2938/1775/2551
f 2922/1771/369 2921/435/369 2939/1770/369 2940/1767/369
f 1801/432/2555 2925/432/2554 2939/431/1768 2935/431/1767
f 1724/416/1366 1804/414/1366 2936/434/374 2935/431/374
f 1805/1814/370 1726/1815/370 2938/425/370 2937/422/370
f 1804/414/50 1805/415/50 2937/421/50 2936/418/50
f 2941/1816/2535 2942/1819/2560 2945/1818/2531 2946/1817/2536
f 2943/1820/2532 2945/1818/2531 2942/1819/2560 2947/1821/2534
f 2943/1820/2532 2947/1821/2534 2948/1823/2533 2944/1822/2561
f 2704/430/2291 2944/430/2561 2948/430/2533 2359/430/1549
f 2325/1824/2488 2942/1824/2560 2941/1722/2535 1691/1722/2489
f 2748/1718/2464 2943/1718/2532 2944/1826/2561 2704/1825/2291
f 2705/1721/1550 2947/1721/2534 2942/1824/2560 2325/1824/2488
f 2775/1723/2115 2946/1724/2536 2945/1719/2531 2242/1717/2465
f 2952/941/1943 2951/778/1852 2954/776/588 2953/780/597
f 2956/779/598 2955/770/1848 2950/771/369 2949/1827/369
f 2953/780/597 2954/776/588 2955/770/1848 2956/779/598
f 2949/943/717 2950/777/595 2951/778/1852 2952/941/1943
f 2960/791/1856 2959/944/1944 2962/798/617 2961/790/614
f 2964/794/610 2963/796/619 2958/942/369 2957/946/369
f 2961/790/614 2962/798/617 2963/796/619 2964/794/610
f 2957/795/615 2958/945/719 2959/944/1944 2960/791/1856
f 2949/1827/369 2084/783/369 2082/781/589 2956/779/598
f 3049/1828/2562 3024/1831/2563 2969/1830/2564 3034/1829/2565
f 3048/1832/2566 3023/1835/2567 2968/1834/2568 3033/1833/2569
f 3047/1836/2570 3033/1839/2571 2968/1838/2572 3029/1837/2573
f 3046/1840/2574 3023/1843/2575 2969/1842/2576 3028/1841/2577
f 3045/1844/2578 3019/1847/2579 2965/1846/2580 3030/1845/2581
f 3044/1848/2582 3025/1851/2583 2967/1850/2584 3026/1849/2585
f 3043/1852/2586 3035/1855/2587 3011/1854/2588 3036/1853/2589
f 3042/1856/2590 3021/1859/2591 3009/1858/2592 3037/1857/2593
f 3041/1860/2594 3038/1863/2595 3009/1862/2596 3021/1861/2597
f 3040/1864/2598 3039/1867/2599 3010/1866/2600 3022/1865/2601
f 2145/910/1930 2880/907/1927 3008/156/1588 2976/155/1585
f 2864/345/1722 2865/1559/2470 3007/1576/2478 3006/344/1723
f 2853/1692/2520 2860/909/1931 3005/152/1584 3003/1695/2522
f 2856/1691/2521 2853/1692/2520 3003/1695/2522 3004/1607/2490
f 2144/1697/1933 2856/1691/2521 3004/1607/2490 2975/1604/1581
f 2746/1549/173 3001/1586/173 3002/183/173 2774/893/173
f 2153/894/173 2994/181/173 3001/1586/173 2746/1549/173
f 2156/879/1902 2866/888/1913 3007/1576/2478 2984/351/1728
f 1694/842/1551 2989/839/1876 3018/1869/2602 2467/1868/1548
f 213/958/726 1506/959/727 2998/960/1952 1722/957/1950
f 2160/867/1892 2986/859/1878 2992/843/1879 2151/866/1893
f 2151/866/1893 2992/843/1879 2997/172/1603 2161/869/1895
f 2132/1276/1889 2989/839/1876 2986/840/1878 2160/1870/1892
f 2141/871/173 2991/752/173 2996/175/173 2159/870/173
f 2142/873/1900 2158/874/1899 2985/347/1724 2973/147/1578
f 2156/879/1902 2984/351/1728 2995/350/1725 2157/878/1903
f 2155/883/1906 2983/333/1715 2982/343/1720 2154/882/1907
f 2158/874/1899 2157/878/1903 2995/350/1725 2985/347/1724
f 2154/882/1907 2982/343/1720 3006/344/1723 2867/1013/1993
f 2155/883/1906 2143/890/1915 2974/148/1580 2983/333/1715
f 1791/952/1946 2987/287/1681 2998/288/1684 2135/951/1947
f 2137/1871/1637 2129/1872/1636 2987/231/1640 2988/169/1602
f 2774/893/173 3002/183/173 1520/184/173 645/892/173
f 2152/894/1916 2993/181/1609 2994/181/1609 2153/894/1916
f 2159/870/173 2996/175/173 2993/176/173 2152/895/173
f 2150/897/1918 2161/869/1895 2997/172/1603 2981/167/1598
f 2254/1873/2290 3014/1874/2603 1693/229/1642
f 2149/899/1920 2150/897/1918 2981/167/1598 2980/165/1596
f 2148/901/1922 2149/899/1920 2980/165/1596 2979/163/1594
f 2147/903/1924 2148/901/1922 2979/163/1594 2978/161/1592
f 2146/905/1926 2147/903/1924 2978/161/1592 2977/159/1589
f 2880/907/1927 2146/905/1926 2977/159/1589 3008/156/1588
f 2860/909/1931 2145/910/1930 2976/155/1585 3005/152/1584
f 2143/890/1915 2144/912/1933 2975/151/1581 2974/148/1580
f 2140/915/1935 2142/873/1900 2973/147/1578 2972/143/1574
f 2141/917/1939 2138/918/1938 2990/138/1570 2991/144/1576
f 2139/921/1941 2140/915/1935 2972/143/1574 2971/141/1571
f 2138/918/1938 2139/921/1941 2971/141/1571 2990/138/1570
f 3025/1875/2604 3011/1876/2605 3039/1867/2599 3040/1864/2598
f 2967/1877/2606 3025/1875/2604 3040/1864/2598 3020/1878/2607
f 3020/1878/2607 3040/1864/2598 3022/1865/2601 2966/1879/2608
f 3022/1865/2601 3010/1866/2600 3038/1863/2595 3041/1860/2594
f 2966/1879/2608 3022/1865/2601 3041/1860/2594 3019/1880/2609
f 3019/1880/2609 3041/1860/2594 3021/1861/2597 2965/1881/2610
f 3030/1845/2581 2965/1846/2580 3021/1859/2591 3042/1856/2590
f 2254/1882/2611 3030/1845/2581 3042/1856/2590 3014/1883/2612
f 3014/1883/2612 3042/1856/2590 3037/1857/2593 2999/1884/2613
f 3027/1312/2262 2970/1313/2261 3035/1855/2587 3043/1852/2586
f 2711/1885/2614 3027/1312/2262 3043/1852/2586 3032/1886/2615
f 3032/1886/2615 3043/1852/2586 3036/1853/2589 3000/1887/2616
f 3036/1853/2589 3011/1854/2588 3025/1851/2583 3044/1848/2582
f 3000/1887/2616 3036/1853/2589 3044/1848/2582 3018/1888/2617
f 3018/1888/2617 3044/1848/2582 3026/1849/2585 2467/1889/2618
f 3015/1372/2316 2966/1373/2315 3019/1847/2579 3045/1844/2578
f 2362/1890/2619 3015/1372/2316 3045/1844/2578 3012/1891/2620
f 3012/1891/2620 3045/1844/2578 3030/1845/2581 2254/1882/2611
f 3029/1837/2573 2968/1838/2572 3023/1843/2575 3046/1840/2574
f 2389/1892/2621 3029/1837/2573 3046/1840/2574 3016/1893/2622
f 3016/1893/2622 3046/1840/2574 3028/1841/2577 2205/1894/2623
f 3037/1857/2593 3009/1858/2592 3033/1839/2571 3047/1836/2570
f 2999/1884/2613 3037/1857/2593 3047/1836/2570 3031/1895/2624
f 3031/1895/2624 3047/1836/2570 3029/1837/2573 2389/1892/2621
f 3034/1829/2565 2969/1830/2564 3023/1835/2567 3048/1832/2566
f 3010/1866/2600 3034/1829/2565 3048/1832/2566 3038/1863/2595
f 3038/1863/2595 3048/1832/2566 3033/1833/2569 3009/1862/2596
f 3035/1896/2625 2970/1897/2626 3024/1831/2563 3049/1828/2562
f 3011/1876/2605 3035/1896/2625 3049/1828/2562 3039/1867/2599
f 3039/1867/2599 3049/1828/2562 3034/1829/2565 3010/1866/2600
f 3026/1849/2585 2967/1850/2584 3020/1374/2314 3050/1371/2313
f 2467/1889/2618 3026/1849/2585 3050/1371/2313 3013/1898/2627
f 3013/1898/2627 3050/1371/2313 3015/1372/2316 2362/1890/2619
f 3028/1841/2577 2969/1842/2576 3024/1314/2260 3051/1311/2259
f 2205/1894/2623 3028/1841/2577 3051/1311/2259 3017/1899/2628
f 3017/1899/2628 3051/1311/2259 3027/1312/2262 2711/1885/2614
f 2989/839/1876 3000/1900/2629 3018/1869/2602
f 3032/1274/2219 3000/1900/2629 2989/839/1876
f 3017/1289/2229 2711/857/1888 2712/845/1881
f 3016/1299/2241 2205/1288/2228 2180/1242/2193 2410/1239/2192
f 3031/170/1601 2389/1901/2240 2137/1871/1637 2988/169/1602
f 3014/1874/2603 2999/168/1600 2988/169/1602 1693/229/1642
f 2449/1319/2267 2362/1317/2266 3012/1347/2292
f 2359/117/1549 2467/114/1548 3013/1318/2268
f 3013/1902/2630 2467/1903/2631 3052/1904/2632
f 2467/1903/2631 3018/1905/2633 3052/1904/2632
f 3018/1905/2633 3000/1906/2634 3052/1904/2632
f 3000/1906/2634 3032/1907/2635 3052/1904/2632
f 3032/1907/2635 2711/1908/2636 3052/1904/2632
f 2711/1908/2636 3017/1909/2637 3052/1904/2632
f 3017/1909/2637 2205/1910/2638 3052/1904/2632
f 2205/1910/2638 3016/1911/2639 3052/1904/2632
f 3016/1911/2639 2389/1912/2640 3052/1904/2632
f 2389/1912/2640 3031/1913/2641 3052/1904/2632
f 3031/1913/2641 2999/1914/2642 3052/1904/2632
f 2999/1914/2642 3014/1915/2643 3052/1904/2632
f 3014/1915/2643 2254/1916/2644 3052/1904/2632
f 2254/1916/2644 3012/1917/2645 3052/1904/2632
f 3012/1917/2645 2362/1918/2646 3052/1904/2632
f 2362/1918/2646 3013/1902/2630 3052/1904/2632
